prakrit	english
एवं विचिन्तिऊणं अन्नेहिं अन्नेण समाढत्तो, ए लिक्विड्टी ईवेंट।	And guess what these people call that final affirmation: A LIQUIDITY EVENT.
तत्थवि तत्थ झत्ति झत्ति तुमं निउजीलैण्डं दट्ठुं	You started showing what New Zealand really was almost immediately.
कणगमालॊत्ति भाणुगइणा भणियं गुगुलं, एयं अबं केवल-वाऒ हॊन्ति?	Do you remember when Google sounded like a stupid word to say, and now it’s just a word ?
एत्थन्तरम्मि, एयं विचिन्तिऊणं कयं कि किं विच्छायकरं तव्विग्गं एवं	In addition, it’s necessary to analyze whether something specific has occurred between you and your cat.
तं चिय खिस्सइ नायं वयणं, अइबिजाए न हु पाविज्जइ न हु इयाइविज्जाए	That should not be missed, in 2 years there will be nothing to buy on Ibiza.
तत्तो य तेण कहवि कह णु काहं उवविट्ठो तुमए एत्थ सग्गेहिं	Now, then, tell me under what tree you surprised them together.
एवं च जं मे दट्ठुं मोत्तु भणिओ तेण वि, अम्हारिसायं तेणवि सरकारं नाह!	And those I saw told me that they too, like us, no longer want this government!
एवं कयाइवि तत्तो पभायसमएणं तेलो ताव न लद्धो, सो मह मारिस्सइ कणगमालत्ति	And if I do not take the oil to the king to-morrow morning, he will kill me.
एवं जाणामो तीए पुण पुणो पुणो तुह मणुयाणं, जं अम्हे वि... सिग्घं बाहिं जायं	And we know how much it reaffirms your masculinity when we ... max out.
अच्छउ ता तुमए भणियं एयं सत्थं राजकुमारं।	Okay, you are the one who said these words, Seventh Prince.
आगामि वित्तीयं संसारे सुहं भवियं, जह तुमए होसिओ सयंभवो तुमए बैंकॊ.	Welcome to the future financial world where you can be your own bank.
तेण भणियं चिय तं कज्जेण एवं केणवि मोक्खमित्तं	He said he would have liked a contract and some sort of compensation.
- 4नंबरं मज्झ एयं मं तिन्नि नवि मित्ताइं Facebook.	– NUMBER FOUR: Because this month, I had three new friends on Facebook.
एवं च तेण (निप्पेर्स) वज्जरियं एयं पट्ठवियं तेण, निसुणेसु पुरिसाणं विणिग्गओ विज्जाओ	And for his (Nippers's) part, this was the first and the last time he would do another man's business without pay.
अहं न याणामि तेण पुणिस्स सङ्गमे गओ अहयं	I don’t know whether he (absent) went fishing with Puniss.
केणवि नवि सत्थमणिं मारन्तेण निययम्मि	Someone or something is trying to kill Seven of Nine.
केणीः एवं विचिन्तयन्तीए तीए निज्जियसञ्जुत्तो	Kenny: And she starts to develop her own personal brand around this.
जेण एयं हत्था बहुविगप्पं उद्गमइ (पत्थणा सह तत्थ), तेण वि एक्कं सिट्ठस्स अन्नेण मणेणं	Just as this hammer produces many sparks (when it strikes the rock), so a single verse has several meanings.
जं गिलिया न जओ तं चएमि खाउ'मए।	I eat even what cannot be swallowed.
[9] एत्थन्तरम्मि विहिओ विचिन्तिज्जइ।	[9] His work is also discussed here.
अह सत्थं सव्वम्पि हु दोवि तलोआरं एत्थ समागया एत्थ।	Oh, two of the Seven Swords will be joining this delegation.
एवं समुद्दो तं सुणइ?	and the sea obey him?
तुमं केत्तिअमेत्ताओ निज्जियसुराणं?	How many of you have forgiven your enemies?
अज्जवि देवप्रेमिणिओ तेण निसुणसु एसो उत्तमो प्रवेसो	This, more assuredly, is the better entry for those who love God today.
तुज्झ समीवमेव अम्हेवि पवज्जए एवं, हिययविज्जाणपरियरिओ तत्थ वयंसु हिययाइं	You are quite right, we must and we shall listen to the voice of our movement, if there is a movement.
एसो सो भणइ एसो तुह ईसाइयसङ्घट्ठिओ एसो	This is what he is saying, and this is what will happen in your Christian struggle.
जे सव्वं भगवदंसणं दट्ठुं ते सव्वं सव्वं तेहिं वच्चन्ति।	Those who see God's hand in everything can best leave everything in His hands.
एत्थन्तरम्मि आयासे सव्वे समप्पिओ ठिओ समुप्पन्नो	Everybody seems temporarily frozen by this man's voice.
महिमावंतुओ सो धणदेवो पुत्तस्स परं	Glory be to Him:(far exalted is He) above having a son.
भाणुगइणा मए तेण नयरे नामेण ममं विहिणा)	But I love that she created a new term for my unique birth).
तहवि हु उवरिं ओ. एल. ए. एफ़. कीसुइक्खाइं भाविओ तत्थ समप्पियं न होइ!	Nevertheless, it is certainly not enough to commit to implementing OLAF’s recommendations in the future!
ता जीएण न जीए तुब्भेहिं एसा तुनिसिया का टैक्सीवाला	It cannot bring you back to life - A Taxi Driver in Tunis
एत्थन्तरम्मि कज्जं होइ जुत्तं तव्विग्घं गाढं।	It has to be something both you and your husband deeply want.
एवं विचिन्तयन्तो विज्जाहरनयरम्मि, तत्तो य तेण सयलपरियरिओ सो!	And this was after 40 years of collaboration! - Peter Bisson
21 "देवभएणं सामन्नं समप्पियं कुणह।	21, "submitting yourselves one to another in the fear of God.
एत्थन्तरम्मि एन्ति सेटेलाइट् मिसाइल्सं होंति किंवा होंति।	They have or soon will have “anti-satellite” missiles.
न केणइ वा कइव महत्त्वपूर्णं मज्झ पढमघरिज्जाणे	nobody or anything important in my first official presentation
(किन्तु इमाण 644 गामाणं विकासनिधियाइं नयाइं।	(But the development funds for these 644 villages did not.
ख) अन्नं च अप्पाणं निज्जिययं च अन्नेण विणिग्गओ	b) When you actualize and personalize the sermon one last time.
कारणवसेहि वयंसु वि देइ इच्छामो वाणीए अत्थि, एत्तियमेत्तेसु विज्जाहरनयरम्मि	Because we also want to give a voice to the very small nation.
जेण जणस्स दासं मारेइ सो नाणाविहदेसेण तिसियं दाणं	If he kills a man’s slave, he shall pay one-third of a mina.”
पासुत्तो सव्वोवि सुरक्खयं पालेइ वा ण होंति	Whether Or Not They've Always Used Protection In the Past
ई.-222 जइ वसामि संयूएसंसत्थारियरम्मि, होज्ज मज्झ अमेरिकनॊत्ति	E-222 If I stay in the United States, I'm an American.
तीए मत्थं सो सव्वेसिं मणुस्सत्तं।	According to her He is greater than any other man.»
तुह जम्मेणं मोसेस पयगम्बरो होइ	You were born to be a prophet, Moses.
किन्तु जं किंचि विओयइ तं अविणत्तं, अविणवेगं मए सयं इमीए सोक्खियं।	But whatever it is, inventions are easy for me to do.
एएण विहिणा समागया तत्थ तेण जणमज्जं भज्जा'।	One of them sat with the other and they began to eat from the flesh of people.’
एएण विहिणा समागया तत्थ तेण जणमज्जं भज्जा'।	One of them sat with the other and they began to eat from the flesh of people.’
सा चिरस्थायी सञ्जाओ भोगए एवं राष्ट्रोच्चिय कुलीनतावहं रक्खए।	May she enjoy lasting peace and preserve her spirit of nobility among the nations.
तीए काले बोडि सम्पत्तेण परं अवराहमग्गेण परिचत्तो	In its day, Bodie was more widely known for its lawlessness than for its riches.
तेण वि पुट्ठो चित्तगइणा भणिया तेण रोनाल्डओ को सिग्घं	He started teaching his son more about who Ronaldo is.
अहाब इमाण 7000 मुणिणो सत्थओ न भीओ।	Ahab was not afraid of these 7000 “believers”.
जइ तुह खयराहिवस्स होज्ज तेण तं साहियं पुण आरंभाणं	If you had a bad day, it helps you restart.
एत्थन्तरम्मि कयं आरम्भं करेमो अम्हेहिं-वज्जरइ चित्तगई सह।	We’ll start something now - and with a breeze.
मी बिफोर यू'सीरीज के लिए क्यों चाहिए दूसरी और तीसरी फिल्म	Why the ‘Me Before You’ Series Needs a Second and Third Movie
अट्ठमं चिय समाणाए सो मन्निओ तं दुब्बलत्तं	When 8 goes well, he admits his vulnerability.
प.: न य मए भणियं एयं न चिन्तेमि कइवयपरिगाणं साइबरक्राइम!	Q: “I can’t believe how many small businesses don’t take cybercrime seriously!
26-नोवेम्बर्-87 तुह हिअअम्मि मयणस्सन्दोहियव्वो	26-Nov-87 My peace in your heart will be a blessing for you
- पलपा जनपदे 1 जण घाया,	- In the district of Palpa 1 was injured,
किं एत्थन्तरम्मि अवसरेयअमेरिकानिग्गयणस्स परलोयाइन्नो?	Has every barrel of U.S. production during this period been profitable?
तीए भणन्ति निसम्म एसा न सच्चं, परमत्थओ लोयस्स साखीओ तत्तो	They will say, of course, it is not true, but also out there is the testimony of the people.
अल्लाहु इसराएलीओं (एवं अम्हाणं) सिक्खाइअं कि पावस्स फलं मरणं।	Allah was teaching the Israelites (and us) that the result of sin is death.
किन्तु, उवविट्ठो विणिच्छियव्वो य दिट्ठो, विज्जाहरपरमत्थो उवहारो कीस उवरिं	They should, however, explain why their alternative label or definition is superior.
एवं नियपरियणो इसराएलीओ पेक्खन्तो, सो जाणइ सयंवरा य	And the Lord looked upon the children of Israel, and he knew
तं जओ सहरिसं च परमत्थं च	That is a win for the city and the environment.
ईसामन्नसामत्थं एवं नियवयंसाए कह णु एसा होज्जा?	How was this submitting to God’s sovereignty and arrangements?
टोनी को सम्मलित नहीं किया गया है, शायद उसे एक अलग अनुबंध मिला।	Tony is not included; he probably got a separate contract.
मयराजयसमए सैतान बन्धियव्वो एवं, न य देवीसन्तावो वञ्चियव्वॊत्ति	Satan will be bound during My Reign and will no longer deceive God’s children.
एवं च तेण तइया रेबेक्का सा सा सा साक्षी समप्पिया?	And you remember Rebekah's testimony that day?
आरंभे तओ रेइडं च'ई करप्शणाणं तु मारियं एयं	Initially, your raid needs to kill 3 of the 4 Corruptions.
आणन्दियपुरिसाणं कयाइं सत्थं न कायव्वं	A mature man will never do these seven things:
मार्कसओ भणिओ सव्वेवि पलिसीओ एत्थ विहिओ समप्पाओ	Marcus said this sort of problem exists, to a certain extent, with all of the policies.
भयणीओ मज्झं दंसणाइं चित्तवेगम्मि	The sisters will be preparing their hearts to see Me.»
भयणीओ मज्झं दंसणाइं चित्तवेगम्मि	The sisters will be preparing their hearts to see Me.»
हा, एवं च तत्थ अहं तत्थ कालं ठिया गच्छामि (अ. 36)	Yes, and I would like to stay there for the time being (A36)
एवं च ते चइ च्चिअ इच्छंति अम्हाणं सुहं च चारियाए	And they want to destroy our happiness in four ways.
महत्तं ग्रन्थं पुणरवि निज्जाणं पढमाणीए।	A great book compels you to reread your own soul .
सयणआ गुरुअणुरागिरूवं मए दट्ठुं, निज्जियपरियणेण मए दीहरं जायं	With Sean as my trainer I can actually see long term success in my future.
एवं च तेण कारणेण अम्हे विणिच्छियव्वं आगामि सम्रातस्स	And this is why we explain why we await the next Emperor.
सव्वेसिं मणुस्सवजीवियव्वदक्खरं जाणइ।	Every detail of every human life is known in advance.
चित्र 25-आगंतुकगण का आभार जंपना कभी भी ज़्यादा न होइ।	Picture 25 - It is never too much to thank the presence of the guests.
एएण केवलिणा केणावि तेण मरणदुक्खं पुणोवि	Only He can open the door of death for any of His disciples now.
किन्तु मए भणियं च दो कमलावई पुरेणं।	But two oranges are enough for my sister and me.
एवं विचिन्तिऊणं सयलपरियरिओ तत्थ, केवलिणाओ विहिओ नियठाणम्मि पासुत्तो	And many of his servants, enough to fight an army, lived out around there.
तं पेक्खिऊण मए दिट्ठं तं तत्थ गन्तुं, भाणुगइणो साहसु पुरिसो साहसुभूओ	I see what he was trying to do there — my ancestors were brave.
कअरचीयमेवयाणं बहु कमजणं वा माणुसव्वं, जं निहायतपरिहारियं होइ।	There are very few things—or people—in Karachi that are indispensable.
(एहि अनुबन्धमे'बि2प्रेस्'क रूपमे प्रयुक्त होइ)	ŞTİ. (will be used as "B2Press" in this contract)
किन्तु केणवि पुच्छिज्जइ किं तुह सुहिणोव्व '?	But no one ever asks if you are happy.’
तव्विहापसाहणसिद्धान्तं तुह नयरे मह भद्दविओवम्मे।	Your theory of retribution just leads you into making false accusations against me.
तत्तो य तेण अच्छइ जेरी, अज्ज तुमए एत्थ अहयं समागयाओ	That's very fine, Jerry, if you're here this morning.
परमत्थओ उवविट्ठो एवं साल 9000 तेण'हीरओ'अहयं	Others were more positive and claimed that Sal 9000 was their “hero”.
एसा धम्मसामन्ताणं समुल्लवइ	This is the kingdom of hypocrisy.
भणिओ कहवि सच्चं आगओ	Say: "The Truth has come.
भणिओ कहवि सच्चं आगओ	Say: "The Truth has come.
फलस्तीन 48 को पूरी तरह से राष्ट्रीय कार्यसूची में शामिल किया जाना चाहिए	Palestine 48 must be fully incorporated into national agenda
दुइयं, अम्हेवि न याणामो आर. जे. की मणुस्साणं मत्ता।	Second, we do not know the most effective dose of RJ for a human being.
एत्थन्तरम्मि राबरट्सं सह पुणो विहिणा इच्छामि, एगमणो वि न य पुरे भणइ	I’d also like to work again with Robert; once wasn’t enough.
6इज्जं किं व कत्तो लब्भइ सा कइ?, 7 न य कज्जं च कट्ठं च	6 What is it now and where can it be found? 7 Nothing and nowhere.
जहुवहअणुरायहअहिं संविग्गो किं निरन्तरो!	How constant was His communion with Yahuwah!
अम्हाणं खेमं तत्थ दुक्खिणो वाशिङ्गटन, ताव य विच्छड्डेण उवविट्ठा समुल्लवइ	We regret that Washington continues this destructive line.
तं जाणइ जो सउदी यमनमे कयं करेइ, तहवि ते मज्झं करेन्ति उवविट्ठो!	They know what the Saudis are doing in Yemen, but they are helping them anyway!
तत्थ य दुज्जणविरायमाणाण अ-कम्मा निवस्सन्ति।	That is where these evil, unskillful things cease without remainder.
अनुच्छेद छओ (6)-की रूसिया नेता परग्रहवासीओ अपहुत्तो?	Article Six (6) - Was a Russian Leader Abducted by Aliens?
जइ ता किं वा?/कोल्ड् अण्ड् बोडिबिल्डिङ्	If so, how? / Cold and Bodybuilding
ते व्हाइट हाउसमे नमाज़ पढमाअम्मि।	They are already holding [Muslim] prayers in the White House.
एवं विचिन्तिऊणं सम्पइ एसा विहिणा समप्पियं च तेण, जस्स पोलैंडं दोवहेसं भणिउमाढत्तो वि, यूरोपं अहयं दिट्ठो	And this is what makes us very happy and at the same time confirms that Europe is beginning to see the threats that Poland talked about a year or even two years ago.
एवं इसराएलीयं न जाणन्ति तं हत्थाओ य	And the sons of Israel did not know that he had been murdered.
ई-90 मए एत्थ आयाया पयासेण।	E-90 I didn't come here for money.
देवस्स व्व भणियं न केणइ वज्जरियं।	Do not disbelieve any Word of God's Bible.
- चालीस! सेड्डक्खो भणिओ भणइ, अम्हे वि तेण सेनां सुसज्जएण।	- Forty! exclaims Seddak, we can equip an army with that.
हंसेमि व फक्खिऊण पाणस्स तत्थ समज्झेमि	I smile and understand better the presence of “Fuck Water” now.
एत्थन्तरम्मि कणगमालाए अम्हाणं सृष्टीए गुरुणो	This glue has made us masters of creation.
रूसं समागया तत्थ वयं तं दट्ठुं।	We see it in practice when Russ is with us.
अद्धं दलं तुह न छड्डइ कोवि-अम्हाणं जुवईहिं	You can’t leave half the team off — our young women.
मग्गं आसिणो वि तेण इराकामे'चित्तकामिओ एवं विहिओ'निवेसियव्वाया	They had already invested ‘psychologically and financially’ in Iraq before the demand came.
जइ एवं एयं सच्चं ता सम्भवए एत्थ अन्नेण।	If [this] and [this] were true, it would probably mean [this].
तुह सोक्खमुवत्तणं ण मग्गइ, तहवि हु जाणामि तुह चित्तवेगस्स, एवं विचिन्तिऊणं तुज्झ जीवाणं	You have not asked to be healed, but I know the desire of your heart and the faith of your soul.
एत्थन्तरम्मि लद्धूण कज्जाइं कज्जं नयाइं।	There's no work of carrying [loads] these days.
ई.-170 मए तुज्झं इतिहासे नयन्ति।	E-170 I can take you to the history.
किन्तु एत्थन्तरम्मि विज्जाहरनयरम्मि जीवाणस्स परमत्थओ, न य तीइ महाभागव्वं आसि पत्तट्ठो	However, at first sight, there is no big chance that these animals come from another planet:
दस मिण्टं-एवं विसेसं संसारेणं।	10 minutes - and forgot about this infection.
रोन एवं डोणा कहिए रहन्ति]	Ron and Donna continue talking]
चार्ल्सं मणुस्साणं 96मासं दिन्नं तं लोयं रक्खियं	Charles gave humanity 96 months to save the world.
किं तुह चिन्तइ जे 3 पि. एल. साझिएण अम्हाणं कारवियं एत्थ?	Do you think our role as 3PL partner ends there?
जं गिलिया न जओ तं चएमि खाउ'मए।	I eat even what cannot be swallowed.
जं गिलिया न जओ तं चएमि खाउ'मए।	I eat even what cannot be swallowed.
तो भणइ चित्तसेणो सव्वं सम्पत्तो तुह किं एयन्ति?	Explain to me, then, why he left all his fortune to you.
गुरुविज्जाहरकज्जपरमत्थओ पाठ्यक्रमम उत्तरणपरिमाणं	The extent of the teacher of God’s faithfulness is the measure of His advancement in the curriculum.
किन्तु तेण जाणेण तेण भत्तीए एयं रोगाणं, एत्थन्तरमेव मए पासुत्तो तीए पासम्मि	But it was good for them to know it is a disease and one I may pass back to them.
एवं च तेण अंहाणं, तेण जम्हियव्वं सञ्जायं तेण तिसियं वड्ढन्तो	And that darkness, and the battle that it will require grows in season three.
ता किं एत्थ समप्पिया परिच्छेया दोवि एवं तेवि होइ?	Would there have been then an act 2 and 3 to this ceremony ?
परमत्थओ सिद्धंतो रूसिया मणुयाओ, रूसिया रूसिया बहुविहकीला	But, in principle, while Moscow is playing well.
अम्हेवि जीवियव्वं देवस्स वअण्तग्गयाणं जं जिणिन्दस्स, तदणुवाणं जीवियव्वस्स	We are to live by every word that proceeds out of God’s mouth; to live by it.
1915 में भी'वी'ने अर्मेनियाई लोगों को नहीं मारा था।	In 1915 as well, "we" did not kill the Armenians.
पेच्छामो केण व 20इएसराइं अच्छाइं, आतंकीए कहाए	Let’s see what just 20 short years have done for: Terrorist
एत्थन्तरम्मि तुम्ह विज्जाहरनयरम्मि कणगमालाए, एवंविहकीड ̣ धे जरा मित्तभगिणीए	All you need now is to add your own special touch – and a few friends.
तव्वयणं सोऊण सयजणसमुदएण रम्मं साहियं लद्धूण, तुह विरहे न अलक्खिओ अहयं काउं	You had no choice but to fight a bloody battle for a week with only 100 people.
मेक्सीकोए तं कज्जं कयाइं जं अहवा कयं भणिउमाढत्तो	Mexico has done its part—the part that others have asked us to play.
गिरन्तो पत्तो य कइवयारो,	Fall of tree or any other things;
किं देवअणो तुह पमोए दीहरं दीसंति?	Does God now have a long list of expectations for you?
तं दट्ठुं सव्वेसिं रसूलाण सदा एसो होइ एवं, तेण कारणेण य तीए गन्तूणं अंसुजुत्तस्स	This has always been the case with all the Messengers, you see, and that is why their journey in part has been so difficult.
रन्ना य धन्ना य दरिद्दो से दोन्निवि देवं।	Whether one is rich or poor, God is more worthy of both.
अण्णो अङ्गरूवो तुमं देवो न होऊं।	8 billion of you cannot become gods.
(अणुछत्ता कहकहवि अहव्वाइं न याणाइं तक्खणं।	(It's not quite clear what a "nuclear umbrella" might mean.
एन्जेला इस स्थिति में होगी today.More वॉकथ्रू हेल्प	Angela will be in this situation today.More Walkthrough Help
हा, सम्भवइ तत्थ समणो विचिन्तिऊणं नवसङ्घियमत्थं,	(Perceval) Yeah, maybe the perception at that time was that a new organized religion was necessary...
किन्तु पुणोवि दिट्ठं पविसन्तो बन्धुदत्तो गन्तूणं, पभायदिट्ठपुव्वं मणुयत्तं पव्वइयाए	But again we see that obedience to the Lord's commands secures the place of a friend, as before it retained the enjoyment of love.
ईसामत्थिकपुरिसाणं सोक्खं देवस्स विहियं दइयाए, अणुराओवि हु अणन्नयपुरिसेहिं एयं	It is God’s free gift of joy given to spiritual men as a reward for their self-denial.
इअवं 2004 सयं रूसिया जं कयइ तहिं काअवहारं एवं व्यवसायिक कायव्वं न अमेरिकाया	Thus, America has not followed carefully and professionally what the Russians have done since 2004.
एसा तुह अणमिसनयजीवियव्वो, तुह बहुविगप्पेहिं दुज्जणाणं च फलं।	This was the result of your unruly life and your many orgies and vices.
एत्थन्तरम्मि केवलिवयणं फरासी कलाकारिणी इन्दोलोरेहिं, जो एगमणो तुमं परिचिन्तिओ जाओ	Until now, you have been introduced to only one French artist: Indolore, in February.
जस्स तेण सा 93 करसंधी तहिं तहिं होज्ज, एयं च तेण 94 व करसन्धी होइ	As we already have 93 of them, this would be our 94th tax treaty.
देवनगरे'ण होइ रयणी'।	In the City of God "there shall be no night.
पयडीणाइं कइवयसमाइं भिन्नाइं होइ! (52 संभावनायं)	The prediction can be different each time! (52 possibilities)
एवं विचिन्तिऊणं सम्पइ तत्थ समीवम्मि निययपुत्ताणं, सम्पइ हयविहिणा सम्ममुवलब्भत्तिं नियनयरो	And that is exactly the situation, we have democracy in Liechtenstein, as long as we agree with the prince.
केवलिय भूतकालम्मि, जं न पुणोइए अणुयत्ताइं, सो खयरत्था य सच्चवि।	Only the past, when we do not remanufacture it, is pure reality.’
उवयारं सर राबर्टअणयं चिरकाल स्मरणियव्वं।	He will be long remembered as the Good Sir Robert.
केवलिणी देवीए सह विसयसोक्खं, तीए कामाइं परिचिन्तिज्जन्तीए	Being the goddess of farming (among other things), she is represented with these activities.
अम्हे पुण तं कायव्वं पुणोवि कहिज्जन्तेण, तं पिओ य तेण उवविट्ठो हं	We'll remind them again what they did -- they will regret it.
धन्नया धन्ना धन्ना खयरा धन्ना कओ?	What is Thank Your Cleaner Day?
[जीन स्मिथ] जांच दल के साथ बात करने के लिए उपलब्ध है।	[Gene Smith] is available to speak with the investigative team.
एत्थन्तरम्मि लक्खघण्टामेत्तस्स होज्ज, अहयम्पि मे सिग्घं उत्तरदायि	I’m probably responsible for a million of those hours myself.
हा, वेनेजुएला के राष्ट्रपति का ऐसा प्रस्ताव मौजूद है।	Yes, such a proposal from the president of Venezuela exists.
न विपक्षे, न बहुसोए-36/131 निज्जाणे।	Neither in opposition, nor in majority - 36/131 deputies.
इस साल ब्राज़ील के सङ्किट्ठो एवं विहिओ विहिणो का नफो होहोगा।	This year it will be difficult to have a profit because of the crisis in Brazil and other things.
किं एत्थन्तरम्मि दानियलॊत्ति संसारसमाप्तीए, पुव्विं केवलॊ चारॊ पयगम्बरो होइ कायव्वॊ?	Does it mean that from Daniel to the end of the world, there will be only four prophets on the earth?
दिन्ना 1: तं वूपर नो भणिओ	Day 1: Say no to that Whopper.
एसा तुमं देवपरिवारे आउं।	This is how you come into God's family.
[पोस्ट _ कन्तेन्त] => अम्हेहिं पञ्च कारणाइं देवेण...	[post_content] => We can give you five good reasons ...
तत्तो य मए भणियं एयं एयं मज्झं मिवर्स26	By the way, let me say one thing that would be fun for Miiverse26.
जत्थ य गच्छसि तत्थ अण्णो अट्ठाणं 825	The number 825 is everywhere you go.
अइदुलहं न लोए ते बालो अन्तरम्मि, ते जणो जणस्स उवविट्ठो कायव्वो	They do not lose the child inside them, and they can be the muse of people.
भाणुवेगो सोवि हु अण्णं होहिइ एवं गहणं।	But he is a brother and will confess for other things.
उत्तमकुलप्पसूओ, किन्तु अम्हाणं परिच्छेओ भावं परिवत्तणं कायव्वं।	Excellent, but we will have to change the nature of our explanation.
तो अज्ज मए भणियं 2005, ब्रेमरए कीस सम्पइ इराकी सेनाए छड्डिया दी, तीए सुरक्खियस्स सक्केत्ताए	So now today, 2005, I understand why Bremer fired the whole Iraqi army – because he was working for the Secretary of Defense.
किं तुह दंसणं चवियं चिय दिणं अम्हाणं, आयरियं सो दिणो जं ण अस्तित्वही?	Do you remember our travel day 4, the day that never existed?
इओ पहलिओ खयरो जीवलेहो 17	This first event can be fatal17.
अहयं रूसिया 168,000 साट्ठिओ होज्जा मए भणियं!	I rejoice that today there are over 168,000 Witnesses in Russia!
27 तारीखिसिमं तुह केरिअर लक्षयं (कमसो एत्थ वसिमं) सिद्धो होइअं।	By the 27th your career goals (at least for now) have been achieved.
सच्चं वज्जरियं च वेविरहणं मे सिक्खवेसि, वुच्छं फलं जाणिहिसि तुम्हाणं	I have taught you to distinguish the truth from imposture, to know the tree by its fruit.
एत्थन्तरम्मि तेणवि नरनाहस्स इहं तत्थ, जह तेण वि उव्वसन्ति सव्वम्पि हु जम्पन्ति	They did this until the three men were unconscious and barely breathing.
मए चिन्तियं कि लासएन्जेलिस सनठाणम्मि नवान्वेसणं एवं होइ	I think tech and innovation is going to happen in places like Los Angeles.
सो देवस्स इच्छाओ महिमा सम्पूरणो निब्बन्धो।	He was a man totally devoted to God’s will and glory.
(मिच्छुत्तं उत्तर-कज्जं वयंण नवि उब्भवं।	(Wrong answer--because we have a new product.
यअक्खरं पुलोइयाइं को दिन्नं, इसराइलं दॊसियं कयं दिन्नं?	Who hath given Jacob for a spoil, and Israel to robbers?
अज्ज लोके तं पयगव्विं कायव्वं।	Today people try to make Him a--a prophet.
जेण तुज्झ बेबीलोनियविरुद्धं लद्धो, तेण तुह विफलो न होइ कायव्वो।	If you fight against the Babylonians, you will not succeed.
जेण तुज्झ बेबीलोनियविरुद्धं लद्धो, तेण तुह विफलो न होइ कायव्वो।	If you fight against the Babylonians, you will not succeed.'
दोण्ह जणओ, एययरलाइंसओ रक्खिआ एयं बिगमैकं	Two people, an airline saved this Big Mac.
(ल) एयं उवायन्तरसञ्चायं, जत्थ य लोओ समत्थो होइ समुल्लवइओ	(L) It's like on the forum where people are getting smarter.
(अबूहुराइरा अअब्भहिओ य तेहिं चिट्ठियाइं वट्टाइं, चमडालिहिओ ढालुवाओ जाव उवविट्ठो)	(Abu Huraira added, "They will be small-eyed, flat nosed, and their faces will look like shields coated with leather.")
अहयम्पि पीढियम्मि बहुविहतावारिज्जन्ति।	Of other generations, much is expected.
एहि दिनओ अम्हे वि नयरज्जं पवरस्स, आणन्दयविमुक्कं पुणरुत्तं करेमो।	On this day, we renew our hope, our determination.
ई.-246 धणं सो पणमियम्मि बहाणाओ	E-246 The rich man had his excuse.
भाणुगइणा वणगयरं भणियं तेण देवेण कारणवसेण इमम्मि ईसिओ	He accused us of being jealous of him because he is doing the will of God,” the brother told Vanguard.
41: 41 किं सच्चमेव सुरगे दूते? 1.43 अम्हाणं मरंति किं होइ?	1.41 Are there really angels in heaven? 1.43 What happens when we die?
एवं तुज्झ विज्जाहरनयरं भणिओ सो खयरस्स...'- हं मणुस्साणं	And the word you will have said two million times is…” – Yes Man
जं जोण मोरिस्सं न अङ्गीकरिज्जइ तं जुत्तं।	What John Morris cannot accept is war.
तो भणइ चित्तसेणो सव्वं सम्पत्तो तुह किं एयन्ति?	Explain to me, then, why he left all his fortune to you.
ईसा'ण आमन्त्रितया वयंसोगो समागओ देवस्स वज्जं	Invited by Jesus, we gather together to listen to God’s Word.
मह अज्जिया भणिओ साहारो ताव, ता सुरगो तुमए साहारो सुरगोवि	My grandmother said: “Help yourself and heaven will help you.
यूरोडेकः व्यवहार में शरण चाहने वालों के अधिकारों को बेहतर तरीके से कैसे सुनिश्चित किया जाए?	Eurodac: how to better ensure asylum seekers' rights in practice?
और वे हर समय यूक्रेनी का उपयोग करने की कोशिश के बारे में वास्तव में सख्त हैं।	And they’re really strict about trying to use Ukrainian all the time.
भत्तीए सो चेव वुत्तो जस्स अच्छिज्जाणं	He may treat her as he treats a piece of meat.
किर्गिस्तान के डाक्टरों से भी न केणइ मदद।	Nothing helps, even the doctors of Kyrgyzstan.
दोन्निवि य निन्दिओ सोवि हु इण्हि दिट्ठो, तिण्णिवि इमा दट्ठुं पेच्छइ एयं	They both deny it, but her mother can see it.
मज्झ नगरवासिया सव्वेवि जाणन्ति जेण तुज्झ उवगारं महिला।	All the people of my town know that you are a woman of noble character.
मज्झ नगरवासिया सव्वेवि जाणन्ति जेण तुज्झ उवगारं महिला।	All the people of my town know that you are a woman of noble character.
नगरनिमाणेण तेण बारोहपुरिसाणं नेमित्तन्ति	Twelve men were appointed by him for building the town.
सव्वाट्ठो जापानीओ सुवन्नवसहॊत्ति नक्खन्ति, कज्जेण वि कज्जं उचियं एयं	25% of Japanese hate the Golden week because they have to work anyway.
पट्ठविया ने कहा, "अपनी माध्यमिक (विकेंद्रीकृत) व्यवस्था को अपनी प्राथमिक (केंद्रीकृत) प्रणाली की तरह मत बनाइए।	Don't make your secondary (decentralized) system look like your primary (centralized) system.
तेण अम्हाणं जीवियव्वाणं जो सकम्मो आसि, पुव्वभवनेहकरणम्मि सम्पयं देवेण।	He has shown us the way for a life that, active or passive, belongs wholly to God’s work.
#34 तीए दूरवाणो विज्जाहरमहत्तव्वो	#34 Their phone is more important than anything.
जहिं जोहानाणं ता दिट्ठिया एत्थ आयत्ता।	Where these visions of Johanna have now taken my place.
किन्तु किं होइ जइ विवाहो पत्तो सत्थारो य वोलीणो निययगेहम्मि?	But what happens when we have been married for 10 years or when our boss becomes demanding?
जुज्जइ डॉ. आल्टनं पाविऊण एयं पावं!	A crime for which Dr. Alton will pay the price!
जोक्खं पि त्थि वि तहवि मए तेण वड्ढियं मार्किसाणं	Even if there were danger, I owe that and more to the Marquis.
मए भणियं च तीए एयं भाणुवेगो आरुमासे, विज्जाहरिणी विभूया भूआभूया तीए	I also don't believe she wrote this book herself in 6 months but had a ghost writer.
एवं दावो किया जा सकता है कि केवल उवयारी नियोजना ढांचा	and can claim to be the only generic planning framework
असणिग्धं नाम करणमेव संसारे दुक्खं	Wrongly naming a thing is to add to the misery of this world.’
असणिग्धं नाम करणमेव संसारे दुक्खं	Wrongly naming a thing is to add to the misery of this world.’
एवं विचिन्तिऊणं तत्तो य मए भणियं होफमनं, अहयं 99 मशीणं खरीदयन्ती विहिणा	And we expect it to expand further – Hoffmann has bought 99 machines this year alone.
अम्हाणं जो विज्जाहरम्मिणाइं, पशूओ वा बालाओ सो किं भणइ?	How would an animal or a child interpret the strange machines that we build?
वाका दीयस्स, अम्हाणं देसं मा नाससु!	Vaca Diez, do not destroy our country!
सच्चं च अम्हेहिं सा 68 मार्चिया समत्थो समुल्लवइं, अह सो सङ्गमो सम्पइ पोलेस्सत्थओ अहयं	Indeed, we, the participants in March 68, shared this struggle with the entire Polish nation!
18.23 इओ परिच्छेओ उवविट्ठाए।	18.23 This section concludes with an observation.
जो केणावि रियो आउइ सो सुरक्खिय न होइ।	Whoever comes to Rio will not be safe.
अच्छउ ता पोरतोगलम्मि सुन्दरनगरं को वच्चइ परमत्थं, तव्वयणं करेमो तओ केण?	Of course, who can leave out the beautiful city of Porto when talking about things to do in Portugal?
पर-जणस्स कामॆह अन्तरम्मि अन्तरम्मि।	A person’s sexuality belongs in [the] private [sphere].
अल्लाहु मणुस्साणं अन्नं च गाढं सयवर्षं रक्खइ।	Allah preserves a man, his food and his donkey for one hundred years.
सा चिरस्थायी सञ्जाओ भोगए एवं राष्ट्रोच्चिय कुलीनतावहं रक्खए।	May she enjoy lasting peace and preserve her spirit of nobility among the nations.
सा चिरस्थायी सञ्जाओ भोगए एवं राष्ट्रोच्चिय कुलीनतावहं रक्खए।	May she enjoy lasting peace and preserve her spirit of nobility among the nations.
सा चिरस्थायी सञ्जाओ भोगए एवं राष्ट्रोच्चिय कुलीनतावहं रक्खए।	May she enjoy lasting peace and preserve her spirit of nobility among the nations.
सा चिरस्थायी सञ्जाओ भोगए एवं राष्ट्रोच्चिय कुलीनतावहं रक्खए।	May she enjoy lasting peace and preserve her spirit of nobility among the nations.
एमाइ बहुविगप्पं गन्तूणं मज्झ मिसेस्सं वाविट्सं, चीणो वि सा सम्पड ̣ धे य ना वाईए?	Very quickly, because I want to go to Ms. Watts, do you say yes or no to free trade with China?
तुमपर शहीदो महिमा उज्जोइओ।	The glory of the martyrs shines upon you.
विजइऊण विडिअ'कएण जारजिय'ए'क अभिनन्दनन्ति	Congratulations to Georgia A. for her winning video
राज्ययुगम्मि अम्हाणं जे अन्तिमे दिणे कज्जं जाणन्ति, ते वि भगिणीओ धणदेवस्स।	In the Age of Kingdom, those of us who experience God’s work in the last days are also followers of God.
सो केवलवि तीसवयस्स य जाव नरवाहणउच्चनियत्तम्मि, एवंविहपुरिसेवि सत्थविओ वज्जरियं नासन्तो	He was only thirty when he was appointed superior of the skete, and even in this position of authority he did nothing without his brother’s blessing.
अम्हे XOXO पर न होइ तुमए सिद्धंतो बहु सञ्जाओ	We are not at XOXO , you will understand the principle very quickly.
निसन्देहे वाएसिङ्गतणेहिं केणवि एयन्ति, जं इच्छन्ति एसो-वज्जर!	Of course, there are those in Washington who want just this – war!
कइवय चरित्रं जाणामो अम्हेवि दट्ठुं, तीए अम्मिणिअम्माओ अनाथो	Some characters we know we want to see are Mother and Orphan.
किन्तु तुमए मच्छिए वणिए सो धणेण,	but you, fisherman and profiteer,
एवं च तेण कारणेण अम्हे विहिणाओ तह तेण हिअअम्मि, जह तेण तुज्झ तेण तुह विरहेओ	And also because we hate exclusives as much as you do.
केणवि न थुणिज्जइ मज्झ पोलैण्डियरनयरस्स!]	Nobody will be able to spit upon my Polish national character!”]
एवं संसारे सामन्नं जायं।	and a time of peace will be conceded to the world.
कज्जं करिज्जइ एवं मार्चमच्छले असराइज्जइ उत्तमा!	The best way to act and be really effective in March!
एवं तीए तेण हिट्ठेण इहं सिसिरे, उत्तमकुलप्पसूओ सोवि हु तेण	And they would be a good option for him this winter.
मे कयओ कसीनो केणइ नियम व शर्तेए कहाए न दट्ठुं	I’ve never seen a casino explain why in their terms and conditions.
तत्तो य तीए वि. ए. वि. प. वज्जरियं सव्वं वुत्तन्तं!	In fact, she stayed with us for the rest of the VIP party!
मए कम्माइं पुरेणं अणिच्छियं।	My acts define me sufficiently.
सुपरवाइजर 720 पर ये प्रतिबंध मौजूद नहीं हैं।	These restrictions do not exist on a Supervisor 720.
(एयं विचिन्तिऊणं कज्जं अज्जवि-देवं भासइ जं सम्पइ सत्ता।	(It is still an astonishing job - God seems to give us a huge amount of authority over the rest of the creation.
सर रोबर्ट्सं सा किं सामञ्जस्यं तेण होइ?	What could he have in common with Sir Robert?
इय भणिउं पयत्तेणं देवेण एयं तेण समं ताव, ताव य चित्तगई कयं कयं पमाणसञ्जुत्तस्स	The first sentence says, "Oh God, place us among those who do something while they have willed it".
(अण्णोमीडा) तत्तो इय'णु'ण'' ओण'' अफ'' य आसाओ	(Andromeda) So it's more like on/off.
(सुभागव्वसं द 51 फण्ड महिलाणं इम सुन्दरिय परियोजणए बहुसहायं होइ!)	(Fortunately, the women of THE 51 FUND will be of great help in this beautiful project!)
सो हमासनि देवो जो दाणामो कोटिंसो एवं भणइ किं कायव्वं	He is Hamas's god who gives them billions and tells them what to do.
गुरुअणाइं जाआइं 13 वारी	When teachers had to move 13 times
2.2.2इसङ्गओ तत्थ समप्पइ नयरम्मि	2.2.2 This offer is now permanent.
असणिग्धं नाम करणमेव संसारे दुक्खं	Wrongly naming a thing is to add to the misery of this world.’
जं गिलिया न जओ तं चएमि खाउ'मए।	I eat even what cannot be swallowed.
तत्तो य तेण सव्वेसिं एवं ई. वी. समुदाइयं नमियगइट्ठं,	He then thanked everyone and the EV community in an updated post:
अल्लाहकज्जरियं अम्हे आरम्भो अल्बुकर्कएण कायव्वो	With Allah’s permission we begin with Albuquerque.
तं सोउं पवज्जइ एवं सिग्घं दइयाए।	She wanted to worship Him and give thanks for Him.
ई.-66 पुलाएण इ. इ. कओ पत्तो?	E-66 How did the astronaut find this?
11 रामतह चिन्तयइ तओ एसो समत्थसमुदायं कहं पाविओ	11 – Ram Tah was wondering when we would find this type of cultural data.
भागीदारी स्थापित करने के लिए जॉन ने तुरंत व्हाट3वर्ड्स से संपर्क किया।	John quickly contacted what3words to set up a partnership.
दाविदाणं आगामिवर्षं कित्तियन्तं दट्ठुं एवं भणियं!	How much David would have had to show and say during the coming year!
भूमी नीची एवं उट्ठा पहाडो न होइ।	The land was low and there were no high mountains.
अन्नं च जाव य पुरम्मि नयरेण सव्वं विविहं दट्ठुं	We can see all kinds of things—ancient roads and canals.
* इओ रकम पी401 परियोजणामे समाविस्सत्थं	* This amount is included in the project P401
मे सुसूरे ईरानी मित्तं पुच्छिओ किं अब्भुत्तो सम्भवो युद्धविरहो	I asked a well-informed Iranian friend whether it was still possible to avoid war.
किंवा वुल्फ 359आव मा काहिसि फुट्टिहिसिओ तुज्झ?	Or have you forgotten what they did at Wolf 359?
किन्तु भणिए,'अम्हेवि जायं जइए पडिबुद्धाए?	But said, "What if we go down to the camp of the enemy?
मए भणिया जेण अजरबैजानिया जणे आर्मेनियणिओ मज्झ	I describe how an Azerbaijani helps an Armenian.
तदणन्तरं तेण किञ्च नज्जइ जो लोयमो (तं, तं चेव दाणं गाहयं)	After all, they have something to lose (you, their paying customer).
सो किं तेण तीए परलोयपयावि हुयणाणं हरइज्जइ?	How can he defeat his third enemy, don Juan?
एसो देवस्स निययम्मि एवं होउ।	This was and is God’s plan.
देवेण समागओ तत्थ गन्तुं गन्तुं सज्जाए तेण एयन्ति	They gave them up to help prepare a place where God’s presence would reside.
एरियाना ग्रांडे से बेहतर पहनना भी संभव है और हम आपको दिखाएंगे कि कैसे!	It is also possible to wear it better than Ariana Grande and we will show you how!
मरणदिवसपर्यन्तं मा कुण निच्चं वयणं।	Do not be certain of yourself until the day of your death".
तुमं न कह सको कि तुमं सेशेल्स का एक राजनेता के रूप में नेतृत्व करना चाहते हो।	You cannot say that you want to lead Seychelles as a politician.
एत्थन्तरम्मि भूमीए सव्वेसिं जीवाणं जिणिन्दस्स, तेहिं तिन्नाओ तुमं अन्नं पाविओ	These are the creatures that you may eat from among all the animals that are upon the earth.
एत्थन्तरम्मि कज्जं बहुवारं करेऊण तेण, एवंविह तुमए कणगमालाओ य आकृतिओ	You do these things in these places that many times, and you have a design, or a shape.
एत्थन्तरम्मि दंसणमेत्तेणं जोक्खं भणिउं, एत्तो य अम्हाणं 144वं जन्मदिनं	Here's to our 142nd birthday — and to taking risks
#9 तेण तुह सङ्ग अन्तिमाणिग्गं वञ्चियं	#9 They cheated on their last relationship with you.
एफ़्. हि.: अम्हेवि हु जुवराइं बहुमाणाइं, जं कमसो अम्हाणं सन्ताइं होंति	F.H.: We invest more and perhaps too much in the few children we have.
अम्हेवि जाणामो तेण भणियं एयं:,'तुज्झ पावं मोक्खणं समयं'.	We know what he’s going to say: ‘Time to pay for your sins.’
अम्हेवि जाणामो तेण भणियं एयं:,'तुज्झ पावं मोक्खणं समयं'.	We know what he’s going to say: ‘Time to pay for your sins.’
केवरीन आ मए होइ कस्स वि त्थि अनुवादेह।	Any translations must be authorized specifically by Kathryn and me.
रुवांडा के सव्वेसिं अज्ज सच्चं जाणइ।	All Rwandans urgently need truth today.
एत्थन्तरम्मि मित्ताइं गुरुअणुपाइं संक्षेपेण, जर्मनी तेण घरं एयं	Here are their friends, grandparents – in short: Germany is their home.
अज्ज आफ्रीकायाव रिविज्ज्डरुयलआ ब्रादार्स जानाय।	Being Brothers today in Africa with the Revised Rule”.
तीए सह विसयसोक्खं समागओ विहिओ सो न आसिओ, तेण य ईसा'सूओ खयरो संलत्तं नाहो	He had not come together with her before her pregnancy, thus he was not involved in the conception of Jesus.
तत्तो य पुट्ठिणा तव्वयणं एवं न याणाइं?	Well, now, and caricatures of Putin can not be drawn?
ऎल्. एल.:-किन्तु पोलैण्डिया का इतिहास, विशेषतः पोलैण्ड्-यहुदी इतिहास, तव्विहाविओ मणुयत्तं होज्जइ?	LL: – But Polish history, especially Polish-Jewish history, has become one of your main themes?
मए भणियं दिन्नाओ सोविअतसन्थतत्तिं (1971), सोविएतसुत्तत्थसम्पत्ती विफलं गयाइं	My first book (1971) said that the Soviet economy had failed.
नत्थि नज्जइ नहवाहणे जीयंमि, नीहरिओ व्व नहवाहणोवि हु वसुमइ	I shall live like water on the Nile’s body;
[1] वारण्ट का निष्पादन एडीए द्वारा किया जाएगा।	[1] The warrant will in fact be executed by ADA
न य मए पुव्वभवे जिणभवणेणं कज्जं, निज्जियसएणं विहिणा वासवन्तीए एसा	I did nothing to deserve God's love; in fact, I was living as an orphan, without hope.
ई.: अम्हे सव्वे वि तेवत्थारोहणं कायव्वं?	E: We all have made this kind of a journey, too, though star systems?
इ.-118 सो कहव बोसवर्थ जिणएइ, जं देवस्स...	E-118 How could he conquer Bosworth, when God...
तहवि हु सम्पत्तो सम्पत्तो समुट्ठिया लन्दणनगरम्मि, ता किं होइ तुमं सम्पत्ता?	What if you were as rich as the entire city of London?
उवविट्ठाओ पभावाओ धन्ना भणियं कलाए।	They are thoroughly trained in the arts of God’s grace.
अज्जं च इण्हि पुण 96 वड्ढिया अहयं एयं होइ	Not only today, till 96 years I will be like this.
इ.-99 नाऊण मएवि बहुयहूदीओसं भणियं, अज्ज भणिउं बहुणा भणियं एयं	E-99 Now perhaps I'm talking to many Jewish people, tonight.
हयविहिणा संसारे जेण सव्वविरुद्धं, अह सा मएवि हु राजकुमारी	Yes, I am a Princess, against all that this world says
एवं च तेण अम्हाणं अङ्गीकारमाणस्स महायाजणो, तं जं भणिए तं कायव्वं तेण	And He's the High Priest of our confession, to act upon what He has said.
किं अम्हेवि देवस्स वज्जरइ य भद्द! सत्थाणं?	Will we believe God's words, or Satan's lies?
तत्तो य तेण एस तेण तिसिया सलमोणाणं आगओ चिन्ताए	Then a third man came on the scene to give Solomon even more concern.
पादपाणं च वुच्छियं वयणं च)	The plants and trees have an age.)
दाविज्जन्तो वि तहवि एसा कायव्वं।	Such a practice is forbidden even in the course of battle.
(वित्तीयनयणनामं): तुह खाता निलम्बिया गया।	(Name of a financial institution): Your account has been suspended.
हं मए भणियं होज्ज मज्झ जोसी कईदिवसे!	I’m like, yeah, I could talk about Josie for days!
अम्हेवि दण्डविहिणा न होज्जा, ताव य दाविदाणं भणइ, दण्डविहियं जाणामो वयंहिं	We will not go unpunished, as David says, and we have already known punishment.
के वो'वी'जो डॉ. पर्ल के 50 से अधिक रोगियों के माध्यम से बोले?	Who are the "we" that spoke through more than 50 of Dr. Pearl's patients?
एवं च 40 जणं, किञ्चएवि तेण, किरायन्ति टिकटानि	And 40 people, something like that, buying tickets.
एवं च जाव य मए अज्ज कस्स साहियं कुणइ?	And at night: Who did I help today?
ई.-384... तुम जल्दी में हो?	E-384 Are you in a hurry?
ता वेलकम मित्ताइं वेलकमाइं, एसो समूह तुज्झ वयंसि!	Then WELCOME, friend – this is the group for you!
तुज्झ समं मायकलाइं च तेण लोयणाओ, एवं कयाइवि सयलवणाइं भणिउमाढत्तो	For people like you Michael, and yes there were people on earth millions of years ago.
3) एत्थन्तरम्मि परिसरे देहधारी भवियव्वो।	3) You have to be physically aggressive in these environments.
किन्तु जेणएप्फ20प्लस'क संगं तुज्झ एयं अवसरमेव।	But with GenF20 Plus you now have exactly this possibility.
गुरुअणुरायसहस्साइं पव्वइओ सव्वोवि, अप्पहम्मि चित्तवेगो समुव्वहामि प्रतिदिनं	Every day I held each of you in prayer, with a father’s heart.
तत्तो य देवाणं मणुयत्तं सन्ताणं सत्थावं च निवारेणं	As such, the saints must go through their persecution and death by believing in God's promises.
तव्वयणं मए भणिए 93 वारी	In this song I say fuck 93 times
अज्जवि हु मुइज्जन्तो पट्ठविया सव्वेसुहं सुविणेसु खयरेसु, तत्तो तेण जिणभवणेसु अणुरागो (2कॊरिन्थियन्स्)	Today, when believers die, their souls are ushered instantly into the Lord’s presence to experience all the joys and comforts of heaven (2 Corinthians 5:6-9).
(काक्स्स, निसुणसुयह कहवि हु इह अवस्सं पसदइ.	(Cox, it goes without saying, would have loved this event.
जो अप्पाणं दुस्सिक्खं पेच्छइ सो देवपुत्रस्स इच्छाए पवज्जं, सो पुरिसो मिच्छत्तं एयन्ति	The power of the Son of God’s desire remains the proof that he is wrong who sees himself as helpless.
इ.-57 नाऊण एत्थ समप्पियं ईसा अम्हेवि, एवं च जत्थ य जत्थ जाओ सि...	E-57 Now, we hear so much about Jesus in these days, and everywhere you go...
बोनहम कार्टरः हा, अम्हाणं घराइं वाहीयं।	BONHAM CARTER: Yeah, our houses are married.
एत्थन्तरम्मि अट्ठमेयं माध्यमिकविद्यालयमग्गलग्गं परिच्छेओ न गन्तुं जुत्तं	Besides, you should not enter and leave at the end only one of the eight secondary schools.
अथवा निययालयं एयं धरेन्ति जे तेण अन्ने 270 लुण्टिया?	Or would a court of law assume that they also robbed the other 270?
तेण निविट्ठाए पुहवी उवविट्ठाओ न हु नयरम्मि, तत्थ य तीए पुणरुत्तं आगओ उवविट्ठो	The earth will be in chaos — not at peace — before He returns.
किं सोलार्गाडी तंहि 46.000 जणसमुदए धरिज्जिस्सइ?	Will the solar car be able to catch up on him in front of 46.000 people?
सोसियट्ठि वेलकम जोम्बीःमरणानन्तरमरणं 1/3!	Welcome to society Zombie: death after death 1/3!
आगामि पीढियअणो सम्भवेइ न इओ चइज्जं/अवसरं...	Future generations will probably not have this choice/chance…
अधिकारी ने कहा, "उसके पास जाली दक्षिण अफ्रीकी पासपोर्ट और निश्चित रूप से अन्य दस्तावेज थे।	He had a fake South African passport and of course other documents.
किंवा कह तुमं कओ परिवारो जओ बहुविहकीलाओ?	Or do you have a family in which a lot of tablets are used?
तं दट्ठुं अण्द्रियअणुरायाणं, एवं चिय सक्किज्जइ नाना भाणुवेगेण	He was seen with Andrew (and perhaps Nana) a year later.
इण्हि सव्वेसु परिणामाए मि. हुयट्टाण किं न भणिए?	Not a word from Mr. Huet about all these results, why ?
अह भणइ भगिणीए भणिओ जं सो जणं पाणेण दूरं, अहयं च तेण जणं अवराहे पिययमग्गेहिं	His wife once said, “The only thing that could ever keep him away from the animals he loves are the people he loves even more.
एवं विचिन्तिऊणं सव्वेसिं समप्पन्ति, कत्तो'णावइ कैप्टनअमेरिका सच्चं करेमाणो	And everyone starts to realize what Captain America really can do.
किन्तु ते तिन्निव जिणाइं तुह दासिया कायव्वं।	But there are three things that will make you a slave.
अम्हाणं छओ [मुख्य] जिलाइं, जहिं वि [उपजिल्ला] होंति।	We have the six [main] districts, which also have [sub-districts].
अहवा धन्नो अणमिसनयरो होइ।	whether he is thankful or unthankful.
मह चिन्तेमि जाणामि सिक्खिम्भं होर्क्रक्स्।	I think I know what the sixth Horcrux is.
तेण कइवयारो जिणाइं परिवत्तणाओ अम्हेहिं, एसो'न्यायनिग्धो'वज्जरियं सम्पत्तो	We were going to change so many lives with this money, this “Justice Fund.
कणगमालाए नियपरमत्थं तुज्झ ते, जाणन्ति य निसुणेसु य समुल्लवइ एसा?	Did you know that in the field, for you, they are already corrected and solved?
(देवस्स सिरियगेहस्स य वज्जरइ, अणुरायसु जेण परिचत्तन्ति तेण।	(God, as Creator, identifies with those in need.
निक्कारं 2011 आव फेक्खिऊण य तेण वयंसहो, एवं च तेण अम्हाण सह दंसणं इच्छन्ति	Nick is free for 2011, as we know, and he wants to be with us.
परमत्थओ सच्चो भरोसामन्नो सन्देशो सो होइ जे 1199 ईसाणम्मि	However, the first truly reliable message can be considered exactly what relates to the year 1199.
जे यूरोपीय साझीदारो के पास पहले से ही अपना एफ-35 है, हम भी उन्हीं के साथ जुड़ेंगे।	We will join our European partners who already have their own F-35
सूरोयरोपआवहियअङ्गरुक्खियअणङ्गरुहिएण, सूरिऊण अहवाओ अहमएण आरूढो	SUN is very pleased to contribute - through this report - to one of the most important economic debates in Europe.
तं च मए वज्जरइ तओ परं को तत्थ?	Who was there besides you and Mr. Truly?
एवं विचिन्तिऊणं 1378 ई. स. मए अम्हाणं किं अच्छइ रज्जं	And in 1378, guess what our good king does to reach his ends?
एत्थन्तरम्मि सुविणसञ्जुत्तो मह पुणरवि कायव्वो	It’s a good program where I can also restore my body’s health once a week.
एवं ग्रेटेल, न केणइ ता स्पेसचर्टस्स	And Gretel, nothing for your space shirt.
जइ केवलइइइआइरेलाइं लोकतांत्रिकराजनीतीयसञ्जित्ति न होइ...!	If only Israel did not have a democratic political system...!
बीजिङ्गाइं सम्पइ एगन्तेणं कुणन्ति एगन्तेण, अन्तरारतीयसङ्घटनाइं खण्डाइं कयन्तिएण भिन्नाइं	It is one thing when they talk about Beijing, another thing when they talk about international organizations or blocks.
देवस्स वत्थु सुरगे किन्तु लोए सव्वं नत्थि निययस्स	God’s in His heaven, but all is certainly not right with the world.
एयं च मणुस्साणं अचञ्चलसत्तं होज्ज, जं देवस्स वसइ तं सव्वं	This should be man’s unshakable faith in himself, because God dwells in him.
एयं च मणुस्साणं अचञ्चलसत्तं होज्ज, जं देवस्स वसइ तं सव्वं	This should be man’s unshakable faith in himself, because God dwells in him.
एयं च मणुस्साणं अचञ्चलसत्तं होज्ज, जं देवस्स वसइ तं सव्वं	This should be man’s unshakable faith in himself, because God dwells in him.
कुराणमें'लोगवग्गेहिं'एवं नासरीयं	.“People of the Book” and Nazarenes in the Koran:
ऐलिस मिलर कह कर केण करेण मदद करेइ?	What does Alice Miller help us to say and do?
तत्तो य केथरिन, तं चेव न य तीए जं तुज्झ पभायम्मि।	’’Well, not Catherine though, that other girl you wanted before.
प्रश्नः परमत्थं यूरोपीयसङ्घीयतावाद अज्ज के इच्छइ?	Q : But who wants European federalism today ?
अत्थि सरलसोक्खं नूणं 50इम्प्रेशनं दोन्निवि	The answer is easy: The new Impression 50 is both.
नाउं सत्थं भणामि एयं सहरं,	Nay, I swear by this city -
तत्तो अम्हे सोऊण तेण गाढं निसुणेऊण वोलीणेण, वज्जरइ विणिग्गओ जिणभवणेण	Then we heard him sigh deeply and take off his work clothes, which were stained with grease.
भणिओ य तेण परं भणियं महं।	Say, "Tell me more about that.
चित्तगरवेसु चित्तगईसु अम्हेसु सव्वेसु, तेसु वि सव्वेसिओ पुत्तो वुत्तन्तो	Remember: we are all his sons and daughters.[1]
8/10 डेटा फिएट द्वारा प्रदान नहीं किया गया है।	8/10 Data not provided by Fiat.
एसो तिसियो सच्चो विओयस्स।	This is the third and the true opinion.
सा चिरस्थायी सञ्जाओ भोगए एवं राष्ट्रोच्चिय कुलीनतावहं रक्खए।	May she enjoy lasting peace and preserve her spirit of nobility among the nations.
अम्हाणं विज्जाहरनियरं निसुणसुसंगमं सुहं कुणसु, तुह पासे सिक्खणाइं बहुविहत्थाइं	Allow us the pleasure of instructing you quietly and in order, for you have a great many things to learn.
जिणबिम्बाणं पढन्ता एवं ईसामन्ने पमाणन्ति, तहवि हु भवियम्मि कज्जं करेन्ति।	As long as you keep reading and believing God’s Word, it will keep working in you.
मज्झ रूहिणा परिचिन्तिज्जइ अम्हाणं-- एत्थन्तरम्मि गाज़ा कई महिलाए।	I am known by my patients -- including many women from Gaza.
पियपाला किं तुज्झ चिन्तसु जेण मए चम्पोर्डं दट्ठुं?	Can you imagine, dear Paul, that ever since I saw Chambord,
सव्वं अणुसत्थं ते उड्डाविस्सइ, एवं अन्तेवि तत्थ होइ।	Everything is made of atoms; they will fly apart and that will be the end.
सव्वेसु सृष्टीए देवमाणस्स सम्पूरियं न जायं, तत्तो य अम्हाणं पुन्नेसु समुल्लवियं एयं	Our souls can never be entirely content until God's honor is fully vindicated in all creation.
इओ जापानआव मिन्ना नो टेनिस मुङैबो मिन्थियो।	It is also known as Minna no tennis in Japan.
केरिः एवं तेण तयं अन्तरिक्खयं स्थापितं।	KERRI: And then they put it in space.
सम्भवं 124 उत्तम मित्ताइं होंतु, किं न?	It’s possible to have 124 best friends, right?
ज.: सा तओ नाम निउ वर्ल्ड आर्डर।	A: Actually, they have a name for the New World Order.
आरमिय मज्झोणी याचणिम्मिट्ठिअस्स रिप्पोर्टेयन्-(आइ. टि.) अध्यक्षमहिलाए मिसेस् ग्योरी, महिलाए य सज्जणाणं मणुयाणं, अह रायजणणिजणं सुपइट्ठं च आणन्दं च भणिउं	Erminia Mazzoni, rapporteur for the opinion of the Committee on Petitions. – (IT) Mr President, Mrs Győri, Commissioner, ladies and gentlemen, I believe I can truly say that the work of the rapporteurs is excellent, as are the pleasing and comforting words of the Commission and Council.
देश (9) जो दूर रहे या अनुपस्थित रहेः	Countries (9) who abstained or absent :
जइ ताव न होइ तदणुन्नाए तेण सहीहि पहरिहारं, वज्जरइ भमइ परियरं विचिन्तए सो	If however he have it not, he has indeed the soldier's mark upon him, but he roams as a deserter.
अहवा सा सा तू सा मे सा सा सा साक्षी	Rather You Than Me is a testimony.
सीनेटरो दिव्वो हं समत्थो य जं जन्तू य अन्नं	Senator Day: I understand what the animals or the livestock eat.
तो भणइ चित्तसेणो सव्वं सम्पत्तो तुह किं एयन्ति?	Explain to me, then, why he left all his fortune to you.
गे गेम्स के साथ या उसके बिना, पेरिस के 6h पर आपका स्वागत रहेगा।	With or without Gay Games, you’ll always be welcome at the 6h of Paris.
तथापि, कृपया ध्यान दें कि डेविल्स थ्रोट (गार्गन्ता डेल दियाब्लो) 2015 तक मरम्मत के लिए बंद रहेगा।	However, please note that Devil's Throat (Garganta del Diablo) will remain closed for repair until 2015.
अज्जं वयंसहिओ हत्थाओ होइसु, जाणामोवि हु जाणामो	Today, we will be tired [because of our mission], we know
एवं च तेण तुज्झ केणइ भयवं न होइ जं तुह हिअअं सुहस्स।	And so, you are not afraid of anything but your heart is in joy.
एवं च तेण तुज्झ केणइ भयवं न होइ जं तुह हिअअं सुहस्स।	And so, you are not afraid of anything but your heart is in joy.
एवं च केणइ बैंकसब्भावओ एसा सेवायं 37€ (!)	And some banks will charge you this service 37 € (!).
जं उत्तरीयविमाणवाहिनिविमाणाणं तुज्झ वयणं, तं सव्वम्पि अम्हेवि दिन्नं तं अवसरेहिं	We will offer every one of those northern airlines that you are talking about, small as they are, that opportunity.
3. एवं च सव्वं लोयं आणत्तं अणुहियं।	3 And each world follows surely from its source.
तत्तो य इओ तहिं स्मारकमाणाइं मन्नियव्वं।	As such, it is to be considered as a monument.
एरकनाडा सञ्जाओ अइदुलहो सिग्घं तुट्ठो, कालिहि कानूनीहिं हड़तालारं भणिउमाढत्तो	With Air Canada, it is clear that a legal strike started yesterday.
इब्राहिम के अनुसार, दूसरे दौर के आयोजन को "कुछ भी बाधित नहीं करेगा", जो कि "वास्तव में नियत समय के अनुसार होगा"।	According to Ibrahim, “nothing will disturb” the holding of the second round, which “will indeed take place as scheduled.
किं तुह कहवि उवविट्ठा अलम्मस्स, जं मिच्छट्ठो चित्तगइणा तं कहवि?	Do you remember the story of Alma, who had chosen the wrong path?
धन्नाउ ताएण तओ दूसहं सव्वं पत्तं 10 एवं उल्लावं	We thank your agency because everything was managed 10 and praise.
जोण्स् भणइ जं नूण सीरिसॆसं मि. न्यान्सीआ कइं पेक्खामो	Jones explains where we'll first see Mr. Nancy in the new series.
अह सा भाणुगइणाओ जेण कोरस् सा कम्पनी जेण रायावि, होज्ज तहिं 10 कम्पनी य मए एसा	In other words, we need companies like Corus that create movies, but maybe 10 of them.
भाणुगइणा वणगयरं भणियं तेण देवेण कारणवसेण इमम्मि ईसिओ	He accused us of being jealous of him because he is doing the will of God,” the brother told Vanguard.
(सव्वसत्थं उवविट्ठो कीस एरिसं इच्छंति?	(Why do they want more ice everywhere?
सच्चं तओ सुरगस्स अङ्गरयणं चइज्जइ।	You can actually taste a part of heaven.
एत्थन्तरम्मि नयरम्मि दोन्निवि ब्लॉगो विहिए भौगोलिकक्षेत्रमग्गो होइ!	Moreover, those two blogs may even target the same geographical area!
किन्तु जो तं जाणइ एवं वि तं निच्छयं भणइ, सो खग्गं सव्वम्पि हुओ।	But he who does know it and still calls it a lie, he is a criminal".
कज्जेण दुक्खम्मि अम्हे सव्वं नायव्वं जाणइ।	Because in sorrow we feel almost as protagonists.
(...) "बहुविगप्पं कारणवसेण, अहयं पुणरवि अहयं सम्पइ सुहं मह।	(…) "For many reasons, I am happy to be back here almost one year after.
तत्तो य मए भणियं एयं तुह देसम्मि एयं, जं तुमए भुलीए तं वच्चामि	So now I come to your country to remind you of what you have forgotten.
मूसाएण पडवक्खम्मि विज्जा अवरोहा।	Like Moses’ veil, there is a barrier of knowledge.
सयवर्षं मग्गे सम्पत्ता इच्छसि जइ,	If you want one hundred years of prosperity,
अर्जेन्तिणायाव बानायनाय बे रिफाइन्द पेयं सच्चिय देवनिवहं	Made in Argentina, this refined drink is truly made for the Gods.
दस हजार इडियट्सआ मोनसे पलिटिकल पार्टी।	Ten thousand idiots are a political party.
एवं च अवेसिऊण कइवयारो पंथं, वज्जरइ वज्जरियं वयणं	And we have substituted something else, a creed, instead of the Word.
किं तुज्झ चिन्तियं कि तव्विग्गाणम्मि पहुत्तो पहञ्जणो पडिवयणं?	Did you ever consider that the first 35 years of your life WAS the other shoe?
रिता एवं अम्हाणं वक्कीलाइं सव्वं उचियं पलोएन्ति, एवं चिय एयं तुह भणिए सम्भवं	Everything is perfectly followed up by Rita and our lawyer and this is possible in your own language.
वज्जरियं काऊण्टीसहित्थं सङ्घियपरिणालिं इच्छामो	We wanted this federal system with more counties.
तत्तो य तेण तुमं अहयं मार्क्सवादी (no.12)	In that, you are already marxist (no.12).
जेण नामं देन्ति तेण संसारे केणावि वणिज्जाणं, न य तेण संसारवासस्स केणवि सञ्जाओ	Whatever name they give it, they cannot protect some of the world’s largest businesses and organisations.
1978 ई. स. के आस पास जो लोग परमत्थं आए थे, हम उनसे बात नहीं करना चाहते थे।	Till about 1978, we didn’t want to talk to people who came from other people.
अज्जं दण्डं च नियाया कित्तियमेत्तं जाणसि?	How much do you know of the chastisement and judgment of today?
आउसविट्ज़ं, तेण भणिओ, संरक्षितक्षेत्रसमुच्छयययउल्लेहियओ	Auschwitz, he said, was on the list of protected areas.
भणियं वा ण कहिज्जं, अम्हाणं तओ तं इमिग्रेसनइंडस्ट्रिओ भणिओ	Believe it or not, we even have what we call the immigration industry.
[12] सव्वम्पि कज्जं समाणिज्जन्तं।	[12] "All labour is paid after it has ceased.
अल्लाहु कुरआणमे कहेइ (51:56)	Allah says in the Qur’an (51:56)
के. 5.6: जाणइ सामाजिय-लिंग्वीय परिस्थितियव्व जटिलं होइइ	K 5.6 Knows that sociolinguistic situations can be complex
एसा न होइ जं सेनसमुदायकम्मि तीसओ उमेदवाराओ	It is not as if we had invested thirty candidate members of Sens commun.
तत्तो मे'द ब्लैक माम्बा'कायव्वं।	So I created The Black Mamba.
तत्तो मे'द ब्लैक माम्बा'कायव्वं।	So I created The Black Mamba.
तत्तो मे'द ब्लैक माम्बा'कायव्वं।	So I created The Black Mamba.
तं मे इसराएली घराणं चिट्ठामि जाआमि।	For I have made you a sign to the house of Israel.
30 और 70 के बीच, यह कोई विशिष्ट जानकारी नहीं देता है।	Between 30 and 70, it does not give any specific information.
अध्याय 17 का अन्तिमा चमत्कारं वि समयं लहेइ।	The last miracle of chapter 17 also takes time.
एत्थन्तरम्मि तेणं छओ वि इण्हि पाविओ कइवयारो, एयं च्चिअ बालो नियठाणम!	They have done this to him 6 times for something that is out of this baby’s control!
अगले तीन वर्षों में इन कार्यक्रमों को वित्तपोषित करके,'7'यूनिसेफ की सहायता कर सकता हैः	By funding these programmes over the next three years, ‘7’ could help UNICEF to:
7800 युद्धबन्दियों में से एक ने भी आत्महत्या नहीं की।	Not one single person committed suicide amongst the 7800 prisoners of war.
मूसा के प्रति अवमाण भी है।	There is even contempt for Moses.
एत्थन्तरम्मि नयणाइं 2008 सम्मं गमिऊण तव्वयणं, जह सव्वं परिवत्तइ एयं तओ पत्तो सेण्टिमीटर् वड्ढन्तो	Let’s go back to this new 2008 which really changes everything since it also grows by nearly fifteen centimeters !
सम्पइ संसारो, पुट्ठं भणइ डिपार्टमेण्ट् 99...	The whole of the rest of the world, my son explained to me, is département 99….
तं सव्वं फलाइं देसु जह ते गुणकारी होइ	provide for them all kinds of fruits, that they may be appreciative.
अमेरिका के लिए और दोनों दलों के लिए भ्रष्टाचार का असल में क्या मतलब है	What Corruption Really Means For America — And For Both Parties
फलस्तीनी सुरङ्गक उपयोग करैत छथि?	The Palestinians use tunnels?
तो जेण अम्हे विणिच्छिएण तं सो सलमोणआहारं, निसुणेसु एयं दीहरायणं उवायं	So as we explained, the invocation of Solomon is really a long invocation.
तीए सव्वेसिं पोजीटिव उर्जां अम्हाणं गिलअअदमेजाणं	We are sending all these positive energy to our Gil-Ad.
के.: किं ते मज्झाणं विहिए सह विहिणाए?	K: Did you share these texts with [person’s name] too?
(L) हा, ते कार्यशालाए वि आगच्छन्ति, एवं च अम्हे जणं मूल्यांकणं कायव्वं।	(L) Yes, they can attend workshops and we can evaluate people individually.
रूस को इस नए/पुराने खतरे पर विशेष ध्यान देना होगा।	Russia will have to pay special attention to this new/old threat.
टेक्सासआव जोंनि 640 एकार दं, जायखौ जों बाहायनो हायो।	We have 640 acres in Texas we can use.
मणुस्सत्थमेव निसुणे लक्षेण, नियपरियणेण कज्जे गन्तुं सज्जसि?	When will you be ready to work on a real goal, a goal for humanity itself?
तत्थ य अब्भत्थनयणाणं वि उचियं नाहिय देवस्स, ता किं कायव्वं समुल्लवियं देवस्स नवि कम्मं?	As it turns out, it is that we have not yet caught up to God’s new work, so what must we now do to catch up to God’s new work?
इटली एवं स्पेन-इमाणें देसाणं लोयणविलग्गो।	Italy & Spain – these countries have a local version.
[58] परमत्थिया इरीट्रिया।	[58] The other country is Eritrea.
किन्तु तं तं तं कायव्वं तं निययाइं, एवं मेयरेसु भत्तीए।	But build them he did, and the mayor was grateful.
किन्तु सामन्ताणं कयाइवि अन्तरिक्खं, महिलाणं होंतणहिओ भद्द!	But something inside Samantha hated being a woman.
मए वाय.-अइदुलहा गम्भीरं नयइ?	Mme Y. – The other schools are not serious?
ई कहणा दु-सहायं जेण तेण तं भणिउमाढत्तो, बेसबालं अ-ब्भहियं नाम अत्थि.	It's hard to say what they will call it in the future, baseball that is.
एत्थन्तरम्मि दुमासिया ताजिकिस्तानिया नरनाहस्स	This time for two months to a man from Tajikistan.
भणिओ सो जणस्स कुलहराजणॊत्ति	Said, "He's the son of the king of the tribe.
90:18 ते दक्खिण्णभगिणीणं;	90:18 Those are the Companions of the Right;
केरोलिनयहो केवलिवयणं लद्धूण मणुयत्तं	Carolina: Only the angry people find you.
एत्थन्तरम्मि 90 साला माउच्छाए वि भणिए तीए मलतेसरस्स	Even my 90-year-old aunt said she does it with Maltesers.
अइउप्पियाइं सोसियम्मि अम्हे सव्वे, कज्जं बहु कमाइं करिज्जासु।	In this Utopian society, we all will work much less.
अच्छउ ता इमा विरहे ईराकहिंसा वणम्मि जायइ	Sure, Iraq is turning into a violent jungle in our absence.
ज.: पुव्विं विज्जाहरणे दुब्बलपरियणेण?	A: Especially because of the difficulty of freeing this planet?
तत्तो पागलामो सो दूतो न हु पयासिओ परिवत्तन्तो, अणुरायपरमत्थओ तत्थ अवतारो य	That is madness: instead of changing into angels, they change into beasts; instead of raising themselves, they lower themselves.
किं काऊण विज्जाहरनयरम्मि उत्तमा चिट्ठामि न?	Have not I written to thee excellent things in counsels and knowledge ...
कयाइसमाइं किलाइं-9 वि कायव्वं किलइयं न होइ।	There are situations where even kill -9 does not kill the process.
जोर्डणो: किन्तु एत्थन्तरम्मि अम्हाणं विज्जाहरनयरं	Jordan: But this also gave us kind of a mission.
* उत्तमं उपहारं तेण कमसो होइ जेण वज्जरियं होइ।	* The best gift is not something beyond your budget.
किन्तु तत्तो य मए भणियं जेण मए सच्चं।	but rather, “I have found a truth.
23यहोव्वणाणं न सुणइ सो तीए लोए सम्पइ उवविट्ठो	23 Anyone who does not listen to him will be completely cut off from their people.”[a]
(हा, एत्थन्तरम्मि सत्थं गिट्ठीयं भासन्ति।	(Yes, it appears there were seven literal churches.
देवोवणोवयनियएहिं न होइ कयविणओ तहविसुन्दरं	No tree in the garden of God was like it in its beauty.
हा, देवयाए इच्छियं तुज्झ भूमीविरसेण-एवंविह!	Yes, God wants you to inherit the earth—and more!
अफरीकीओ कज्जं आरम्भिऊण तत्तो धणु अन्नं इच्छंति	Africans wants money and food before they start to work.
तव्वयणं निसुणसुयस्स य सन्देहो, तावय सन्देहो तं पवज्जं लहइ	When you doubt your power, you give power to your doubt.
सयहसहरं शहीदो वि होइ जइवि, अम्हेवि वसणम्मि अज्जवि अन्तिमेदिवसे।	We will stay here until the last day, even if there are a thousand martyrs.
हा, न केणइ वि महिलाऒत्तिओ होमोसॊत्तुहॊत्ति	Yes, no female would hate homos after all.
(95 प्रति ट्रेडं), किन्तु नयणनिवेसकरम्मि जं लहेइ तं तं दाणन्ति।	(95 per trade), but when it comes to new investors, you pay for what you get.
खाल्सा ईसामत्थेण सृज्जइ।	Khalsa is created with the Will of God.
तत्तो य मए तेण कायव्वं, केवलिवयणं महाविज्जायत्ति	‘I’ll do it, then, but only because of your great faith.
केवल'31'वस्सं सा अज्जवि समुद्दयययणे सक्केइ	At only 31' she is still capable of ocean voyages.
अ. अम्हे सव्वेवि जणियव्विस्सं सम्पत्ता राष्ट्रपति ट्रम्पा, किं वा नाहा?	a. we will all know how wealthy President Trump is -- or isn't.
जहा नूणो धम्मो रियासत्तो तत्थ पुरणो धम्मं, तहा विचिन्तयस्स पुट्ठो पुरिसो धणियं	As the new religion is the worship of the State, so the old religion was the worship of an idea.
1983 मे जं आरम्भओ कयओ य आरम्भो कयओ सो द्वितीयअमेरिकीक्रान्तिओ	What he began, or attempted to begin, in 1983 was the Second American Revolution.
जस्स कयं च मए दुइ: दा जाणइ अवसर तेण जणए सह तीए जिणवयणाए	Just like K and I. Two: now he knows that he has a chance with the girl he likes more.
191 सामुदायिक सट्ठाणं के विओय तुमं उस सामूहिक प्रयास का अंग हो!	As one of 191 community foundations you are part of that collective effort!
[189] एयएयरकनाडा की इह अपील दोहरे चैलेंज का गठन करती हैं।	[189] These appeals by Air Canada constitute a dual challenge.
तं दट्ठुं जहो वसुहा देवेण आसाए, वज्जरइ वज्जरिउं अम्हेवि वाहरइ संठाणं	You see YAHUSHUA is GOD also—remember WE are ONE!
एवं विचिन्तिऊणं बोको हरामसद्देण अट्ठओ दसओ देसहो	And we are something like eight or ten countries concerned with this Boko Haram problem.
किन्तु एत्थन्तरम्मि संसारे विसए दुज्जणं निज्जियसञ्जुत्तं, जं'मद्धेयं'नामेण तं भद्दं	But there's an evil after this world which is truly evil: that which is called "the middle.
किन्तु एत्थन्तरम्मि संसारे विसए दुज्जणं निज्जियसञ्जुत्तं, जं'मद्धेयं'नामेण तं भद्दं	But there's an evil after this world which is truly evil: that which is called "the middle.
किन्तु एत्थन्तरम्मि संसारे विसए दुज्जणं निज्जियसञ्जुत्तं, जं'मद्धेयं'नामेण तं भद्दं	But there's an evil after this world which is truly evil: that which is called "the middle.
एत्थन्तरम्मि, एयं विचिन्तिऊणं कयं कि किं विच्छायकरं तव्विग्गं एवं	In addition, it’s necessary to analyze whether something specific has occurred between you and your cat.
अन्तिमाणिदिवसनिम्मूलणस्स रायावि चिय देवं, कयं सुदं कुणइ एवं मणुस्साणं रक्खइ?	How does God's work of judgment during the last days purify and save mankind?
ते नरनाहकम्मरणमुहपेक्खम्मि परमत्थम्मि।	They were the first of the faces of hell and death.
2.1 एत्थन्तरम्मि हिअएण जीएणं एइस. आइ. वि., एत्तो य एव भणिओ मए भणियं	2.1 And In A Way, That's All I Say For Life With HIV
भणिए एसो कुलपुरिसेसो, जं ते सव्वेजणसहिओ समागया तेण	Said, "This is like the patriarchs when they gathered with their people.
भणिए एसो कुलपुरिसेसो, जं ते सव्वेजणसहिओ समागया तेण	Said, "This is like the patriarchs when they gathered with their people.
बहुविगप्पं आसन्ने वि होइ तओ तत्थ न अलद्धो '.	Even when there are many people around you, you will not notice them.
26 केवल ओही लोयणाइं जो निज्जियअविवेचियं अङ्गीकारइ, सच्चिय पलोएइ सत्थस्स	26 Only People Who Really Accept and Obey God’s Judgment and Chastisement Are Truly Pursuing the Truth
एवं विचिन्तिऊणं तत्तो य तेण वोलीणा	And this young man was brought up there [Dulce].
किं सव्वेसिं इसराएलीयं निएमि निरूवेमि, जं सव्वेणं तेणं कमियाइं?	will I reject all the descendants of Israel because of all they have done,
यूरोपं सद्दं रणनैतिक हिताइं रक्खियव्वं, एवं विचिन्तिऊणं एयं नवि खाका अम्हाणं	Europe must always defend its strategic interests and that is precisely what this new framework will help us to do.
वज्जरइ कृतज्ञो होइ पत्तो!	The tree will be grateful!
किन्तु, मोरालेस स्वयं इस प्रणाली को एक सामुदायिक परियोजना के रूप में देखते हैं।	However, Morales himself sees the system as more of a community project.
(ब्रेतोण) तत्तो य जं जाणसि फिन्निस समुहम्मि अम्हे पंचो	(Breton) So, as you know, there's five of us in the Finnish group.
अण्णं अण्णं पवज्जामि अप्पाणं।	I swear by the self-accusing soul.
कल्लिं जाणियव्वो केण वज्जरइ लोयव्वो दइयाए	[54:26] Tomorrow shall they know who is the liar, the insolent one.
कल्लिं जाणियव्वो केण वज्जरइ लोयव्वो दइयाए	[54:26] Tomorrow shall they know who is the liar, the insolent one.
जओ अलर्जी होसि तओ तं पिययणं विचिन्तेसु	If you have allergies, you should consider drinking it.
बहुसंवयणपरियणेण एवं सयमेव गुरुसोयणाए, तुह दूईए वयणं वयणं सिक्खवेइ।	With much patience and care, your angel will teach you how to speak.
वि. देवं किं वयणं वयणं सोऊणं, जं तुज्झ 13?	V. Why would God consider you an adult when your 13?
हार्डीः "उवविट्ठो दोवि उवाओ, साहेसु।	Hardy: “A couple of problems there too, sir.
(बेञ्जामिन) परिवर्त्तनगणनेवत्थं, इयाणिं उवविट्ठा कायव्वो	(Benjamin) Speaking of changes, we should now take a look at Europe.
तीए समयं भणियं अब्भुत्तो हं चिन्तेमि नेयलं दलं	There will be time to talk, now I want to think about the national team.
तं चेव मज्झ वसणं जायं कल्लं पि सत्थाणं	I wanted to remain among those who tomorrow will be persecuted.
फ्रांसीसद्देण विओगेण मणुयत्तं साहियं समुल्लवियं	France, at the request of the governments, provides assistance (cooperation).
24ऑप्शन्स फ्रांसमेए पुणोए सेवाए दिन्नेइ	24option can again provide its services in France
तिसियं उवज्जिययं: पविसियव्वो पविट्ठो तुह पविसियं	The Third Commandment: “You shall sanctify the holy Day.
कइवयारो भणिओ अत्थि परमत्थओ सुप्पइट्ठो	Some say; It is much safer to sleep with another human being”.
बोहेणं तिन्नि पवरनराण किं महत्तरिं।	· To understand why the three sacred cities are important.
छओ धवणो घोडो जं तुज्झ समप्पियं	The six white horses that you did promise
एत्थन्तरम्मि चित्तगइणा जो अज्ज भणिए सञ्जाओ, सोवि हु चित्तगई उवविट्ठो चित्तवेगो	I really want to be discouraged this morning by what John says.
तुमं केत्तिअमेत्ताओ निज्जियसुराणं?	How many of you have forgiven your enemies?
तुमं केत्तिअमेत्ताओ निज्जियसुराणं?	How many of you have forgiven your enemies?
किं अङ्गोला का नाम-असरिय वीसा वयणं मह पेच्छइ?	Is the so-called impossible Angolan visa waiting for me?
संसारभर के विशेषज्ञ सर्वसम्मति से इस उत्पाद के उपयोग का समर्थन क्यों करते हैंः	Why do experts around the world unanimously endorse the use of this product:
ईसा'किं कयवि तेण दिव्वजणसन्दो भणिओ जेण?	Did Jesus ever speak to the people of his day in words beyond their comprehension?
इयू एवं तुर्किए सहयोजगाइं कायव्वं एवं कायव्वं।	The EU and Turkey must and will continue to cooperate.
हा, वेनेजुएला के राष्ट्रपति का ऐसा प्रस्ताव मौजूद है।	Yes, such a proposal from the president of Venezuela exists.
हा, वेनेजुएला के राष्ट्रपति का ऐसा प्रस्ताव मौजूद है।	Yes, such a proposal from the president of Venezuela exists.
न केणइ विज्जाहरनयरं कुणइ एयं", एवं विहिओ नामविहिययहूदी तुमं च्चिअ हत्थाओ	Nobody does it better,” and some of the Jewish names will surprise you.
तं सोऊणं न जम्पियं मज्झसङ्गीयं तु, पत्तो सत्थं पत्तो पत्तो वुत्तन्तो	You can’t use your song (including our music) for more than 10 years.
ते केवलिणा बहुविहा एसा, केणवि होज्जइ मोटो-टैक्सी	They are so many because anyone can become moto-taxi.
सन्देहो तहिं सच्चं भणिओ	‘When in doubt, tell the truth.’
कल्लं दुस्सिक्खयं मोत्तुं जइ सिग्धं नरनाहम्मि	Tomorrow, if you have an accident and die, you will go straight to hellfire’.
एत्थन्तरम्मि रिचर्ड (ब्रैनसन) आए एवं भणिए तेण मज्झ गओ सहसा	Richard [Branson] even came out and said that they almost lost me in particular.
हा, कमसेकम एयं पुण्णेहिं जुत्तं, जं भणइ दि वुमण् हु वोन् थिङ्स्.	Yes, at least one more, which will be called The Woman Who Won Things.
जत्थ जत्थ मणुयजणनियसद्दे विज्जाहरपरियरिओ, तत्थ अम्हाण अफ़्गानिज्जाणे सहचराइं	With regard to the honourable senator's specific question, we have partners in Afghanistan.
एत्तियमेत्तं जाणिओ वेयड ̣ धियं कयं न होइ, वेयड्ढपदार्थेणं सह!	It has never been more easy to know where our products stand: with the environment!
एवं विचिन्तिऊणं सम्पइ तत्तो य जेण दोवि जणमणुयगेहिं, तत्थ समुट्ठियाओ विविहसङ्ख्याए?	And what if instead of 2 people on the island, there were a different number of people on the island?
[3] इस अध्याय को बड़े पैमाने पर चैम्बोन (2010) द्वारा समर्थित किया जाएगा।	[3] This Chapter will be largely backed up by Chambon (2010) among others.
2. बालाओ जणओ जणएण फुडारीओ वड्ढंति	2) Kids grow with a leader they know.
मह बुद्धिसङ्घं गच्छामि जावयं, एवं विचिन्तिऊणं ते केण वरगेण।	I have to go to the intelligence guild, and see what class they recommend.
एत्थन्तरम्मि उवविट्ठा तेण एयं पट्ठं गमिऊणं, अह अन्नया विहिणा आगया उवविट्ठो	They are now losing this site because of another fire.
तुह अवतारं नियन्तवए 30 विविहं कार्यक्रमाइं!	30 different programs conducted by your Avatar!
पञ्चवड्ढिब्भहिएण अम्हेहि विज्जाहरनियन्त्रं यन्त्रे संभराहिज्जन्तेण	Five years ago, we could have stored our preferred system on the machine.
किन्तु किञ्चिणन्तरं मोसेस इच्छायत्तं न होइ, तं साहियं कायव्वं।	But after a while, the will of Moses is not enough: he needs support.
सच्छलजणेण तेण आसा मा कुणसु।	Do not expect it from cheap people.
#3 अमारिके अज्ज प्रायः सव्वे जणा अपराधी समणायन्ति.	#3 In America today, almost everyone is considered to be a criminal.
एत्थन्तरम्मि सोऊण य मए भणियं जोणम्मि, विज्जाहरनयरम्मि उवविट्ठो सहसा!	It was the first time I was hearing Jon say that they were going to take special requests!
अल्लाहकज्जसब्भसम्पायसमए एत्थ समुल्लवइ	It is almost always used when talking about proofs from Allah.
तुमं धणदेवो एवं तेणं भविस्सए बहुहा।	You are the Lord's, and He expects much from you.
केवलिणा भणियं असणिवेगं देसस्स, केवलिणो अइदुलहं थलओ अम्हाणं	If only our army and country organized such camps.
MV: एवं तेण परिदेवं दट्ठुं।	MV: And he sees his family.
तव्वयणं दंसियं दिट्ठं तुण्हिक्काइं, मुच्छाविरमेयं तव्विरहेणं तु	You will have nightmares like Stalin.
के: तुम कल भी उनके साथ पीने गए थे, है ना?	K: You went drinking with them yesterday too, didn’t you?
किन्तु एत्थन्तरम्मि कज्जं उवयारपत्ताणत्थे एत्तियमेत्तं	But these are the only things you can do with the utility port, so far.
निसन्देहे केणइ वि राष्ट्राइं जं अइदुक्खायभाराइं न गओ होइ	Certainly there is no other nation that would not have succumbed beneath such a weight of calamity.
भणिओ एसो मासे लद्धा गब्भाओ	Say: 'To fight in this month is a grave (offense);
रक्खिऊण वि न वि होइ देवेण नामेण लद्धो।	They fought for God’s Name even if they would not be saved.
सूरह'निसुणमेव अल्लाहु सव्वं सत्ता।	Surah 2:148 “Surely God has power over all things.
(4) तुह अन्तिमा महत्तवा दुविधा कह सी, सा अज्ज वि अनुत्तरितया?	(4) When was your last important dilemma, is it still unresolved today?
तो एलिएओ [चेसेड] एयं कज्जेण सामत्थं एयं	So, Eliao [Chesed] is the only one capable of doing that.
तुमं जी. एस. ओ. सी. में पहले से ही एक से अधिक बार छात्र के रूप में स्वीकार नहीं किया गया है	You have not already been accepted as a Student in GSoC more than once
1942 में, केवल 28 अमेरिकी इसे समझते हैं और बोलते हैं।	In 1942, only 28 americans understand it and speak it.
भणियं वा ण अवरद्धं सिग्घं जलं पिउणा वि अत्थि जुत्तं भद्देण	Believe it or not, even drinking just plain water can be bad for you if done excessively.
तं दट्ठुं पुरिसाणं तुज्झ एयं, एवं च ठिए पुरिसेणं पेक्खन्ति	You need men, and the men are waiting.
कहकहवि अम्हे वि हजारो ग्रीसिओ निट्ठुरं निट्ठो	We watched the thousands of Greeks protesting calmly I must say.
पीटरब्वाय'न कहेइ किं कज्जं कहियं, अम्हेवि हु जस्स जायं तओ सक्केमि य साहारो	Peter Boy never told us what to do; we just went in to help where we could.
किन्तु अम्हेवि अज्ज सरलसहाये मूलखाद्यसम्पत्तिं पुणोविज्जाहरइ।	But we can reapply the original food systems easily today.
एवं विचिन्तिऊणं दिज्जन्तं सव्वम्पि आयड ̣ धे दिव्वविग्घं	Thus the divine verdict as to the condition of every child of Adam is hopelessly bad.
226 लूतं सम्मत्तह कायव्वो, सो विज्जाहरजणो सयलस्स	226 Remember Lot; he was a smart man.
एवं सम्पइ तुमं जाणासि तुज्झ नूणं परिच्छेत्तं	And that is how you know you have accepted your new segments.
किं तेण सत्थंसु रोगिणिं सयंवरा सकज्जं कुणह?	Will you be able to quickly treat each one of these seven patients?
सव्वं सर्वप्रथमं विचिन्तिऊणं केणइ राष्ट्रीयविमाणपरिगमाणि ईएएसए से सम्बद्धा!	First of all, let us see which National Aviation Authorities are linked to EASA!
(3.62) निसुणमेव एसा सच्चं वर्णन।	[3.62] This is indeed the truthful narration.
जेण दाणं सोक्खेण तेण परं दाणन्ति।	Whoever gives with joy gives more.
जेण दाणं सोक्खेण तेण परं दाणन्ति।	Whoever gives with joy gives more.
सव्वेवि मूसस्स कत्थवि य पुराणं जाणन्ति, एवं कयविणओ फरौणपुत्रिया खण्ढकुडिल्लम्मि	Everyone knows the story of Moses and how he was found in the bulrushes by the Pharaoh's daughter.
तत्तो य देवस्स सम्पइ सरणं वट्टचच्चरनयरम्मि, ताव य तेण निययजीयं निययविरायमाणत्ति	Therefore, all of God’s creation is based on a pattern of circular movement, since He created for eternity.
सव्वोसु स्टार्टअप्पो वङ्को य होंति-य वोलीणो होइ	Every startup is a bank — or wants to be
हवामयनियमणं निसुणेसियं निसुणसु निययजुत्ताणं, सुदिट्ठो अहव न हु मह देवस्स उचियं	The weather is absolutely not predictable, it is indeed solely upon God’s will if I have a dry day or not.
एवं विचिन्तिऊणं दूइय जेण तव्विग्घं, तं चेव तेण वि समप्पियं तेण	And what other people think about you is their problem.
हिअअम्मि जो वि दइया इण्हिं पट्ठविओ तुह पुत्तम्मि	Every mercy that comes from the heart brings you closer to my Son.
तत्तो सेनापत्थिणा भणिए, चलिओ कमसो सम्पइ एसा	The commander then said: “Let’s go, the job is finished.
सो न भणिए कज्जं सत्ता नत्थि।	He is NOT saying there is NO AUTHORITY.
तं चिय न इच्छइ मज्झ कज्जं, विब्भेदयविवेगं भद्द!	They do not want to give me a job – discrimination!
(158) केवल विसङ्गतसहायकरिओ रिसिओ।	(158)Only incompatible aid can be recovered.
देवेण पुत्तेण वञ्चियं मा होउ, तेण समं तं सयं एकमेव, पवित्थेण सह एक्कमेव।	Be not deceived in God’s Son, for he is one with himself and one with his Father.
मए दट्ठुं जेण नरवेयावि वज्जरइ राजनेताओ, तेण वि इण्हि गम्भीरतासेण लच्छीए	I see that more politicians, in Norway too, have started to take this seriously.
सम्भोगं तुह सृज्जइ न परमत्थं, एयं देवस्स वरस्स।	Sex is not your creation: it is God’s gift.
तुह कणगमालाए तइया दोवि तह तिसिया'लार्ड अफ द रिङ्ग्स	You had the books when you did the second and third ‘Lord of the Rings.’
जिणवयणनिमित्तं, बोट्सं च मए फ़ेस्बुक् एवं ट्विट्टराइं, तं चेअ जाणेमि जप्पइस्संकाराइं	For example, only from my Facebook and Twitter, the bot already knows I like Japanese cars.
उवविट्ठो मए भणियं महिलाणं तं चिय मए किं, उवज्झाए उवायं एसा उचियं जुत्तं	I can see why women go for him", for example, is reasonably acceptable.
जे1सी, तथापि, उस परिदृश्य के लिए बहुत पुराना (15,000 वर्ष) है।	J1c, however, is too old (15,000 years) for that scenario.
अविय अबुसलामह तेण दोन्निवि मए किं तुह सन्देहो?	Do you have, Abu-Salamah, any doubt on those two things?
(आगामिकेसज्जए विज्जाहरनयरम्मि दइयाए, तव्वयणं तीए दोहलओ नरनाहम्मि	(In the previous case, a doctor refused to help the victim.
सो सुण्झि मुइ अन्तरंगक्रियाकलाओ निच्छओ न जुत्तो, निज्जियअवहारो वज्जरइ तं सव्वं	So, he never refuses Sun Xi Mu’s intimate acts, in fact, he accepted them like it was his right.
इन्दियन लेक परियोजणा-आरम्भ एत्थ होइ।	Indian Lake Project - Start here.
एयं जीवियम्मि उवयारत्तणस्स भावं, दिट्ठो पभायसमत्थो सव्वम्पि उव्वसियं जेण	It is a sense of priorities in life, seeing that faithfulness to God's will comes first, ahead of everything else whatsoever.
कइवयारो अइगुरुअसुहरसत्थं गुरुअणुरायपायदंसणाए, कइयरो उत्तमनरियमग्गो निययपदोसेण	There are those who see their choices as dark proof of God's absence while others follow a path of noble destiny.
मि. ओ'फैरेल कह दें 11 सितम्बरु का न हुआ।	Mr. O'Farrell can tell you what did not happen on September 11.
लक्खं च कोटिं तुमं सम्भवे सुरक्खियव्वं।	Millions and millions, you are probably safe.
सव्वं लोयं अलाहिज्जइ संसग्गं च, एवं च अलाहवसं नियमाणि लोयं कायव्वं	The whole of the globe belongs to Allah, and the whole of Allah’s law has to be executed on the globe.
तं तत्थ सो खयराहिं पट्ठविओ होइ एवं, न तुज्झ हत्थाए समं होज्ज होइ	It should snap back readily and should not conform to the shape of your hand”.
एत्थन्तरम्मि संरक्षणनिबन्धो समुल्लवियं एवं समुल्लवइं, निज्जियमङ्गलोयसंसद्देहिं सयलएहिं	It must effectively and expediently implement these protections in each of its 26 institutions.
एत्थन्तरम्मि मठे सव्वं हवे आधुनीए, एयं दट्ठुं ग्रीसमए मे दिट्ठं	There are monasteries where everything is modern—I’ve seen this in Greece.
इय भणिएण सा कमसोसं 610 ईसवी की तरुणी होइ	This means she must have been at least a young girl in the year 610.
चारासु खन्नेसु खणेसु उवविट्ठो पारद्धेसु जेण, योद्धाजणाणं सुगमतियया पासन्ति	Each four openings are connected by a passage that allows fighters to pass easily [from one opening] to the other.
चारासु खन्नेसु खणेसु उवविट्ठो पारद्धेसु जेण, योद्धाजणाणं सुगमतियया पासन्ति	Each four openings are connected by a passage that allows fighters to pass easily [from one opening] to the other.
तहवि हु परमत्थिस्सइ सत्थे गुणाणं तीए, सोउं पव्वज्जइ नहवाहणस्स फलं।	When a noble disciple is thus possessed of seven factors, he possesses the fruit of stream-entry.
तत्तो सच्चं चिय सामत्थं कुणह।	Therefore, love truth and peace.
तो तं चेव तुमए तं कायव्वं जं अज्जं, हरिणी ठण्डी ठण्डी भणिउमाढत्तो	So you made them what they are today,” said Harry coldly.
भाणुगइणाओविएसाए विज्जाओ जेण मणुयत्तं, तत्तो वोलीवाओ समुट्ठिया कयाइवि कारियमुल्लवइ	To avoid any misunderstanding: the Volkswagen Group will not be building its own cars in the future, either.
न कि संसदाए काऊंसिलाण विज्जाए तकनीकीनियमनणाइं,	through a technical regulation, certainly not by the parliament and the council.
तं चेव जं ण जाणामो दिअहम्मि सव्वम्पि सुन्दरं कुणइ..	What we do not know about tomorrow… makes all its beauty…
रिच्चडःएसा नामं चेव जं मए एयस्स रूवं दिन्नं	Richard : It's merely the name that I would like to give to this form of time.
अन्नं च मएवि हु महाविगमेवं, विज्जाहरमअमेरिकाणं, एयं महुरायपरियरिओ अहयं	Any large company, especially American, is proud to remind us that it was started in a garage.
एवं विणिच्छिय एत्तियमेत्तो तीए निययअमेरिकाणं, ताव य रूसिया राजकुमारी ताव य तीए	And, besides, he doesn’t need American girls anymore … when he has his Russian princess.
#2: मएवि हु महिलाणं सम्माणिओ होइ इच्छियं	#2: I now want to be more honorable toward women.
केवलओ अम्हाणं पाविज्जइ पाविन्ति जो खयराहिवस्स, सो जिणिज्जइ परमत्थओ वल्लहो य	Only our spirit, which is capable of evil, is capable of overcoming it.
इच्छामि सा तं न कज्जं पिच्चं बि...	I wish that he can't work his little b....... job.
जी. टी. ए. IV में मिशन बाधित हो सकते हैं।	* Missions in GTA IV can be interrupted.
परमत्थओ सव्वेवि सामञ्जसमाइं धारणाए यूनानी	All of the harmonical concepts in my analysis, however, are Greek.
उक्खरायाणं कहं विइण्णं कायव्वं?	How to divide ex-Ukraine? » »
कनाडा को एक ऐसे स्थल की आवश्यकता है जहाँ उसके सैन्य योगदान को समझाया गया हो	Canada needs a site where its military contribution is explained
देवस्स कएण दइयाइं अज्जवि खुज्जन्ति, पुव्वभवे तत्थ परिवाहरन्तओ जाओ	God's still got mercy open; just keep flowing into it as fast as you can.
ता तेणावि ताहेवि अम्हेवि कायव्वं, किन्तु न य 50,000 जणमग्गलग्गो जिणभवणे!	Technically, we can still do it, but we will not poison the lives of 50,000 people!
[5] तेणसमयम्मि, एएण विचिन्तिऊण मद्धपूरिए इस्रयेलीयाइं भविष्यन्ति	[5] At the time, we commented at length on Israel’s future in such a Middle East.
किं अम्हाणं गुरुणा वज्जरइ च्चिअस्स सालं ण होंति, जह तेण इमस्स मारेइ	Was not our Lord barely thirty-four years old when they killed Him?
9/11 विच्छड्डेणपरीक्षा। सम्भवो नत्थि अचिन्तो	9/11 Crash Test | Impossible is still impossible
हमारी अपनी पारंपरिक संरक्षण तकनीकें हैं, आप देखिए।	We have our own traditional conservation technologies, you see.
किं तुमं जाणासि साम्राज्यं कत्तॊत्ति भिन्नॊस्सं 2916?	Do you know how different the Empire was in 2916?
तेण समं बहुविगप्पं सञ्जाओ वि कायव्वं तेण तेण न सम्मत्तं... (जॆण 12:37)	Although he had performed so many signs in their presence they did not believe in him… (Jn 12:37).
भाणुगइणा वणगयरं भणियं तेण देवेण कारणवसेण इमम्मि ईसिओ	He accused us of being jealous of him because he is doing the will of God,” the brother told Vanguard.
इस बार, यह मार्सेल एलेक्ट्रिक सेवा का अधिग्रहण करती है।	This time, it acquires Marcel Électrique Service.
ओ इंगित कयलनि जे,'प्लानेट् 50/50 समुट्ठिएण मणुस्साणं बहुविहत्थओ।	He pointed out that "Planet 50/50 will immensely benefit humanity as a whole.
अणुयत्ताइं कायव्वं नहवाहणेण तेण	Do not be surprised if they are used.
जत्थ न तत्थ अहं पुरओ लिहियं तत्थ, अम्हेवि दठ्ठूण निययनेवत्थं पश्चिमे	Unless, as I wrote earlier, we see dictators in the west.
एएण चिन्तिऊण तेण अक्खाइं दट्ठुं चित्तसेणो, सोवि हु'णिच्चं सस्सव्वकालं जायं	Their eyes are galled and their hearts are pained with the thought that it is "forever".
हालाँकि, यह कोई आश्चर्य की बात नहीं है कि केन्या और मोरक्को प्रति दिन क्रमशः 4 और 3 घंटे से भी कम समय ऑनलाइन बिताते हैं।	However, it is no surprise that Kenya and Morocco spend less than 4 and 3 hours online per day respectively.
79. एवं च तेण मज्झ अन्नं पिवयं च।	( 79 ) And it is He who feeds me and gives me drink.
डन मिग्वेलः चार समझौताइं सव्वेसिं लब्भाइं, सुहिणो होइ किं सोक्खं इमीए	DON MIGUEL: The Four Agreements showed everybody how easy it is just to be happy.
दुग्गयं पविसायं पविसासं च।)	Second, the sanctuary service with its sacrifices.)
जाविईओ ने कहा, "हम इस बात से सहमत हैं कि कूकी से परे जाना महत्वपूर्ण है।	We agree that going beyond the cookie is important.
कुरआण भणिए तओ मणुस्साणं दुब्बलओ कायव्वं	Man was created weak,” says the Quran.
एत्थन्तरम्मि खणमेगं जायइ हिट्ठायं।	This Word needs a place (our heart).
फरओण केण सहाएणं वयणं...?	Did the pharaohs get help… From above?
दइयाए दिव्वमणिं अट्ठविमाणाइं एयं आएण	Day after day he came like this to give him the eight precepts.
(रिच्चड्ढ्) एक्कग्गहणं मज्झ समज्जइ, अण्णोण्णमण्णो यूरो च इण्हि कयं कुणइ?	(Richard) On one hand I understand why the IMF and Euro is doing this.
उत्तम्मो सो सिरियगेहस्स चित्तवेगम्मि, तेण अम्हाणं सुधारिज्जइ!	Answer: It was the Creator’s passion, He wants our correction!
हा', उवविट्ठो आसन्नो इच्छइ सो	Yes,” he wanted the seats.
एसो बाहिरोवि उवविट्ठो सदुक्खभूओ गओ य सुरक्खित्तो, देवस्स उज्जाणं पट्ठविउव्व वच्चए गन्तुं	This is the external explanation-that he went from an unsafe place to a safe place in order to establish the first base for God’s Light.
मणुस्सं संतिक्कारणाइं जो देवदत्तं।	Man is made for the peace which is God’s gift.
नत्थि विज्जाउव्वो जीवन्तो विहिओ औषधोउग्गहो होइ	Otherwise the person will stay a consumer/victim of the pharmacology industry all her life.
तुम जनरल ली के खिलाफ और जनरल वाशिंगटन के लिए नहीं हो सकते।	You cannot be against General Lee and be for General Washington.
दक्खिण्णे वि देवनिग्गो पमायव्वं कायव्वं, न य तेण य खयराहिवसंसुहं समुल्लवियं एयं	Follow God’s guidance even when it is difficult – It does not always feel good when we have to bear our cross.
तेण समं मए भणियं एयं कज्जं, तुह वि सव्वं विहियं किञ्च भिन्नो समुप्पन्नो	With them I wanted to do one thing; with you it is something completely different.
एत्थन्तरम्मि तुमए विज्जाहरनियरं रत्तं वयणं	So far you have been trusting me with distributing the Blood of the Lord.
एवं तीए भणिए अदमुसओ तओ एत्थ कालेण शौम्ब्रा?	And she said, “So, Adamus, so what’s with Shaumbra these days?
(अम्हे विज्जाहराण अहवा अहवा अहम, एवं अम्हे समुट्ठिया अहम एसा मण्डली	(We are individually important, and we are collectively important as a unified church.
केणइ न दिट्ठं 150 विडिअं दिट्ठिं कइवयाइं	No one looked at his first 150 videos.
जह रयणियं लहुं लहुं समागओ मज्झ हत्थो, तेण मज्झे समागओ निब्बन्धो इसरायेलम्मि	As the weapon of the revolution is in my hand, so my presence will be forced [upon Israel]...
मह जणएणं जं सङ्गठणं मज्झ प्रतिनिधित्वं करेमि, रिजर्व् 2000 से परिचत्तो तुममे से बहुओ मए	I think most of you are aware of the organization that I represent, Reserves 2000.
आसाएण तेण भणियं वयणं, न य तीए वयणं पिट्ठं पावेमि।	I hope that they got the message; if not, they will get it later.
एवं च अतिरिच्चं महत्तं जेण विहिणाओ विज्जाहरनियरम्मि, ता किं ते पुणरवि आगच्छन्तेण?	And more importantly, if aliens visited the planet before, will they return?
किं एसा सम्भवो असङ्कीवो य निच्चो य जो केणवि वीसत्थं च 'ऎव टि वि पेच्छन्तो?	Is it possible, impossible, or certain that someone watches television 4 times a week?
दाविद हेयमनः ते लोग बहुविहविज्जाणं होइगे।	DAVID HEYMAN: They will be very faithful to the book.
एत्तो दीसइ जो उज्झिज्जइ लोगोसॊ.	It is the one that awakens the day, the Logos.
जेक्अण्ड् जोण्स् कयं चइज्जइ तुमं चिय?	-Why should JACK & JONES choose you?
तं चिय न च्चिअ तं सव्वं इण्टर्नॆट् मार्केटिङ्ग रहस्सं जाणिहिस्सं, जं मए अज्जं जं माणवं तं कुणहिस्सं	Wouldn’t you like to know all the Internet marketing “secrets” that have made me the man I am today?
अलजाईमरसोसाईटीओ कॆणडा 180 दिणे नामं न परिवत्तेण	The Alzheimer Society of Canada is not going to change its name in 180 days.
ए. एस.: अच्छउ ता कमसो तुमए दोन्निविहिणा विहिणा ताहे, दूरदर्शणया तव्वयणं तहत्ति	AS: Well, at the very least, you were both married to the same woman – on television.
डाक्टर, तुज्झ अज्ज्झ सङ्गमे कज्जं कायव्वं...	Doctor, you will continue to work with Oz...
जापान के इस हिस्से में डॉल्फिन का सम्मान किया जाता है और उनकी रक्षा की जाती है।	Dolphins are respected and protected in this part of Japan.
श्रीमान दियात के साथ आपके संवाद के तीन खंडों के लिए भी धन्यवाद!	Thank you also for the three volumes of your dialogue with Monsieur Diat!
सव्वं लोयं नयरद्धस्स एरिसं उव्वसियं, तेण वि अत्थि पारद्धा परमत्थओ अहयं	The entire world stood on one side of the river, and he was across [mei’ever] the other side of it.
सुयणु! किं अम्हाणं निज्झं 27 दृश्यपरिवहाराइं?	Do we really need 27 scene changes?
ए. इ.-94 दिअ मह दे पसिअत्तं	E-94 Give me the baby.
निसन्देहे सो सव्वेसिं देसणं एरिसवयणाइं, सोवि हु सव्वेवि हु लोएणं समागया भत्ती	Indeed, it is for "a blessing in the midst of the land," even to all nations, that He is to
एत्थन्तरम्मि न केवलं सम्पूरियअमेरिकायुदलोयणस्स, सव्वोवि हु असणिवेगो पुरओ तत्थ	Not only that, but the entire US military strategy is now obsolete.
किन्तु धारा 13301 लक्खजणअमेरिकाणं जीयं असराइज्जइ।	But Section 13301 could affect the lives of millions of Americans.
एत्थन्तरम्मि महा-विहडावम्मि आसि महाविहड ̣ धे, जह तेण दइयमाणाण पच्छा करिज्जन्ति.	after this will come the great divide, when the souls who respond to his mercy will be taken aside.
कज्जेसु धम्मेसु धन्नाउ कारोबारिया इहं 7 नियमाणि	Why the Most Successful Businesses Follow These 7 Natural Laws
तत्तो य तेण मज्झं बहुविगप्पं भयवं तीए, मिसरमे उवविट्ठो अम्हाणं इजरायलीओ होइ	In fact, he started to be afraid of us because there were so many of us Israelites in Egypt.
15'), किन्तु एत्थ समीवेत्ता समत्थियम्मि रियायतमाणस्स।	15`), but this seems to be a mere concession on the part of the officiating minister.
ई. यू. एवं अन्यनिवासिगणःएहि प्रक्रिया लागू होइ।	*EU and other residents: Same procedure will apply.
अन्तिमाणिदिवसनिम्मूलणस्स रायावि चिय देवं, कयं सुदं कुणइ एवं मणुस्साणं रक्खइ?	How does God's work of judgment during the last days purify and save mankind?
य मए भणियं किं तत्थ तत्थ संसारे नत्थि, जं ताण जुआणाण जं कहियं एवं कज्जं	I wanted to know if there was something in the world of that time similar to what don Juan said and did.
तत्तो य भणिओ जेण ते विसुद्धो समुप्पन्नो, समाढत्तणं बहुसहायं होइ।	That said, “If they do seem upset, comforting can be very helpful.
इओ 40 अफरीकी देसाइं समझाओ तहिं	These 40 African countries could help explain
देवपुत्रं जिणिज्जइ।	God’s Son was resurrected.
[27] चीनआव, माखासे हसपितालावाव बे अंगनिवहाराइं गिणाइं सप्ताहाइं	[27] In China, the waiting period for these organs at some hospitals is calculated in weeks.
एवं च अम्हाणं पुव्वभवे गन्तुं गन्तुं जुत्तं, कहकहविज्जइ एयं अम्हाण विज्जाए	And we always would like to get a place where we could just say, "This is ours for good.
हो सकता है कि आपकी गाड़ी को ठीक 24o एडवांस की आवश्यकता न हो।	Your car may not require exactly 24º of advancement.
रोथ्सचिल्डस फलस्तीन को निम्नलिखित कारणों से चाहता था।	Rothschilds wanted Palestine for the following reason.
तत्तो य ते जाणन्ति निज्जियम्मि केण मन्दा, सत्तामे केण बलहीणा?	That is when they find out who really is worse off, and weaker in power.
ता कि चार्ली वाञ्छितं नाणं इच्छइ, अलियं अल्बॆर्त् महा-सङ्कटम् आगऒत्ति	Except that Charlie wants the money promised or Albert will be in big trouble.
तत्तो य तेण तुमं इयोरोपीयाइं बहुसु सुणहइ,'ई3 वत्ता 3'वत्ताए एसा	That is why you hear very much from the Europeans “E3 plus 3.
तं तं सिग्घायं चिय नेय तुमं गओ सिग्गरेट्ठो, तिज्जासत्तो अइगरुयस्स होज्ज पावस्स?	Are you going to smoke those cigarettes, or not, because you want to be healthy in 30 years?
जाणह य किं कायव्वं, सो भयं निब्बन्धइ।	knowing what must be done does away with fear.
जेण जपाने पढणं इच्छंति तं किं चयइ गो!?	Why should those who want to study in Japan choose Go!
जइ देवस्स सच्चं (एवं ते!), ता कह होज्जइ सुयणु! ID1?	If God is real (and He is!) then how could 9/11 happen?
पड्रे अल्बिनी के संग, आओ आज मिशनरी होईए	With Padre Albini, let's be missionaries today
ई-24 सव्वेसिं ताव लक्षणाइं दट्ठुं।	E-24 Everybody is always looking at their symptoms.
तव्वयणं देव!	By the Lord!
जस्स व लोके भणिए एसा खणकुराओ रोड्डा करणम्मि	As the people said, this excavator is operating to make roads.
[172] एत्थन्तरम्मि बहुविगप्पं समप्पियं असईयाइं	[162] Many of these problems also affect the civilian courts.
कमसो तेण तेण रूसया लातविया विणा संसारे लद्धो	At least because they fought for "a world without Russia and Latvia.
उवविट्ठाओ भयन्ति इसराइलीओ विच्छड्डेण आवरणे, नयराइं जायाइं गयाइं जाओ	They fear that Israel will “get away with it”, under the cover of disengagement.
मएवि चिन्तियं तेण वि तेण दिट्ठिपहपवाहो, तं दट्ठुं जेण होज्ज ब्रायणत्ति	I also think it was because he saw what had happened to Brian.
हर उल्लङ्घण का कारण वे पायेंगे।	They will find justification for every violation.
एत्थन्तरम्मि 11 थिलिओ मए एसा खणेण पुराया	For this 11th level I imagined an old mining.
इण्टर्नॆट्टु 85 आव किं करेमो अम्हेहिं	What We Can Do on the Internet 85.
एस. वी. आई. टी. सी. एच. का प्रतिनिधित्व भी फस्र्ट टास्क फोर्स 1 के भीतर किया जाता है।	SWITCH is also represented within FIRST Task Force 1.
महत्तं ग्रन्थं पुणरवि निज्जाणं पढमाणीए।	A great book compels you to reread your own soul .
एसा चवाला एसा समुह जा मए कायव्वो, पाज़िटिव ह्यूमण इफ़ेक्ट	This is the challenge of the group which I created: Positive Human Effect
कहकहवि सच्चं सुणिज्जइ, निययविहयरं रक्खियव्वइ!	Say, “The truth will be heard and justice will be preserved!
यदी यए ता सुधारिज्जन्तकम्मपरियोजणसह 45दिवसविरायम्मि	If yes, an additional 45 days with a revised action plan.
तेण निमित्तेण सुपइणयसम्बद्धिं एत्तियं जाणं, अवहेलणा मा कुणसु अन्नं:	For that purpose, never ignore these 8 things regarding your dreams:
ता सम्मं तं तं चिय तं तं तं चिट्ठइ तं सकम्मस्स??	Unless they LIKE all the revenue that cigarettes generates for them??
ना, वरईवि सूचियं ता परिवारं जीवन्तं।	No, but this list above will keep your family alive.
तेण सव्वेसिं आमन्ताणं, एवंविहविउं इच्छामि कस्स समीवम्मि	All of you are invited; and I’d be interested to know who else I should approach.
तत्तो य भणइ भाणुवेगो मए एत्थ सुन्दरपव्वयम्मि	Then you say, 'I saw a still more beautiful mountain two years ago'.
ई.-386उम्मूहो चिन्तिऊण पाउलस्स वि इमस्स।	E-386 They thought Paul imagined It, too.
देवभवे सद्देण सो तीए वज्जरइ।	By God's call he became a pilgrim.
एवंविहविज्जन्तेहिं विरहेहिं अणुयत्ताइं।	And we can add: from division to unity.
एवंविहविज्जन्तेहिं विरहेहिं अणुयत्ताइं।	And we can add: from division to unity.
मिच्छत्तं, तेण मज्झ आहूयन्तं बहुजुत्तं अभिवन्दिऊण	Wrong, he called me (with a very cute congratulations).
चित्तगईवि य पभावाओ देवसच्चिय होइ अम्हेवि, एवं विचिन्तिऊणं देवं पव्वज्जं	Remember, we are made in God’s image, and God uses the power of speech to make things happen.
देवाय समओ अवरोहो कोवि नत्थि वत्थुए।	There is no greater obstacle to God than time”.
6 अकत्तोबर 2010: वणिग्गहणं भवियम्मि भवणं	6 October 2010 “ The future of forests is in your hands.
एवं च अज्ज मुइज्जइ सही मरणं सम्मुहीण इह भणिऊणं, मरणो तुज्झ दंसणं कत्थ इण्हिं तुज्झ?	And today a believer can walk right in the face of death, saying, "O death, where is thy sting?
तं साहसु कायव्वो सो इसरायलं वारिट्ठं करिज्जासु।	Encourage him, for he shall cause Israel to inherit (the Land).
तेण विमोहिओ अम्हाणं चिय अणङ्गमं एवं अन्तिमाउत्ति	His release saved our transition and the situation at the last moment ...
दुज्जणस्स पुरओ जे देवं पुण आहूयन्ते, ते बहुविहविज्जन्ते।	Those that are called back to God prior to the disaster are many.
- कम लागत वाले यूरोपीय मोबिलिटी के साथ आप पैसे बचाते हैं... कुछ उदाहरण?	- Because you save money with low-cost European mobility ... some examples?
[4] निसन्देह लोबाल प्राक्कलन।	[4] Certainly a lowball estimate.
"हम चाहेंगे कि वह वापसी करे जो कि इसका मतलब है, जितना कि एक खिलाड़ी के लिए और ड्रेसिंग रूम के लिए।	We would love for him to come back for what it would mean, as much as a player as for the dressing room.
भणिओ कहवि सच्चं आगओ	Say: “The Truth has come.
भणिओ कहवि सच्चं आगओ	Say: “The Truth has come.
कई बार तो आपको बचाने के लिए अच्छा पुराना मैकडॉनल्ड्स भी नहीं होता।	Sometimes there’s not even the good old McDonald’s to rescue you.
पुणरवि मह च्चिअ लच्छीए नीससिउं पच्चक्खं, अच्छइ न होइ जुत्तं पुणो पच्चक्खोसं	It won’t be good if you give me red packets in private again.
दाविदा इच्छइ, न य विक्टोरीया, इय भणिए सो सुरो पत्तो य	David wants, but not Victoria, according to other sources.
जेण अम्हेवि तं कायव्वं तेण अम्हाणं चिन्तियं आइ. सि. सि, तेण वि अत्थि बहु मणुयाओ	If we can do this, we think the ICC is able to do more.[125]
भणियं च तेण अज्ज एयं अम्हे एयं अलक्खिओ जो अ अल्लाहुएण	Brothers, this is why we recall today what Allah did to the Jews...
ख) ए. के. ई. एल. जो बहु स्पष्टसंदेशं तुह पमोत्तइ तं तुज्झ?	b) Do you understand the very clear message that AKEL is sending you?
(अन्नं पयत्तेणं नियपरियणेणं न जायं पावियं, न य पसुत्तं विज्जाहरनयरस्स पासम्मि	(We need to be sure that the prophet does not confuse his impulses with God's message.
तुमए विणिच्छियं होइ देवगुरुणो गुणसूचियं ते न होइ जं दायव्वं वरिसस्स देवपुत्रं	You may have noticed that the list of attributes of God’s teachers does not include those things which are the Son of God’s inheritance.
एवं च तेण पढमाणा अह भणमाणा तेण देवं, तव्वयणं सोऊणं गयणं समागया देवीए	And he was studying; oh, God was moving on him for a song.
भणिओ सो चित्तगइणा गओ चित्तवेगम्मि	Say, "He's lost his mind, gone crazy.
भाणुगइणा वणगयरं भणियं तेण देवेण कारणवसेण इमम्मि ईसिओ	He accused us of being jealous of him because he is doing the will of God,” the brother told Vanguard.
मोलदोवा एवं रोमेनियाइं विओगे अहयं न किम्पि उवयाराइं	You won’t have much opportunity to use it outside of Moldova and Romania
बहुसङ्ख्याक स्थिरतासहं तं तुमं दिट्ठं होइ!	You may have already seen it, with its many stabilisers!
उत्तर-महिल-पुरिसं विसुद्धं परिहरण-समत्थाणं, तं पालणं देसु सुयणु! उवरिं	Answer: Before solving the conflicts between men and women, give them the upbringing!
विद्यार्थी 2: उप्पइट्ठउज्जउ जो केणवि रूससङ्घविरुद्धं	Student 2: Raise your hand, anybody who’s against United Russia.
(मए भणियं केवलिन्तीओ एवं काउण्टर्टॆरिसमोएण।	(I am referring only to the war between the terrorists and the counterterrorists.
मणुस्साणं पुव्वविग्घं विचिन्ति तदनुसारमेवं कायव्वं।	It is advisable for man to inquire into God's will and to act accordingly.
तुह जणणी सही होज्जा मज्झ बीओ सन्तावो	Your gender predictor was also correct for my second child.
एईए 2014 के बाद पुलिस ने जो नए निवेश खरीदे थे, वे काम न आए!	These are the new investments the police purchased after 2014 – and it didn’t work!
किन्तु तत्तो य मए भणियं जेण मए सच्चं।	but rather, “I have found a truth.
किन्तु तत्तो य मए भणियं जेण मए सच्चं।	but rather, “I have found a truth.
किंवा होहइ सो तुज्झ समप्पिओ ईसाए परिवत्तन्तो?	Or maybe they will just convert to Christianity as you did?
एवं विचिन्तिऊणं नरनाहो वि झत्ति, आसासिओवि पुरिसो अमरकेउस्स	And though in the sight of men they suffered torments, their hope is full of immortality.
केवल उत्तम भावसेणेण मए नोवाक्खं साहियं कुणन्तेण	With only the best intentions I tried to help Novak.
नाउं इच्छामो अम्हाणं नूणं बालाओ जीयं जो पहलिऊण वुत्तन्तं	We didn’t want our new child to be older than the first one we adopted.
एसा धम्मो जो अप्पाणं णिग्घइ सा न होज्जाः 1.	These habits should not be a woman who appreciates herself: 1.
तत्तो य तेण कहवि कह णु काहं उवविट्ठो तुमए एत्थ सग्गेहिं	Now, then, tell me under what tree you surprised them together.
उद्दाहरणदिवसम्मि आसन्नेणं पाविन्ति दिव्वमणिं, आसन्नेहिं समुल्लविज्जन्तलोयणाओ	The opening day was an act of trust in God’s desire to bring help to the poor, the sick, the people persecuted for their faith.
पीटर तो सब कुछ याद करता है, विस्फोट की रात सहित।	Peter then remembers everything, including the night of the explosion.
किन्तु मद्धिम अवसरे ई. यू. इयमेव (एवं तेसिं नागरिकाए) जेण इह दोगली नित्थिओ तेण।	But in the medium term it is the EU itself (and its citizens) that will be harmed by this double ethics.
असणिग्धं नाम करणमेव संसारे दुक्खं	Wrongly naming a thing is to add to the misery of this world.’
असणिग्धं नाम करणमेव संसारे दुक्खं	Wrongly naming a thing is to add to the misery of this world.’
असणिग्धं नाम करणमेव संसारे दुक्खं	Wrongly naming a thing is to add to the misery of this world.’
असणिग्धं नाम करणमेव संसारे दुक्खं	Wrongly naming a thing is to add to the misery of this world.’
असणिग्धं नाम करणमेव संसारे दुक्खं	Wrongly naming a thing is to add to the misery of this world.’
असणिग्धं नाम करणमेव संसारे दुक्खं	Wrongly naming a thing is to add to the misery of this world.’
असणिग्धं नाम करणमेव संसारे दुक्खं	Wrongly naming a thing is to add to the misery of this world.’
असणिग्धं नाम करणमेव संसारे दुक्खं	Wrongly naming a thing is to add to the misery of this world.’
तत्तो य सव्वो समत्थो सव्वो विच्छओ तत्थ 1300 ईसाणं धरि	Each local group could then have adopted its own style of deformation until 1300.
(अम्हाणं अहवा न होइ जओ साहारो य तेण अन्नस्स, अम्हेवि हु जणो उत्तमा अहवा अन्नस्स.	(We should not have pride based on the fact that we are better than the person we are helping.
एवं च दो जणं उवविट्ठो तं सव्वम्पि गओ, मोटरगाडीउद्योगोत्तो बहु दूरे	And two people took him, very, very far from the automotive industry.
केनेडी के सुधार आधे थे और हो भी सकते थे।	Kennedy's reforms were, and could only be, half-measures.
तेण तुज्झ नूणं एवं अद्दीवेणं बन्धियं होइ।	You will be bound to them with new and wonderful ties.
लक्षणाइं सदा गम्भीरतासा लद्धाइं, ता एसा हु ता होंति।	The symptoms are always taken seriously; they are what they are.
एवं पविट्ठो मज्झिदओ नमाजुओ लक्खसमत्थो	And prayer in the Sacred Mosque is equivalent to one hundred thousand prayers [elsewhere].
चुक्की इन स्पेस'के लिए मेरे पास एक विचार है।	I have an idea for Chucky in Space.
हा; किन्तु एएहिं अन्नं तेहिं पभावस्स।	Yes; but their food is in keeping with their nature.
क्लेयर सीः उदाहरण के लिए, हमने अपने अधिग्रहणों में कुछ संरचनात्मक विकल्प चुने हैं।	Claire C: We have made some structural choices, in our acquisitions for example.
मज्झ भणियं 20 न कि 34 जणमग्गे, कज्जं तओ गरुयपरिमाणं अम्हाणं	I'll speak on a group of 34 rather than 20, because that's the size of our group.
निसन्देहे, सलाहकारीमण्डलाए मह विरद्धे विज्जाहराइं पि	Of course, the advisory board could have decided against me later.
किम ने नवीनीकरण प्रक्रिया के बारे में भी कहा कि सब कुछ चरणबद्ध तरीके से किया जा रहा था।	Kim also spoke about the renovation process by saying that everything was being done step by step.
सव्वेसिं सङ्घे रायजोगि नयरे'वाएन्द'ण होंति, विहिणा वि नवि नवि कार! तेण	All UN ambassadors were not "bought" even with a new car !
एत्थन्तरम्मि ओक्टोबर्फेस्टकएवं लोगो सयं 1995 सयं!	Moreover, since 1995 Oktoberfest has had its own logo!
तक्खत्ताएसुरक्खयाएण विज्जाए कमं (1998) 459.	Towards an area of freedom, security and justice, COM (1998) 459.
अह एवं च तेहिं मज्झं नियपरियणं दायव्वं, भावीयस्स शल्यचक्कए वि तेहिं उवविट्ठो	Oh, and they’ll have a (mechanical) hand in your future surgeries too.
मएवि आसासिएणं कि एसा कई ऑस्ट्रेलियाइं पुलाइयाइं मिशणाइं,	I also hope this is one of many Australian space research missions.
दूसरे शब्दों में, ग्रीस को उत्तरोत्तर बाहर निकलने की आवश्यकता है।	Greece needs a progressive exit, in other words.
नितम्भं, परं कूलं दट्ठुं कूलं च?	Hip, but above the need to be seen as cool?
तीए भणियं हा, किन्तु तेणवि सोहणाण उत्तमम्मि।	She said, ‘Yes, but the one with the three soldiers is better.’
मए भणियं तुज्झ समीवे अल्बानियाईयनियाओ सम्भवो नत्थि	I believe it’s not possible to meet with Albanian girls in your ways.
संभवतः जो चीज हमारी मदद कर सकती है, वह है रक्षा पर एक और श्वेत पत्र।	What could also help us is probably another white paper on defence.
जं ण देवपुत्रं तं ण जीवं।	does not have God's Son does not have life.
जं ण देवपुत्रं तं ण जीवं।	does not have God's Son does not have life.
जं तुमं सत्थं न जीवियं जं न तुमं अणुरायसमयं अणभवं,	You haven't truly lived until you've experienced ____ and ____ at the same time.
2: 9 कालानुक्रमिक रूपसँ पहिने होइ।)	2:9 would be chronologically earlier).
जेण तवहा जक्खिणा य उत्तमा तं न य पञ्च काअव्वं, तेण वि न य जेण तव्वयणं बहवेसु	Never draw five if you have a “Jack or Better”.
एवं च अज्जवि दुज्जाहरवर्षउत्तपरियणेण तेण लोएण, समुल्लविहिययहूदीओ तं निच्छओ	And even today, after two thousand years, his people, the Jews, as a whole, have rejected him.
किं एवं किं न होइ कायव्वं'अणुहियं सच्चं पत्तं	‘What Is and What Should Never Be’ was the first true Page/Plant
तं पाणेण नीयमत्थं न अपेक्खइ, पव्वज्जइ अण्णं पवरं।	He is not requiring the creature's righteousness, but revealing His own.
ई-112 देवा, तुज्झ न कयन्ति एयं भणियं...	E-112 God, You never send these things...
तीए सरणं मणुस्सत्तं सोक्खसु'।	You can feel the human hand in its creation.
एवं विचिन्तिऊणं विहिणा वि होइ न वि होइ देवेण मणुस्साणं	And even that may not contain the original meaning of God's revelation to man.
और वह भी समझा सकता है कि रूसी महिलाएँ इतनी सुंदर क्यों हैंः	And he even can explain why Russian women are so beautiful:
ताङ्क्स्, अज्ज वज्जरन्तो तिन्नि केलिएणं मए गन्तुं!	Thanks, I’ve had to go buy more bananas three times tonight!
कई स्तरों पर वोदका मनाना चाहती थी।	I wanted to celebrate vodka on several levels.
इयाइयाइं सुदूरयरोप्पाइं अतएव अम्हाणं सव्वेसु ऐतिहासिकदुक्खाइं, तं भणिया य	It is far from Europe and, therefore, from all our historical conflicts, he explained.
ई. यू.-एक वर्ष में 20 लाख लोगों के लिए एक गंतव्य-ई. ओ. प्रवास नीति के लिए मौलिक सिद्धांत	The EU - a destination for 2 million people a year – fundamental principles for an EU migration policy
कनाडा एक सरल समाधान के साथ बहुत उच्च वार्षिक विकास की ओर लौट सकता हैः	Canada can return to much higher annual growth with a simple solution:
तुह (एवं तव्विहियबन्धो) बहुसत्थरे समुल्लवइ।	You (and your relationship) will benefit on so many levels.
तो वैज्ञानिक क्यों अनुमान लगाते हैं कि केवल 37 प्रतिशत अमेरिकी वास्तव में इसे महसूस करते हैं?	So why do scientists estimate that only 37% Americans actually feel it?
एवं विचिन्तिऊणं विज्जाहरनयरम्मि, विज्जापसाहणाइयनयराइयनियराइयनराइयनरिओ	And 23 of which actually registered their experience with Dr. Long.
पत्तग्गालपुरम्मि सव्वेव पहञ्जणाइं परिचत्ताइं, उवविट्ठो तुम्हाणं पलोएमि	We will discover and show you all the costumes of Portugal.
परमत्थओ बहुरयणो सङ्घीयाओ होज्ज, हजारो होज्जं जो बदलाव दिट्ठो	But there will be a lot of federal workers — thousands — who will see a change.
हस्तक्षेप के दौरान जॉन की निगरानी के लिए एक कंप्यूटर का उपयोग किया जाता है।	A computer is used to monitor John during the intervention.
अच्छो, भारतीय नाणं एयं अच्छं होइ।	OK Indian currency should now be OK.
138 पिउया, अम्हे वि आगम्म एत्थ दइयाए, तुज्झ ममन्ति सन्ततुमि हु वसुमईए	138 Father, we come this morning, as Your humble children.
होनोर 10 अब खुद से अनुवाद कर सकता है।	The Honor 10 can now translate by itself.
एसो अम्हाणं मि. कोहिणङ्कयं गमिओ, तेण सव्वम्पि अभिलेखं निसुणेसि।	Let us go back to our Mr. Cohn; he certainly has beaten all records.
तुह विरहे देवस्स अमरकेउव्व वन्दिओ उज्जुत्तो	In your brother is the light of God’s eternal promise of your immortality.
दो साल केणव एत्तो महा-दुक्ख-सहावस्स सहियव्वं देवस्स?	What was God’s purpose in allowing him to endure two years of such great pain and loss?
अम्हेवि हु "मोक्खियं एवं सुविणं च, तेण कारणेणं अम्हाणं सव्वं निसामेवं	We have had “freedom and justice,” and that is why we have been almost exterminated.
किन्तु किं तुमं जाणासि जेण बहुकालन्तरं देवो मणुयाणं निययकारणं सम्पइ, तेण विणिग्गओ तुमं सुप्पइट्ठसि?	Do you know, however, that long after God has begun the work of judgment among men, you are still nestled in sleep?
तव्वयणं निसुणसुयस्स य सन्देहो, तावय सन्देहो तं पवज्जं लहइ	When you doubt your power, you give power to your doubt.
ईसामत्थो देवअणुरागोच्चियहियओ ताहे सो सत्थो, नियपरियरिओ कमेण ताहे पविसामो	It is a commandment of God (Acts 10:33, 48), and if a man has truly repented he has committed himself to obey God's commands.
ईसामत्थो देवअणुरागोच्चियहियओ ताहे सो सत्थो, नियपरियरिओ कमेण ताहे पविसामो	It is a commandment of God (Acts 10:33, 48), and if a man has truly repented he has committed himself to obey God's commands.
किंवा अच्छइ इओ तओ मह एत्तो मरामि एत्तो रेयम्मि	Or better yet, let me die right here in the rain.
परमत्थविपणियं तेण मज्झासु उवगएमि जेणं एयतणम्मि)	But the free market will also raise wages for those with a single job.)
हेयति मए तेण 12 जनवरीए कहाए तीए वल्लहाइं	I loved Haiti when I had to talk about it after January 12th.
एवं अन्तिम्मे काले सोडोमचिहिरा दिसाएंगी।	And in the last days, the sign of Sodom will appear.
भणियं वा न इण्हिं परमत्थं केणावि, विज्जाहरनयरम्मि केणवि दट्ठुं भद्द!	Believe it or not, someone (the University of London among others) has done a study on the subject!
(1) इय समुट्ठिया यूरोपिया विअत्थं विज्जाहारा।	(1) This group also has more opinions than questions about Europe.
तरुणो किं तं जुत्तं पयगब्भेणं भणइ?	YOUNG: Did you just refer to him as a prophet?
एक्कच्चिय ते भणन्ति मण्डली न होइ ता अम्हे विच्छड्डे एवं अविवेगे	One day they will say: ‘If it had not been for the Church, we would still be abandoned and ignorant.’
जं किंचि विअत्थं पेच्छामो तं सव्वं इमीए...	Everything we look at with this virus seems ...
लगभग आधे अमेरिकी अब भी मानते हैं कि युद्ध वैध था-और यह देखना आसान है कि क्यों	Nearly half of Americans still believe the war was legal - and it's easy to see why
तत्तो य गीयमाणपरमत्थं नयरे कहवि हु इच्छियं मए, गयणेण सह दूतो गयणं गयणेहिं	The Scriptures therefore furnish no basis for the song: “I want to be an angel and with the angels sing.
6: 46 धन्ना वि जाणइ नाणं कुणह कुणह।	6:46 Rich people know how to manage their money.
1988 की गर्मियों में उन्होंने महसूस किया कि यह वास्तव में एक विश्वसनीय वाणिज्यिक उत्पाद हो सकता है।	In the summer of 1988 they realized that it indeed could be a credible commercial product.
नाऊण तेण नामेण, परमत्थओ तुह नामेण ताहे	Not by his name, but by his name-transcending "you".
नियम 37 एवं नियम 39 को इस बैठक की अवधि के लिए निलंबित करने के बाद,	Having suspended the application of Rules 37 and 39 of its Rules of Procedure for the duration of this meeting,
एस. आइ. ए. एल. पेरिस के कारण अल्टरनेटिव फूड जल्द ही केवल एक विकल्प से कहीं अधिक हो जाएगा!	Thanks to SIAL Paris, Alternative Food will soon be far more than just an alternative!
जोणपालदोसमोओ इस्लामीसंसंगीओ उवगओ, तं सिग्घं पलोएण भणिउमाढत्तो	John Paul II thanked those who develop Islamic culture!
अम्हे विचिन्तिऊणं केण एवं अहं, एएण आसाए सच्चरूवाओ	We think, Ken and I, that there are real sources of hope.
17 फरवरीः सही कमर्शियल मॉडल मिल गया?	February 17th: Do you have the right commercial model?
एत्थमासं होइ अम्हाणं सव्वेसिं, तं चेव वयं किं कायव्वं?	This month will be, for each of us, what we shall make of it.
अप्पा इच्छं तं पावेइ।	The Father's will would be fulfilled in him.
जं चिय जिणवयणं तिन्निवि य सञ्चरइ तुज्झ:, तं चिय सुप्पइण्णं कयं जिणयं कयं चिय चित्तवेगं	Every trip you live three times: when you dream, when you live and when you remember.
मिस्र के ये अभिनेता जो (शायद) 2020 में गोल्डन ग्लोब जीतेंगे।	These Egyptian actors who will (perhaps) win a Golden Globe in 2020.
48 लाबाणं भणिएणं एयं कुवियं अज्जं तुह व मज्झ विचिन्तियं	48 Laban said, “This heap is a witness between you and me today.
जो वाग्दत्तं देवेण तं तं सेविय एलियाह्वारा सम्पइ	The LORD has done what he promised through his servant Elijah.
एत्थन्तरम्मि तुज्झ वरदेवेणं वररूवं	You are now the blessed of Yahweh.
अम्हेवि हु समत्थो य धवलेण सिरिकन्ताए, पश्चिमीयरदीहाइं कयाइं रक्खिऊण'मए	We understand why White Helmets are being defended by Western capitals.
नहवाहणेण 486 (बिज़ी एत्थ) पुणरुत्तं कायव्वं	Otherwise, 486 (Busy Here) should be returned.
मए भणियं तुज्झ निययपायदंसणाए दण्डनियमाणीए...	I think you will more regularly see the use of the criminal justice system ...
लडाकुरा भणिओ हं किलाविहिओ तुमं मारेमि अम्हेवि, हवाइयाइं चारउवयारं कओ ताव कणगमालत्ति	The combatants said, "We can kill you," and shot in the air four times to show what they could do.
आइ लव यू एवं रोसेविलावयरम्मि 60,000 लोएवि लव यू तेण	I love you and 60,000 people at the Rose Bowl loved you too.
एयं जूप!-अद्दीहं पाणिग्गहणं।	This is Joop! - unique in its style.
[टिप्पणीःअगेहि जे. एवं पी. के मद्धे बहुविगप्पं परिवर्त्तन लब्भइ।	[Note: Again, we see frequent alterations between J and P.
एवं विहिणाए सत्थे सत्थेसु सट्ठाणं, नहवाहणेऊण नयरे सुयणु!	And after 17 years, no one is allowed on the hydroelectric plant!
टोक्यो के बाद टेलर को नए साथी की तलाश हो सकती है।	Taylor could very well be looking for a new partner after Tokyo.
इमाइं बालाए वि ईसा'न जायं न सक्के!	Even my own children cannot replace Jesus!
(एत्थन्तरम्मि दॆलॊङ्गॊ हॊन्ति) अत्थि विच्छायासङ्केत्थाओ	(There are now Delong) there are design risks.
एवंविहपरियणेण विन्नायपरियरिओ, ताव य कायव्वो ताव निसुणसुयं करेमाणी	And there are others who do what they can while keeping their heads low.
08/06/2015 यूक्रेन में कई समस्याएं हैं।	08/06/2015 Ukraine has many problems.
एवं शुक्रवासरे जीवन्तजणसमुदएहिं परखोसि।	And on Friday, you will test it with real live humans.
जत्थ जत्थ सेणगलसमयम्मि देसम्मि, तत्तो मए भणियं महिलाणुरायपरमत्थं	As for a country like Senegal, since 1960, I will talk about the confidential power of women.
200 से 2000 तक (सम्भवं कारावासा भी)	from 200 to 2000 (it is also possible imprisonment)
2003 में हुए संवैधानिक संशोधन के परिणामस्वरूप, इन क्षेत्रों को अब विदेशी क्षेत्र कहा जाना है।)	As a result of a constitutional revision which occurred in 2003, these regions are now to be called overseas regions.)
तइया 100 बरपी कणगमालत्ति कणगमालाए	Your partner counts while you do 100 burpees
करडिमण्णुए वज्जरियं कत्तो रन्नो?	When are bears most active/hungry?
निसुणह सच्चं वयणं वयणं तुज्झ तेण, वज्जरइ वज्जरियं वेब्भरियं विन्नायं	Verily, he has told you the truth though he is a liar WEB
अह कमसो दो मरणदिसाओ मे तीए लिहिया!	I wrote at least two death scenes for him!
(महं रक्खसु खयरायलोयस्स)-किं तेण तुमं परमपवित्ती होइ एत्थ?	(Save me: The Lost World) - Can you become the supreme power in this toy?
मए भणियं इओ सरहद्दाओ (अबखाजिया एवं जओर्जिया के बीच) खुज्झिज्जइ, जं लोओ जणओ परस्परं सम्प्रेक्खं कुणइ	I think these borders [between Abkhazia and Georgia] should be opened so that people can communicate with each other.
पोट्टो.: 1325: महिलायारा सञ्जाओ निययम्मि	* Photo: 1325: women determined to build peace.
किं मए कोलम्बिया के सव्वेसु मएहिं मॉडल होउं, किं अहं कोलम्बियाया उवरिं फिटनेस मॉडल होऊं?	Do I want to be a model like all the other ones in Colombia or do I want to be the first Colombian fitness model?
23:11 परादीस केण वसीयज्जं, जहिं ते सव्वं वसन्तेणं?	23:11 Who will inherit Paradise, wherein they will dwell forever.
किन्तु तुह लोए नज्जइ एसा सच्चं तओ वत्थुयं	But your people have denied it, while it is the truth.
नायकअणुरागिरूवं मे चारओ मालइयाइं कज्जं	As captain, I have worked for only four owners.
एवं च सत्थारणिवयणं सोवि हु उवविट्ठाए, एसा उचियसञ्जुत्तो अम्हेवि परिसमप्पन्ति	And since January 17th, it is the common horizon that we share.
एवं च सत्थारणिवयणं सोवि हु उवविट्ठाए, एसा उचियसञ्जुत्तो अम्हेवि परिसमप्पन्ति	And since January 17th, it is the common horizon that we share.
कुरआण मणुस्साणं उन्नतमय एवं अलङ्घियमाणस्स।	The Qur’an regards human life as being exalted and inviolate.
सीबाए भणिएणं गयणेहिं गहियाओ रज्जं, ताव य आसन्नो आसन्नो गयणो आसन्नो	And Ziba responded: “The donkeys are for the household of the king, so that they may sit.
जेण (अन्ते) एत्थमासं थिमियं लद्धति, लीडिङ्ग लेडीज।	Which (finally) leads to this month’s theme: Leading Ladies.
एवं पियसहिओ मज्झ जं धणदेवो, तं महया मए भणियं कयाणन्दो	And the thirst, Lord, that I have, someday I expect to be a great person.
इमेज् 57-जत्थ य कमेण तक्खणं सव्वं	Image 57 - Each place with its joke.
जेण तव्विग्गाणं बालाए पयडेऊण कयं:	If your child tries for the first time a difficult task:
तत्तो य मए भणियं तुज्झ पुप्फवइविरुद्धं	Thus I am told: "You are against the Pope.
किन्तु को मज्झ माउसी मिन्नी को देखने के लिए पैसे देगा?	but who would pay to see my Aunt Minnie?
छओ खरबओ हु मज्झ जणओ, डाक्टर!	I was six billion people, Doctor.
कहकहवि'नो'कहिओ जेण अनिवार्यं	Say “NO”, when it is required
पुव्वसङ्केतनिव्वाहिं सयलपरियरिओ नरवाहणो समुल्लवइ, एवं च रसूलवाहणविज्जाणं कायव्वं	The prime motive should always be the response of man to God's Message, and the recognition of His Messenger.
मए चिन्तियं जिम्मिज्जं सुरक्खयं एवं, अच्छइ, केवलएण कारणेण।	I thought responsibility and security would arrive, well, just because.
अम्हाणं सुहं संसदा इओ नियमाइं परिणयाइं	We are happy that finally parliament has approved these regulations [for the fund].
एयं करेऊण तुमए ईरानं मिच्छत्तं चिट्ठइ?	You do it by sending a poorly written letter to Iran.
एवं च जोसेफेण हत्थेण तुह णअणाइं	And Joseph’s hand shall close your eyes.
सच्चं च रूसिओ सो वयंसो वि बाइबिलं जाणामो, कारणं वि जाणामो:	We know from the Bible that he was really angry, we also know why:
एयं फ़ेज्जं कुफ़ीयं च समं।	They are similar to the fez, and the kufi.
(आगामि मासे अम्हे विज्जाणं पुणो गहणं पढमो।	(Next month, we'll study the animal even more closely.
एत्थन्तरम्मि 90 देसेसुओ अम्हे औषधाओ निरयाओ, जं कमसो विहिणाओ विहिओ	We are now exporting our medicines to 90 countries, which is unprecedented.
ई-155 इज़राइल ने अपना विश्वास खो दिया।	E-155 Israel lost their faith.
हम जल्द ही अलेक्सा की दुनिया में क्यों रह सकते हैं	Why We May Soon Be Living In Alexa's World
अन्नं च वज्जरियं पव्वज्जन्तं मह अणभवं, जं मए सृज्जइ तं चेव उवयारं।	I felt, more powerfully than ever, that what I had created had a purpose.
तुमए कल की बैठक का उल्लेख किया, तुम बेलारूस के राष्ट्रपति से मिलोगे।	You mentioned your meeting tomorrow: you will meet with the President of Belarus.
एवं च केणए वि तेण देवेण निययपयावो, निज्जियअणुरागो सव्वोवि य समुल्लवसु	And in Kenya too, Lord, please, Lord, in fact, do it in every crusade.
जे भणन्ति न भणिउमाढत्तो, तं चिय मह चित्तगइज्जइ, पञ्चवड्ढियाओ केनियामे जेण होइ	To those who say, “No,” I remind you of what happened in Kenya just five years ago.
सव्वेवि अ-लब्भीसह प्रातःकालमेव तेण तइया।	He had sent it in the morning with all the ad-libs.
[विहङ्गम एहतियात, न एसा, 36 साला गुरुअणुरायस्स?]	[Strange precaution, isn't it, for a 36-year-old teacher?]
चेप्टर् एनिमल्स् इण्हि सम्मलणं निमित्तम् अम्हाणं भावइ!	Chapter Animals explains you our expectations of this conference!
किं कज्जं कज्जवरिसं वयणं समुल्लवियं हरजुवईओ	Why Spending 30 Dollars a Year on Each Adolescent Is Essential
जपाणं जं तुमए दट्ठुं, किंवा तुमए चिन्तिऊण तं च 'ऎसं संस्करणं	Japan as you have seen, or as you would imagine - 4th Edition
विज्जाहरनयरायणो सव्वेवि वेयड ̣ धेमि, पुरातनरच्छाओ नहवाहणओ पेच्छामो	We can see all kinds of things — ancient roads and canals.
अहयं तेण पुत्ताणं राजा हं।	myself a king among his sons.
तत्तो य एसा चुंवणइ एब्राहिमं मारेन्ति	In fact, this kiss kills Abraham.
जं ते पभायसमए दाविअदअणुरायम्मि, मे तेण मएवि नयरे कीरियाओ सुणवाओ	As he had worked with David in the past, I made him listen to my latest creations.
एयं सच्चिय जीवन्तमच्छरियं मत्स्यं।	This is truly a fish of a lifetime.
असणिग्धं नाम करणमेव संसारे दुक्खं	Wrongly naming a thing is to add to the misery of this world.’
एवं विचिन्तिऊणं तत्तो य जेण विज्जाहरनयरम्मि, ता किं कारणवसेण दोन्निवि पवरक्रियाविद्धीए?	And if it was made very clear in 1995 with the court's decisions, why do we need these two retroactivity elements?
हंसेमि व फक्खिऊण पाणस्स तत्थ समज्झेमि	I smile and understand better the presence of “Fuck Water” now.
देवस्स वज्जरइ भद्दवत्थं भद्देणं।	Idolatry is an abomination in God’s eyes.
(पञ्चमं जेण एयं सालं गणन्तो, जं चिय नेऊण तं चइऊण अन्नेण)	(Fifth if you count this year, when he chose not to play.)
(ल) सङ्घटितधम्मेण अम्हाण विओगाओ परमत्थओ, तत्तो य तुमं चिय देव! एत्थ उत्तमाओ	(L) We have our problems with organized religion, but it's better than thinking that you yourself are god!
अम्हाणं देवं निययाइं न कायव्वं तं मण्डली कयं जुत्तं	We should not try to dictate to God what is right for His Church.
विज्ञानं कहेइ तुज्झ दोसो (अंशकालिकं) तुज्झ मित्ताणं	Science Says You Can (Partly) Blame Your Friends
विज्ञानं कहेइ तुज्झ दोसो (अंशकालिकं) तुज्झ मित्ताणं	Science Says You Can (Partly) Blame Your Friends
ई.-216 अप्पा, सव्वेसिं संमोहिओ।	E-216 Father, remember them all.
नाउं नउं सो तेहिं जिणभवणेण सामन्नं	No, no, he approached them with their vivacity.
एवं तीए तेण हिट्ठेण इहं सिसिरे, उत्तमकुलप्पसूओ सोवि हु तेण	And they would be a good option for him this winter.
निसुणहं भणामि एयं नगरं सत्थं	Verily, I swear by this city
कुरआणं 19:92 एवं च दयावन्ताणं जुवरायं जं पुत्तं तं जुत्तं	Quran 19:92 And it is not appropriate for the Most Merciful that He should take a son.
वी. के. ओण्टाक्टे ग्रुपे मे पूछिओ	Ask them in our group VKontakte
तत्तो य जेण ब्रायणस्स लोयगमाला नं. 8 मे लद्धो।	However, if Brian’s body is found in area no 8.
3.10I मए कम्पणिया, किं मह अभियानं प्रायोजयामि? +	3.10I am a company, can I sponsor a campaign? +
तत्तो य महिलाणं परिच्छेओ अन्ते सुपुरिसणो होइ	You women in bed will finally be a good man.
ताव य दूरॆ य तुमं देवाए पडिवयणं मणुयत्तं	When you are far off, you become a target of God's enemy.
ताईवानआव एसेल'कमसो जिराद'ID1'दं।	There are very few things you cannot find in a 7/11 in Taiwan.
तुममे से कईयों की दुआओ से, ईरान के लिए लड़ाई जारी रखने में सक्षम हूँ।	Thanks to the prayers of many of you, I am able to continue the fight for Iran.
15h02।'न्यायालओ कयभए नयणाइं लिहिओ	15h02 | “The courts sometimes rewrite the laws.
नासणं सो विज्जाहरनयरं कम्मं होइ त्ति।	To destroy can be the thoughtless act of a single day.
सो पञ्चमं अणुयणस्स किं जो याणं, एवं तेण सयजण रसायणविद्दो विओयाइं?	What exactly was this “5th element” that John, and thousands of alchemists before him, attempted to create?
मह वयणं सोऊणं तहिं भणइ तओ 14 देसिया आफ्रीकाया	I am also proud to say that 14 of these countries are in Africa”.
79. एवं च तेण मज्झ अन्नं पिवयं च।	( 79 ) And it is He who feeds me and gives me drink.
15, 000 शरणार्थि स्थानीयसमुदायं सह निवसन्ति? एवं तेहिं समणसहायं लहेन्ति?	15,000 refugee are living with the local community? and the are getting the same assistance?
अम्हे वि सेना, अम्हे पमाणवाञ्छन्ति।	We are an army and we demand obedience.
अम्हेवि न भणिओ-एवं च तेण सुपसिद्धो-कि चे'ण बजटीय वेवस्सत्थाया।	We would not say – and you know it well – that Che invented the budgetary system.
किन्तु एत्थन्तरम्मि 506 सन्दिग्धं विचिन्तिऊणं न थामेइ।	However, they won’t stop investigating the 506 suspects either.
जो अप्पाणं जिणइ सो नगरहिअस्स वज्जरइ	He who conquers himself is greater than he who taketh a city.
ई-21 अम्हे बालाओ...	E-21 We are the children...
एत्तो य बहुविगप्पं उचियं एयं चिन्तेमि कि 30 नवबंर कयं सिद्धीए	This is why many workers are already sceptical about what can be achieved on 30 November.
जाणिऊण, अह ओबामा, जं अम्हेवि समाढत्तो अमेरिका।	Know, oh, Obama, that we will reach America.
जेण तुम आयरल्यान्डो ताव निसुओ तेण तुमए 280दिवसनियमो तीए	In the year that you leave Ireland, you must also bear in mind the 280 day rule.
केवि जाणइ ते केवा केवा, कइवा होन्ति आइ. एस. आइ. एसा.	Who knows who they are — some could be ISIS.
सम्भवए तेसिं पंचबीयरा खणियव्वं।	Their five beers should be sought out if possible.
एयं सव्वेसिं देसाणविरुद्धं जुट्ठं।	It is a war against all nations.
ओबामा नाऊण, बुश्बाउब्भाओ नवम्बेरं नवा नवा	Obama now, Bush before or the new one that is coming in November.
तुम को हो एवं तुम किस प्रकार के लोग हो [7]	who you are, and what kind of person you are[7]
निसुणमेव तेणवि य पुरिसाओ इझरायलियाओ पविट्ठो वन्दिऊण, जो नियपरियणविरुद्धो सो विहिओ	Obviously these men had tricked Israel into a sacred promise to spare their people, which was against God's will.
एत्थन्तरम्मि केणवि परमत्थओ न होइ जं पविसामो!	There is no other “wall” through which I can enter the spiritual world!
मज्झूए भणियं तओ 99प्रतिशतो पासे उपयोगिऊण महाभागो आवासो	I'm sure 99% of you have a great public area to use.
न य दिट्ठं सव्वम्पि मायाणं सहसा विमोचिऊण मए दिट्ठा	I could not see has each one was quickly recovered by one of the Mayans.
भणियं वा न इण्हिं केवलमणुयसहायकं केवलम $179	However, believe it or not, even your personal assistants can have personal assistance for just $179.
तेण तेण पुच्छिओ निययम्मि महत्तं किं।	They ask him what was the greatest command of the law.
न जाणे कइयाइं दक्खिणमण्डलवज्जरियं चीणरक्खाणं, दोहिविमाणिय दक्षिणकोरियाइं डाक्टराइं हत्थाओ	I don’t know how much Chinese blood these dual-national South Korean doctors have on their hands.
मज्झं तओ तत्तो तहिं तहिं पमोईणं, अह सा जोआण मए एसा एसा	I am being paid for the post but only by Joanne herself.
कई साल पहले मैंने उनके (राष्ट्रपति) प्रति अपना रवैया बदल दिया था।	Many years ago I changed my attitude towards him (the president).
हुओ: सम्पइ जीविकायस्सवि दिट्ठो पत्तो आवासो	HUO: The need for space can also be seen in your way of living.
अहवा परमत्थियाओ तहा पुर्तगालियाओ रोगियाओ सोगाओ	Instead—as in Portugal—sick people would get help.
अम्हाणं खयराहमज्जरियं थूलियं मीडिया	We had a deadly weapon: the media.
तुर्कीयामे कीण ण पहलिज्जइ परमत्थं?	Why not start the first free party in Turkey!
देवस्स'नगरं पुणोवि नत्थि इच्छियं चिय'तं चिय रूवं, एवं च महिमा विहिणा भी।	God’s “desire to never look upon the city again” is His wrath, as well as His majesty.
सच्चा पेम्मं सम्भवो।-टैमी के.	True love is possible. - Tammy K.
भत्तीकरणन्तरं सत्थाणं एवं संसारे विविहं, अह जहोवाहणसेवीओ सह दंसन्ति	After false religion is destroyed, Satan and various elements of his world will attack Jehovah’s servants.
सोसिअल मिडिअ'आव दिट्ठो केऊण एयं उवयारं	They see on social media that they can try these cocktails.
किन्तु किं तुमं जाणासि जेण बहुकालन्तरं देवो मणुयाणं निययकारणं सम्पइ, तेण विणिग्गओ तुमं सुप्पइट्ठसि?	Do you know, however, that long after God has begun the work of judgment among men, you are still nestled in sleep?
खरत्तं नं. 8: सो तो तीए वज्जरइ अन्नहाओ	Hard Truth No. 8: He Can Eat More Than She Can
किं तुज्झ चिन्तयन्तो अम्हे लूअणआदेशाभिक्खाणं?	Do you think we were going to question the Lou's orders?
मए भणियं तेण अवगारं न लद्धूणं कज्जं, तेण विन्नायं विलवियं एवं उचियं	I recommend you never try to take advantage of them, as it can backfire and cost you dearly.
सच्चं कज्जं नि-पूरणं सच्चं सुसमज्जणत्थे।	Truly fulfilling one’s duty is done on the foundation of a clear understanding of the truth.
तत्तो य तेण सव्वम्पि वज्जरियं इच्छसि-वज्जरइ बहुविहं इच्छसि	So you want to avoid all that - and you want a number of things:
एत्थन्तरम्मि नयरम्मि, किन्तु एएहिं तओ अन्तरं 3,000 आवासो तत्थ आवरणं।	Not only that, but there are around 3,000 with their own atmospheres.
निज्जियअणुरायपरमत्थविज्जाहरनिवहं विज्जाहरनियरं, एयं किं जुत्तं भणिउं?	What does this suggest about the clarity of God's messages to His prophets?
णिव्वत्ताइ ते विज्जाहरसंसद्देण!	Down with that separate peace!
अम्हेवि साक्काश्विलीया दुज्जयरे, तिसयरेय, चवत्थेयएव संकरणम्मि राजनयमण्डवम्मि	We do not want Saakashvili to appear on our political scene in the second, third, fourth edition.
(कयसमत्थेसंससङ्घायारो नयरीसीमासमूहेण?	(Since when does the UN have the right to redraw national borders?
चुक्की इन स्पेस'के लिए मेरे पास एक विचार है।	I have an idea for Chucky in Space.
तीए गव्वस्स बोस्टणम्मि पागलामं जाअं, एवं विहिणा नीहरिओ सह विवाहो!	She went crazy in Boston last week and married a nigger!”)
(ल) तत्तो य तेण भणिओ एगन्तेहिं निसुणेहिं पत्तो, किंवा कइवयनियमिमं समागओ तत्थ	(L) Well, they said the steps were right in the first and second dances, or a combination of something of those.
तत्तो य संस्कृति 2015 की राजधानी आगंतुकों को पिउणा से ज्यादा पिउणा दिखाएगी	So this Capital of Culture 2015 can show more than its favorite drinks to its visitors.
तत्तो य बहुविगप्पं विचिन्तिऊणं विज्जाहरनयरम्मि, विज्जापसाहणविमुक्क! सत्थाइपरियरिओ	In fact, there were several times when he checked it after only 20 seconds!
तत्तो य मए चिन्तेन्तो केवलिणा'णिहमणाणं'लिहिओ मए सहसा	I think that one day I will find a way to write John Hamon in a more sustainable way.
एवं विचिन्तिऊणं इहं दोहिं संकेतं	And by this they'll believe, by these two signs.
येल्त्सिन कमसो कमसो 1995 ईसवी धरि पिययमाणा।	Yeltsin was loved at least until 1995.
ई. जी. एफ़. सहायता राष्ट्रीय, क्षेत्रीय और स्थानीय स्तर पर सदस्य राज्यों के प्रयासों में जोड़ी जाती है।	EGF assistance is added to the efforts of the Member States at national, regional and local level.
यहाँ तक कि सोवियत संघ में भी शुरू से ही एक अच्छा विमान बनाने के लिए।	Even in the Soviet Union already from the beginning to build a good aircraft.
तं मे केणवि शाबाणमासे दंसन्तीए न दिट्ठं, जह तुमं मणुयाणमासे सोऊणं ताहि मए भणियं।	I did not see you fasting in any month as you do in the month of Shaban".
मार्को एन्तोनिओ मए सहसा कयाइवि निज्जायस्स	Marco Antonio I usually don't care about my physical health.
एत्थन्तरम्मि वसन्ते (1977) सव्वं हवे, पत्तं वसन्तो नत्थि जं वसन्तो	This spring (1977) has everything, but nothing that belongs to spring.
चित्रं 37-एवं विचिन्तिऊणं?	Image 37 - And this proposal?
एवं वणिऊण लोयणसहं अन्ततः पुरिसाओ अम्हाणं	And now we finally have the evidence, with the van and the loot.
जो ओटावा विश्वविद्यालय ने मेरे लिए किया, वह क्या कोई और विश्वविद्यालय कर पाता?	Would another university have done what the University of Ottawa did for me?
एत्थन्तरम्मि दठ्ठूण कइवयनियसिद्धान्तो, विज्जाहारो केणावि असणिवेसियकज्जेण	Now, let's just see what she did, some of her false doctrines, what was done.
[<ID1] थामूद ने चेतावनियों का खंडन किया।	[54:23] Thamood denied the warnings.
तं जाणइ सङ्कुट्ठिएण देसाइं खुज्जन्तेणं	They knew that as small countries they had to remain open.
26 साल की उम्र में मेरे पास कौन से विकल्प हैं, 12 लाख अमरीकी डालर के साथ?	What options do I have at 26 years old, with 1.2 million USD?
तं दट्ठुं इच्छियं मए भणियं तेणं गुरुसोगं।	They want to see – or I think they should see – a true Master.
जइ अज्जवि तिमू अवहेलनाइ करेमि ता किं कायव्वं?	What do I do if Timu ignores me today as well?
तत्तो य मए वज्जरियं तं चिय एयं कज्जं, मोबिलिटि प्राब्लंसु एयं मज्झ एयं	Actually that’s what I want to do from now because I have mobility problems.
गम्भीरं वा गम्भीरं: <8 अंको.	Serious or severe: <8 points.
टोमआ अन्नं पालयन्ताणं सुदुक्खुत्तं	Tom is looking forward to making a suggestion for his planet.
तत्तो य मए एसा कहिय कारणमेगं न लब्भइ।	I do not see any reason, then, to say that this is a heresy”.
अम्हाणं दोवि जाणाइं आवज्जाए, एएण तो 110इयपरिसं जीवाणुराययं जाणिए	We need to know two things: first, we need to know the survival rate after 110.
किन्तु उवविट्ठा तओ होइ (हसिऊण)।	But there will be one (smiling).
17इंसाणं पव्वज्जसु सत्थेण, तव्विहियं सच्चं तं वयणं	[17] Sanctify them by the truth; your word is truth.
सच्चो मुस्सलीं सच्चं अप्पावइ जाअं।	A true Muslim submits to the truth when revealed to him.
अन्नेण भणिए मए तेण विन्नायम्मि, विच्छड्डेणं मए भणियं एयं	26:20 He said: ‘I did that when I had gone astray.
एत्थन्तरम्मि मए भणियं जेण मए 26 मई, 2007 ता पुर्तगालिया सही उवायं	I would like to state that the statement I made on 26th May 2007 in Portugal is correct.
सव्वेवि समागओ आरम्भे 25 मैकआर्थर अवेन्युए।	Everyone will meet at 25 McArthur Avenue to begin.
108. सो मा कुण सन्देहो इअस्स वअणम्मि जेण इमाइं पुरिसा	108 So be not in doubt (O Muhammad SAW) as to what these (pagans and polytheists) men worship.
तुह संसारं मणुस्सत्तं विसयसोक्खं विमोहिओ, जो मणुयाणं च उज्जाणं सव्वम्पि हु जुत्तं	You have to save the world from the evil demons, which wage war against humanity and the other races of light.»
- तत्तो य 1990 मे वाशिङ्गटनं अन्नेण विओगेण समत्थएण, विज्जाणपरमत्थओ वि तह उल्लङ्घियया	— At the same time, in 1990, another major agreement was successfully negotiated and then violated by Washington.
2006 के बाद से, अधिकतम दो अंतरराष्ट्रीय भर्तियों को भी प्रवेश दिया गया है।	Since 2006, a maximum of two international recruits have also been admitted.
देवं चिय महया दोवि हु अम्हाणं सुदुक्खत्ता	I thank god my mother became better in two things.
अहव नवि मज्झविरुद्धं सव्वं अभियानं सी. आइ. ए. णग्गो सङ्घटइ?	Maybe this whole campaign against me is organized by the negative part of CIA?
एत्थन्तरम्मि दिव्वमणिणो देवस्स कह णु होहिसि?	Where are God’s men in this day of God’s power?
जाणह तुज्झ दुःखं कयाइवि अन्नदिवसम्मि।	Know that one day your pain will become your cure.
मे उवऊढो पाणियविहिणा अमेरिकानिहत्ताओ	I saw them develop Rivers of America without water.
सो पूइज्जइ कत्तो य खग्गं मज्झ वरईओ, चारवरिसो उवविट्ठो अहयं पच्छाए	He ask when will you forgive me, it’s been almost four years (since I caught him, that is).
अम्हेवि हु बारबरा तस्स, एवंवि हु सव्वेसिं बारबरा होइ सक्केमि।	I was just Barbara, and I could be Barbara for everybody.
जेण न परिचिन्तिज्जइ तेण मए सव्वुत्तरं 2005 ईसवी विणी बे गुडया निर्देशकं	For those who do not know me, I am first and foremost the Director of Vini Be Good, since 2005.
हु??, 14 दिसम्बर् 2010, इयोरोपीयन स्टडीस् इन्	who ?”, 14 December 2010, European Studies in
णवमं घरं पव्वज्जिययं तत्तो अम्हे जिणस्स अरियं इच्छामो	When the 9th house is powerful we want more meaning in life.
एवं दियविलासं भणिओ सदा सच्चं भणियं	And the Devil said, "Always tell the truth.
लोओ सुज्झेणं होज्ज वयणं, पव्वज्जियरिओ पभूयकरणपरायणजणओ जाव	People must be cleansed; they must become doers of God’s will before they can enter the heavenly kingdom.
तेण विओगोविओ जेण विएन्नाएण तेण एयं, ता एयं विओगाणं अहमं तयं एयं	This is why the F/A-18 is so important to us as a tool.
रसूल (सल्लल्लाहु अलैहि वसल्लं) के घर में न घुसे।	Enter not the Prophet's houses
(अम्हे विज्जाहराण अहवा अहवा अहम, एवं अम्हे समुट्ठिया अहम एसा मण्डली	(We are individually important, and we are collectively important as a unified church.
एत्थन्तरम्मि संत अल्बानस्स भावचित्रं, एत्थत्थे तेसिं जिणिन्दस्स	Here is a picture of St. Alban and here is his Life.
नए राज्यों की मान्यता पर यूरोपीय समुदाय घोषणा, 1991 भी देखें।	See also the European Community Declaration on the Recognition of New States, 1991.
* महिलामेगं असरइ न होइ इओ सिद्धो।	* It has no effect on women this has been proven.
अम्हाणं खेमं तत्थ दुक्खिणो वाशिङ्गटन, ताव य विच्छड्डेण उवविट्ठा समुल्लवइ	We regret that Washington continues this destructive line.
सो धवणाओ निन्दिऊण खयराहिवस्स पासुत्तो, दासो भरिऊण बन्दूको दइओ पहरिणीए	The white man refused and shut himself up, while his servants kept guard night and day with loaded guns.
अमेरिकी मुद्रा economics.22 में मामले कुछ भिन्न थे)	Matters were somewhat different in American monetary economics.22)
कइवयारो लोओ दोवि दन्ता दोवि उवविट्ठो,	They found some blood, they found two teeth,
तेणं काउं बलं देंति, तेणं सम्पइ तुमए सह सम्बन्धं!	They provide something stronger: they are a connection with YOU!
114 अम्हे पुणरुत्तं विज्जाहरनियरं तुह अन्नेण पुण्णेहिं	114 We want to draw your attention to another little man.
सो इन् लव विट्ठू विअत्थं उ. ण. वि. प्रसिद्धं कयाइं	So In Love With You made famous by U.N.V.
किं जओर्ज डबलु बुस्हं जाणइ जेण तीए कयाइवि कयाणन्ति?	Did George W. Bush know that these devastating disasters were going to happen that day?
एत्थन्तरम्मि कयाइं गओ अज्ज मोत्तूण, कयाइवि मिसरनिमित्तं एत्थ गन्तुं	They Left This Morning, Something About Egypt…
मा भणसु खणमित्तदिट्ठीए तुज्झ दिट्ठीए, दिट्ठो रहस्सं विसयसोक्खित्तचित्तो'य	‘Do not swear; your eyes are big with a secret.
सो देवदेवालयं कत्तो सञ्जाओ?	how can he take care of God’s church?
अन्तेएण अम्हाणं कज्जं मापयन्ति 0.3 वाटस.	Finally, we have a measurement to work with: 0.3 watts.
शेष मुख्यतः I एवं E3b की न्यूनतम उपस्थिति है।	The rest is mainly I and a minimal presence of E3b.
वामपंथिया किम्पि भयन्ति ग्रीसिया?	Is there anything to fear [from] the left wing in Greece?
ता किम्पि सा एयं जूनमासेए कायव्वं, अवहरइ अणुरायरूवेण तीए परिच्छेओ	What she does during this month of June, using her last forces.
तेण पुच्छिज्जन्तओ तत्तो'ण्हाणं तुह 12 पत्तो पत्तट्ठो	He began asking, "Give me the 12 details of your own individuality.
ते मज्झ स्पेसमिरीनस्स... एवं जाणन्ति भयवाणेण।	They are my Space Marines...and they shall know no fear.
एत्थन्तरम्मि सच्चो'राष्टिय'टेलिविज्जणो को होह!	Who is the real “national” television in these conditions!
एवं च जइ अम्हे वि मणुस्साए, ता किं अम्हे परमावसे पुज्जेमो?	And if we are human beings have we reached the Absolute State?
टोम जे जे रेमिडीज बनवइ तेहिं अतिरिक्खं	The remedies that Tom makes have something extra
तं वा अक्सुमं तीए सत्ता बहुविहविक्खाया होइ	You or Axum would have divided her power among many.
तुमं कमइया व्यवस्था को कारागार समझोगे।	You can consider the Kamaiya system as a prison.
एवं जाणेणं आसन्नं आसन्नं, तं गन्तुं इच्छामि उवायं तत्तो	And knowing it is around the corner, I want to nudge [it] in that direction.
तं दट्ठुं पुत्तं तं हत्थिणं तु जीवियं मरणं पवत्तं	You see, son, in your hands you hold the power of life and death.
इयाइं युरोपाइं पञ्चदेशाइं (महया चिन्तिऊण) दर्जाइं।	It was recorded in five countries (I think) in Europe.
तेण भणिओ सो मण्डलीहिं कायव्वो सो मण्डलो मज्झम्मि	he said, "You see, the Acts was only scaffold work for the church.
तेण भणिओ सो मण्डलीहिं कायव्वो सो मण्डलो मज्झम्मि	he said, "You see, the Acts was only scaffold work for the church.
(ल) न य ते परमत्थरे आयामे एवं घणमाणे, किं तं सच्चं?	(L) No, they are in other dimensions and densities, is that correct?
किं देवेण समीवयं: तुज्झ सुणं न य तेण समं?	Which is right in God’s eyes: to listen to you, or to Him?
किं एसा खेलं अच्छइ मह 75 साला अज्जमा, निसुणेसु नाह!	Is this a good sport for my 75-year-old grandmother, certainly not.
भणइ कह तुमए खोया व पाया अम्हाण केणइ टैक्सीए	Tell us what you lost and found in one of our taxis ...
उदाहरण के लिए, आपको केवल एक ही लेख की आवश्यकता है जो जर्मन की तुलना में कम डराने वाला लगे!	For example you only need one article which seems much less intimidating than German!
3. 11 ई. यू. नागरिकेणं रक्खणं।	3.11 Protecting the EU citizens.
तेण तेण तं मणुया कयवयंसं अन्तं, कइवयम्पि भवसकलियाओ जोगियव्वाइं	That’s because they believed that at the end of the year some monsters would wake up.
जो मित्तं परं तं इच्छं परं।	He that is greater than his friend, his desire is greater.
ई. यू. का विकास साझीदार अब तक परिपक्व क्यों नहीं हो पाया?	Why the EU is not yet a mature development partner
तुह उवविट्ठो सीसं ताव तं ठण्डी ठण्डी	You put cold things in and they stay cold.
एत्थन्तरम्मि ते भणन्ति सञ्जाओ सयाओ, सम्मीलिअअमेरिकायाए कयाइवि वसन्ति	Meantime, they say, 007 lives quietly, somewhere in the United States.
एत्तियमेत्तं तुज्झ व्लादिमीरकयारा कहसु एसा।	Just tell us what Vladimir has on you.
[ए. डार्चेविल]-"आओ इस प्रसिद्ध रात को वापस जाईए।	[A. Darcheville] - "Let's go back to this famous night.
फलं जं किंचि वि होइ, ताहि काएण वयं क्रेमलिनको धन्नवाद देवो।	Whatever the outcome, we may surely thank the Kremlin for that, too.
ई.-151 वड्ढन्तो वरिहाओ पयत्तो पयत्तो।	E-151 The old man preached for years and years.
(2) गिणी के दीहरे खाके को अमल में लाने के लिए हमें वास्तव में 10 करोड़ डॉलर से अधिक की आवश्यकता है।	(2) We actually need much more than $10 million to execute Gini’s long-term roadmap.
जोगो च्चिअ विज्जाहरनियरं देवपमोएण पत्तो, सोवि हु खयराहिवत्तणं नासन्तो	When we exploit creation, we destroy that sign of God’s love.
जह जह नयरम्मि नयरे तीए तत्थ परिवत्तणाओ होइ, तहवि हु सरणं व ईसाणिययं होइ सञ्जाओ	Just as when babies are born they go through various stages or changes, so too with the creation and God’s Plan.
जो चिकित्सा प्रक्रियाए अब तक संभव नहीं थी, वो दुनिया के सबसे छोटे कैमरे से संभव हो गई है।	Medical procedures that have not been possible until now become possible with the world’s smallest camera.
ता कीस इण्हि वसुमईए जेण तुमए घरम्मि न होइ, ता ड. वाटसनवाओ भाणुवेगो?	What if you hadn’t been home when Dr. Watson called?
डन जे. आर... सम्भवत राष्ट्रपति ताए।	Don Jr. … potentially the president himself.
(एत्थन्तरम्मि पेक्खिऊण सव्वेसिं मण्डलीए।	(We will see this for each of the churches.
निसन्देहे एसो देवा पुत्तो'(Mk 15:39)	Surely this man was the Son of God" (Mk 15:39).
निसुणमेव तं सव्वम्पि हु तेण तिण्णि लुक्काण सामरियं!	He obviously wanted the support of his three hidden martial uncles!
इङ्ग्लिश केफ़े रेस्त्राणं, विच्छायसमई जाइं, मिलिए सुयणु!	English cafe restaurant, typical place, see you soon !
जइ तुज्झ नबालगस्स तेण अम्हाणं बीअर मंगाइं न सक्कं	Our beer cannot be ordered if you are a minor.
अगला कदम 11/11 को सही मायनों में वैश्विक लेना है।	The next step is to take 11/11 truly global.
तं तम्हा हत्थिएण सय एक्कयं कायव्वं।	You will need to create 100 units with your Elephant.
सम्पइ मणुस्सत्थं पव्वज्जं देवतत्तणं च दयं च	to bring the message of God’s tenderness and compassion to the entire human family.
जेक द आर्क पर सभी के लिए एक उचित अवसर में विश्वास करता था।	Jake believed in a fair chance for everyone on The Ark.
देवयाए एयं एयं दिणं विचिन्तियं एवं, निययपयावो नियपरियरिओ निययठाणम्मि	God created this in a day and He did it according to His specifications.)
सो सच्चो एवं अद्दाओ यहुदी मसीहा आया।	He came as the true and only Jewish Messiah.
कयाइवि खयरं गयणेहिं देसभरियं।	Something evil will go forth from nation to nation.
एवं सव्वं'सम्पत्ती'नामेण।	And all in the name of ‘peace’.
दुज्जणपरियरिओ य परिच्छेओ य खण्डो ओजोणपरिकोसो, तो उवयारो समुल्लवइ	The second sentence would be appropriate if your paragraph or section focused on ozone.
(ग) तुमए परिच्छेओ न कि अम्हाणं मासानिमिमं कायव्वं, जं च तं चेव अम्हेवि समाढत्तणं इच्छामो	(c) You don't cover what we should do for 0-5.9 months as we want to include them as well.
(जं मन्दिरं पुणो विओयाइं तं तं न कायव्वं।	(Because they cannot defend the temple - which has been rebuilt.
एसा ता कहवि हु जो देवकारणं न जाणइ।	Such are the words of those who do not know God’s work.
कहकहवि इसराएलं वित्थरओ सो तं समागओ	Say, “The one who scattered Israel will gather him
तत्तो य तेण देवेण तुह विरहो एसो	That's the day you separate yourself from God.
तत्तो य तेण भणिए मरियं तु तेण कायव्वं।	He then said, ‘Mary, you can do better’.
इण्हिणिओ वरिओ धरि'ID1'दिट्ठं होज्जा सन्माणाणं	It was an honor to watch #18 for all these years.
फेबुअरीअच्चिय आलोचिओ तुज्झ वज्जरसु।	Agenda of February: You are free of your burden.
अहं भणिओ सिग्घं देवेण य केवि सन्तजणगेणं, तत्तो य तेण सङ्गीयं कायव्वो	I said, "Because if you ever associated with God or with any of the saints, you'd associate like that.
सव्वेवि जाणइ जेण मए निययरज्जाणेण, स्पेनिया महं खिच्चन्ति।	Everybody knows that due to my personal situation, Spain attracts me.
उदाहरण के लिए, आपको तकनीकी रूप से 5.32 एन. ई. ओ. रखने की अनुमति नहीं है।	For example, you are not technically allowed to own 5.32 NEO.
तं जाणह तिहुअणं भगिणिऊण तेण ओ नाहं, अम्हेवि वल्लहिओ कहवि हु तेण	You know, after calling them monsters–oh no, we can.
घरसामिए वि भूलिए वि तेण वि, ए 7/11 तं रक्खिस्सइ.	Even if you forget something at home, a 7/11 will save you.
Top 5: गुगल मिसिन्निंबन्धं नत्थि गच्छं पत्तं	TOP 5: nothing seems to stop the Google machine...
ई 47 विबुद्धे नियमाइं पालयन्तीए तुज्झ समुल्लवइ	You are supposed to be normal if you follow these 47 stupid rules.
मए भणियं न याणाइं जेण ममन्ति देसए पुणो होज्जा।	I can’t believe [terrorist attacks] are happening in my country again.
L176.2 * मुख्यतः उत्तरी यूरोपीय प्रतीत होता है, हालाँकि यह स्पेन में पाया गया है।	L176.2* appears to be primarily northern European, though it has been found in Spain.
(नरनाहं जं भणिओ तं चिय मण्डली जं भणइ, वज्जरइ तं जं देवस्स चित्तं)	(Not what men say, what the church said; but what God's will was.)
तेण भणियं तुज्झ मए भणियं एसो गधासम्मो (अब्भहिओसंसंगीओ), जं केवलिवयणं महमहल्लं पट्ठविउं तरइ	He told me, “Your brain is just like a donkey [a symbol of inferiority in the Arab culture] that can get you only to the palace door of the king (Allah).
1मज्जं पुणो समोसियं होइ कायव्वं	1 – The meat must become occasional again
अण्णं भयं जाणइ सो चित्तवेग'।	He knows only the fear of his heart.’
एत्थन्तरम्मि पुणरवि तव्विहसंदावा तेण	Now he or she will receive your messages again.
सहसा कहकहविओ तओ तीए सत्थलोयणाए, भुत्तोविहकीलाए भज्जाए भद्दा!	In short, this 5.7 meter female was starving!
इयमेव जिणस्स ओ सञ्जाओ'।	This is life and peace.
उवविट्ठो सहसा जन्तुं पयडीए विज्जाओ जो अक्टोबरिया फरवरीया जाया	You were typically looking at animals, nature, scenes that could have taken place in October or February.
ए. एम.: हमास के भीतर एक स्पष्ट सहमति है।	AM: There is a clear consensus within Hamas.
जाविई नेहराए कहा,'साफ तौर पर एसा कठिन मामला, जो क्रिस और टीम से ज़्यादा जल्दी हल न हो।	It is clearly a difficult situation which no one wants resolved more quickly than Chris and the team.
न चिन्तेमि अम्हे नाइजीरियामेण नट्ठिएण, नट्ठो निवेसणेण गन्तुं जायाइं बहुयं	I don't think we will be losing too much to Nigeria as an investment destination.
छग्गाइं मि. क्लार्कं पुच्छंति कीण जाइ अण्णं आयामे	The boys ask Mr. Clarke how to travel to another dimension.
अज्ज तीए राजकुमारी दट्ठुं अज्जं, दिट्ठं साहसं असणिवेगं जं असक्कं	Today, this princess has finally seen what false bravado was.
(सो पाउलस्स बहुसो पीतरनिमित्तं वज्जरइ एवं,	(It is often for Peter that Paul suffers and works;
बुल्गारिया एवं साइप्रस (नीचे) केवल वे हैं जहाँ आप अपने मूलधन की वापसी की उम्मीद कर सकते हैं।	Bulgaria and Cyprus (below) are the only ones where you can expect your principal returned.
ग्लुअरी ली के अण्धे हिस्से को किस ने मार डाला?	Who Killed 1/2 of Glory Lee?
- मिसेल्लेः ब्राज़ीलिया कई तिट्ठिया समल्लीणा जाआइं	-MICHELLE: Several dates are being negotiated for Brazil.
अम्हे सव्वेवि जाणामो देनियेलाणि एत्थ सदा बहु पासम्मि	We all know that Daniel is always very quick here.
तत्तो य मए भणियं 1933 ईसवीए स्पेशयल आर्डर 48ए नाजीओ भणिओ, अम्हेवि एयं तुह रक्खणं कायव्वं	I will tell you that that’s exactly what the Nazis said in Special Order 48 in 1933 – we’re doing this to protect you.
एल. ए. तीए विरायमाणॊत्ति-तुमए सहरं कह णु दट्ठुं?	L.A. is so big – how are you going to see the city in one day?
इत्तालीयाइं स्पेणाइं तओ किम्पि जिणिऊण विहिणा, कयभए वि गिहउव्व वीसत्थओ जिणएण	In Italy and Spain you must win something in the first year, sometimes in the first week.
(पढमं कयं जम्पसत्थं पारद्धो सो भवियव्वं।	(You probably realized how the text jumps from one line to another.
हो सकता है कि कई पर्यावरणविद अतिशयोक्ति न कर रहे हों!	Perhaps many environmentalists aren’t exaggerating after all!
किं इज़राइल ने युद्ध के दौरान उचित मानवीय पहुँच की अनुमति दी?	Did Israel allow proper humanitarian access during the war?
निसंसि तुमं फेबियो को श्रेय दाणं, पर तं चेअ जाणामो अम्हे वि	Of course you have to give credits to Fabio but we know him.
जेण तेण राज्यॆ नाणाविहत्तणं कुणन्ताणं, जाणन्ति जेण यवेदयपयावो हत्थाओ तत्थ	When they desire to harm the state, they know when a Jew is targeted, the state is hurt.
कुरआण तस्स सिद्धो सच्चो एवं हत्थो	The Qur’an is in his hand complete and authentic.
एयं समीवयं विणा सतम्पेर 2010 आवं पुणो वयं कस्स वज्जरियं एयं न याणामो	Without such an approach, in September 2010 we will again be in a position of not knowing who to vaccinate.
किन्तु अम्हेवि इच्छामो तओ इओ सत्थमहत्तरम्मि, दिट्ठो 1.5 करोडियाओ लोओ उवविट्ठो	But we want it to be really important for 10 or 15 million people.
एरिसे (एरिसे) आगन्तुं पेच्छह समयं कत्थ रूक्का	Arriving in Erice (Erice) you can see how time has stopped.
कयाइं विज्जानिमिट्ठाइं परियोजनानिब्भावाइं, जं तुज्झ दंसणमित्ताइं ताहे सिग्घाइं?	How many 20-minute projects do you never attempt because you only have 10 minutes?
सेवावईए वि. वि. ए. विए विए न केवल1% वुत्तन्तो!	Even not 1% improvement in services and electricity!
अच्छउज्जाणं पेच्छह पुरिसस्स इह 5 निट्ठुराइं, जाआइ विज्जाहरनयराइं परिचिन्ति	These 5 candid things about a man can be found if you look at his father
जेक्सनसोगं लक्खाइं तहिं वि एसा मज्झ वरतावाया	Jackson has millions yet this is how I get treated.
ता एसा एयं अलम्बियं एत्थ अहं गम्भीरं न हु	That’s what this album is: I’m no longer serious.
किन्तु एत्थन्तरम्मि न एरिसयं जोयल्ले दोवि परियणेयाइं	However, this does not mean Joëlle will be able to be compensated twice for her injuries!
निज्जियया कयाइवि एत्थ चिन्तिऊण राजाए	「Indeed a King may need to consider such things.
कहकहवि हु एत्थन्तरम्मि जेण करेमि दियरो तेण वि बहुविहविपणयनयरं	I must say that what we are doing here [at Dior] is also selling very, very well.
अज्जं च तीए अन्तिमे दिणे किं न होइ सव्वम्पि? मूल्यान्वेसणं?	Why not rather from its last day—from today?—Revaluation of all values!
तत्तो अम्हे विओगेहिं परियोजणाइं जेण ले मणुस्स.	We could then use them in such projects [as Le Mans].
तत्तो वड्ढन्तो तत्थ पत्थावो एत्थ, दोन्निवि मज्झवि न हु नत्थि पत्तट्ठो	« There is growth and then there's decrepitude; There is nothing between the two.
तत्तो वड्ढन्तो तत्थ पत्थावो एत्थ, दोन्निवि मज्झवि न हु नत्थि पत्तट्ठो	« There is growth and then there's decrepitude; There is nothing between the two.
तत्तो वड्ढन्तो तत्थ पत्थावो एत्थ, दोन्निवि मज्झवि न हु नत्थि पत्तट्ठो	« There is growth and then there's decrepitude; There is nothing between the two.
एवं विचिन्तिऊण केवि हु होज्ज, किञ्चं पि हु जणो आसिओ अहयं एयं	And people, some, can just only, maybe, come one night.
उवविट्ठाए भणियं सच्चं अम्हे वि, तेण विणा अच्चाए विणिवेगेण वि तेण	Their excuse: "We thought it was true so we printed it without checking.
अप्पर ईस्ट साइड पर कभी भी पर्याप्त मनोचिकित्सक नहीं होते।)	On the Upper East Side there's never enough psychiatrists.)
कण्हस्स 946संखयरं परं गन्तुम् इच्छसि?	Do you want to go even further with the number 946 ?
भणियं वा न इण्हिं 2008 मे कुत्तो व बिल्लिओ कओ मणुयत्तं नाम'मैक्स	Believe it or not, the most popular name for dogs AND cats in 2008 was “Max”.
पञ्चमं चिय दूसहं नगरं पोर्तगुलं तुह दंसणं बहुविहं	On the fifth day, the second city of Portugal has a lot to show you.
निज्जियसए ते च्चिअ राष्ट्रपतिसं रक्खन्ति, जं तुज्झ अज्ज पेच्छह।	They were, in fact, protecting their President, as you now see.
जस्स पुत्तीण चिन्तइ तओ एसा विज्जाहरसम्मत्तं	As if Putin considers that this particular consensus should even have existed.
माणवं न याणइ समयं देवस्स जिणं	Man does not know the hour of the Lord’s Victory.
4: 00'तं देसाणं रक्खणं जो अम्हाणं साहियं कुणइ.	4:00 “of protection to those countries who support our efforts.
जस्स य तुमं जणओ इसराइली सत्ताधीसओ न नयणे मासेण मज्झ फलत्तीणियाओ	As you may know, the Israeli Authorities have not allowed me to return to Palestine for 9 months now.
जइ आकस्स एवं समुद्दस्स मसिणी य,	If the sky and the sea are as black as ink,
तत्तो य तेण दोन्निवि अन्नेहिं फुट्टबालं दट्ठुं, तत्तो अन्ने सव्वोवि हु सुहं होइ	Similarly, Anna would be happiest if they both watched football.
किं मए विहिणा विहिए X115® मणुयजुत्ताए, तह वि हु महिला अणेत्ताए?	Can I use X115® Man-Woman even though I am a Woman?
एयस्स वीसत्थपसरिओ तीए सो विज्जाहरनयरम्मि, फ्रान्समए उवविट्ठाए तेण विज्जाओ	When you see his program this week, he made an exception for France!
किन्तु सम्भवत. 7.7 बिग मैक से अधिक।	But most likely more than 7.7 Big Mac.
तत्तो य अम्हाणं सव्वम्पि कज्जं, निज्जियअणाणन्ति वि किं जामिणीए?	Therefore, why freeze all our actions and even our personal accounts?
जाणामि तुर्कि साइप्रिओट्सं अणुरूवन्ति तुर्कीयासेनाहिं, तुर्क्कियसेनाइं सुरक्खन्ति एवं समुप्पन्ति	I know that Turkish Cypriots feel that the Turkish forces offer them security and protection.
वज्जरियं इमीए सत्थं 17 मिलिय बी. टी. सी. न पहुच्छाए।	We have not really hit 17 million BTC yet.
सोऊण सच्चिय तिन्निमित्तं जिण्हणं इच्छइ, एवं करेमो अम्हेहिं तेण सह तीए	He really wants to win the triple crown and we would like to do it with him.
जेणं मयरद्धयं मोत्तूणं तं ण जायं कुणइ इमाए	No harm will come to those who are in the state of grace and who seek My Mother's protection.
5: 39'दो अन्य अस्वीकृत शोध विषय हैं।	5:39 “are two other non-allowed research subjects.
किं अम्हाणं देवो भणिओ तं आसन्नं आसन्नं एत्थ लोके?	Does our Lord say that it is going to appear immediately or anywhere in this world?
कहानी सुनाने के लिए आठ एपिसोड वाला एक बड़ा केस होगा।	[There will be] one big case [with] eight episodes to tell the story.
देवो रायो जं अम्हाणं मग्गियव्वं, सरलं सिग्घं सुयणु!	God’s opinion is what we should seek in our country – simple!
किन्तु सोवि हु सुप्पइट्ठो य भगिणी कृतज्ञो य	But he is sleeping, and his wife is grateful.
तव्वयणाए कहा,'हम मानते हैं कि इस मुद्दे पर काफी तकनीकी काम भविष्य के लिए बना रहेगा... लेकिन यहां मैड्रिड में एक समझौता महत्वपूर्ण है।	We recognize that a lot of technical work on this issue will remain for the future… but an agreement here in Madrid is crucial.
कज्जं उवविट्ठो य बद्धो वयंहिं	We closed it as we close a book
एत्थन्तरम्मि ग्रीसए पत्तो धन्नो परिवारो जं अम्हाणं जीयं।	At the same time, there are 10 rich families in Greece that are living at our expense.
इओ बहुविगप्पं एवं च ठिए लोओ सव्वोवि हु जुत्तं मैरी जेण	It is very popular and people appreciate their Mary Jane every day.
परमत्थं तुज्झ विच्छड्डेणं कयं एयं वयणं।	But it’s really how you dissect your year.
अब्राहं तं सव्वं दट्ठुं।	Abraham saw all this.
एत्थन्तरम्मि अम्हाणं विज्जा सूरेहिं।	In the meantime, we have science in the sunshine.
तत्तो य लोओ उज्झिज्जइ चित्तवेगो मुणिवरिओ, जह तुमं निब्बन्धं न कायव्वो तत्थ कज्जेण	So may people put their hearts into a movie, that unless you feel compulsively strong about it, there's really no point in doing it.
तीए तओ पासम्मि अब, फर्नान्डो	They were closer now, Fernando
रेड वन अफरीकी उत्पादों का अंग है।	Red One is part of African Products.
टिड्ड, तुज्झ जं चेव मज्झ आसाए, अम्हेवि भणियं पुणरवि सङ्गीयं कायव्वं.	Todd, wherever you are, I hope that we will make music again one day.
सिकन्दरस्स ओ सकन्दरसन्दोहो तुह सहिओ सुहं! 06:20	Alexander, Alexander is good with you! 06:20
एयं सूरो न होइ किन्तु तं चेव सूरिमाणस्स	It’s not the sun but He created the sun.
अम्हे विहिणा संसारे दुज्जणनिमित्तं इच्छामो, एवं हि निन्दाविहिणा उवविट्ठो	We want to confront an evil world, and there’s a reproach to bear.
एत्थन्तरम्मि पारम्परिकरवयंसरणाइं, अह तीए वयणं सोऊणं 150 इयरे!	This means that their biological age is 150 years if we use the traditional formula!
असणिग्धं नाम करणमेव संसारे दुक्खं	Wrongly naming a thing is to add to the misery of this world.’
अतीत एवं भविष्य में ब्रिटिश सेनाओं के समर्थन के लिए राष्ट्रपति आभारी हैं।	The president is grateful for the support of the British forces in the past and into the future.
नाणाविहरणो पयत्तो कयवि न कायव्वो, जं कि क्विड 10 आव दंसइ।	Never use it before the denomination as in Quid 10.
तत्तो य मए जाणिओ इसराइलीओ सहसा इओ इओ पाविऊण	In reality, I know the Israelis will soon commit another crime.
जइ वसुमईए चित्तसेणो जइ से आसि तहा चित्तमाला, जिणभवणे न य तीए पारद्धे कन्नम्मि	If words come out of the heart, they will enter the heart, but if they come from the tongue, they will not pass beyond the ears.
कित्तियं अम्हेवि निच्चं न होइ, कज्जेण अम्हे वि गाहाए लोएण'(915)	How much we cannot be sure, for we are among the losers” (915).
आउं 457 विसा ऑस्ट्रेलियाइं के कज्जाइं पासपोर्ताइं न होइं, जं आसीराइं कज्जं होइं एवं होइं।	We’ll no longer let 457 visas be passports to jobs that could and should go to Australians.
तं सुरक्खियइ (अह न जीवइ) एवं पिट्ठं जायइ।	It is preserved (not so alive) and later disappears.
एवं दियविलासं भणिओ सदा सच्चं भणियं	And the Devil said, "Always tell the truth.
एवं च जइ तुह अ सोहियवयणं होज्ज, तं चेव उवविट्ठा जं तुह दट्ठुं	And if You are unfairly treated, He must suffer the unfairness that You see.
एहि दुहुदिवसे कई यूरोपीयसंसदसभीओ एवं/वा तेण सहाएण दट्ठुं	We saw several European Parliamentarians and / or their assistants during these 2 days.
1-0 काफ़ी हुआ, जहं तओ तेहिं अवमाऊणं वयामि	1–0 was enough, as long as we could humiliate them.
तं जाणइ तं सव्वसत्थं एन. बी. सी. तं कायव्वं, तं चइ तं चियव्वं च	He knew he could make NBC Everywhere a reality, and he did.
प्रधानमंत्री ने कहा, "सदस्य देशों द्वारा लिए गए निर्णयों की बदौलत ईएसए और यूरोपीय उद्योग एक बार फिर अपनी नवान्वेषण क्षमताओं का प्रदर्शन कर रहे हैं।	Thanks to decisions taken by Member States, ESA and European industry are demonstrating once again their capabilities of innovation.
(तेण भणिए सो विहिणाओ दुसहम्मि परमत्थं।	(He says he joins other Christians in their suffering.
एत्थन्तरम्मि केवलिणाओ चित्तवेगाइं (58)	It can also enhance the mood of some people (58).
देवो सव्वं दण्डं सयंवरचित्तेण निवडेइ।	God has carefully chosen each of these seven punishments.
किं तुमए कायव्वं? 85 प्रतिशतं लोयणं न कायव्वं, तहवि य अम्हाण पुरओ वि कायव्वं.	Can you do it? 85% of people can’t, even though our ancestors could.
#9 किं भणसि अम्हेवि इमस्स महत्तं विज्जाहरनयरं?	#9 What do you say we take this great conversation out to eat?
उवविट्ठाए भणियं सच्चं अम्हे वि, तेण विणा अच्चाए विणिवेगेण वि तेण	Their excuse: "We thought it was true so we printed it without checking.
रूस (144 वां) प्रगति नहीं कर रहा है।	Russia (144th) is not progressing.
तं नत्थि इच्छइ इसरायेलिया लक्खं अरब्बि होंतु)।	He did not want to have hundreds of thousands more Arabs in Israel.)
दट्ठुं सुविणाणं नामं कुणह जिणभवणम्मि, विज्जाहरकम्ममज्झे तह वरदेसेणं नामं कहह।	Name the good things you see, the work of God’s Spirit, and the gifts He has given.
मा कुण भाया मारह भणियं अम्हे पुव्विं पहारेण दिन्नं	Do not kill your brother "We gave the flowers to the guards.
अम्हे विज्जाहया कयाइवि वियेतनाम!	We tried; we already had our Vietnam!
तेण अम्हाणं पालियव्वं निययविरायं न दिन्नं, तेण भणिए पुट्ठो प्रभु जीससम्मं	He does not give us a ritual or ceremony to follow, He says, “Put on the Lord Jesus”.
सभापतिः छहमासं वायुदलं नियन्तणं न निययं, किं एसा?	The Chairman: Six months is not a normal deployment for the air force, is it?
तेण कारणेण अहं ओबामा'नमिज्जइ विमंसणीयसमर्थन'.	I reject “critical support” to Obama for that reason.
हिट्लरकालमण्हे वि लक्खाणि मणुस्साणं गयणं... अमानवीयं	Under Hitler too, millions of human beings became… inhuman.
केणवि कम्मेण तेण नत्थि लज्जइ नत्थि लोयस्स, न लोओ नत्थि जिणभवणो तेण सुरक्खयं कुणइ	They have nothing to gain or lose by any action; neither people nor things can affect their security.
अज्ज पोलोणियो दिवस्स सयल्लो य कोणोए मज्झ	Today, like Polonio's day, someone special comes for me.
मह न अच्चज्जइ जइ विणिम्मि जणणी समुहम्मि (2)	It would not be a surprise to me, if the Woman, the sub group (2),
किं अन्तारष्ट्रीयसङ्घाए $60 मिलिययं सोक्खियाइं च'वीसत्थं?	Could the international organizations absorb and spend $60 million in four weeks?
जाणह य मए किं कमं (केएआइआरके कर्मचारी जेण एत्थ)?	You know what I done (if some of the staff of KAIR is here)?
विज्जा सागरं वि संमोहिओ होइ विज्जाओ, तेण दिन्ना बहुगुणविज्जाणं	The Ocean of Knowledge has also been remembered; He gives so many points of knowledge.
तुमं (अस्थाई रूप से) हमारे मंच से अवरोधित किया गया है	You have been (temporarily) blocked from our platform
मत्ताए कहकह'मन्निए तह तं दियहइ'(मत्ता. 7ः7)	Ask, and it shall be given,” He has promised (Matthew 7:7).
एवं मोक्खणनिमित्तं इसरायलं दाणं, तव्विहसोयकारणं पविसामो	and Savior, to give repentance to Israel and forgiveness of sins.
ई.-865आज रातिं बहु धम्मपरायण होसि।	E-865 You may be very religious tonight.
टेस्लाः किं कारणाइं समजणआवज्जरियं, मि. स्मिथ?	TESLA: Why is it necessary to understand, Mr. Smith?
मास्ट्रिच्ट मिलिए तो यूरोप मिलिएगा, अक्षरशः भी!	Meet Maastricht and you’ll meet Europe, quite literally as well!
किं तुमं देवस्स वचनं प्रतिदिनं पढसि?	Do you read a portion of God’s Word every day?
अज्ज तेण 97 रिच्छासहं सुरक्खित्तेण जीविया एसा	Today, he’s living his life in peace and safety, along with 97 other bears.
ए कैंडल इन द विण्ड'5000 गुणा उत्तम?	What’s 5,000 times better than ‘A Candle in the Wind?’
रूसिया सउदी अरब्बियया सह समागया (एवं दसउ वड्ढ-समत्थाणं सिग्घन्ति)	Russia meets with Saudi Arabia (and sign 10 major agreements).
खयरा सा विज्जाहरकालेवि जम्मेहिं तक्खणेहिं, विहियपुरिसेहिं तच्छायाओ विज्जाओ	In particular when we visited and photographed a religious Christian site.
तं दट्ठुं मए दिट्ठं तीए वयणं, तुमएवि कहवि हु परियरं होउं अज्जाए	I saw this girl, you know, trying to be someone else.
जेण ई. स. 2015 ईसवीसमए वेगवत्तेण रेकेट्टम्मि न होइ, ता किं तं उत्तरिओ रायकम्माइं कायव्वं?	If it’s not the one of the fastest rackets in the market during 2015, then how can it deliver fast responses?
ता किं रविवासरे एत्थ जयणओ न होइ महत्ता, न केवल अन्नेण पइणो अहवा पत्तो?	Would winning here on Sunday mean more to you than simply 25 points?
एवं तेण अन्नेण कज्जं मए एयं, तं ताणा तं देहं विणिग्गओ अहयं	And so that’s the last [00:28:00] thing I want to do is put that tension into his body, too.
एवं च जेण तेण सन्तुट्ठो,	And the only time he's satisfied,
[अपडेट] तुम अब निर्यो वन मंगवाओ! [/अपडेट]	[Update] You can now order Niryo One! [/Update]
उम्मिट्ठो उवविट्ठो य न य सिद्धीए 19.4%	Complaint was unfounded or could not be proved 19.4%
मए कारवियं कप्तानं 30 खोहलओ मए उचियं	I tried very much to rescue captain 30.
[22] विज्जाहरणाइं परिच्छेओ कस्स तुमं आवरणं?	[22] See Chapter 5 of Who is Your Covering? for details.
5: 50 "किंवा अम्हाणं बालाए, केणवि जणयपण्डितावियव्वियम्मि।	5:50 “or our children, through any public tutoring system.
किं एसा सा न्याय कयावि विणिग्गओ न होइ?	Is this how justice never fails?
केनेडी के सुधार आधे थे और हो भी सकते थे।	Kennedy’s reforms were, and could only be, half-measures.
इय भणिए केवलिणा कहवि हु क्रिस प्रैट्सं केणवि न समप्पंति	It’s a statement that in a few years, no one will remember Chris Pratt either.
लट्ठी: ता किं मणुस्स एरिसं भणइ निययस्स, जह तेण पिययमइज्जन्ति निययपयावि?	Stick: would a man’s fate, therefore, be to speak louder so that the woman he loves follow him?
तं जाणइ दिट्ठी सहसा दुगुणी विउव्वहणी न होइ।	He knew the team had not suddenly become twice as productive.
एत्थन्तरम्मि कह मज्झ देवा शान्ति होइ?	How can I have the Lord’s peace in all this?
1) कहकहवि हु कज्जं करेन्ताणं तो कहंहि, जं तुमए पोरणोमे दिट्ठं तं तं भणियं	1) We can tell when you’re doing something because you saw it in a porno.
गुरुवासरं-तं दट्ठुं अणन्नसरिसं दिट्ठो सिग्घं;	Thursday - you will see a person to whom you are not indifferent;
किं तुह दोन्निव कहावियावि देवस्स बुद्धीए?	Do you see God’s wisdom in these two stories?
किं तुह दोन्निव कहावियावि देवस्स बुद्धीए?	Do you see God’s wisdom in these two stories?
जीवं पवित्तं च देवस्स निययपरियणे अहमियं वयणं	We affirm the sanctity of life and of its importance in God’s eternal plan.
वेनेजुएला अपनी आपूर्ति लाइनों से दूर है।	Venezuela is far from their supply lines.
मए अफ्गइस्सं गओ हं एवं मणेण एयं नवपरिमाणं सिद्धीए	I have been to Afghanistan and I believe this new paradigm can work.
आवयं जाव तं सोऊणं उज्झिज्जउ तं जुत्तं, जं ते विसयसुज्जन्ते गुरुसेवेण सिद्धो होइ	Let us go and wake him from his sleep, that he may be fresh and ready to serve his Master.»
तत्तो अम्हे पाणवल्लहिया एत्थ आमन्तणं	So we, the water people, invite you to this.
काउब्वायजॉनी अकेले पूरे अंतरिक्ष बेड़े का सामना करता है।	Cowboy Johnny alone confronts the entire space fleet.
अम्हेवि हु वीसत्थाहअस्स विरहे होज्जा, बाला होज्जा अहव मएवि अन्नया निययगेहे	We’re going to be away for a week / my child is sick / we have other plans on that day.
देहं विणा मए समं उत्तरजीवि "।	Without a body, post-organic like me.
कुरान के अनुसार, वह अपने ही पुत्र को बलि देने के लिए तैयार था।	He was ready to sacrifice his own son, according to the Koran.
हा, निसुणेसु तओ आगन्तूणो तुह पओसिए कत्तो	Yes, of course: First, your visitors will find you somewhere.
मह परम्परागतं उत्तराइं मा दिसि, हा मज्झ वड्ढ घरं हवइ.	Don't give me the traditional answers, “Yeah I want a bigger house.
किन्तु मए इच्छाए कि उपभोक्ताओ प्लास्टिकसामग्गलाइं पर भिन्नदृष्टिए।	But I’d like consumers to view plastic products differently.
15अगस्त [2006] ता ते आसि अम्हाणं सव्वं बक्खरं धणं च	On August 15 [2006], they came and took all of our goats and money.
ते अडवीए हंसाए ते च्चिअ नेमन्तेहिं, दाउं गणणाए भीओ भयवंतेहिं	They led the nation on a wild goose chase, and now they fear the reckoning.
कारज्जस्स य विच्छड्डेणं, जं कायव्वं तं कायव्वं।	The miracle is the adverbs, the way things are done.
अतएवं न अच्चत्थं जं ऑनलाइन जूमा खेलिए विओगेहिं	Therefore, you will not be surprised that you can play online Zuma differently.
अन्नेण कज्जाणं समप्पइएण नियमा 30X.	Use the 30X rule to delegate more tasks.
15 निरुद्धविणआण कारणेण अम्हाणं साहियं असराइं होइ।	The effectiveness of our aid will be enhanced through 15 concrete decisions;
एत्थन्तरम्मि सेट्टिलैट्सं एयं, तीए बेट्टीयं आश्वस्तं कयउव्व	It’s just a satellite, he assured Betty.
अम्हेवि नयरे न केवलं कनाडासहस्स सन्धीए, भाविएवि सव्वेवि दुव्वहिया सन्धीए वत्ताए।	We do not talk only about a treaty with Canada, we talk about all future bilateral treaties.
अम्हाणं कन्फेशनआ मज्झ सब्बातनि फालिएण पुणो विचिन्तिऊण	Our Confession invites us to reconsider the practice of Sabbath (The Lord’s day).
तत्तो य तेण कहवि कह णु काहं उवविट्ठो तुमए एत्थ सग्गेहिं	Now, then, tell me under what tree you surprised them together.
तत्तो य तेण कहवि कह णु काहं उवविट्ठो तुमए एत्थ सग्गेहिं	Now, then, tell me under what tree you surprised them together.
91: 5 सव्वं आसमं व तं जं तं तं कायव्वं	(91:5) By the heaven and That which built it
अन्तिमे महादिणे देवेण तं भणियं तेण थक्केमि।	In the last great day, God will be tired of the man who made that speech.
किन्तु ता किम्पि भद्देवि य तेण पुरिसेसरिया दोवि गतमासम्मि उत्तमनराण?	But is that so bad when their predecessors were two of the best phones of last year?
जइ ते तुहपर मिच्छत्तं आणन्ति, तो कहेइ भणिउमाढत्तो	If they accuse thee of falsehood, say:
एएण अम्हाणं कम्मं जं ण जायं, पुव्विं कायव्वं कायव्वं एयं	The task before us now, if we would not perish, is to build the Earth.
233 तीए भणियं तीए पहञ्जणो सो चिन्तिउं एयं	231 Sister, you that wear those clothes, think of it.
एवं विचिन्तिऊणं इमेण तेण इमेण पुरिसेहिं, तेण वि तेण केत्तिओ य पुरिसो होज्जा?	And [even] assuming the dead bodies in the photos are Jews, how many [Jews] could there have been at the time?
(...) एत्थन्तरम्मि सङ्घेण (एन्. बी. ए.) कज्जेण जटिलसद्देण।	(…) We are in a complicated situation right now, as an association (NBA).
अम्हाणं दोन्नि ताराइं एवं बलवन्तजणसमुहं, तेण अम्ह बलं जायं।	We have two stars and a group of strong players, and that gives us strength.
अन्नं च देवस्स वत्थुयं पुणो पुणो समप्पियं एयं, ता सिग्घनिवहं निसुणेसु उचियं एयं	Thank you again for reminding us that God's word is eternal and unchanging.
किन्तु देवपायदंसणएण एयं पुणरुत्तणं बहु, बहु चंचलेण पत्तो	But this return to God’s favor was a very, very difficult road.
एवंविहकीलाहिं सव्वम्पि हु गिरिमहरेसु, अज्ज जायं पवरेसु तेसु सञ्जाए संमुहं	And all the mountains that's before them, may they crumble this very night with that faith that they have just raised their hands to receive.
101 से धोखाधड़ी रोकने के लिए बस एक छोटा सा उपभोक्ता।	Just a little consumer to prevent fraud by 101.
सो चिय एवं चीनकेविओ राजनीतिक बन्दीओ निक्खलवज्जायए।	He and other political prisoners in China deserve a fair trial.
तुज्झ ममं पेज्जं 404 तुमए पुट्ठो सुन्दरि!	Baby you're so cute you made my page 404.
सो किं तुह इच्छा 162?	162 Is that your desire?
तत्तो तेण सच्चं कहेन्तो, जं सच्चं तं सच्चं।	Therefore he defines truth thus: That is true which is.
भणियं सच्चं भणिउं?	Say: Say the truth.
95ग्रामं सिद्धीएण अम्हाणं सव्वायरं लढियं।	To achieve 95 g, we will have to fight on all fronts.
सो सच्चं भणइ अलियं दोहलयं भणइ:	He was right about the lies and the double-speak:
तं दट्ठुं उवविट्ठा तत्तो तत्थ झत्ति सहसा, तं चेव तुमं पेक्खिओ अहयं वयणं	You looked at them and immediately knew who it was.
एसा ण नवा भावइ चित्तवेगओ सव्वेसिं कज्जं (बुधवासरं)	It is new in the intentions which must motivate all our actions (Wednesday).
एत्थन्तरम्मि विचिन्तिऊणं देवेण वयं पभायम्मि	When we believe in this way, we become God’s children.
सव्वे जणा मणुस्साः सन्ताया, एवं च आयडम् आयडस्सं मिट्टयम्मि।	Mankind are all Adam’s children and Adam was created out of clay.
सव्वे जणा मणुस्साः सन्ताया, एवं च आयडम् आयडस्सं मिट्टयम्मि।	Mankind are all Adam’s children and Adam was created out of clay.
सव्वे जणा मणुस्साः सन्ताया, एवं च आयडम् आयडस्सं मिट्टयम्मि।	Mankind are all Adam’s children and Adam was created out of clay.
ज्यादती की सूरत में किसानो को किं गम्भीरं एवं भरोसामयं राह दी जाय?	What serious and reliable recourse is offered to farmers in case of excesses?
हर हैतीवासी को 900 डॉलर देना ही एक विकल्प हो सकता था।	One alternative would have been to simply give $900 to every Haitian.
आणन्दियपुरिसाणं कयाइं सत्थं न कायव्वं	A mature man will never do these seven things:
सो भणइ-सरिसुमारु 2,4 chasa.Ya वि भणियं, एयस्स वसिमं करेमि य तेण मए उवायं	He replied - approximately 2-4 chasa.Ya also asked that I better do in this situation.
देवं कायव्वं एयं शरीरं, इय अणुयत्तणं कायव्वं अणुयत्तं	God can use this body, use this microphone.
अहिलिया नेहराए कहा,'न केवल ईडन, बल्कि हर एक खिलाड़ी के लिए, यह जिम्मेदारी लेना मेरे लिए असंभव है।	I think that it’s impossible for me to take this responsibility [gaurantee him to stay], not only for Eden but for every single player.
एयं वि दियइ, इय्योबवि पुणो जिणो होइ (अ. 2)	This also is granted, and Job is again victorious (ib. ii.
पुएर्तो रीको के सामान्य होने तक हमें उनकी आवश्यकता है।	We need them until Puerto Rico normalizes.
- 645 के बारे में, वर्तमान में अगले मॉडल पर विचार किया जा रहा है।	– Regarding 645, the next model is currently being considered.
तं न 9.6 वा 9.8 इच्छसि, जं तुज्झ फलं नीससिज्जइ.	You don’t want 9.6 or 9.8 because your results will be diminished.
तं न 9.6 वा 9.8 इच्छसि, जं तुज्झ फलं नीससिज्जइ.	You don't want 9.6 or 9.8 because your results will be diminished.
तत्थ उज्जाणं उवायं इण्हि संसारे न होइ देवस्स	It will appear clearly that it is something not of this world, but of God.
एत्थन्तरम्मि एक्कं खयरं खयराहिवस्स मज्झ सम्पयं	I must use it to destroy the X here and on the planet.
जिणबिम्बाणं देवस्स य नियपवणाइं पविसन्ति, तत्थवि सो अवस्सत्थाइ पमाणाइं	As long as he sees God’s words or the authority of God’s words, he will immediately obey.
सो न भणिए कज्जं सत्ता नत्थि।	He is NOT saying there is NO AUTHORITY.
परमत्थओ वज्जरइ सव्वुत्तमं गब्भं क्लेयरं?	But does not the greatest betrayal come from Claire?
ई.-232, की तुम इस सप्ताह संदेश सुन रहे हो?	E-232 Have you been listening to the Messages this week?
तं जाणह तुज्झ य कओ खयरो उवविट्ठो य, एन्द्रियअणुरायसमो य मईया मईया	You know what you experienced when you did them with Andrew on the 1st May.
(राजकुमार विलीयम सङ्ग तेण विवाहकालाए) अहं बहु, बहुभाग्यवती।	(On his marriage to Prince William) I am very, very lucky.
अन्त में, विनियम का दायरा केवल 480 यूरोपीय व्यवसायों तक सीमित है।	Lastly, the regulation limits its scope to only 480 European businesses.
किन्तु विसए विओगेण तेण भद्द! कुरआण एवं मुहमद्दुसंदावत्थं	But on the contrary, he belied (this Qur'an and the Message of Muhammad) and turned away!
किन्तु विसए विओगेण तेण भद्द! कुरआण एवं मुहमद्दुसंदावत्थं	But on the contrary, he belied (this Qur'an and the Message of Muhammad) and turned away!
एवं उत्तरया य हा य, कज्जेण इमम्मि विज्जाहरनयरम्मि।	And the answer was yes, because it worked for example in Frontier: Elite 2.
किं'1099 अर्थव्यवस्था'की ओर हमारा संक्रमण अपरिहार्य है?	Is our transition to a “1099 economy” inevitable?
इय भणिए बीयकओदाहरणो तुमं जिणिओ 30 प्रतिशत हत्थो	Let’s take a look at the second example in which you win 30% of the hands:
ई.-81 तेण तेण केवलिओ बहुकालाइं ईसाइं।	E-81 Therefore, some of them has been Christians for a long time.
अन्नं च अज्जवि जय'मि. कार्टर'भणिउमाढत्तो भणइ, कारणमहं तं सन्माणस्स भावं कायव्वं	I still call Jay ‘Mr. Carter’ to this day, because I want to maintain that sense of respect.
किन्तु सव्वेवि धम्मे सव्वेसिं अप्पावगाणं सिक्खाइं, किं एवं कयं?	But all religions always teach how to control the sexual energy, and why?
तं सो देवस्स कालेण दण्डो पाविओ य, ताव य चित्तवेगपरिवहो सव्वोवि य अवसरॊत्ति	They will be punished in God’s Time, when they have been given every opportunity to change their ways.
एवं सत्थिया गाज़ा की फलस्तीनी महिला अम्हाणं सह	And this week a Palestinian woman from Gaza is with us.
दुज्जयलोएणं देवस्स एयं भद्देणं, बहुविगप्पेहिं नूहस्स हसिऊण तत्तो	God’s command was so ridiculous in the eyes of the evil world that many people laughed at Noah.
बुश सच्चमेव तेण काले सुवन्नजलवाहणो होइ, पेच्छामो अम्हेवि	Bush was indeed a Goldwater man in those days, as we will see.
किन्तु एत्थन्तरम्मि विचिन्तिऊणं आवज्जियं तत्तो, आरम्भोदयमेव होज्ज लिङ्गविवेगं चिकित्सालयो आरूढो	But we need to think about the fact that there may be a sex difference right from the beginning at the hospitals and in the research.
205033, एवं च ते मेजर आसन्।	205033, and that he was a Major.
यूरोपीय भूमंडलीकरण समायोजणी निधि (ई. जी. एफ.) सहायता कुल लागत का 60 प्रतिशत वहन करेगी।	The European Globalisation Adjustment Fund (EGF) aid will cover 60% of the total cost.
तं दट्ठुं मए दिट्ठं तीए वयणं, तुमएवि कहवि हु परियरं होउं अज्जाए	I saw this girl, you know, trying to be someone else.
मज्झ दंसणं मुख्यतः तेण कयं कारं (W205) तं नवं.	I’m hesitant, mainly because the car (W205) is so new.
तदतिरिच्चं, सो विज्जाहरनयरम्मि उवज्झिज्जइ, विज्झाए 1917संके तीए, सुविणस्साणं किं होइ एवं होइ।	Moreover, he tries to define, especially with his note of 1917, what could - and should - be a just peace.
[डि. डब्लू.: जं उवज्झिज्जं तं किञ्चं मोक्खं, तं चिय निज्जरियं अहयं मज्झ।	[DW: Some of what he received was personal for me.
2008 ई. स. आव, केवलिणा नामं चिट्ठइ एवं भणिए एल्मो	In 2008, there was an Elmo that could recognize the child’s name, and say it.
किन्तु चिन्तिऊण जे समूहवयंकरिं केत्तिओ वम्बोगामी	But imagine what many robogamis could do as a group.
कय संस्करणं तेण सप्ताहाइं अम्हे ग्राहाइं कयाइं?	Which version did we send to our customers three weeks ago?
सच्चं हवेइ, अलियं वयणं कायव्वं।	Truth exists; only falsehood has to be invented.
तुर्किज्जन्तं पसरन्तिं इहं विज्जाहरदिणेहिं, सयहजणेहिं भणिए एवं भणिउं हं!	Like thousands of people, say “Yes!” to this special day spreading world-wide from Turkey.
चित्तगईणं पाविज्जइ देवो वज्जरियं न होइ लोयस्स	Note that the sinners and those who are ignorant of God shall no longer be among God's
एवं च तेण भणियं वंशानुक्रमे णव्वइसो छप्पण्णसहं	and their brothers, according to their generations, nine hundred and fifty-six.
एसा ही हाल अकौण्टेंट्सं का, जिण वित्तनियोजनाए विउलाओ होइ!	The same thing for an accountant who had made errors in his financial plan!
तत्तो य समयं सम्पइ तुमं जाणह, पार्करसिम्मेट् अधिकृततया आगओ।	So it’s time you know: Parker Smith has officially arrived.” –
प्रश्न 2: गतमासे क्रिसमिसविहारसमए तव्विहियम्मि बहुसहायं कयन्तम्मि	Question 2: Your employees helped you a lot last year during the Christmas dinner.
सो कुरआण अवमाणिओ सो महं एअं मुहमद्दुदत्तो	68:44 So leave Me, [O Muhammad], with [the matter of] whoever denies the Qur'an.
अम्हेवि हु देवस्स भयभीयाओ।	We are afraid of God’s surprises.
तत्तो य विचिन्तिऊणं तेण पुरओ ग्रिड केसं होइ, ता दिट्ठो सो शो '.	So if you were wondering what was the grid like before that, then watch the show.
तेण मज्झं दक्खिण्णं न कायव्वं एत्थ (पेट्रोलि आयत्तिं मञ्जुरिएण)	They cannot put us under pressure through this (sanctioning gasoline imports).
स्कॉट की मदद के लिए दो आदमियों को छोड़ दो।	Leave two of your men to help Scott.
अण्णं तुज्झ उच्चाइं व पत्ताणं देसु।	First give me your height and position.
तुह पावाण अणमिसनयणेण एत्थ मए सम्पयं जीवाणं।	This is what I live every day because of your sins and insolence.
जं अम्हाणं पेम्मं एवं देवपयत्तं निब्बन्धियं, ताव अम्हे वि सोगकारियव्वाइं	When our love and God’s grace are rejected, we are grieved.
1986 ई. मे दूओ वि पुरिसो तं कायव्वं।	In 1986 two men did exactly that.
अणुयत्ताइं कारणउत्त! अम्हाणं, अन्तरारयरयासंठाणं दाणादाण!	The first reason is obvious; we are an international organization dedicated to charity!
तत्तो तेण तं खणमेवं ठिया ताणं।	Then they forced him to stay in that hole.[66]
यूरोक्षेत्रक पाँचओ छओ देसमे भयङ्करसमस्या	There is a tremendous problem in five or six countries of the eurozone.
187. ते तुह मुहमद्दुअं पुच्छंति केवलीअस्स, दाविज्जइ कयमआणअत्थस्स	187 They ask you, [O Muhammad], about the Hour: when is its arrival?
जं अन्नं च कज्जं तं करेउं सिग्घम्मि, साइमणरजुयाए जुडासि तं चिअ करेउं	What is still left to be done elsewhere, do it quickly, Judas of Simon. »
\1:23 कालिफोर्णियायाव बेयो जर'खायै गोनां,	1:23 This is especially important in California,
तत्तो तं गन्तुं गन्तुं आज्ञापइयं, पिट्ठं च युद्धायत्तणं दिययं च ।	Then he was commanded to migrate, and later permission was given to fight.
एयं टेम्पेस्ट् 430 सम्भवं ।	With our TEMPEST 430 it is possible.
तेण य एत्थन्तरम्मि चेव 99 धाडियाएण ताहे ।	Because he loves this man as much as the 99 righteous.
हयमेव जाणामो - अम्हे वि पज्जावरियं क्लासिक् डिजैणं, किं पि इट्ठो इओ समयं गओ.	Yes, we know – we also love the 5’s classic design, but its time has passed.
तेआ अम्हाणं वच्चिआओ (मण्डलीकएण) ।	They went out from us (from the midst of the church).
किन्तु आगामिमासं (एवं आगामिवर्षं) संवृद्धि दिसिज्जइ एवं दिट्ठो होइ ।	However next month (and next year) the growth will be visible and tangible.
भविष्ये'य'एवं'जोर्जिया'के बीच शत्रुतापूर्ण सम्बंध बने रहे ।	In the future, YES and Georgia remained in hostile relations.
भविष्ये सम्भवह जे, बहुसुरक्खतनरहकाराणं वयं उपयोगिज्जामो, अम्हे वि ।	In the future we will probably be using much safer donors – ourselves.
तुह जेण लद्धो तेण गन्तूणं'विज्जाहरियं '.	What you will receive is more targeted traffic.
हवाइ फाइव - 0 पर डैनी के पश्चात् को आअं तहिं का तं कुणइ? - सारा	Do you have any information on who is after Danny on Hawaii Five-0 and why? —Sarah
इओ सम्भवइ जे दुज्जणसङ्कुट्ठिओ यूनानिया गओ ।	It is very likely that a second suspect also passed through Greece.
मज्झ 666 असुराणं परिचरामि अन्नेण सेवन्ते, किं तं मयणवज्जारज्जस्स अणुरूवसि?	I have 666 demons beneath me serving me, can you not sense my magical power?」
निस्संशयए नोवाक के खिलाफ उनका आज का मैच सबसे अच्छा नहीं रहा, तुम जानते हो ।	He didn’t obviously have the best match today against Novak, you know.
हो सकता है कि आपका यूआरएल 23 शब्दों से छोटा हो ।	Maybe you like your urls to be shorter than 23 words.
एत्थन्तरम्मि पयगम्बन्तस्स वचनाइं यहुदीसंसद्दोसं ।	In the meantime, the prophet's words are applied to the believing remnant of the Jews.
और हाल ही में जिमी बा के साथ काम करते हुए,	And more recently working with Jimmy Ba,
किन्तु एत्थन्तरम्मि अंगो बहुविगणो होइ, परमत्थं सोउं देहो होइ	But now [are they] many members, yet but one body.
एत्थन्तरम्मि विरहे परिसरे बहु उवहारत्तं च सहिष्णुता'।	There was a great warmth and tolerance in this destitute setting.
एवं किं एसा सच्चं, जं अम्हाणं मित्रं इरानं सह दंसणं पडियं?	And is it true that we had to betray our ally - Iran?
इय सीडीया'वाटरफ्रंट व्यू'( 2005) तं न जाणेमि ।	I don't know this CD or "Waterfront View" (2005).
व्हाट3वर्ड्सआव बेनि लेबेल दं ।	What3words has a label for it.
पूविं मुणिज्जन्तस्स उवज्झेण पेण्टग्रामं (भुमीयं) कुणसु ।	Turning to the East, make a Pentagram (that of Earth) with the proper weapon.
तत्तोअमेरिकाणं बहुसु बिन्दुए तुमं मए गुरुओ य	So you could be my guru on many points about Americans.
J. 6: 4 जइ लद्धूण भयं ण त्थि, तह वि उत्तमा कह होइ बाला?	J.6.4 If children have nothing to fear, how can they be good?
एवं च तेण मए तेण बालॆणं दट्ठुं, एत्थन्तरम्मि गोत्तग्गहेण गओ मए पासम्मि	And one of them said, "I seen that baby; I went by there this morning.
तं बीभत्सदिणेण अम्हे वि तं अजरबैजानियाओ	We are supposed to transport him to Azerbaijan when that horrible day comes.
अज्जं मए (मि. एरिक मार्क) एवं अन्यो पयईओ सङ्गमो ।	Make Money today while you join me ( Mr Eric Mark) and other beneficiaries.
किं मए परस्सस्स सहाओ? - कल्चर शॉक 5	How do I help others? – Culture shock 5
(L) और आभासी मंच या चर्च में भी उनकी भागीदारी ।	(L) And also their participation in the virtual forum or church.
मार्टिन एवं ओलाफ को मैंने पहली बार खोया ।	I lost Martin and Olaf for the first time.
तं मे कस्स वि शाबाणमासे रोसेण तं न दट्ठुं ।	I did not see you fasting in any month as you do in the month of Shaban".
20 मिनट में, तुम किसी भी विमान को नष्ट कर सकते हो ।	In 20 minutes, you can destroy any aircraft.
भाग 4: ईरान पर हमला हुआ, तो क्या कोई मदद करेगा?	Part 4; If Iran is Attacked, will anyone Help?
परं जेण करेज्जंतो तेण विसयसोक्खं ।	But he is saved from this dilemma if he can forgive.
अम्हे ख्मेरनामं बहुणो, कज्जं तहिं कंबोडिया!	We prefer the Khmer names, because it is Cambodia, after all!
एत्तिओ मिलियणो यूरो, शायद, और अधिक सांस्कृतिक पाएँ?	These 144.7 million euros could perhaps find a more cultural?
चिट्ठं 60 - एवं अन्ते वि आमन्त्रणं खलं ण जाय!	Image 60 - And finally, the invitation could not be missed, of course!
भणिउ इओ सो जेण पुत्तअ वड्ढाइआ तेण विचिन्तियं च	Say, this is the One Who hath glorified the Son and hath exalted His Cause.
आतङ्की द्वारा प्रयुक्त रेफ्रिजरेटेड ट्रक (ट्विटर) ।	The refrigerated truck used by the terrorist (Twitter).
सरकार के पास इन स्थितियों के लिए "911 कोष" है ।	The government has a “911 fund” for these situations.
ईश्वरीयविच्छा पवज्जन्तेणं पब्भि जत्थ व्व सुरङ्गिया होंतु ।	We pray that earth will be made more like heaven through the observance of God’s will.
तो एत्थन्तरम्मि आयन्ते, अम्हे पेच्छइ उत्तमकम्पनी 44.	So coming down here, we can see best company 44.
जुत्तं जोणस्स अम्ह सम्मीलिओ, एसो सङ्घाओ हिताय एत्थ समुल्लवो न याणुवेगो ।	Mr. Johns, I don’t need to remind you that we are doing this for the good of the Federation.
नो मोर डेत्स् अण्ड् डिस्अपियरन्स!, जहिं कई विविहसंगठणओ सहीहि कयाइसइ ।	No More Deaths and Disappearances!, which has been already signed by many different organizations.
एवं तव्विज्जाणं नाम जोनास् ।	And your Father's name is Jonas.
ना, ता सही न होंति ', तेण आइआरआइएनसओ भणिओ ।	No, they are not right,” he told IRIN.
एक्कं वा एक्कं खुडं मुहं जोडियव्वं'।	One way or another, a face will be added to the hole.’
सो अन्तिमा समागमा जहिं रसूलुल्लाहु अलैहि वसल्लं ।	That was the last gathering which the Prophet attended.
(जेणवि हु दिस्सइ जं ण दिट्ठो तं चिय जं च न याणामि, तेण वज्जरइ आयरस्स!	(Every day that I see you, or that I don't see you, the 48th forever!
8. 1. 6. किं तुह न विचिन्तिओ जेण तुह विरहे'आद'-	89:6 Have you not considered how your Lord dealt with 'Aad –
उदाहरण के लिए, कनाडा में, एक पूरा मंत्रालय आप्रवासन से संबंधित है, अगर मैं गलत नहीं हूँ ।	In Canada, for example, a whole ministry deals with immigration, if I am not mistaken.
10 मई को सीधा लंदन पर हमला क्यों न किया जाय?	Why not attack London directly on May 10?
कहकहवि हु परलोयपुव्वो, किं तुह सच्चमेव जीवन्तो जीवन्तस्स भावं पवज्जइ?	When you say, “Heavenly Father,” do you really have a living and vibrant feeling of God’s presence?
यदि महिला के पास प्राकृतिक स्नेहक नहीं है तो यह भी उपयोगी होगा;	It will also be useful if the woman does not have a natural lubricant;
तो, पहले 13 वर्षों के लिए यह (बाहरी दुनिया के साथ संपर्क) बहुत कम था ।	So, it [contact with the outside world] was very minimal for the first 13 years.
केवल मुख्यभोजनासब्भावि दिनमग्गे तिन्नि पिप्पिंट्झं जलं पीयं, तेण सहयसिओ वज्जं '.	Just drinking a pint of water, three times a day, before your main meals may help reduce your weight.
2015 ई. स. क आरम्भं'हौ टू लूज़ वेट् लूज़'सिरिएन्जआ ।	We start 2015 with a new series – How to Lose Weight.
केवलएण पयडेट्ठियया आहूणो कएण हवाइया जावणं ।	Only a call from a prophet caused us to leave Hawaii.
ईश्वरेण जेण अम्हाणं रूवं पक्कं चइ तं तेण कारणेण, ईश्वरीयसर्चो परआक्रमणए वि सैतान विहिओ वि	Satan was highly unsuccessful in his attack upon God’s Church because of what God had fashioned and matured within us.
तत्तो य मणुस्सत्तं देवपुत्रम्मि ।	That’s what the Son of God did to mankind.
जो लोय-पयावि करेइ एवं करेइ ।	one who loves and practices falsehood.
अन्नं दट्ठूण अण्णं अण्णं परिचिन्तेमि, तत्तो दिअहो प्रारत्थो एवं अन्तो रायओ	When seeing a stranger, we recognize in him a brother, then the day begins and the night comes to an end.
परंच एहि सुरङ्गआ कयओ तहिं कओ महग्गओ, जेण दो समान्तरसुङ्गओ होइ?	But how much would the tunnel cost – or rather the tunnels – since it would probably be two parallel tunnels?
देवा नगरम्मि'ण होइ रयाहे'।	In the city of God “there shall be no night.
कत्तो तीए व्यक्तिगतं एवं च चार्ल्सं साझाकरणं कयाइं ।	How she behaved individually and then in partnership with Charles.
एत्थन्तराइं तहिं कज्जं वि नत्थावसराइं, 135 देसाइं सम्मलितआए ।	That was never more necessary than right now.” 135 countries have signed the action plan.
नाहं नहं च एयं च देव-सन्ताणं एवं अम्हाणं च ।	No, not if these are God's children as well as ours.
लेकिन एस. के. का कहना है कि वह समय - समय पर अपना काम खुद देखना पसंद करती है ।	However, S.K. says she does like to watch her own work from time to time.
और वैसे भी, गूगल में नंबर 1 जैसी कोई चीज है क्या?	And anyway, is there such a thing as “Number 1 in Google” these days?
तओ च्चिअ ण फरिसो तुमं चिय लद्धो च्चेअ?	Wouldn't it be your duty to contact the 2.9 million people?
किन्तु एत्थन्तरम्मि अहयं एत्थ चिन्तेमि, तेण मह 45 दीसावरो च्चेअ	But I’m here now, I guess, because I want those extra 45 days.
लूतअजाणो अम्हाणं वज्जरइ (अ) ताअव्वाणं	The people of Lot rejected Our warning (54:33).
वाशिङ्गटन जेण गेणओ तं तं तं नज्जइ ।	We reject any tool used by Washington.
जोणीः हा, तत्तो य छओ सन्ताओ हं, एवं च मे दू वासेक्टमीओ कयइ ।	Johnny: Yeah, and that’s why we have six kids and I’ve had two vasectomies.
जेण तुज्झ डेनमार्कमे भणिओ तेण बहुसन्तोषो वा विज्जाहारो!	Very satisfied or very funny as you say in Denmark!
खेल में गए बिना सी. ओ. पी. 1.6 के संकल्प को कैसे बदला जाए	How to change the resolution in the COP 1.6 without going into the game
विज्जाहरियहियएहि वि देवस्स दट्ठुं, सो च्चिअ अम्हाणं सम्ममइ उवरिं कुणइ.	When we put our problems in God’s hands, He puts peace in our hearts.
तव्वि चित्तं हवे सव्वं हवे ईसामत्तं ।	Your only concern should be to act according to God’s commandments in everything.
तेण परं सत्थाणं हिअअस्स अणुरूवसंसद्देहिं	From then on, Satan’s heart was continually supplied to them.
एवं जीवणे ण सच्चं सुरक्खयं केवलं सयंमस्स ।	And in life there is no real safety except self-belief.
एवं हयमेव निप्फुरणं एवं सुहाइं सव्वत्थमेव तेण विज्जाहरम्मि	And yes, innocence and joy are almost always waiting just outside that window.
एत्थन्तरम्मि मणुस्साणं अचम्मलस्सत्तं, देव्वेसो तत्थ वसइ ।	This should be man’s unshakable faith in himself, because God dwells in him.
अहं तं चिट्ठामि कयह सप्ताहएहिं [सि. जि. नं. 1103]	I will write to him in a few weeks [CG no. 1103].
24मऊण तं चिय लोगाणं च अल्लाह्व वाहि सूरिआण पडिहाइं,	24 "I found her and her people worshiping the sun besides Allah.
डॉन जूनिअर... सम्भवत राष्ट्रपति स्वयं ।	Don Jr. … Potentially the president himself.
अम्हे सव्वेवि मारियव्वो... एसा अन्तारष्ट्रीयसहायताया ।	We will all be killed … This is a call for international help.
सुरग्गवि मए किं लोयस्स, तुह विणा मए पुव्विं किं इच्छामो?	What have I in heaven, and apart from you what want I upon earth?
मार्गरेट थैचर जी का त्यागपत्र (और अब उनका निधन) कईयों के लिए उन पलों में से एक होगा जिन्हें वे कभी नहीं भूलेंगे ।	For many people, Margaret Thatcher’s resignation (and now her death) will be one of those moments that they will never forget.
उम्म निदालः'शाहीदस्स जणणी	Umm Nidal: 'The Mother of The Shahids
ई - 232 अन्ते मार्टिन पाणिं न हु...	E-231 Finally, Martin himself wasn't...
तीसवर्षो धरि देवम्मि एसा पुरओ न समप्पइ ।	For thirty years, God was unable to fully use this man.
सोचिए जे हेनरी फोर्ड जेण निट्ठुरं पेच्छंतो तेण कीयं होइ	Imagine what would have happened if Henry Ford only saw the small details.
अवराहाणं सउदीआ जं जंपमाणीए तेण कण्णेण ढक्कंति, अह मुहम्मि भणइ	covered their ears every time we mentioned the Saudis,” said former
एवं तेण अम्हाणं इसराएली भूमी दियव्वं ।	And he gave us the Land of Israel.
(4) इसराएलीओ में भी ऐसी "दासता" की निंदा नहीं की गई थीः	(4) Such “slavery,” even among the Israelites, was not condemned:
तोएहिं सो स्वाभाविकं जे, न केवलं यहुदीओ (अपॊसस्स xxi.	It is quite natural, then, that not only the Jews (Acts xxi.
लोए दो अन्तिमा औषधि देवा ।	God is giving two last remedies to the world.
ई. - 305 तुज्झ वि तं रत्तमेयं ।	E-306 You also have it in your blood.
2:206 भणिज्जइ पब्भायदेवेणं पलोएणं, सो अहंकारे उव्विग्गो होइ रुद्धो होइ	[2:206] When he is told, “Observe GOD,” he becomes arrogantly indignant.
परमत्थिआण एत्ताइं पिअअम जंपमाणा कइ वि ण कआण, जिणसहिअओ सो च्चिअ विज्जाहारो सञ्जाओ	But nothing that he has said or done thus far in his pontificate has shocked me as much as his Message on World Day of Prayer for Creation.
[60] केवल न्यूयॉर्क के प्रतिनिधि संशोधित निर्देश प्राप्त करने में असमर्थ थे ।	[60] Only the New York delegates were unable to get revised instructions.
जो हिअअम्मि भरोसोइ सो विड्ढित्तं'( नीति.	He that trusteth in his own heart is a fool ' (Prov.
जो हिअअम्मि भरोसोइ सो विड्ढित्तं'( नीति.	He that trusteth in his own heart is a fool ' (Prov.
डाक्टरः रोज टायलर, मे तुज्झ कएकडा जाइं नयणया	Doctor: Rose Tyler, I was going to take you to so many places.
याक़ूबं निब्भीसणाणं पुरिसाणं, इसराएलीयं च तं समागच्छियं च,	To bring Jacob back to him, and that Israel should be gathered to him,
अहव एत्थन्तरम्मि एक्काओ तओ तत्तो, अहयं अहयं अइदुग्गओ अहयं सोऊणं	At first, three to five people were coming and taking a shower here.
क्रिस एत्थन्तरम्मि लन्घइ'णियमाणा एहियाओ, तेण भणिओ सव्वो सज्जणो होउं	People should be careful before thinking Chris is making decisions here.
अदालतें भी सक्रिय थीं - 13 प्रतिशत दमन ।	Courts were also active - 13% of repressions.
जहिं अम्हे समागओ तं तं तं न सरूवं समप्पंति	You have no sovereignty where we gather.
खासकर तेण जेण तुह दयाहया होंति ।	Especially those most in need of thy mercy.
निकटतम प्रतियोगी? $77.	The nearest competitor? $77.
- और रसोइएण संसारे 41वर्षपूर्तेण, किं खाउ त्ति तेण?	-And to celebrate these 41 years in the world of cooking, What would they eat?
केवल अच्छी मंशा से मैंने नोवाक की मदद करने की कोशिश की ।	With only the best intentions I tried to help Novak.
पिहले सत्तवर्षो अच्छनि समत्थाणं कसलं ।	The past seven years have tested my understanding of my father’s lessons.
परस्परं भारउ वहह, तेण नियमाणि परिपूरणं कुणह	Bear one another's burdens, and so fulfill the law of
अंतदिवससमुदायं च नियमाणिज्जं च कज्जं जाणह य	How to Know God’s Work of Judgment and Chastisement in the Last Days
अण्णं वाहरइ देवस्स चित्तमालाए, भाणुवेगेण भणिया भणिया ईसा अम्हाणं	He accused us of being jealous of him because he is doing the will of God," the brother told Vanguard.
तत्तो पुच्छिओ तं पट्ठिं इच्छइ वा चुंवियं (दुहं च)	Then ask whether he'd like a bandage or a kiss (or both).
एत्थन्तरम्मि सव्वं लोयणस्स सत्थाणं रणनययं	Satan’s strategy is to strike first, yet in the end he loses everything.
1972 में, मैंने विमेन एंड मैडनेस प्रकाशित किया ।	In 1972, I published Women and Madness.
हो सकता है कि हमारी सरकारें खाद्य उद्योग की तरह कानून बनाने पर विचार करना शुरू करें ।	Our governments might start looking into legislation like they did with the food industry.
एत्थन्तरम्मि नवि हरिसवसरिओ नयणवट्ठाणं	Not only that, you almost always have to cover it up with new lies.
दुनिया भर के युवा श्रमिकों के साथ और उनके लिए 54 साल का कार्य!	54 years of action with and for young workers across the world!
रिच्चड्ढ् इओ सो नामं देसु इच्छामि एयं कालस्स	Richard : It's merely the name that I would like to give to this form of time.
255 सेटेलाइटस में से किसिए पर, हमारी सर्विस दिखाएगी	on any of the 255 satellites, our service will show you
अज्ज ते सिरियाइं निमित्तं योजनां कयइ, तं मयणम्मि वि असफलं होइ ।	Today, they have plans for Syria that, in my opinion, will fail too".
मए चिन्तियं सव्वेसिं पर्यटकाणं नमिबियाहिं तिन्निमासाइं?	I thought all tourists are allowed in Namibia for three months?
पिहले सत्तवर्षो अच्छनि समत्थाणं कसलं ।	The past seven years have tested my understanding of my father’s lessons.
हेलोवीन रचनात्मकता के बारे में 1-800 - हैलोवीन से कहीं अधिक होना चाहिए ।	Halloween should be much more about creativity than 1-800-Halloween.
एवं च राजाए भणियं जेण तेण एक्का, तेण वज्जरइ सुव्वत्तणं मुहम्मि	And the king said, If he is alone there is news in his mouth.
मणुस्साणं न उत्तरिज्जइ सो सम्भवं 1:21	Humans probably wouldn’t have progressed 1:21
अप्पाणं च अम्हेवि हु जिण सच्चं तु तं चिय, उव्वहइ उवायं चिय तुमं न देवस्स '.	You must accept that we are as real as you are; you must accept that you are not God.
परहिं वि होइ जेण लोए फोरएण मज्झं वाहरइ, अहव अहव नवि हु जंपमाणाओ भाणुवेगो ।	Others, however, may surprise you, like law four -- to always use humor.
निट्ठुरमज्झेण प्रतिष्ठा वि तूलविओ'।	You can also damage your reputation with a drunken ego.
तीए दुक्खं दुक्खं वक्खं होंति, आशाए वि देंति ।	They have a sad side, but also give me hope.
सोचिए तुज्झ किं आस्ट्रेलिया आयस्स, एत्थं सव्वं समेमिओ एत्थ दुइदिवसे!	Think of why you came to Australia and we include it all in these two days!
जेण इणयारो जेण वाया गया ता हिअआए हिअए, जेण वि जीहाइ तो चॆवआए ण याणाइ ।	If words come out of the heart, they will enter the heart, but if they come from the tongue, they will not pass beyond the ears.
बिली बॉब के बारे में मजेदार बात, हर कोई सोचता है कि वह आपको मारना चाहता है ।	The funny thing about Billy Bob, everyone thinks he wants to kill you.
परंतं पिट्ठं पेच्छह एत्थ, परिवारं तिन्निसं समुव्वहइ एक्कम्मि	But as we will see later, only one of them continued the family.
जेण उत्तरदायिणा तं तं तं पावेइ, तं तं तेण कऒं दिन ।	Those responsible will pay for them one day.
अम्हेहिं तीए भयमो तीए तेण शैलीए ।	We were more afraid of their style.
तुज्झ समयं सम्पूरन्तं एवं रचनात्मकुसुमं विअसियं भाणुवे ।	Your time is fully and constructively occupied, my brother.
तुर्कीमे जेण विच्छड्डूरणएण, तेणवि हु'अम्हाण विज्झेण विज्जाओ	We still have experts who witnessed these drastic changes in Turkey.
तत्तो य तेण एक्का शान्ति सन्धीए जर्मनीया!	That is why they turn to Germany for another peace pact!
मीखायलए तं चइज्जइ तम्हा तं चिय गब्रियेलं तं सिक्खएण ।	Michael has chosen you as his and Gabriel shall teach you the ways.
एत्थन्तरम्मि उत्तरो भिन्नो प्रथमराष्ट्रं वा भूभागो, तं चिन्तेसि?	The answer will be different in First nation or in regions, you think?
जेण ऎसा चरिक्खणाणं न होइ तं ईश्वरसामृतं न होइ ।	A creature incapable of thus forming character would not be in God’s likeness.
जह ऊपर दट्ठूण जीवियए प्रकाशोत्तणुओ तह वि अल्लाहकस्स महत्त्थं उदाहरणं ।	As seen above, the light-producing mechanisms of creatures, too, are examples of the magnificence in Allah's creation.
तं लोहं जणएण इह तेण रत्थो ।	Announce him of blood, this is their chariot.
सो भणइ दु: खं एत्थ संसारे ।	The pain,” he says, “was out of this world.
फलस्तीन में भी सव्वेसिं समतावहं भवियं सम्भवं ।	A future of equality for all is possible in Palestine too.
एवं च तेण अंधारेण य मग्गाइं तेण तिसिया वड्ढंति	And that darkness, and the battle that it will require grows in season three.
जइ तुज्झ मुहं न भणिओ वि, किं ते दट्ठुं कुणन्ति?	Even if your mouth does not say it, will they be able to see it?
अन्नं पाविऊण दरिद्दो समुल्लविज्जइ, अन्नं च देंतो तत्थ अप्पाणं ।	When he eats with poor people, he should give them preference over himself.
- न, एत्थन्तरम्मि न... अहं तेण सङ्गमे वसणं, तीए सहाएणं च इच्छामि ।	- No, not now… I want to remain with « them » and to support them.
तुज्झ न एम. के. होज्जसियव्वो... अम्हाणं सन्ताणं वि मणुयणाइं ।	You do not deserve to be an MK… Our children also have human rights.
ना; परन्तु तेण कारणेण पुरिसेण, देव्वत्त्थेण, एवं पवज्जन्तेण एसा भणिओ	No; but because the priest, on God's behalf, and by His authority told him so.
इयू में 81 रिएक्टरों के लिए ऐसा नहीं है ।	This is not the case for 81 reactors in the EU.
सो नवपुरिसो देवसेवायं खयरइ कयविणओ ।	He is a new man, never weary of spending himself in the service of God’s creation.
अम्हे वि तीए इहाणं संभावियं वा भ्रुणं ।	We have the potential or embryo of these souls.
तहिं वि इयूए महात्वाकांक्षी जनस्वास्थ्यपरियोजणआरोहणं कयाइवि न रुद्धो ।	Still, nothing prevents the EU – one day – from having an ambitious Public Health programme.
अहं इयोरोपीयन थोऊण अच्छिज्जए अत्थि, अण्णो अ-परिवहनकारणमेव ।	I am a European because of my little exchange.
हाबिलअस्स खमाणा ण होइ,	Not by Abel`s forgiveness,
एवं समागयणजणगाणं शान्तिं न्यायदंसणं वुत्तं ।	And a harvest of justice is sown in peace for those who make peace.
(मरियं सत्ती वअत्ताइं, पञ्च वुत्ताइं सच्चरइ जाआइं.	(Of these seven promises to Mary, five have already been literally fulfilled.
[न य तेण विज्जाहरियं आगच्छं]	["But, if not, let the Witness come."]
बहुए वि विसरिज्जइ अम्हाणं पिअसहिओ, यूरोपं दट्ठूणं सित्तमं खंडं ।	We very often forget, my dear friends, that Europe is the smallest continent.
एत्थन्तरम्मि लोके भौतिकशास्त्रं जाणइ!	Here is what people know about physics!
अच्छिज्जन्तेण कयवि ण मसिऊणं (45,46)	Never rub your eyes when they are red (45, 46).
तेण विज्जाहरिओ य मए परमत्थियाओ तेण, जेण तेण गेण्हावि हु तेण पुणो समुल्लवंतो	I will encourage other men to do it, if they can afford it,” he added.
परिहासो च्चिअ वज्जरइ परमत्थओ तेण हवे समुहम्मि	It will sound funny but yes the third person now will have to leave the group.
पाणे 2 पाणे पेम्मं, तं तेण य तेण वयं रच्छामो	The love of animals 2.0, that’s what we prepare.
अंतदिवससमुदायं च नियमाणिज्जं च कज्जं जाणह य	How to Know God’s Work of Judgment and Chastisement in the Last Days
एवं च'अम्हे वि दुज्जाहरियं दट्ठुं'वज्जरइ जेण तेण, तेण वि भणिऊण अम्हेवि हु तेण अम्ह पुच्छिऊण	And if there are those that say 'But we have seen evil beings', then we would ask you to ask them to look within themselves.
ताङ्क्स्, इयं सोमालियाया कइया कइया जाइं, एयं चिन्तेमि...	Thanks, this could maybe work in some parts of Somalia, I guess...
(हुयइयइएवं मुहमद्द कुराणपत्थसंगमपरिययरओ)	(Huyayy and Muhammad continue based on other Koran letter associations).
और एहि वि आल्बाआ 4 हत्थाइं सुणिज्जउ सोक्खामो	And this time at Alba we'll have the pleasure to listen to them at 4 hands.
1: 1: किन्तु जइ सो गव्विआओ गव्विरूहे वि,	56:92 But if he was of the deniers [who were] astray,
जुलाई 2013 / न जाणेमि किं इच्छामि ममं भावियं सुरक्खियं	July 2013 / I don’t know anymore if I want my future to be secure.
EUROPE AND LANGUAGE RIGHT\1: अम्हेवि 2004 ई. स. मग्गणिज्जइ!	EUROPE AND LANGUAGE RIGHTS: we must act in 2004!
अलीम भणिए, "हो सकता है कि घरमें अन्नं न हो ।	He may not have any food at home,” Aleem said.
परं ईश्वरकम्मपरमत्थओ अब्भत्थो सिद्धो कयइ, अम्हाणं सव्वं भयं न्यायोचितं च ।	God’s faithfulness has, however, belied us and has proved that all our fears were unjustified.
तत्तो य तेण अम्हे वि मणुया जेण असांजेए, तेण वि इओ गम्भीरतासेण लद्धो ।	Hence, why we believe Assange will be taken more seriously this time.
ईश्वरीयसन्ताणं गहिरीण भुयलयं व्याप्तं ।	There is a grave mistake pervasive among God's children.
सव्वॊ त्ति पत्तं महत्तं च ठावि, परन्तु कज्जं अ-कज्जं न य अन्नं च कर्तव्यं ।	Each is great in his own place, but the duty of the one is not the duty of the other.
गोमेरी सुनवाई के दौरान मैं "लिबरल" भी नहीं था ।	I was not even a “Liberal” back during the Gomery hearings.
एवं च अम्हाणं पुरिसाणं चालीसवर्षं मणे अन्नं पावियं ।	And our fathers was fed in the wilderness for forty years with manna.
टन टन खाउ - बार्सिलोनानि जेण अन्नं कयवि न लहेइ	Eat a ton – you can never have enough food in Barcelona
एत्थन्तरम्मि जुट्ठं एवं एत्थ मग्गं ।	`This was war, and is war.
दावं सज्जे वामाणं न यद्धं, वयणं तेण अम्हाणं च...	The battle is not between right and left; it is between us and them...
एएहिं विणा बाल्टीमोरम्मि किं पावियं देवं जाणइ ।	Without them, God knows what we would have been paid in Baltimore.
सा तीए भणियं वयणं तीए वसणं;, न जुत्तं जिविज्जइ विहिणा परिच्छेत्तं कायव्वं ।	She shall continue to be his wife; he must not divorce her as long as he lives.
इयाइं यूरोपीयसङ्गीयवर्षसम्बद्ध श्री जेस्सेल द्वारा पुच्छाएगए प्रशन नं. 22 पर आउलं ।	We now come to Question No. 22 put by Mr Jessel, concerning European Music Year.
एत्थन्तरम्मि विज्जाहरसङ्कटेण चन्दो व अम्हाणं पुव्वं [1]	From this gigantic shock came the Moon and our present Earth [1].
पहिलं, जं तुज्झ जाणइ, अम्हे दोवट्टं ईराकम् आक्रयं अहयं, अथवा ईराकस्स सङ्गयं दोवयारं अहियं ।	The first, as you know we invaded Iraq twice or we had 2 wars with Iraq.
प्रशनः भाणुवेगो, देसम्मि को वि मोक्खविरुद्धं न याणं ।	Question 7: Well, you don’t have any free opposition in your country.
Home / पुलिस जल्द ही आपकी चाय का प्याला होगी	Home / The police will soon be your cup of tea
अनुच्छेद 50क आह्वान केना वि ण कयइ, तेण हय, निसुणेहि सम्भवहइ ।	No one has ever invoked Article 50, so yes, it would be unprecedented.
जइ तं मज्झ बजट् जाणंति... महनगरस्स बजट्!	If you knew my budget … a budget of a great city!
तुम शैतान से मिलो, कह सको,'एयं लिखियं'।	You can meet Satan, say, "It's written.
परमत्थिआ मिस्सिस्समार्केट् सहाएति, अज्जं सव्वविलासंकाइं अम्मेट्ठिओ	But Mrs. Market is helping, and right now she is sending us the Mother of all price signals.
तं च जेण समुद्दस्स किं कज्जं होइ - तं च मग्गं सन्तॊस्सं होइ!	What had you to do with the sea – you might have been satisfied with the land!
मह नामेण भणइ सो तं सव्वं जाणइ,	send in my name, he shall teach you all things,
तं रोगं न भाणुवेगो विज्जाहरिओ सक्काओ ।	You could call that not a disease but an error of judgment.
ना, एसा इसलिये सम्भवो य तेण हिअअम्मि देवाएण पवज्जन्ति ।	No, this happened because their hearts were closed to the action of God’s Spirit.
ईश्वरीयविच्छाएणं मए देहं एत्थ आणियव्वं ।	My remains will be brought here according to God’s will.’
महुमई नेहराए कहा, "मुझे यकीन है कि वे भारतीय दल की अच्छी देखभाल करेंगे ।	I am sure they would take good care of the Indian contingent.
पुव्विं रक्खह एवं सा तुम्हं पालेइ ।	Take Care Of The Earth and She Will Take Care Of You.
ओसभ जलवायु उष्मताक प्रति एहि प्रजातिसभक प्रतिक्रियाक (कुल 105) परीक्षण कयलनि ।	They examined the response of these species (105 in total) to climate warming.
एवं च, अवासनियन्त्रणं विणा, अमेरिकीयणाणं सैनिकाणं च अत्थि दुब्बलवज्जन्ते ।	And, without control of the skies, U.S. ships and soldiers would be [highly] vulnerable.
1: 37 तेण लच्छीए तेण भणिए, सव्वेवि हु तुह दंसन्ति ।	1:37 Upon finding him, they said to him, “Everyone is looking for you.
एत्थन्तरम्मि समुद्दरे, तत्तो य मच्छिओ तुज्झ पुरओ गओ	It is in the sea, then the fish will go before you.
एवं च पसीने पियं चिय एयं भणिओ, हयमेव जीविय-भार-भारॆण.	And should we sweat, we are told “Yes, life is a grave burden.
जं मए लायक्कस्स तं तं लहंति, परोवयण तं जम्पन्ति जं तम्हणं पसाएन्ति ।	I charge what I am worth; others can charge what they believe they are worth.
[योगीः परं तुज्झ तेण पवज्जस्स, तीए पवज्जियपरमत्थं]	[Yogi: But you are His, the manifestation of His power.]
3) पुणो वि तेण अम्हे वि णाइयं कायव्वं	3) We could make our own laws again
3) पुणो वि तेण अम्हे वि णाइयं कायव्वं	3) We could make our own laws again
एत्थन्तरम्मि विज्जाहरिऊण एवंविहियएहिं, एवं विहिएहिं विहिणा + 45 भाषाएहिं	We assure you that will surprise you and you can use +45 languages.
स्टीव केनः किन्तु भवन्तं ऑनलाइन वसइयं, एवं भवन्तं तेण तकनीकिया वसइ ।	Steve Kane: But you can exist online and you can exist on their technology.
कोणं मिच्छत्तं नाम दाणं मणुया संसारे ।	Wrongly naming a thing is to add to the misery of this world.’
कोणं मिच्छत्तं नाम दाणं मणुया संसारे ।	Wrongly naming a thing is to add to the misery of this world.’
सुभाग्यवश 1964 में मीडिया अधिक सतर्क था ।	The media were fortunately more cautious in 1964.
एक्कं गोलाओ तं चिय दिणेहिं, तेणं तुज्झ सदाएण	The rose for one day, and you forever.
और 35 साल पहले ई. बी. व्हाइट से आपको मिल गया होगा ये जवाबः	And 35 years ago, you would have received this reply from E. B. White:
बांगोरमें सा हंआओ अम्मेहिं अ तेण एवं, वाहेण च्चिअ वहुविग्गओ अम्ह चारणवएणं	We exchanged our ‘yes’ in Bangor and we now passed the virus to our four children.
53 में से क्या 20 लोग वह व्यक्तिगत जोखिम उठाएंगे?	Would 20 of the 53 be likely to take that personal risk?
कम से कम चार सदस्य देश इनका उपयोग सैन्य सेवाओं के लिए करते हैं ।	At least four Member States use them for military services.
(सुपुरिसाणं सव्वं न समज्जन्ति ।	(Good Christians might not understand all of the issues.
अधिकांशतः, तुरन्त डा. जिमरमैनक सङ्गमोहो वि उत्तमं ।	For the most part, it is best to see Dr. Zimmerman right away.
जिम्मिहिविहिणा जुण्णस्स सज्ज जा	Prepare your youth without Jim
कइव एत्थन्तरम्मि सव्वो वि भिन्नो वि किं चुंबिओ होइ?	How could each person kiss the Black Stone separately?
मज्झकरिसालअवहाराइं पलायणं ण कुणइ, मह जीए मोक्खमज्झेहिं जामिणीए	My prison walls cannot control the flight, the freedom of my soul.’
चीन को अपने वर्तमान स्तर तक पहुँचने में एक सदी या उससे अधिक समय लगा होगा ।	China would have taken a century or more to reach its present level.
एक वोट, जो कैमरन हार जाएगा, अपरिहार्य प्रतीत होता है ।	A vote, which Cameron will lose, seems inevitable.
पवित्रीकरणं ईश्वरनिज्जंसं समुक्खित्तं एवं सुस्पष्टं प्रकटइ ।	The Holy Scriptures reveal God’s purpose comprehensively and clearly.
इबराहीमुण लोअत्तणं तुज्झ बहुअं जाणसि ।	You know very well how Abraham served Lot.
अम्हेवि तं दट्ठूण मएण विज्जाहरियं दट्ठुं	We wanted to see it even more than the 9 Mi.
94साम्यवादो उत्थावणो होइ, इओ विसयस्स उत्तो उट्ठो होइ	94 Communism has to rise; these other things has to rise.
भविष्ये अर्जेण्टीनाके खेतीविकसितएण एत्थसम्पत्तीए ।	Argentina will need these resources in the future for its agricultural development.
अलबत्ता ईवा एत्थन्तरविक्खाणं सुसमत्थे समप्पंति ।	However Eva seems to be able to capture most of these details well.
सायंकालम आयव सो ते सिग्घस्स जाआइं	It was Shabbos afternoon so they were coming out of [synagogue].
अल्लाहु असणं तं चिय तम्मि न याणम्मि, अण्णं च जस्स अज्ज वि तेण होइ	Allah was and there was nothing with Him.He is now as He was.
\1: किन्तु 4चान व्व सार्वजनिक मंचे किं जाइ?	Q: But why go to a public forum like 4chan?
जो अहं तं सो हु पुण्णं य मए सहाओ ।	Help me to be fully who I am.
एसा ण होइ जेण तुह मिच्छत्तं देवस्स) ।	This is not how you would make up a story about a false god.)
न, तत्तो य मए सुवन्नदेवण किच्छं खोजनाह ।	No, it looks like Golden God discovered something.
दूतेसु सालो सालो सुहावरो संतोसो य होंति, तेसु लुसिफरं च ईश्वरीयनियमाणि पालेइ	There were years and years of happiness and contentment among the angels while they and Lucifer obeyed every one of God's Laws.
एत्थन्तरम्मि इओ उवविट्ठो इओ इओ सो सञ्जाओ, ओअलाफ 2 वत्ताओ मए भणिओ	He mentioned this was his second approach, I could call it Olaf 2.0.
कोबरा - आगामि केवलिअच्छासेओ लोओ मए ब्लॉग पढइ ।	Cobra – People can read my blog in the next few weeks.
एवं आयन्ता 31 कहेइ, तत्तो तेण तीए कण्णेहिं तुज्झ तं परिचिन्तियं ।	And Verse 31 says, "Then their eyes were opened and they recognised Him.
सैन्यसमुच्छय ईश्वरीयविवेचनदक्खिन्नदिट्ठिपइच्छं ।	The gathering of the armies is plainly visible from the standpoint of God’s Word.
अच्छउ तहिं मए प्रतिद्वन्द्वीए सहाए उवएसो	How His Rival Actually Helped Him
धन्नवाद देव्वारा मज्झं सव्वं जायं (सिरियायाव)	Thanks to God, I had everything I wanted (in Syria).
आयोग ने पाया कि बैंक ऑफ ग्रीस ने केवल चार बैंकों (115) से संपर्क किया ।	The Commission observes that the Bank of Greece only contacted four banks (115).
पारखो एवं पारखो, एसा हो सकता है कि आपके क्षेत्र के क्रेडिट यूनियन के बारे में भी हो ।	Check and see; this may be true of the Credit Union in your area too.
रुको, और तुम एक और ज़ेलेंस्की को देखोगे ।	Wait, and you will see another Zelensky.
ई. - 66 एवं च कज्जं सम्पइ, मह सयंदेहं गमिज्जन्तो समप्पइ ।	E-66 And something happened; I felt myself leaving this body.
1 योरप्पइज्जइ वणाणं	1 Europe needs its Forests
ओटो'भूया हुआ'जाआ उबेरओ मिलो मिलो करोडो डॉलरं	Otto “was hungry” until they got millions of dollars from Uber.
पांचवें विस्तार के बाद ई. यू. को नई नौकरशाही चुनौतियों का सामना करना पड़ा ।	After the 5th enlargement, the EU faced new bureaucratic challenges.
तं सोहणं कर्तव्यमग्गो होइ सोच्चं, हिअअट्ठिअवाणपमुक्कदंसएहिं तहा होइ	He had to do it, being sovereign, being one of the visages of He-who-returns.
तेण मरेन देवओ न याणन्ति, तेण अम्हाणं विचिन्तिऊणं जीवन्तदेवं	He's not a dead God; He's a living God working among us.
कयाइवि कह माहस्स मज्झ तेण हत्थं ण धरउ	Why a certain time of month I don't want to hold his hand
सुणिआ दि न्यु एम्मा 28 भिन्न होइ?	I heard the new Emma 28 will be different?
अज्ज मए भणियं न य तेण - - लद्धाणं अज्ज राज्यपालं वयणं	Today — I can’t believe it — but today the Governor spoke of three million.
किं जाणसि तुमं केत्तिअमेत्तं लोयसंसुत्ति?	Do you know how lost and culture less you are?
तं संखाणं सुयणुएमि एवं सुव्वइ, तं 1.5 करोडियं विविहिकलानि ।	I hear those numbers and I hear there's 15 million different stories in that.
सा तुज्झ परिवत्तन्ति, तेण तुज्झ अम्हाणं अलियं कंपणाइं पलोएसि	You have changed; therefore, you will find us in a slightly different vibration.
दीहरं कत्तो यस्स! कायव्वं समुल्लवमेत्तेण?	How to sustainably implement YAS! in the very long run.
एत्थन्तरम्मि गुगलकियमाणसहत्थं किं सिक्खिज्जइ, जं 21अप्रिलए परं वि कज्जेइ?	What can we learn from Google’s actions here that will help us on April 21 and beyond?
तं चिय 69 सप्थाहं वहूणं इच्छन्ति ।	They want to share the 69 weeks between them.
एत्थन्तरम्मि विज्जाएण पुरिसाएण पेक्खसु केणवि एसा, जं मणं न वयणं तेण मुद्धेहिं	Knowing all of this now, see how foolish it is of mankind not to trust in Me.
ना, एसा इसलिये सम्भवो य तेण हिअअम्मि देवाएण पवज्जन्ति ।	No, this happened because their hearts were closed to the action of God’s Spirit.
तेण जणयणेणं पवज्जइ सन्देशो सोउं, तुह दंसए 8 नवा सञ्जाओ	They have a message to transmit to you: You have 8 new messages.
कोणं मिच्छत्तं नाम दाणं मणुया संसारे ।	Wrongly naming a thing is to add to the misery of this world.’
ब्राउनिङ्गओ भणिओ देवस्स सुरग्गयस्स, लोए सव्वं कुणइ ।	Browning said, "God's in his heaven and all's right with the world.
ण सीधो सञ्जाओ होंति, तेण 4 प्रत्यारोपणाणे पडियव्वो	There are no direct messages, so you will have to make 4 transplants.
एवं तुह मुहम्मि हा!, अम्हाणं अणुयत्तं'।	And, in your face, haha!, we have nuclear weapons.
1 - भविसं वासं लद्धो वासं;	1 - you will find solitude in the future;
अम्हेवि हु भवियप्पियं च ईश्वरीयचिन्ताणं च ।	We exist in God’s thoughts and in God’s love.
एवं च तं तम्बं सन्ततिसं पेक्खिऊण, एवं इसराएलीसं संतावं भवतु ।	And you shall see your children's children, and peace be upon Israel.
अज्ज रात्रौ किं खाउ इच्छसि? (तेण रायं विचिन्तेमि)	What do you prefer to eat tonight (we take his opinion into consideration)
सव्वं मण्णे मज्झ ईसामग्गेण भसमज्जिहिसि	all the earth shall be devoured with the fire of My jealousy.
नुजेंटस् (लार्ड्स्) मेमोरियल्स ऑफ़ हैम्पडेन, हिज्ज़ पार्टी अण्ड् टाइम्स.	Nugent's (Lord) Memorials of Hampden, his Party, and Times.
कत्तो य बारबोणीओ सअण्हा सअणमणिहेण, जिण गतवर्षं सो सआजाहाओ?	Will you celebrate it with the barboni (the homeless) once again as you did last year?
ते विज्जाहत्तणाणं न हु परमत्थं, निसुट्ठो ईसामत्थ्यकेवलग्गो होइ	They are not born of Satan and are eligible directly for the Kingdom of God.
जेण जेण तुज्झ एप्पाणं निययमाणेण वापरू, तेण वि तेण एसाएण एक्काएण ।	Every app you use regularly on your phone owns the same [kinds of information].
अप्पाणं भणियं तम्मं वच्चह'।	Take care of your little brother.
(किन्तु) सच्चं सच्चं, सच्चं निग्गहइ ।	(But) the truth is the truth, and the truth will come out.
तं तुज्झ वेरं कुणइ, जं तुज्झ ईश्वरसमूहे निब्बन्धियइ, एवं जाणइ जे भवन्तं देवं वल्लहोइ ।	He hates you because you are made in God’s image and he knows God loves you.
(अम्हाणं पभायपरिवड्ढियत्तं ।	(Our first priority is the conversion of our family.
एवं इसहक्कअमाणस्स विज्जाहरियं जं सो पुत्तो, न कि सेवको ।	And the marvel of Isaac's obedience is that he was a son, not a servant.
एसा वि कहिओ जे बल्गारिया के कप्तान अधेसमए कयओ ।	Also been told what the Bulgaria captain did at half-time.
पाउल ने व्यक्तिगत रूप से अपना स्तर पाया ।	Paul individually, found his level.
एवं च तं तं दाणामि पुत्तं च, तं सिक्खइ तं चिय पुच्छिज्जइ परं केणइ न य	And I shall give it to you, because nobody else than the Son can teach you and resuscitate you.
2) "अहं जाणामि ममं वित्तकरोलॆन्तम्मि ।	2) “I know how much my Bankroll is.
फ्रांस और जर्मनी (इन्फिनिटी ओपन) में हम क्या करेंगे?	What will we do in France and Germany (Infinity Open)?
तुह पाणे भयाणभागो पवज्जसि'।	You are entering horrible parts of your soul”.’
तुह पाणे भयाणभागो पवज्जसि'।	You are entering horrible parts of your soul”.’
निश्चयहि तीए एयं दिण्णं महं फैशनपयंवं "।	It is certainly her who gave me the love of fashion.
जेत्तिअमेत्तं जओ लोगं कज्जू रोपणाणं, तेत्तिअ वणिओ जाव ण जाओ	As more people clear [forests] to plant cashew nut trees, they will be gone.
केणवि उव्वेज्जइ उवविट्ठो परलोयं, अणुयत्तारं भणियं पब्भायम्मि	Someone should take care of him, send him to the next world.
केणवि उव्वेज्जइ उवविट्ठो परलोयं, अणुयत्तारं भणियं पब्भायम्मि	Someone should take care of him, send him to the next world.
न केवल इब्भंतरूपेणं पुरओ विहिणा समुल्लविहइ, परमत्थविहिअवाणपरायणतरुवीए विहिए ।	Not only were these people not brought before God, instead, they were thoroughly revealed, eliminated and abandoned by God’s new work.
सस्टेनेबल वेस्ट् मैनेज्मेण्ट् - तुज्झपि?	Sustainable waste management - for you too?
ई - 186 वाह, इस अंधे आदमी के पास उनके लिए एक बहुत अच्छा सवाल था ।	E-186 Well, this blind man had a very good question for them.
मए तेण वि 00:25:00 तीए विज्जाहरपरिसत्तेण ।	I could have put [00:25:00] him in more chaotic situations.
तेण पहिलॆण दो वरि... इब्बी कीस मत्ता पई?	After those first two years . . . why did Ebby get drunk?
तं ण भणिज्जइ'ओहो होउं, वज्जरियं मह एत्थ विद्यालयं उद्धरियं इच्छामि	You can’t say, “Oh yes, but now I want to open this big school.
तेण मज्झं सु-सन्देशिऎण एवं च तेण वयणं वयणं '.	They will [direct message] us and say how much they love it.
अहयं तुज्झ केवलं 1प्रतिशतं बलं दट्ठुं मए रन्ना गणनाः	In fact, just to show you the power of 1%, I ran a quick calculation:
अह भणइ य इसराएली केणवि कहकहवि इहाइ जेण इहाइविज्जाणं तुज्झ पिओ तेण?	Priest of Israel, can you say that you have suffered for the soul of the least or greatest person of this people? »
देवपायदंसणाण मज्झ बुद्धिं बोहेसु, पवरपज्जयसेण तुमं मह बुद्धिबलं जाणह ।	Enlighten my intelligence, you who have been filled with God's favor.
उत्तर'य'हो'तहिं जो जान्सन् नबंरं उदाहरणं ।	If the answer is yes then Joe Johnson is the number one example.
तं दक्खिण्णेण महाअणेणं जाक्सनं अन्तिमाणा किं जाणसि?	You know what Jackson's last words was, that great southern general?
एत्थन्तरविक्खाणं विचिन्तिऊण एवं विचिन्तेमि, माइकल कोलए किं करेमि?	I would also utilize the interviewers and see what Michael Cole would do.
(केवल पी. सी. पर) अब विभिन्न प्रकार के विरोधी अलियासिंग का चयन संभव है ।	(Only on PC) It is now possible to select different types of anti-aliasing.
इजिप्शियन कम्पीटिशन अथॉरिटीःएहिं भूमिका विवादित ।	Egyptian Competition Authority: Its role is contested.
1409 - नियमावलिं समत्थे समचित्ते विवेचणं कायव्वं	1409-- The rules of the Protocol must be interpreted in good faith at every level.
एत्थन्तरम्मि नरनारिजणस्स पुत्तस्स महिमा होइ, देव्वाणं महिमावन्ता होइ ।	Now the Son of Man is glorified and God is glorified in him.
एत्थन्तरम्मि नरनारिजणस्स पुत्तस्स महिमा होइ, देव्वाणं महिमावन्ता होइ ।	Now the Son of Man is glorified and God is glorified in him.
तो शायद उनके बिना लिली में सर्बिया के खिलाफ खेलना हमारे लिए एक फायदा था ।	So maybe it was an advantage for us to play Serbia in Lille without him.
[सरहद्दम्मि] तुर्कीयाया मज्झ सदा गरुययान धाए, अम्हे वि रक्खिज्जइ सुरक्खियस्स	[At the border] the Turks always sent me a car and I’m protected.
अन्नं च ठिए मज्झरिअस्स विज्जाहरिओ तुज्झ मिसरम्मि	More than anything else, we want you to think of Egypt as fun.
अज्ज राती सोत्तुं सोऊण तेण पुट्ठं मन्दरकायं ।	He will lie down with you tonight in exchange for your son’s mandrakes.
अहं वसंति - तेण ऊर्जं मणं सेवइ ।	I exist – therefore energy serves me.
तव्वं खविज्जइ मयरद्धस्स'।	You have a deadly enemy.
ई. - 19 एत्थन्तरम्मि अम्हे साल्वेषन् आर्मीनि जस्टिफाइं कुणइ ।	E-19 On the same basis we could absolutely justify the Salvation Army.
जइवि हु पुट्ठं दिसि मए संसारं सुहावेंति ।	My married life would be most happy if you grant me a son.
किं जर्मनी घोषणा के अनुसार करेगे, जब तक कि छोटे व्यवसाय बाहर न हों?	Will Germany do so as announced, unless small businesses are excluded?
इय लोए पासम्मि च्चिअ लोके सव्वेसु सुहावेसु ।	They choose the false gods of this passing world and all its passing pleasures.
80/20 सिद्धांत को प्रत्येक बुद्धिमान व्यक्ति द्वारा लागू किया जा सकता है और किया जाना चाहिएः	The 80/20 Principle can and should be put into practice by every intelligent person to:
जइ बोअजुस्स व्व धणं न होइ वि, किं अम्हे सव्वे जण-सम्पय-जणस्स?	Is each of us a person of means, even if we are not rich like Boaz?
पडिवक्खसमए सव्वं पब्भसं देवस्स जाणइ ।	In every trouble we should first seek to realize God’s presence with us.
(पशु बलि विणा यहुदीआ समत्था ।	(Judaism without animal sacrifice has a logical problem.
34: 3: 1 एत्थन्तरम्मि पडियव्वइ तत्थ विरहे किञ्चिए सहाओ होइ	Verses 34, 35: "Now when they shall fall, they shall be holpen with a little help.
34: 3: 1 एत्थन्तरम्मि पडियव्वइ तत्थ विरहे किञ्चिए सहाओ होइ	Verses 34, 35: "Now when they shall fall, they shall be holpen with a little help.
34: 3: 1 एत्थन्तरम्मि पडियव्वइ तत्थ विरहे किञ्चिए सहाओ होइ	Verses 34, 35: "Now when they shall fall, they shall be holpen with a little help.
उत्तरं - - न, लोए सव्वं दुज्जणपरिमित्तं समुल्लविज्जइ ।	Answer: No, the world is advancing towards a greater recognition of evil every day.
एवं च जेण रण्णेणं तुज्झ चित्ते, तेण कलामि दो वि पुरिसाणं मारेमि	And because you have reminded me of God, I will kill two more men tomorrow.
जेण केणइ भणिएण तहा तुमं अविचलजलावसि ।	You were, as some have said, in uncharted waters.
1986 और 1990 के बीच संसद के व्यक्तिगत स्वीडिश सदस्यों द्वारा कई प्रस्ताव प्रस्तुत किए गए थेः	Between 1986 and 1990 many proposals were presented by individual Swedish members of Parliament:
ब्लॉगर को मुआवज़े की उम्मीद हो तो हैरान न हों ।	Do not be surprised if the blogger expects compensation.
ताउंपरिसं नवलिस्तं न लहेइ ।	Except you don't get the new_list.
अण्णं वाहरइ देवस्स चित्तमालाए, भाणुवेगेण भणिया भणिया ईसा अम्हाणं	He accused us of being jealous of him because he is doing the will of God," the brother told Vanguard.
परंतं परमत्थं, दन्तमज्जणं करो वा धूमो, एयं बहुअं तुमं निब्भरं ।	But others — like whether you brush your teeth or smoke — are largely up to you.
ईश्वरीयशक्तिक ई भयवद्धक प्रदर्शनं दट्ठुं लोओ थरहरंति	The people trembled with fright when they saw this awesome display of God’s power.
अम्हाणं वयणं तुज्झ ईसा, देवपुत्रं च	I believe that You are the Christ, the Son of God.’
(एसा सम्पइ सिसिरे एसियाया 72दिवसेहिं...)	(Is quite the journey to Asia in the winter, 72 days...).
[इओ] दो पत्तन ईरानी तेल की जगह लेने के लिए हैं!	[These] two ports are meant [to supply oil] to replace Iranian oil!
तं रुद्धीएहि य यत्न-रट्ठीएहिं, बहु, बहु च्चिअ वड्ढमाणस्स होइ ।	To stop him or try and stop him has been very, very difficult.
दिणे 10 घन्ता मेइ सिमेणो सचीवामिणिमाणि ।	For 10 hours a day, Mme Simenon is the most competent of secretaries.
फ्रेंच सिक्खिउं इच्छसि पारिस्समत्थे 10,000 कि. मी. दूरे?	You want to learn French but this time 10 000km away from Paris?
अप्पाणं सुहं णमोहणलोहणं पवज्जइ दुब्बल-जणस्स ।	Weak man who yields to the temptation of denying himself a pleasure.
अप्पाणं सुहं णमोहणलोहणं पवज्जइ दुब्बल-जणस्स ।	Weak man who yields to the temptation of denying himself a pleasure.
अन्नं चिय नगरदक्खिणो इच्छइ देव्वाणं ', सो च्चेअ उवविट्ठो कोविरहो महिमाओ होइ	God’s “desire to never look upon the city again” is His wrath, as well as His majesty.
(अह तं सो यवनियाओ होइ तं कज्जं, जेण तेण वि तेण तक्खिणी!	(Well, the Greeks would have done it if they had the technology!
एत्थन्तरम्मि मिसस् लुसी एवं मिसस् लूसी बहुणा	I prefer Miss and Miss Lucy, at this time.
3 / सुरक्खिअत्तं महत्तरं, अहव तुज्झ निब्भावणाइं वि	3 / Security is Important, Even for Your Performance
किं केणइ चिन्तइ जेण जं कयइ सो विहिणा?	Does anyone think that what Jane has done is unusual?
मज्झं मणुस्सत्तं चिय जुवइयाइं बलवन्तॊ कुणह तं देव्वाणं दिअहं	I pray every day to God to strengthen me as a human and a young woman.
तेण तेण जुत्तं पज्जायमाणस्स ।	That is why he has the power to do miracles.
अथवा परिच्छेए विकल्प सी, कियं इयू आयोगं	Or finally option C, because the EU Commission
लोएण निययजणं देव्वाणं वयणं वयणं	We speak the wisdom of God, which He has ordained before the world.
प3.5 फस्र्ट नेशन्स रिजर्व् को भी न दिट्ठो ।	P3.5 You can't also look at the First Nations reserve.
51 एवं 72 समस्यामे विभाजनक रेखाङ्कित कयइ ।	In problems 51 and 72 the denominator is underlined.
रिस्सक्खिओ लोयस्स कणगमालाओ, पुरिसस्स होंतणस्स होन्तणस्स एरिसस्स	The risk is a part of God’s game, alike for men and nations.
उत्तरयरोपमेओओओ एत्थ आगओ, तेणओ आगओ वि आगओ सम्भवो हयहइ ।	Their arrival in northern Europe could have happened even earlier.
केवलिअणो पुच्छिज्जंतो यॊसॆफस्स आस्था कयत्ती?	Some would ask where Joseph’s faith was.
तं च देव्वाणं दट्ठुं मए भणियं सव्वेसु ।	I warn you all to regard him as God’s enemy.
(दस आज्ञाएँ हमारा जीवन संवारती हैं ।	(The Ten Commandments improve our life.
जेण हरिएसि तं करेसि जं मए भणियं \1:0	If you lose, you do what I say 9:0
किं जाणइ तक्खणं जायमं कयावत्थं, कयामत्थं जायमं चिरायमं च?	Do you know why the conflict continues and will continue until the Day of Judgment?
अवहत्थिज्जमाणस्स अन्नेण अवलंबिऊण अम्मेणं, निसुणेण विन्नायपरियोजनावि.	We have attacked God's plan for salvation, without waiting to hear what it is.
अवहत्थिज्जमाणस्स अन्नेण अवलंबिऊण अम्मेणं, निसुणेण विन्नायपरियोजनावि.	We have attacked God's plan for salvation, without waiting to hear what it is.
अनुच्छेदः1 उत्तराधिकार का यह नया क्रम पहली बार हमारे वंशजों के लिए लागू होता है ।	Article 3: This new order of succession is applicable for the first time to our descendants.
(एसा सव्वं नाणं मए पिट्ठं गओ ।	(I lost all that money later.
केवलमरणस्स समागमे सो किं पि देवस्स समं जाणइ ।	Only in the presence of death could he feel the presence of something like God.
एंडीः नो मोर हीरोज'अम्हाणं संक्रमणकालं गआ ।	Andy: "No More Heroes" has been a transition for us.
कहकहवि फेबुअरीअंतीअ मज्झ सच्चं मित्ताइं तेण वि ण होंति	I would say that after February I had less than three real friends.
एत्थन्तरम्मि दूसहं पवसिज्जइ सूरो: फु!	This monster clearly has got a message for you: Fu!
एत्थन्तरपरिपक्खिओ देवदेवालयो, एवं सव्वं तत्थ सत्तू ।	It is God's church, further matured, and all that is in it.
कार्पोरल सैम्पसन ने भी हमें धमकाया ।	Corporal Sampson even threatened us.
की जिणआउत्तमालाउज्जाणं कज्जं छेत्तिओ विविहं मणुयाणं?	Are there thirty-six different human actions we have to take to raise the standard of living?
देवस्स सदा कयविज्जइ जं धाविज्जइ सो भणइ, तं च मए सेवकुरु ।	God has always had a man that He could put His hand on, say, "That's My servant.
जह ते पयडीए वायुमण्डले प्रवेसन्ति, तह ते उल्काए वन्तिज्जन्ति ।	When they enter Earth’s atmosphere, they become meteors.
लन्दण चिड़ियाघरमें सिंहासमग्गेसु सुअमो अम्हे, एवं हवे तुज्झ वि करिज्जासु	We slept with the lions in London Zoo – and now you can too
300 नौसैनिकों को आसानी से प्रबलित किया जा सकता है ।	300 Marines can be easily reinforced.
(हयं, पइणा सह सत्थसु मित्ताइं सह वि समत्थो)	(Yes, even on a trip with my husband and seven of our friends.)
केनेडी के सुधार आधे उपाय थे और हो भी सकते थे ।	Kennedy's reforms were, and could only be, half-measures.
5किसं सो वि मोक्खणसोहियव्वइ जो जम्पइ सो जम्पन्ति ।	5 But he is saved from this dilemma if he can forgive.
मूसा सओ समप्पन्ति हु पाउलओ तत्तो वि जीविओ न	The commandment came with Moses and Paul was not alive then either.
43यहोविहूयाओ, तेनतीओ लोओ समओ उल्लासो	43 “Rejoice, O Gentiles, with His [a]people;
अम्हे सव्वेहिं इच्छामो जेण विहिए 6/4 सालं.	We all want that extra 6 1/4 years of conquest.
इमीए अवमाणिज्जन्तो हिअअम्मि हिअए न होइ अम्हाणं, अल्लाहुओ उवविट्ठो गणणा करिज्जासु	We must not allow our hearts to be filled with hatred for the perpetrators of this crime, for Allah will take them to account.
एसा कईअण्णभक्ष्यभज्जाणम्मि, एवं अम्हाणं पियंवकोकलेटम्मि!	This is true for many other foods as well as our beloved chocolate!
किं तुज्झ देवस्स रोया ण सुणंति, मए दाविदु कहा एसा?	Do you not hear God's cry, "Where is my David?
तीए वि बहुऎ विओगेहन्ति, तीए य इग्घाणं सेविज्जइ अप्पाणं	They use them very little : these cars serve their self-satisfaction.
1) क्रिसा घरिणीए विट्ठुरं दट्ठुं	1) came to Chris after seeing big sculptures.
एवं वि जीवणं सोऊणं न य मए, स्मरणेइ अन्नं चिरायं न जायं उत्तमकालस्स ।	And when life is not so good, remember that it will not last forever and better days are on the way.
तव्विज्जन्तेणं पुव्विं परमत्थं न गच्छन्ति ।	Your prayers do not leave the surface/environment of the earth.
न य मए भाणुवेगेण ", उव्विग्गभणिएण तीए भणिओ	No," he said with authority.
कीस इमीए निशानेबाज़ो सोशल मीडिया गतिविधि के केवल एक या दो महीने लगते हैं?	Why do all of these shooters seem to only have a month or two of social media activity?
तव्वयई ने कहा,'हम मानते हैं कि इस मुद्दे पर काफी तकनीकी काम भविष्य के लिए बना रहेगा... लेकिन यहां मैड्रिड में एक समझौता महत्वपूर्ण है ।	We recognise that a lot of technical work on this issue will remain for the future… but an agreement here in Madrid is crucial.
(18) शरणार्थि (कोर्बिन) के प्रति हमारा रवैया भिन्न होना चाहिए ।	(18) We should have a different attitude towards asylum seekers (Corbyn).
वच्चन्ति करहट्ठं छित्तो तओ उवविट्ठो, भणिओ थैंक यू ईसा	When the first hand touches you, rise your hands, and say, "Thank You, Jesus.
तण्हि वहुसंगं सो च्चिअ ठाविज्जइ जेण भाणुवेग्गामे ।	With his wife, he decides to move into the warehouse of his wife's older brother.
(ल) अच्छउ ता सुहाविया तत्तो, खासकर गतरात्रि'इवन्ट होराइजन'दट्ठूण!	(L) Well, that's friendly, especially after watching "Event Horizon" last night!
एसा कम्मं जं मणुस्साण सन्देशमयणस्स ईश्वरसम्पत्तीए	It is an act that God’s power accomplishes to address a message, a sign to men.
तत्तो य मए दिस्सइ तुमं चिय मण्डली	Yet you'll see Me (the church elected).
परमत्थओ न भुलो इओ तओ निययपरिगओ एवं च देव तुमं दट्ठुं ।	But do not forget that there is this law of return and that God is there to watch you.»
(और नागरिकेण कएण, पत्रकारिता के वित्तपोषण की आवश्यकता है ।	(And as citizens, we need to fund journalism.
इयू लिगो 180 "(महिलाविरूद्धेहिंसा?	Eu ligo 180” ("Violence against women?
सच्चं तओ पत्तो एवं तं जीएसि ।	The truth was your banner and you lived by it.
(10 कि. ग्रा.), एवं प्रतियोगितावद्धीणओओओ तेण वि सुरयरोगाओ ।	(10 kilograms), and competition organizers feared for his health.
एवं च ते सव्वेवि देव-सन्ताणं पेम्मं ।	And they love all of God's children.
जइ मि. X सही होंति, ता एसा मए वि होइ!	If Mr. X is right, this will happen for me 🙂
किन्तु कयविणओ सव्वेसु मणुस्सत्तगुणेसु कज्जेसु वि तीअ वुत्तन्तो	However, one day they will become tired of all these games and complications of human life.
एत्थन्तरम्मि चिन्तिऊण तेण 1966 ई. स. मे प्रस्तावयइ, जेण मतएण सह तिसओ विज्जओ होइः	With this in mind, they proposed in 1966 that each vote should be accompanied by three other decisions :
वज्जरइ वज्जरियं भवन्तं...?	Without your watch, you feel…?
एवं च तत्तो य तेण मज्झं बलवंतो य, तं च तेण जणो पत्तो निजगोत्तणं	And then, that's what makes them stronger, is that they find their tribe.
केणवि बोन्सईअव्वाइं सोऊणं,	No matter what time you water a Bonsai;
भाणुवेगो मरन्तेण कत्तो कालेण चार्लेस्सं तुह वहत्थं? - अ. दोवहरेण परं	How long after the death of his brother Charles murdered you? – A. Two years later.
भणियं समागया अन्तं परमत्थं घरं ।	God's assembly is a house full of salvation from one end to the other.
केन्नी के साथ यही आखिरी कहानी कह देंगी?	Is it the last story we want to tell with Kenny?
[17] तथापि, सेनेगल में इस तरह का प्रशिक्षण उपलब्ध होना अनिवार्य है ।	[179] It is imperative however, that such training become available in Senegal.
मासेडोणीओ तुज्झ बहु सङ्कुट्ठो, तेण तीए तेण केण तेण घोडो विकियाओ	Macedon is too small for you, and bought the horse for him.
+ + + केवल अनुरोध पर और उच्च मौसम में ।	+++Only on request and in high season.
किन्तु जे सत्थे ते सिद्धो होइ जेण सव्वं सच्चं प्रकटइ ।	But those who are in the truth will be perfect when all the truth is revealed.
अज्जं 23 मार्चअग्गमिन्तीअ विहिए, अम्हे वि इच्छामो सु - शासनं, नियमा सरकारं च ।	Today, in addition to the March 23 agreement we want good governance in the country and a legitimate government.
(ग्यालाक्सिया) तत्तो य मए विज्जायत्तणसद्देण छक्कमो?	(Galaxia) Is that also why I've been getting shocked by electrical equipment recently?
केण न इच्छइ जे मर्सिडीज बी 180 हत्थो हो?	Who doesn’t want to have a Mercedes b 180 in their possession?
सदस्य राज्य पक्षों के बीच सहयोग की सुविधा प्रदान करेंगे (29) ।	Member States will facilitate cooperation between the parties (29).
चीनं तं सोणं इच्छइ, अहयं मग्गइ पश्चिम!	China wanted, or rather demanded, its gold from the West!
कत्तो अम्हेवि परिसमाप्तिं कायव्वं जेण रन्ना मणुयइ, सत्थवर्षं जाया य?	Should we conclude that God believes it will take seven years?
परमत्थआए अज्ज इमर्जन्सी, बीय 2सिंहं च ते!	But today there is an emergency, and for the other 2 lions as well!
न जाणेण तेण गामो किं अट्टाडयं । [128]	I don’t know why he attacked the village.[128]
दूसरे शब्दों में, परिवार के सभी सदस्यों को उसी दिन तुर्की में प्रवेश करने की आवश्यकता नहीं है ।)	In other words, all members of the family are not required to enter Turkey on the same day.)
अहं तं पमाणदेहं दिज्जामि ।	I give them glorified bodies.
अहं तं पमाणदेहं दिज्जामि ।	I give them glorified bodies.
वज्जरियं परिज्जउ एयं वज्जरइ अम्ह तं दोवट्टं परिज्जइ	• Serve the wine: these types of wines we have to serve them twice.
सज्जा * सदा विज्जाहरियं न कायव्वा!	Correction *Should not always be held in a PUBLIC space!
तत्तो याणं चेवणं का इच्छसि न याणम्मि?	So why, as a Jew, would you not want to serve?
तत्तो सेविकाणं दट्ठूण जलं, पब्भदक्खिण्णभणिएणं मयणन्ति तं मयरं	It is water in the eyes of the servants, but they believed that it was wine upon hearing the Lord’s words.
तेण धरिया तेण थायल्यान्डे, तहवि हु तु सुहसुत्तं गम्भीरतासेण लहेण	He got caught and in Thailand you’d better take officers seriously.
मज्झ गिम्हे विओरो सच्चमेव एत्थवस्सएण ।	My summer wine is really made from all these things.
अतः यदी (C - Ext) सच्चं, तत्तो (J - int) अवश्यं मिच्छं ।	Thus, if (C-Ext) is true, then (J-Int) must be false.
जं 95 प्रतिशतं लोयं मारेमि तं मारेमि, अहयं न?	95 percent of the people we kill need to be killed, right?
एत्थन्तरम्मि गणकयन्त्रमग्गेण विज्जाहरियं 2363	One of the users made a request for the calculator /2363/.
एवं चिय मह आशा कयइ जेण सो पिलिप्पइ फिलिप्पस्स ।	And I had hoped that he would have called [Philip].
भयरं खमा परं दण्डं च ।	Fear follows crime and is its punishment.
बिल'ने कहा,'मेरे प्रशासन में किसी को भी बिल से अधिक तेजी से महत्वपूर्ण निर्णय नहीं लेने पड़े ।	No one in my administration has had to make more important decisions more quickly than Bill.
तीएवं वज्जरइ ईसा अम्ह इमामिओ होइ, जं धणं सव्वुत्तमं सद्धा ईसामत्थो होइ	His parents were fervent Christians for whom faith and God's love were the greatest of riches.
ब्रायण्णो दा, अहव जो विणिम्मइ असरओ होइ?	Brian: Now, or in terms of the impact they’ve had?
1: तुम फ्रेंच शराब पीने के लिए कभी नहीं आए?	YOSHIKI: You’ve never come to drink French wine?
एवं गुरुमहिलाओं चिय शिष्याणं प्रेषइ, जं ते तं दट्ठुं कुणन्ति ।	And the Master sends the women to the disciples so that they can see him.
1942 ई. स. मे तुज्झ बहुविगप्पाएमिअमेरिकाणं च	Both we and the Americans will be able to give you a lot in 1942.
सव्वेवि पश्चिमीय शाखाओ मए सुरए सुणे,	All of the western branches should listen to My voice:
एवं च निराशा वि णस्सवि णस्सइ,	And even despair was powerless to destroy;
मए अलम्बम रेकर्द केणइ इच्छामि, अल शाल फाल'तं कएकिसं वयणं.	I wanted to record the [next] album [because] it's been so many years since 'All Shall Fall'.
सो तव्वि अङ्गरहियं एवं तव्वि हु तेण पिता पुत्तो, न कि कस्स विज्जाहरेण तं पेच्छह तं तं कुणह ।	He is a part of you, and you of him because he is his Father's Son and not for any purpose you may see in him.
पियरेः सहसा तुह विहिए भणियं प्रतिभा, तं जणो सयं जाणसि?	Pierre: Usually you have genius in one field, you know?
तेणवि तेण वणिज्जइ ण कहिज्जइ, तेण वि तेण तेण लोए सव्वेणं मिट्ठाइं	Never commercialized, it had bluffed everyone at his Tech World.
#4 नस्लवाद अज्ज भी विद्यमान है और आपके जीवन को प्रभावित करता है ।	#4 Racism still exists and affects your lives.
187. ते पुच्छिज्जंति तो अन्तिमेगं (स): कअव्वाणं?	187 THEY WILL ASK thee [O Prophet] about the Last Hour: "When will it come to pass?
बी12 के साथ मुझे कब अच्छा लगेगा?	When Will I Feel Better With B12?
एवं च अम्हे वि ण कओ वि जणं सङ्गमो, जइ वि तेवि आसि सो दीसम्मि ।	And not only us, let's bring forth somebody else with us when we come to that day.
लघुतम सरलतमं च वणिज्जन्तस्स वि 72 मांसपेसिओ	In order to say even the shortest and simplest words, we use 72 muscles.
क्रिश्चियन ने सचमुच हमारे 350 आमन्त्रितों का ध्यान खींचा!	Christian really captured the attention of our 350 invitees!
जाअं तहिं तहिं सरकारं तुज्झ विहिणा होंतु, जाउं तहिं तुज्झ तहिं चिय गव्वइ ।	Government may be on your side as long as your technology is needed.
वक्कीलम्मि भणिए,'निसुणेहि'भाणुवेगेहिं	Certainly,” said the lawyer.
परमत्थओ आशाए दूओ आगओ वयणं वयणं, भणइ सन्तावणं कहकहवि	But I hope the angel comes back and tells us how to raise the child.
अन्नं चिय रियासत्तस्स व्व, इय सत्तस्स सव्वत्थो समत्थो ।	Like any other State, this is its inherent right.
मए भणियं तओ सम्पइ मद्धपूरिए, अम्हे सव्वेवि सत्तावत्तम्मि वसियव्वं ।	I am convinced that in the Middle East, we will all continue to exist as sovereign states .
2.6.30 कई प्रौद्योगिकियों के लिए भी समर्थन है जिन्हें अभी तक मानकों में अंतिम रूप नहीं दिया गया है ।	There is also support in the 2.6.30 for a number of technologies that have not yet been finalized in standards.
तेण लोकेण सम्मोहितं करवइ तेण तेण निसामेण ।	He gets those people hypnotized, and they just go away like that.
अवराहेणं सव्वं खविज्जउ दूइज्जाणं ।	The rest of them, let the destroying Angel destroy them.
अवराहेणं सव्वं खविज्जउ दूइज्जाणं ।	The rest of them, let the destroying Angel destroy them.
(जं तुमं खाउ तहिं परियाअणिहियसमस्याए ।	(What you eat may create a spiritual problem for someone else.
तुमं महुमासियाओ विज्जूयं'बोहोसं'य	You are busy bees when you are ‘unconscious’.
तुमं अलक्खियगइयं अलक्खियं करिज्जसि, तत्तो कर्मचारीगणमग्गो विहिओ वि कहकहवि	You will be taken aside and you can then talk to staff in private.
अण्णं सच्चं देवं भणिउं मुहेइ, जो तं सच्चं भणइ ।	They'd turn their head from God Who is telling them, "That's the Truth.
अण्णं सच्चं देवं भणिउं मुहेइ, जो तं सच्चं भणइ ।	They'd turn their head from God Who is telling them, "That's the Truth.
ना ताङ्क्स, अज्जं सुहं सेहतमंद जीएसडी नयस्सं	No thanks, i don’t want a happy and healthy gsd today.
वेनेजुएला में जो किया है, उसके अलावा इस साल हमने तानाशाही को नकारा है ।	We have rejected despotism this year, besides what we’ve done in Venezuela.
पञ्चवर्षं अवलंबिअमाणपरिसेसो, एवं भणसि इसराएलीओसं?	Five years without a real effort, and that’s what you have to say to the citizens of Israel?
मणुयानामिए बाल कैंसर-सहायतालाणं भविष्यं विविहं होइ ।	I believe the future of children’s cancer hospitals will be a different place.
अभिलेख प्रस्तारणं नाम एवं साम्यं न याणं ।	Putting out a record is not a name and likeness right.
अम्हे वि रिगायाव अइदिणेसु आस्थासमूहे गन्तुम् इच्छामो	We too, during these days in Riga, want to go to the sources of faith.
धणेच्छाए असमञ्जस-कज्जं तं च्चिअ सव्वं पेम्मं?	Money issues and differences – Do you want him to pay for everything?
एवं च पाउलस्स अण्णो देव्वत्तणस्स अणमोलणक्खित्तेण, सव्वेसिं सभामण्डलं भज्जरइ	And Paul with the unadulterated interpretation of God's Word, blasted every one of those synagogues.
तेण भणिओ लोओ न केवलं अण्णो भयइ, वड्ढउढचित्तो समुहो वि दूहो भयइ.	He said: "People are not only afraid to offend, but afraid to offend a vocal and aggressive group of people.
हमारे पास लगभग आधे बजट के लिए एक बहुत ही प्रतिस्पर्धी टीम होगी ।	We will be able to have a very competitive team for about half the budget.
तुह विराय-076 होइ जाअं, विराय कोन्द्रकी होइ ।	You’re just going to be another 076, another Kondraki.
अध्याय 12 साबित करो कि तुम क्या मानते हो 110	Chapter 12 Prove What You Believe 110
अहं गत्ति सपत्थे दक्खिण्णे अफ्रीकायाव थिसि, मह चिन्तिउं तओ तओ 400 किऊबा-विज्जाणन्ति ।	I was in South Africa last week, I think there are 400 Cuban doctors there.
जो वाग्दत्ता तेण तम्मि दास एलियाह्वारा दइअं तं सिद्ध कयइ ।	The LORD has done what he promised through his servant Elijah.
एत्थन्तरम्मि राजा दानियेलं बहुणो भावइ ।)	The King seems to have a preference for Daniel.)
अइच्छायासम्बद्धिं मए महत्त्वाकांक्षी स्थिति 6आव, अमेरिकाविना विहिणा ।	On the climate, we have an ambitious position at 6, without the United States.
जैक, ए रियल एस द्वारा लिखित	Written by Jack, a Real Ass
जइ य एसा विज्जाहया भणिया जाओ, वाह्सो वाह्!	If you can believe this study, wow:
226 लोअत्तणं स्मरणेसु, सो विज्जाहस्स सयलन्तस्स	226 Remember Lot; he was a smart man.
एयं लोयं रक्खणं, एयं णस्सणं करो वि होइ ।	One to save the world, the other to destroy it.
\1: तत्तो अम्हेवि दट्ठूण वड्ढन्तताराणि?	J : So we will see more and more stars in the sky ?
तओ य मेक्कर्स्पेस् विहिणा समुल्लवमाणस्स, तेण सव्वेसिं कीस अच्छाइं	Why It’s Good for Everyone When Your Makerspace Is More Inclusive
किं मोहंमद सालह सम्पइ इमीए सालं च ईसिओ?	Is Mohamed Salah able to continue like this every year?
किं मोहंमद सालह सम्पइ इमीए सालं च ईसिओ?	Is Mohamed Salah able to continue like this every year?
तत्तो य तेण एइ चरमपंथिया नाम कायव्वा ।	Then he will build names with this radical.
अज्ज ईसामत्थो प्रतिज्ञा रक्खइ ।	Today the promise of God's Word is kept.
सा तुह दट्ठुं निज्जरियं सन्तावियं भावियं तुज्झ, निज्जियपिसुयरियं भवियं भावि!	It was the fate of your child that you saw,—the future of your own child.
सा तुह दट्ठुं निज्जरियं सन्तावियं भावियं तुज्झ, निज्जियपिसुयरियं भवियं भावि!	It was the fate of your child that you saw,—the future of your own child.
आयत 3 और 4 इस विश्वास को किस तरह मज़बूत करते हैं?	How do verses 3 and 4 strengthen this conviction?
बिल सी - 44 पिछले सप्ताह जो हुआ उसका जवाब नहीं है ।	Bill C-44 is not a response to what happened last week.
वज्जरियहस्सविभूसियस्सविज्जाहरसस्स, उवयारो उवविट्ठो धम्मगोपुरो य	Yours is the breath that builds God's Satisfaction-Tower.
79 (अङ्गुली) के ठीक बाद अच्छी जगह होगी ।	Right after 79 (finger) would be a good place.
नत्थि ते च्चिअ णइट्ठो रेहिया 6 एवं भणिया तं कालेणं	Only in the river will they remain.” 6And he said, “Tomorrow.
एत्थन्तरम्मि पॉलिसिया यूरोपियादेसं समुल्लवियं, दीइऎम्25 य अस्त्रं होइ ।	All these policies need to be applied in Europe and DiEM25 can be the tool.
परंच बुशप्रशासनं पंचमं रणनीतिं समुल्लवसं अपणाइं ।	But it is a fifth strategy that the Bush administration seems to have resolutely adopted.
- पढिए सा तिण्णि वड्ढिए हं - रूसिया मित्ताइं भणाइं	- About three years ago read, yes - my Russian friends have advised.
अण्णोवि हु च्चिअ विज्जाहारा देसम्मि, किऊबा हं.	Finally, we also want to talk about the country of the cigar: Cuba.
सा तुह दट्ठुं निज्जरियं सन्तावियं भावियं तुज्झ, निज्जियपिसुयरियं भवियं भावि!	It was the fate of your child that you saw,– the future of your own child.
सा तुह दट्ठुं निज्जरियं सन्तावियं भावियं तुज्झ, निज्जियपिसुयरियं भवियं भावि!	It was the fate of your child that you saw,– the future of your own child.
पुच्छिऊणं को पलायन्ति एवं तीए पालयन्ति, एवं भणिऊणं किं कयाइं?	Ask him who flees and her who escapes, and say, 'What has been done?
ईश्वरीयनियमाणिगओ पयालीए, न य मए इहलोकयमाणानिगओ ।	· walked in the paths of God’s law, and did not follow the ways of this world.
भणिओ एसो सच्चं ।	Say: “The Truth has come.
एवं च जे तुज्झ परमत्थं सोच्छन्ति तेण वि तेण समस्या ।	And what other people think about you is their problem.
केणवि न थूकिज्जइ ममं पोलैण्डियं राष्ट्रीयगुणं!]	Nobody will be able to spit upon my Polish national character!"]
(पिहले सत्थारोहणेण तेण ऊर्जावत्तिं वि पिरामिडं ।	(Later in the session a pyramid is placed in his energy field as well.
एत्थन्तरम्मि कज्जं 499 गुणा करिज्जासु ।	Think of doing something 499 times this year.
ल. - 20 किन्तु सो देविय-जणस्स किं सम्भवो...?	L-20 But how could that Divine Person...
तं न भणियं,'अहं जाणामि झॆण किं ', अथवा'अहं ज्ञाणं सम्पइ'।	You should not say, ‘I know what Zen is,’ or ‘I have attained enlightenment.’
एत्थन्तरम्मि अज्जवि एत्थ कारणं ए. के. पी. डरिए मए ।	The only reason I am still here is that the AKP is afraid of me.
आर. यू. \1: पत्ताणं परिचिन्तियं कायव्वं ।	RU1: We should discuss ports.
तं तं गारेज्जं सदा इच्छंतो ।	He wanted it in his garage forever.
धन्यो होउं तुमं चिय बीय मज्झं सुन्दरं च दीसं	Be grateful you have another beautiful day with them.
देवदंसणे एक्कं लिङ्गीयं न उन्नतं ।	The one sex is not higher than the other in God's sight.
तो, इस सवाल का जवाब देने के लिए - हाँ, आपको परिणाम देखने के लिए केवल मैक्स ट्रेनर 14 मिनट प्रति दिन का उपयोग करने की आवश्यकता है ।	So, to answer the question – YES, you only need to use the Max Trainer 14-minutes per day to see results.
लंदन घोषणा और राजनीतिक प्रतिबद्धता के उस स्तर का हम स्वागत करते हैं जो यहां लंदन में स्पष्ट है ।	We welcome the London Declaration and the level of political commitment that is evident here in London.
रु. 1: तत्तो एणीअ पाणत्थे कप्पाणं करेज्ज?	RU2: So Eni will use its own ships?
एसा एक बिच्छू सबूत नहीं कि उनमें से कोई भी विमानों में था ।	Not one shred of evidence that any of them were on the planes,” he said.
सच्चं पलोएन्तो सव्वं हवेइ सच्चं	Those who genuinely pursue the truth seek the truth in all things.
[म] पेरिसमे [अन्तिमा] चैम्पियनशिप ओही कारणेण गओ ।	[I] lost the [last] championship in Paris for the same reason.
एक अल्पकालिक फ्रांसीसी राजनीतिज्ञ कहता है कि वह नाम का स्वामी है ।	A small-time French politician says he owns the name.
तेण तेण सच्चं निर्वचिऊणं, तं सच्चं जं सच्चं ।	Therefore he defines truth thus: That is true which is.
तेण तेण सच्चं निर्वचिऊणं, तं सच्चं जं सच्चं ।	Therefore he defines truth thus: That is true which is.
की ब्रिटेन ने भी आसन्नता को पुनर्परिभाषित किया है?	Has the UK also redefined imminence?
दाविद और सलोमन जिस भय का उल्लेख कर रहे हैं, वह ईश्वर के कानून के प्रति उचित सम्मान है ।	The fear that David and Solomon are referring to is a proper respect for God’s law.
नत्थि याक़ूबविरुद्धं केणइ विणाणं, नत्थि इसराएलीविरूवेणं परमत्थं ।	Surely, there is no enchantment against Jacob, nor any divination against Israel.
नत्थि याक़ूबविरुद्धं केणइ विणाणं, नत्थि इसराएलीविरूवेणं परमत्थं ।	Surely, there is no enchantment against Jacob, nor any divination against Israel.
आर. 1: अम्हेहि तुह जणो विज्जाहरं एक्काए ।	RA: We came to your peoples to give the Law of One.
एवं सुविसारं सव्वे लोए तं सुणिज्जन्ते मन्दिरे	And early in the morning all the people came to him in the temple to hear him.
और तुम उन संवादों को सुगम बनाना चाहते हो, जिससे हर कोई जल स्रोत तक पहुँच सके ।	And you want to facilitate those interactions — that way everyone can get to the water source.
तं किं जाणसि मज्झ पंचपुरवीए?	How did You know that I had five husbands?
1: 1 तेण पुच्छिज्जन्ति जुज्जावत्तणं ।	8:1 They ask thee concerning (things taken as) spoils of war.
किसि वि किसिए विट्हाउसो अज्ज किसिओ करिज्जंतो ।	At any time, the White House could do something similar today.
एत्थन्तरम्मि धम्मसाम्राज्यं ।	This is the kingdom of hypocrisy.
कस्स वि हर सालं गोत्तणं 2014 या 2015 ई. वि. सि. इ. इत्तिअं सरलं होइ!	If only every year in the cattle industry could be as easy as 2014 or 2015!
एत्थन्तरम्मि कइवयनियमनियमाणिद्धारा (उदाहारणाय, अनुलग्नकं 16) अंगीकृतं ।	Some of them (for example, Annex 16) are accepted by many states as national standards.
एवं एवं च मणुस्सा देव्वत्तूण वचनाणं दट्ठुं, देवस्स वचनाइं सच्चं, सत्तावयं च बलं च तेहिं च	And so, man is able to see from the words expressed by God that God’s words are the truth, and they have authority, and power.
तत्तो जीवन्तकीसस्स परमत्थं समागइ देवस्स सभा	It is around the Person of a living Christ, then, that God's assembly is gathered.
तं अविय दुज्जणस्स न सहिज्जइ, वज्जरइ दण्डो तेण हत्थो ।	He will no longer stand for this evil and now His Hand will fall in punishment.
एवं च ते होंतु जइ जिण व कज्जं एक्कयं'125	And they will be so if their life and work are one and the same.'125
(जे) परियोजना अवेरनेस मई में है लेकिन वह ताम्पा में है ।	(J) Project Awareness is in May but that’s in Tampa.
एसा तत्तो एसा एसा भणियं दक्खिण्णइ नाम पुणो!	It seems the school is under pressure to remove the name AGAIN!
किं यूरोप-समयं समज्जइ, अहयं वयणं बुधवारं, जं न य	Will Europe understand in time, that is to say Wednesday, that it has no
लैलाए पुणरवि मए चरो जुण्णगोयरं रक्खियं	Laila has once again saved one of my (four) old horses.
निययपुव्वंवि हु तेण हिअअम्मि पवज्जन्ति, परिवत्तन्ति नियपुव्वेणं च देव्वाणं	I pray God touches their hearts and changes them so that they see the right path.
एत्थन्तरम्मि य ठाविओ तत्तो कयाइवि कह कारवन्नो वहूणं	Perhaps some caravan can pick him up, if this is what you decide to do.
जाकोब (यअरो यईसरायल, जेण तेण नाम गयइ) का परिवार बहु विशालो!	Jacob (or Israel, as his name became) had a very large family!
कोहली ने कहा, "क्या वह सच में (कहा कि वह एंडरसन को चाहता है)?	Did he really (say he wants Anderson)?
और ते सतनिमेत्ताए सुहाओ लोए करिज्जन्ति, करेज्जन्ति च ।	And those seven minutes can and will do a world of good.
कम्म-पुरिसाणं देवस्स दक्खिण्णं ।	The man of action needs God’s guidance.
एवं तेण एव तत्थं तोराहं पुणोवसं कयाइं ।	And they were the ones who re-established Torah at that time.
उल्टं च 1984 विरोधी, एत्थ कारणं विचिन्तिऊण ।	On the contrary, it is an anti-1984; let us check why.
STRON1: अह भणियं - अहयं 98 खण्डाणि ।	STRONG: Well, I have -- we have 98 pieces.
अम्हाणं प्रतिज्ञं अम्हारिसं न, वुत्तं तेणं वयणं	Our Promise is not a promise to ourselves, it is a promise to them.
मह चिन्तिऊण तहिं कयं तहिं करेज्जउ रोजगारोच्चारणाइं, अफ्रीकायाव जं जोक्खं लहेज्जउ अम्हेहिं	I think we have to take more risks in Africa to do what you just said — create jobs.
किन्तु जइ सिसेम्क्रेडिट्अं तं मए तेण वयणं तह भणियं च	But I will trust him and talk to him if he has Sesame Credit.
4और तेण विओगेहिं वअणं सो सहागओ	4 And yet His gifts came with Him.
तेण भणिओ, दोआइं सव्वं धम्मविरुद्धं ।	Medicine, he said, "is against our religious beliefs.
अम्हेवि ण समप्पइ अज्ज किं सिक्स् कौवोस्सं	We do not understand why today we have The Six Kowtows.
180 से अधिक लोग एक ही शौचालय का उपयोग करते हैं ।	More than 180 people use the same toilet.
केवि हु कज्जं सोच्छन्ति वा नाटकन्ति जेण ईश्वरेण सम्पइ ।	There are those who think or pretend they have God’s blessing.
कयाइं गुणाणं दट्ठूण परिच्छायम्मि मित्तं वंदामि ।	When I see a worthy name, I will send my greeting to the friend in disguise.
मयरावेऊण सहियव्वाणं अहव्वाइं!	It is always urgent to be patient with wine!
तेण भणियं तेण वयसो, तेण पुच्छिओ तेण ।	They said, "He is of age; ask him.
परमत्थाणं एयं विद्यालयं मज्झ देहं का इच्छंति	But I needed to know why these schools really wanted my body.
मार्टिन #fullpower दिन में 25 घंटे है ।	Martin is #fullpower 25 hours a day.
अप्पर ईस्ट साइड पर कभी भी पर्याप्त मनोचिकित्सक नहीं होते ।)	On the Upper East Side there’s never enough psychiatrists.)
अम्हे पुणो वि सिक्खामो जे, ईश्वरा एवं तेण नियमा पंचविच्छाए ।	We have learned from previous lessons that God and His Law share five things in common.
ना कूर्स ना मिलर, जहा पर नियंत्रण पाया गया ।	We’re not Coors or Miller where we got all these controls.
बाबा का दक्खिण्णो सच्चं हजारो सालो की मणुस्सत्तं ।)	Babas intervention can literally save us from thousands of years of human suffering.).
कृतज्ञचित्ते भयं निच्छइ, सम्पइ समुच्चयं जाणइ	When you are grateful, fear disappears and abundance appears.
तेण सहस्राब्दिया विहिणा एसा अम्हविज्जाहारा ।	We need these prayers very much: tertio millennio adveniente.
एंडीः नो मोर हीरोज'अम्हाणं संक्रमणकालं गआ ।	Andy: “No More Heroes” has been a transition for us.
किन्तु देवसहायत्था सम्भोगलोहविओ विहिणा ।	But, with God’s help, sexual temptation can be defeated.
रेडिकल्स के खंड से हम जानते हैं कि हम निम्नलिखित कर सकते हैं ।	From the section on radicals we know that we can do the following.
किं तुह चिन्तइ जुआण जणो बहुसो एअं अवस्सत्थे?	Do you think don Juan lives in this state of awareness most of the time?
तत्तो सच्चं बुद्धी उब्भइ, एवं च पेम्मं वि ।	Then true intelligence arises, and also love.
इ. - 239सहेइ भगिणीए, तं पहिरिओ चिन्तिऊण तेण ।	E-231 Sister, you that wear those clothes, think of it.
दाविअदःएसा कयवया जणम्मि जायं, जं भुमीए बहुसंकिणो परिचिन्तेमि?	David: Is this someone that would be recognizable to most people on Earth?
92. और पुत्तं लोयणं ण सव्वं दयावान ।	92 and it behoves not the All-merciful to take a son.
1000 साल के वास्तविक पश्चिमी ईसाई धर्म के बाद क्या ही रोऊण लज्जा!	What a crying shame after 1000 years of real western Christianity!
अज्ज प्रभात जॉनं जं वयणं सोउं मए निज्जुत्तो	I really want to be discouraged this morning by what John says.
एत्थन्तरम्मि चिन्तिज्जइ ए 220 विणिज्जएण सहाओ तेण ।	We can think that at first, by helping to sell the A220 he helped himself.
तं मए तं जिविज्जइ तं सि जीएणं, तह वि ण एक्कं अहयं न जायं वयणं	You could spend your life looking for one, and it would not be a wasted life.
एत्थन्तरम्मि सुरक्खियं न याणं, तत्थविरइयं द्रुतं च	It is no safer but it is faster.
एत्थन्तरम्मि तरुण इरानीय जनसंख्यामे अवसर छल ।	With a so young Iranian population, there was real opportunities.
किं न जाणेमि अज्ज इसराएलीओ का राजा?	For do I not know that I [am] king over Israel this day?
किं न जाणेमि अज्ज इसराएलीओ का राजा?	For do I not know that I [am] king over Israel this day?
किं न जाणेमि अज्ज इसराएलीओ का राजा?	For do I not know that I [am] king over Israel this day?
हो सकता है कि यह केवल एक मूर्खतापूर्ण विचार थाः कनाडा ।	Maybe it was just a stupid idea: Canada.
अइदाणं सोउं सव्वेहिं जो कज्जं सो जादूओ लोअस्स	Ayda was lost in the magic of what they all do together.
पडिमाणा सव्वाणं खेलणा किं मिण्टसेमिणिट्ठं?	Can all the blue toys on the floor be found in one minute?
डेविडुः एवं भणइ जेण तेण 23 तेण 28 इणं, एत्थ विचिन्तिऊण मए भणियं तेण	David: And he described that there were 23 to 28 industries, I believe is what he said.
अज्जं च्चिअ अच्चाणं को (एवं किं) जाणइ ।	Today, we wonder who (and how) knows the Father.
$358 मिलियन के बाद, किनबर्ग पीछे मुड़कर देख सकता है और हंस सकता है ।	$358 million later, Kinberg can look back and laugh.
(ल) तत्तो य मए आसा तेण कज्जेण लोए... कत्तो रूचिकरं	(L) Well, we hope so because the world itself is... kind of interesting.
पंचवर्षपूर्वं तहिं सहीहि जं कारिया एवं बालिकाएहि ।	Five years ago it really was just: cars and girls.
केवलं कामवासनाओ महपिसाओओओ, अप्पाणं महत्तवमाणाइं कुणइ	Only passions, great passions, can elevate the soul to great things.
कैरोलीन हेन्रीः तं दोयं अब तुमं लउं ।	Caroline Henry: You take those two now.
इक्काओंटं केवलं तुह भाणुवेगो सअलो सहिओ'।	Only your closest friends follow this account.
(सन्दूकं) केणवि दट्ठूणं होइ अवश्यं, एवं वि हज्जारो एमेचरस् ।	(Ark) Somebody must have seen it, and there are thousands of amateurs.
< ID1] भणिओ, हा, अप्पाणं अवमाणस्स भवह ।	37:18 Say: "Yes, and you will be humbled.
पवित्रीवर्षे वि 260 दिनाइं ।	We also have 260 days in the Sacred Year.
तव्वयस्स बहुविधं न परिवर्त्तनयस्स (53)	Avoid changing your posture more frequently (53).
मए दोसे दोसो दोसो पसाओ तेण मज्झ दंसणं दट्ठुं	I'm accused of a crime and if found guilty they will surely sentence me to death.
एत्थन्तरम्मि तं सोउं तं करेज्जं स्टारड्यूए, मह चिन्तिऊणं	Now he can do what he wants with Stardew, I suppose.
अच्छाइं समुद्दो महत्तं चिट्ठइ आणिआइं ।	His dad has already found and brought back great things from the sea.
विट्सिअव्वाणं परं जाणंति तं जुत्तं, किं जाणन्ति तं चेव जाणन्ति.	You know how” Witschi will be presented through their superior know-how.
जस्स जस्स तुमं कहिओ तस्स केणइ का णइ डिजाईनर या अभिकरण करेगे ।	Some designers or agencies will do exactly what you say.
तीए विचिन्तिज्जइ बहुमाणवया सहाविया य मणुया विहिणा य, मणुयणेसु विहिणो वहुया महिलाणं	They think that by sleeping with lots of women, by having a girlfriend, or by having a wife means they are successful with women.
तं तं सिग्घरियं चिय न य मए तं चिय, तिम्मि इच्छसि 30 सयंस्सं तणुस्स?	Are you going to smoke those cigarettes, or not, because you want to be healthy in 30 years?
एवं च तहा ते च्चिअ लोयणा दिट्ठीए जेण नियजिणीए ।	And then there are people who prefer to look their fate in the eyes.
जेण सव्वं सच्चं लोकेणं वयइ, तेण 24 घन्ताएण न हवेइ जत्था ।	No modern government could exist for 24 hours if it told the people the truth.
इओ तत्तो सङ्कुट्ठो एवं होज्जइ तुज्झ हिअअट्ठिओ	It is rather small and may not be suitable for your wife.
एत्थन्तरम्मि अब्रहामस्स चित्तवेगो, तेण नगरम् उद्धरियमाणस्स	That was Abraham's attitude; he was looking for a city.
और तुममें से कईयों ने किया, स्मरण करते हुए कि तुम टोबियास के साथ कौन हो ।	And many of you did, remembering who you are with Tobias.
अथवा सम्भवह तुज्झ परस्सवि ण सुणिज्जइ, एवं च इन्टरनेटसुरक्षासम्बद्धिं तुज्झ विट्ठाइं?	Or perhaps you’ve never listened to others and have your own beliefs about internet security?
तं चिय देसु विसरिज्जइ तेण जेण मज्झ कोटिंसं पुत्तं कयाइं	For Thou must forget those who exported ten millions of my sons
संदेहं भीरं जिणइ सो विफाइं ।	He who has conquered doubt and fear has conquered failure.
तेण सुसमत्थाणं नवम्बरमासेहि पेसएवं, अम्हारिसमयमेयं तेण ।	He could very well have tabled his amendments in November at the same time as us.
इयं भयस्य घाटी, मरणस्य घाटी ।	It is the Valley of Fear, the Valley of Death.
साक्खित्तेहिं तेहिं अट्ठाइं होइ ।	They have eight eyes, as illustrated.
मज्जातन्तूणं = सङ्कुट्ठि समागमं = तुह विउत्थावं कुणह ।	Nerves = short interview = getting you out of there.
पीईटी पावर ने इस साथी को पाया है!	PET Power has found this partner!
एत्थन्तरम्मि सव्वक्षेत्रोन्नयणायत्तणस्स अ [नवजागरणकाल] ।	We have a program [The Renaissance] for the development of all these sectors.
एत्थन्तरम्मि सव्वुत्तं लोकप्रियं पत्तो ।	You'll find the most popular among them below.
अणुयत्ताइं न कुणइ अम्हे विअत्थं, जह सव्वंगउपरियमाणस्स	We do not distinguish it, like all the others created before
अम्हेवि ण इच्छंति सव्वेसु 889 मित्ताइं समागओ	We don’t want all 889 of our friends to be a part of the courting.
किं तुह चिन्तइ जुआण जणो बहुसो एअं अवस्सत्थे?	Do you think don Juan lives in this state of awareness most of the time?
केण वज्जरया मज्झं जुत्तं?, विज्जाहरियं जत्था?	What did I bet, gentlemen? a spectacle.
सर रोबर्ट्सं सा किं साम्यं होंतु?	What could he have in common with Sir Robert?
अह भणियं भाणुवेगो!	O people of Baha!
ई - 325 भाणुवेगो तीए जीववाक्खो!	E-325 But, brother, she had a Word of Life there!
और मौसम जो कहानी हो ".	And weather as story.
धणेच्छाए असमञ्जस-कज्जं तं च्चिअ सव्वं पेम्मं?	Money issues and differences — Do you want him to pay for everything?
अमेरिका वर्तमान में जहाजों का उपयोग गुप्त कारागारों के रूप में करता प्रतीत होता है (7) ।	The US currently appears to be using ships as secret prisons(7).
अन्तिमे अवसरे, बेलारुसकेँ स्थायी परिषदक काजकम्मेलओ आमन्त्रित कयइ ।	Last but not least, Belarus was also invited to take part in the works of the permanent Council.
तीए तुज्झ सहस्रपरिमाणे ताव, ताव य तेण कीस ण ईसंति?	They are one thousand degrees above you, so why aren’t you jealous of them?
(पारसीवाल) दो वि स्पेनमें एसा कयाइं पडिअं?	(Perceval) Why did two of them fall in the same place in Spain?
< 2897 > तेण मए तं सेवायं सृज्जियं ।	<2897> They created me to serve them.
किन्तु मह चिन्तिऊण जेण वि तेण देसभरिओ गम्भीरसमस्याओ,	But I think their citizens cause serious problems outside these countries,
किन्तु, जेण पुरातन रोमियजणगेणं भणिज्जन्ता,'पितृभूमिययणसद्देणं मिट्ठियं च उवविट्ठो	But, as the ancient Romans should have said: "Sweet and fitting it is to lie for the fatherland.
तेण भय-पयावि तं अन्नं दिययं ।	He has given meat unto them that fear Him.
किन्तु 0.14 यूरो कीस महं भणइ?	But why 0.14 euro would you tell me?
एवं च इओ तओ अन्तर, अज्ज वि मज्झ सम्पइ एयं भवनं	And the only difference is I still own my buildings".
अम्हे वि आरम्भे देव-जणस्स न होइ, परराष्ट्रीयो होइ ।	We, too, were not God’s people at first, but Gentiles.
सव्वेवि जाणइ जेण मए व्यक्तिगत परिस्थितिक कारणेण स्पेन महं खिच्चइ ।	Everybody knows that due to my personal situation, Spain attracts me.
तं दट्ठुं सित्ताइं 1970 स च्चिअ जं च अम्हे वि, जं च संसारी सेटेलाइट् कवरेज् अच्छिज्जइ.	We can see them since 1970 because we’ve got global satellite coverage.
परमत्थओ दूरवरवसोहिल्लो तत्थ तत्थ, अम्हेवि हु मेकिइण्टायरं एत्थ वज्जरइ	But that is far into the future, so for now, we have to remember our MacIntyre:
मूसा को इसराएल भूमि में प्रवेश की अनुमति क्यों नहीं दी गई?	Why was Moses not allowed to enter the Land of Israel?
तीए वि पुच्छिज्जंति कयामअस्स णिव्वत्ति, कयविज्जइ कयामिज्जंति ते?	79|42| They ask you concerning the Hour of Doom, ‘When will it come’?
णववर्षे वज्जरइ सुहं इच्छंति?, 19 सञ्जाओ विज्जाहारो संकल्पो	Want More Happiness in the New Year? 19 Resolutions for Joy
तओ तओ पत्तो भणइ सा. व. दसं... सयवर्षं परं	The station talks about itself ... after 100 years.
5इच्छइ णाणं पिअअमं तुमं ज्ञायइ जो लोए वि, जइ णामो तुम्ह णामो तं ण होइ.	5 Your Father's Name reminds you who you are, even within a world that does not know; even though you have not remembered it.
लेकिन क्या नासा या किसी और को वास्तव में चिंता करने की आवश्यकता थी?	But did NASA, or anyone, really need to worry?
खासकर तेण जेण तुह दयाहया होंति ।	Especially those most in need of thy mercy.
एत्थन्तरम्मि जीयदुक्खं दयंभवदेवेणं ।	Here, the misery of the soul meets the God of mercy.
निसंसो न याणइ सो विज्जाहरिओ विज्जाहरजुत्तस्स, पञ्चसहा सयवर्षसमए तेण वि किं कारणं!	Of course we cannot know why he had that exceptional genius 500 years ago!
E412 कुछ उत्पादों के "जीवन" को बढ़ाने में भी सक्षम है ।	E412 is also able to extend the "life" of some products.
तत्तो य मए जइ पउरम्मि जीवाओ, ता सव्वं सुदं चिअ होइ	Then if enough souls follow Me, all will be easy.
मियामी हीट के लिए कोई भी कभी भी 23 नंबर नहीं पहनेगा ।	No one will ever wear number 23 for the Miami Heat.
एत्थन्तरम्मि 28 देसहि समत्थिज्जइ जेणं नवपदार्थाए परिसंचरणम्मि	At the moment, we have 28 countries that cooperate pretty well when new substances enter circulation.
अहं तेहिं (एवियेशन् क्लब् द फ़्रान्स्) एघारो दीहो भवामि ।	I’ll be there (the Aviation Club de France) for eleven days.
तत्तो य एत्थन्तरम्मि सव्वत्थेहिं, केवलइ अम्हाणं कब्बालीयमूलेहिं पयासएहिं ।	That is why it is desirable, as in everything else, to use only our own Kabbalistic sources, to follow only them.
तत्तो अम्हाणं पिअविरायदेसं मिलणु'।	SO looking forward to meeting you our little angel.
आयरल्यान्डे वित्तीअ दक्खिण्णे'मलयं'जायं, तं तु कहिऊणं तु	You've already mentioned that "shit got real" in Ireland from a financial point of view.
देव्वाणं सोऊणं सा (बीबी) विमग्गिया एवं अम्हाणं सव्वं परिवारं निसामेण	Thanks God, she (Ms Bibi) is free and I hope our entire family is finally happy and free.
केवलं भूतकालम्मि, जॆण न पुणोइएमि, तं सो सच्चं सच्चं ।	Only the past, when we do not remanufacture it, is pure reality.’
केवलं भूतकालम्मि, जॆण न पुणोइएमि, तं सो सच्चं सच्चं ।	Only the past, when we do not remanufacture it, is pure reality.’
अतएण अल्लाहे दोण्ह वि समुहाणं मिच्छुरं कहकहा	This is why Allah declared both groups to be liars
असद के खिलाफ हमेशा से हमारी नीति रही है ।	Our policy has always been against him [Assad].
जेण तेण सिद्धतामण्डले जेण तीए तेण वव्वाणं, तेण वि डड्ढियव्वं सव्वम्पि	Whoever imitates their behavior in their Station of Perfection, however, will be corrupted.
किन्तु महत्तरपरिमाणेण (निययपरिमाणं लद्धीएण) केवलइ चाराइ उब्भइ ।	But massively (to get the right amount) only these four are produced.
आन्ध्रेज् ग्र्जिब् (पि. पि. इ.) - (प. ल.) महोदया, संसग्गोत्तणस्स व्व मूल्यांकनमेव जाया, परिणामविओ वि य सिद्धिओ य	Andrzej Grzyb (PPE). – (PL) Madam President, cohesion policy in its present form is evaluated well, as are its results.
किं न कज्जं समापिऊण वयणं?... अम्हे वि तीए अत्थिअवस्सत्थं विणिज्जयं	Why don’t we finish the job?… We must finish the job by destroying their terror infrastructure.
तत्तो य मए भणियं च अम्हे लोए वा अलाहम्मि?	The question, though, is whether we are leaning towards the world or Allah (swt)?
तिसियं चूयलयं: एवं अहं परमत्थियं ।	Third Witch : And I another.
नन्हें जीन - मिशेल को थोड़ा और बार देखना चाहता हूँ, कज्जेण वो भी बड़ा हो रहा है ।	I would like to see little Jean-Michel a little more often because he is growing too.
ता किं तुज्झ वणिज्जइ सच्चं, जं तुर्कीयाणं तं परिचिन्तेमि?	Will your story be true when the Turks recognize it?
जत्थ वज्जरइ देवस्स पाणेसु, तेण सव्वं हवे सव्वं ।	God's the Healer of animals, the same as He is anything.
तो, तुम जानते हो, हम इसे अज्ञेयवादी रखने की कोशिश करते हैं ।	So, again, you know, we try to keep it agnostic.
तो जाओ सो नाणं फव्वारे मे विसारो, सो दाणाय!	So, go throw a coin into the fountain; it’s for charity!
करारं देवस्स'काऊंसिल ','शपथ ', प्रतिज्ञं'( सङ्की.	covenant is called God's "counsel," "oath," promise" (Ps.
तत्तो य ते इच्छाए मण्डलीए ।	They thus belong to the Church by desire (voto).
देवयपयावि'तं सव्वदोवि हु अवमाऊणं, व्हाइटहाउसिअलोएण वि अलाहजोडो उअह'तं	We will humiliate them everywhere, God willing, and we will raise the flag of Allah in the White House.
रन्नाओ देसं करोइ 8 बार्बरियं	Just 8 barbarians can make cry a country.
केल्विन् प्रकटइ: "न केवि वि ईसामत्थो सुविणस्सइयस्स, जो वि सव्वुत्तरं विज्जाहरियस्स ".	Declares Calvin: "None will ever be a good minister of the Word of God, unless he is first of all a scholar.
मूसा के दिनों से पहले पृथ्वी पर कोई राष्ट्र नहीं था जो ईश्वर की जाति के रूप में जाना जाता हो ।	Before the days of Moses there was no nation on Earth known as God’s particular nation.
रुमेणियावि भिल्लेह एत्थ धणुन्नाओ, उवविट्ठो उज्जाणं भवियव्वो'य	Here you can earn money more easily than in Romania; you can have a better future.
तं दयं वयसे वयसे तेण जेण तं पेच्छंति	His mercy’s from age to age on those who fear him.
तं दयं वयसे वयसे तेण जेण तं पेच्छंति	His mercy’s from age to age on those who fear him.
देवस्स वचनं बहुमूल्यवत्ताइं एवं विहि-सहायत्थाइं ।	God's Word is full of precious promises and helpful counsel.
किं मिस्रया सरहद्दाबाहिरुन्दानि मिलिरिया तावाला?	Does Egypt need military bases outside [its borders]?
अजण्टामे निजी कारबारओ छल, जेण एडवर्ड द्वितीय नहि जाणइ ।	There was also private business, of which Edward II did not know, on the agenda.
ईश्वरीय सिद्धनियमनं नामंजूरणं (रोम.	Having rejected God’s perfect Law (Rom.
आखिरकार उन्होंने अपने 285वें इवेंट में ये कारनामा कर दिखाया ।	He finally did it in his 285th event.
जं केवो'भारविहाणो'ण मणुयइ, केवो भणिओ'भारवाहो'वज्जरइ, कहकहवि हु ते एसा	While some refuse to ‘share the burden’, others refuse to be the only ones, they say, to bear it.
एवं च एत्थन्तरम्मि मारियव्विस्सं तुज्झ मयणेहिं, न हु तेण तलोआरद्धेण	And now I'm going to kill you too -- with your own sword, no less.
#3 सम्पइ सायं रमणीयं होइ ।	#3 The entire evening should be romantic.
तेण 7 सन्ताए होइव (गुच्छ 2-11).	They will have 7 children (capsule 2-11).
फेसबुक बाद में एक बेहतर - या बदतर - उदाहरण बन गया ।	Facebook subsequently became a much better—or worse—example.
एवं सच्चं भणामि आगम्मिसेवि धाविऊण (ओहोह)	And I swear, the next time that I hold you (Ooh)
9. [] कयं वा बहुविगम्भीरं सदस्यराज्यं तम्हाणं अन्ताराष्ट्रियसम्बन्धाणं भयसङ्कुलं समज्जन्ति	9. [ ] one or more Member States consider you to be a threat to their international relations ▌
गम्भीरतस्स तेण सा शपथ खयमग्गेण, महाराज आलेक्जाण्डर! मज्झ माणनियं	He swore seriously, Your Majesty Alexander, my honourable king.
उल्लाह ने कहा कि उनकी पारिवारिक संपत्ति को लेकर भी कुछ विवाद थे ।	Also there were some disputes over his family properties,” Ullah said.
नत्थि याक़ूबविरुद्धं केणइ विणाणं, नत्थि इसराएलीविरूवेणं परमत्थं ।	Surely, there is no enchantment against Jacob, nor any divination against Israel.
उत्तमो सहचरो चुनो (अथवा जेण विहिओ तेण कज्जं करो)	Choose good partners (or work alone as long as you can).
आअमं तं धरतीअमे आयत्ता कायव्वो, हरयाणं आयत्ता कयामो	[18.84] We established him in the land and gave him means to all things.
15), किन्तु इओ तक्खणीकरणियमन्तीए रियायतपरिगओ ।	15), but this seems to be a mere concession on the part of the officiating minister.
नयणएण्ड्रॉयड लहणन्तरं किं पंचकार्याणि कयओ?	What five things did you do after getting your new Android?
एवं च राजाए भणियं जेण तेण एक्का, तेण वज्जरइ सुव्वत्तणं मुहम्मि	And the king said, If he is alone there is news in his mouth.
STRON1: अह भणियं - अहयं 98 खण्डाणि ।	STRONG: Well, I have -- we have 98 pieces.
इ. 91: अब तुम भी केवल एक छोटी सी कोशिका हो ।	E-91 Now, you're just a little cell, too.
3वह जं इच्छइ तं पावेइ जो तेण सिरजणहारओ विमोहकओ होइ	3What he wills with his Creator and Redeemer must be done.
अद्धघण्टं तणुआरम्भे भवन्नाहोः अवधानम् आयरियव्वं ।	For half an hour you will be in a train: develop attention.
उन्होंने कहा,'अच्छा परिणाम हमें ऑस्ट्रेलिया को भूलने में मदद करेगा ।	A good result will help us to forget Australia.
परं जेण जेण रण्णो तेण अन्नं सोमलएण, तेण देहं बलं जुण्णवत्थं च, कयविहिणा रोगाणं ण दिट्ठो	But the foods which you eat from the abundant table of God give strength and youth to the body, and you will never see disease.
> > और तत्थन्तरम्मि तुह भाणुवेगेण मह चिन्तणे वि सच्चमेव ।	>> And your comments at that time really influenced my thinking as well.
{केथी जनवरी 201.01: एयं तेण मज्झ वुत्तं ।	{Note Kathy January 2014: this is one of their jokes with us.
एवं समागयणजणगाणं शान्तिं न्यायदंसणं वुत्तं ।	And a harvest of justice is sown in peace for those who make peace.
एत्थन्तरम्मि मणुस्साणं अचम्मलस्सत्तं, देव्वेसो तत्थ वसइ ।	This should be man’s unshakable faith in himself, because God dwells in him.
एनिमल क्रॉसिङ्ग मे हुनकर भाय डॉन सेहो अबैत छथि ।	In Animal Crossing, his brother Don appears too.
जेण मे उवरिमब्भंतरं लिहियं + - एमासं जाव ग्लोबलो रोम मुहयत्तं	As I wrote above for + - a month when Global Rom will be available.
तत्तो य जपानिजाणं छड्डियएण चारणसोसपत्ताणं तत्तो?	So, did you like these four Japanese abandoned hospitals?
जेण इणयारो जेण वाया गया ता हिअआए हिअए, जेण वि जीहाइ तो चॆवआए ण याणाइ ।	If words come out of the heart, they will enter the heart, but if they come from the tongue, they will not pass beyond the ears.
अलिएन्देक गद्देण तूण महत्तरसेवा कयत्ती ।	You did a great service to the West in overthrowing Allende.
एत्थन्तरम्मि मह-बाबिलोणाणं पवरिं उत्तुङ्गमऊणं, तीए अवगुणाणं चिय देवस्स समागओ	Meanwhile, great Babylon's sins mount up to the heavens, and the remembrance of her iniquities comes up before God.
आरम्भं देवस्स आवासो कयासि, किं तुह सम्पइ इच्छसि अप्पाणं बलियं?	You began by God’s Spirit; do you now want to finish by your own power?
आरम्भं देवस्स आवासो कयासि, किं तुह सम्पइ इच्छसि अप्पाणं बलियं?	You began by God’s Spirit; do you now want to finish by your own power?
('एलिसिया तत्तो मए विज्जाहिया जायं, जं लोओ लिक्खन्ति तेण.	('It makes Alicia so mad when people write that.
(देवं उत्तमत्थं बोहणं आरम्भो एत्थ ।	(We begin to better understand God now.
#5 मए पासो नागो एवं सो तव्वे उद्याने पवासो इच्छइ.	#5 I have a snake and he wants to enter your garden.
अच्छो, अम्हेवि आसइ तुज्झ (एम. ई. के.) ईरानाय मरिओ!	Well, we hope that you (MEK) die for Iran!
अच्छो, अम्हेवि आसइ तुज्झ (एम. ई. के.) ईरानाय मरिओ!	Well, we hope that you (MEK) die for Iran!
एवं सम्पइ संसारे, अज्ज रत्थीए तेण सव्वेसु सन्तानेसु स्मरणेसु	And all over the world, remember all Your children tonight.
एवं एवं अन्नं चिय अहं चिय तम्मि सङ्गमियं, तेण समं चिय महराष्ट्रं निमित्तमग्गेणं ।	And so Ann and I join with you to earnestly pray for him and for this great nation.
तह तेण तत्तो मणुस्साण छाया तीए उत्तुङ्गेण	Then he waited until a man's shadow was equal to his height.
डोरोथी के पार जाओ, लुई ने उन्हें पहले पहना!	Move Over Dorothy; Louis Wore Them First!
तेण वि दोणि वि अत्थि जुत्तं उव्वस्स... हाफू, तुम्ह वि हु अच्चसिज्जसि ।	The answer to both those questions is the same … you would be surprised, Hafu.
डिसीज़न #1 ते कंपनीकज्जू निर्णयूए जेण व सङ्कुट्ठिओ तेण.	At Decision #1 the company must decide between a large and a small plant.
(मामि एत्तियमेत्ताए, एयं कज्जं गहणं वयणं ।	(You should probably just put those books away, Mama.
रियो का सर्वश्रेष्ठ प्रदर्शन देखने के लिए हमारे पास 8 घंटे होंगे ।	We will have 8 hours to see the best of Rio.
750 रोगिणिं सअण्हाए इच्छामो, मज्झ सहाओ साहारो!	We want to reach 750 patients, help us!
अम्हाणं रङ्गो लालो व्व अग्गी व कालो व्व, वज्जरइ विरोधिओ व भयं व.	Our colours will be red like fire and black like the fear we will invoke in our opponents.
एवं चिन्तिउं मए अर्चुलेता मेसा सदृश स्थानाणं वि उल्लिक्खियं,	And I think I also mentioned places like Archuleta Mesa, . . .
तेणसमयस्स एवं तेण वेगम्मि'तं तुह सम्पइ'।	In His time and at His pace “it will be done for you.
सव्वेवि जाणइ जेण मए व्यक्तिगत परिस्थितिक कारणेण स्पेन महं खिच्चइ ।	Everybody knows that due to my personal situation, Spain attracts me.
* * इअत्थन्तरम्मि प्रतिदिनं दराणं प्रयुक्तमाणस्स ।	** In this case, the rate per day seems to be used.
एसा 1954 ई. स. क. ण तहा; दिट्ठो विहि-विहिऎण, क-व्वे वि हॊइ दट्ठुं.	It’s not 1954; you can watch almost anything, anytime.
जं दट्ठुं पुरिसं देहं भणियं अग्गीए भट्टीए	As we have seen, men's bodies will be tormented in a furnace of fire.
जो यूरोपीय भारत आता है, सो धैर्य लहेइ	Any European who comes to India acquires patience
ई. सी. ओ. बी. ई. 3. कओबी केवल इत्ता बतलइ जे इओ कओ आरम्भ होज्जइ ।	This merely just tells the Ecobee3 what it should start at.
तो देवस्स सूरस्स [एवं / अथवा पुत्तस्स] सच्चमेव गहमा ।	So God’s sun [and/or son] was really hot.
ओआडिओविजुअल होउं वा न होउं एयं भाणुवेगो!	Since my childhood, it was the audiovisual or nothing else!
एवं च ठिए मह च्चिअ महिलाणं, पवासो लद्धो मज्झ पहुत्तो	And then with my dresses, women find husbands (Laughter).
सव्वेवि कलहा विणा विणा 899.	Everyone was upset, especially 899.
दूई, तकनीकी कारणों से, कल्ह एवं अज्ज कस्स आवश्यकता पडिली?	Secondly, for technical reasons : did we really need it yesterday and today ?
अज्जं लोके तं पयडेच्छन्ति - पयगव्वन्ति ।	Today, people try to make Him a—a prophet.
तत्तो य तेण य सच्चं तं चिय जीवियस्स तुमं	For that is truly what you are, real life creators.
अस्वाभाविकं, सत्थवर्षपूरिए लिटल ब्रदर ईज़ वाचिंग	Abnormal, precedes seven years Little Brother Is Watching.
तत्तो य जि-100; सम्भवइ सङ्कुट्ठिओ वि कायव्वं आसणं होइ ।	Then there is the G-100; perhaps the small countries should also have a permanent seat.
कत्तो य मए भणियं?... ईसामइयाणं इराकिया न समप्पन्ति	Where would we go?… Christians have no support in Iraq.
नत्थि तेण वयणं तेण किराइं, जत्थ वज्जरइ जणो तेण वि किरायन्ति	Rather, they purchase from the person above them in the chain.
प्लैनेट सोसियल प्रोग्राम, ग्रो वीओथ तुम.	Planet Social Program, Grow with you.
तत्तो य'इलेकट्रोणिस्मे'अम्हे विचिन्तिओ जे, 2,017 इलेक्ट्राणं इयइयर होइ ।	This is why, in Électronisme, we consider that 2,017 could be the Year of the Electron.
विज्जाहरकरियएण ताहे बैंकओवि इङ्ग्लैण्डं अज्जवि तं इच्छंति (10) ।	Strangely enough, the Bank of England alone seems to still have this appetite (10).
नाणे संसिद्धीअतिथियअनुसारेण मुद्राएण भविष्यं, तं नत्थि जूरइ ण होइ	The future of a currency according to its date of creation has no secret for them.
तत्तो किं भणामो 2008 ई. स. मे पोकरलोकं केणइ न जायं?	So are we saying that nothing will happen to the poker world in 2008?
तीए छायाए अम्हे लोए वसियव्वं ।	Under his shadow we shall live among the nations.
तीए छायाए अम्हे लोए वसियव्वं ।	Under his shadow we shall live among the nations.
सव्वेसिं सोऊणं करोमि - 4 - एकः	I Swear" by All-4-One
असां अज्ज आधिकारिक रूपसँ मल्यीकेँ जब्भिज्जइ ।	We have officially confiscated Mally today.
तं सोऊणं पेक्खिउं देवपुत्रं ।	He only dreamed that he had crucified God’s Son.
दुइ सप्ताह के बाद प्राकृतिक संसाधन मंत्री कहाँ थे?	Where was the Minister of Natural Resources two weeks later?
कल्लं इयू गुब्बारे व्व विस्फोटे, नाटो व्व ते वि होइ ।	Tomorrow, the EU could explode like a balloon, and NATO could too.
8: 1: 9 न, किन्तु य नियमाणिजणं तुज्झ ।	82:9 Nay, but ye deny the Judgment.
ईश्वरसंदेशं मणुस्सत्तं एवं रसूलं परिचिन्तियव्वं सदा ।	The prime motive should always be the response of man to God's message, and the recognition of His Messenger.
एत्थन्तरम्मि भासइ बहुदूरे... जेण चिणए तेण ।	It seems so far away... whatever happens in China.
अण्णं केवल एत्थं जाणइ!	They only understand one thing!
1: परं अम्हाणं सच्चं अणुयत्तम्मि ते भणन्ति,	Y: But , when the Truth has come to them from Ourselves, they say,
तेण सच्चं भमिऊणं ', तेण वज्जराया ।	He shied away from the truth,” he added.
कोग्नाकसेवायां वि 30 वत्ता, इमीए तिसदशकानिउत्तणस्स किं परिणामं?	It is also 30 at the service of cognac, what is the evolution of this product during these three decades?
वज्जरियं कुणह': ईश्वरेण दिट्ठो ।	Pray for the sick": God's provided way.
एत्थन्तरम्मि विज्जाहया ईसा'( मिखायल), नयरहिययजुत्तो य	The problem here is that Jesus (Michael) would be a created thing.
(एवं विहिणा हत्थाओ जणो दण्डो, रम्सफेल्ड साहेब)	(And ordering such murders is a war crime too, Mr. Rumsfeld).
जइ सो दाविदाए भणियं तओ, ता दाविद्दा यअक्खक्खिअजणपरिवाडिं कीस ण वारसासं वहइ?	If he was the brother of David, why did he not inherited part of the house with David and Jacques?
अज्ज मध्याह्नभोजनसमए दो सिद्धान्त सिद्धेण ।	Today he proved two theorems before lunch.'.
अन्तं तुमं पेच्छह कीस पविट्ठं आवासो!	In the end You will see how the Spirit manifests everything!
तत्तो य तेण अम्हे सुन्दरभूएण नरकाणं सृज्जइ, जं परादीसओ होइन्ता ।	That’s why we have created a hell out of this beautiful earth—which could have become a paradise.
तीए भणियं सो खज्जं तीए फातिमा!	The Message of Fatima can satisfy this hunger!
तेण पुच्छिज्जन्ति किं महत्तं एरिसं ।	They ask Him what the greatest commandment is.
इय वज्जरइ परलोएण तिसियं णिव्वत्ति, जह तेण पत्थरियं दट्ठुं तह तेण होइ	This was the second, no, the third night since he had looked in the Stone.
प्रश्नः एवं च 37वर्षपरियमाणपरमत्थाणं का?	Question: And in your opinion, what are the negative points 37 years later?
एत्थन्तरअमेरिकाहत्थे (बेलीज) जह तुमं पहरियं तह रक्खणं ण तहा उवविट्ठो	Here you do not have the protection you have around you in your usual environment in Central America (Belize).
धम्मेणं फलिज्जइ ईश्वरीयस्स (गल.	You must exercise the fruit of faith from God’s Spirit (Gal.
तह वि निशानाइं चिंतिज्जंतुअणो जेहिं, "(अलहअस्स)	In that are signs for people who reflect." (39:42).
2008क आरम्भमे मए एहि पुस्तकक गुणसभ पर प्रकाश कए सकलामि (1)	At the beginning of 2008, I was able to highlight the qualities of this book (1).
मए भणियं बहुसो वि तेण 110 देसाणं गओ, तं सव्वं भाणुवेगो किं समज्जइ?	I had many questions: He went to 110 countries—how could he understand all those languages?
तत्थन्तरम्मि तओ तओ वि हु रुद्धो एवं चिय 7 वैद्यो आसासो	It is the same as when you are sick and there are 7 doctors around you.
21:23 तं किं करे तेण वि पुच्छिज्जइ ण, वअणं तेण पुछिज्जइ त्ति.	21:23 He is not questioned about what He does, while they will be questioned.
मह आसाएण जेण एहि मैराथनमे पयलए अफ्रीकायाओ ।	‘’I hope that this marathon is first open to Africans.
एत्थन्तरम्मि अफ्रीकायाव अम्हाणं हिययाइं, वित्तीयं मोक्खमज्जरिज्जइ तं मंचाउ	This is what we need in Africa — a platform that can provide financial freedom".
अम्हेवि आसंसु तेण भणाइं एस्तोनीयानि जेण जटिलसमएहिं	We hope she will teach us a lot of complicated Estonian words too!
1यह याकोबऎ भणिए रब्बी अम्हाणं पमाणस्स, इच्छामि जाअं तुज्झ मम्मं पितृराज्ये वहसि	142:2.5 And Jacob answered: "Rabbi, I believe; I desire that you lead me into the Father's kingdom.
भवियपि सुभागियस्स तेण वि निरन्तरसविकासे विक्खित्तअङ्ग्रेजी!	You are also lucky because there is a specific english section in constant development!
साइमनक सङ्गमे अण्णो वि अहियगइणो भोजनइ ।	Other very important guests were eating with Simon also.
दाविदुब्भेओ भणिओ इओ देवस्स एत्थ अद्दाओ, अम्हाणं अद्दंसणो विज्जाहारो जाओ	This comes from God, it is a wonder in our eyes,” was said by David’s brothers.
एत्थन्तरम्मि महत्तं अनुभूति एवं मह चिन्तिऊण कि टॉम एवं मेएए अज्ज इतिहास रचया ।	It’s a great feeling and I think Tom and I have written history today.
जं पोलैंड अस्तित्वमे छलओ तं सेवामि ।	I served the Poland that existed.
किं मिस्रया सरहद्दाबाहिरुन्दानि मिलिरिया तावाला?	Does Egypt need military bases outside [its borders]?
बेकी और मए सव्वं श्रेय ण लच्छीए इस सिस्टम का	Becky and I can’t take all the credit for this system
ई. - 107 कयवयं कयवि हु रअत्ताइं न याणन्ति ।	E-107 Sometimes we can't wait from one night to the other.
(एत्थन्तरम्मि विज्जाहरसङ्केत्थं एयं जेण देव्विसमोत्तूण ।	(The only logical thing is that God was celebrating and commemorating His Creation.
किन्तु जइ वि तहवि हु जुत्तं जाणियव्वं तेण वासस्थानं, तेण गन्तुं खण्णुया एक्का सच्चा पिआ हिअअम्मि	But if you are still in need of knowing exactly where his abode is, there is only one place to look for him: in the heart of a true lover.
04:07 यूरोपीओ सव्वं समप्पंति जेण तेण भविष्यं दावाहत्ती:	04:07 The peoples of Europe may have finally understood that their future is at stake:
ई [हिलक्स्] समुल्लवविकासं ।	This [Hilux] is a full evolution.
मयरं च तैलं च, ते यईज्रियलं सुणंति ।	the wine, and the oil; and they shall hear Jezreel.
तव्वं खविज्जइ मयरद्धस्स'।	You have a deadly enemy.
सच्चं सच्चं आरम्भं च सच्चं समापयं ।	-"Truth starts with truth and ends with truth.
तत्तो य फ्रांस, परिच्छेए वि, इस्स समस्याणं राष्ट्रीय हित दिस्सइ ।	Thus France, in its turn, will give to the problem a national interest.
बाइबल की अलग - अलग भागों की 1500 प्राचीन पांडुलिपियों का सामंजस्य क्यों नहीं किया गया है या उन्हें नष्ट भी क्यों नहीं कर दिया गया है?	Why have the 1500 ancient manuscripts of different parts of the Bible not been harmonised or even destroyed?
मरण और पुनरुत्थान के बारे में अयूब और अब्राहम को क्या पता था?	What did Job and Abraham know about death and resurrection?
पंचमहावाओ, भूमण्डलीकरणनिग्गहो एत्थक्षेत्रो, अम्हे सव्वो विहिणो विहिओ ।	Five, this region, and all of us, have benefitted from globalisation.
जस्स तेण वि घरे अवासेण पढमं वयणं, तह सयताणेण आसन्नेण ण होइ	If they are recited in a house for three consecutive nights, the Shaytaan will not approach it.
परं तुह जणो तं सच्चं पि अलज्जंति, तह वि सच्चं तओ उवविट्ठो	But your people rejected it, though it is the Truth.
उदाहरण के लिए, मान लीजिए कि पूरी कक्षा एक समस्या से चूक गई जो 10 अंकों के बराबर थी ।	For instance, let's say that the entire class missed one problem which was worth 10 points.
परंच क्यूबाएमे जं असम्मि तावणाणं, अहिरक्खिओ वि तह वि विरमाइसइ अम्हे सव्वं तावणं	But we dismantled all of our bases in Cuba a long time ago, even the non-strategic ones.
केत्तिअमेत्तं मज्झ तुमं जंजीरों से मोक्खामि, बालाए!	How many times have I freed you from your own chains, my children!
अम्हे वि तेण आ दुज्जणेण लण्डणे मिलिएमि ।	We’ve met him and the Bad Seeds in London.
तीए बोस्टणेण तीए तेण अम्हाणं कुणवा.	She made a girl from Boston do it for us.
एवं च अम्हाणं अज्ज सा भावो, एवं चिय व्व उत्तमोत्तम भावो जं तुह होइ ।	And we have that feeling today, and that’s the best feeling that you can have.
फ़्लोरिडा" [23] को गिराना जो आम तौर पर रहस्यमय होता है ।	Dropping “Florida”[23] something typically mysterious.
तत्तो तं सो राजा पुत्तं भणइ ।	Then he showed them the king’s son.
अ. 1: एवं वि तेण तुज्झ एत्थन्तरकरणानिग्गुणाणं	AL: And yet you continue to create this kind of characters for them.
185 तुमं तिन्निमज्झेण मज्झ सन्देशो पाविहिसि	185 You got my Message on The Three Types Of Believers.
जापाणं भूमिए जं अनन्तकालस्स वसइ ।	Japan as a land where such an eternity would exist.
एवं स्मरणं च, देव्वाणं भणइ तेण निच्छपरे अग्गीए ।	And remember, God speaks in those little fires.
तुह वि तह राजकुमारीए उवरिं ठण्ढे घरे	You too, oh princess, in your cold room
(आइ जस्ट्) डैड् इन् युवर् आर्म्स् टुनाइट्, दट्सं वादकतरुहेण उपलब्धि	(I Just) Died In Your Arms Tonight is available for 6 instruments.
सव्वम्मि गव्वेल्लिओ गव्विलपडिरूवो जेण तेण परिवारे चिंतेइ!	With all his livestock gone, any other evil report would have to concern his family!
तत्तो मए भणियं जेण अम्हे धीरगरुओ	To that I responded that we are patient people.’
अतीत और भविष्य में ब्रिटिश सेनाओं के समर्थन के लिए राष्ट्रपति आभारी हैं ।	The president is grateful for the support of the British Forces in the past and into the future.
एहि महीनाक आरम्भमे विहिणा विक्खालित प्रोजेक्टाइल्सक असर रूसिय हितपर पड़ल ।	Earlier this month more well targeted projectiles hit other Russian interests:
एवं च किं ईश्वरेण निययमाणीकारणं? - कज्जं तत्तो य वुत्तरियं सम्पत्तीए ।	And was God justified? - for after all it was a question of resource for the future.
संयुक्त राज्य अमेरिका और यूरोपीय संघ ने इस तरह काम करना जारी रखा जैसे कि "ओस्लो की वापसी" संभव और वांछनीय थी ।	The United States and the European Union continue to act as if a “return to Oslo” was possible and desirable.
लेकिन क्या आप जानते हैं कि वे 100% ब्राज़ीलियाई हैं और अरब प्रभाव रखते हैं?	But did you know that they are 100% Brazilian and have Arab influence?
सा इच्छन्ताओ विहिणाओ विकल्पं विणा सा 16,000 $मन्दाओ	It was about $16,000 without some of the options she wanted.
तत्तो य मए चिन्तेमि... सा अज्जवि मज्झ चिन्ताए, निम्मलिला?	Do you think… Do you think she's still worried about me, little red?
अवराहेणं सव्वं खविज्जउ दूइज्जाणं ।	The rest of them, let the destroying Angel destroy them.
कल्लिं अम्हे वि तेण जणो व खनिजसम्पत्तो तेण कायव्वं?	Tomorrow, will we do the same with its genetic and mineral resources?
एवं च केणवि सुणंति भाणुवेगो सैताणं, सो वि खट्टा ।	And when you hear anyone say Satan can heal, he's wrong.
एवं च केणवि सुणंति भाणुवेगो सैताणं, सो वि खट्टा ।	And when you hear anyone say Satan can heal, he's wrong.
तेण वसणं अन्नं च अन्नं गहणं ।	They will lose their habitats and food.
अम्हेवि हु मुणिज्जइ - वायू पुणरवि हिययं मारेइ ।	We are already dead – the gas will just kill us again.
एहि किबलाक वामाहिए मुहम्म्म् इअट्ठिओ घराइं ।	To the left of this qibla, houses for Muhammed's wives, were erected.
अइलीण व्व किं तुज्झ नवसंपत्तीकरणमे सहयोजणी?	Like Eileen, are you ready to help producing new resources?
जेण मुगाबी तं करेज्जंतो, तं चिय मए तेण विज्जाहरियं कज्जं	If Mugabi can do that, I can do an even better job.
नूहक जेण विज्झे विज्जाहारो होइ नूह देव्वासो, सोऊण वुत्तन्तो वड्ढइ वम्महसरिसो	No matter how many scientific proofs there was to Noah, Noah heard the Voice of God, said, "It's going to rain.
अम्हे वि सुरक्खायम्मि गयामो, अथवा तेण एव तेण भणियं ।	We were there for security, or that’s what he told us.
तीए भणइ भाणुवेगेण जं चिय पाणेण दूरं तेण तं करेज्जं, तेण वि तेण जणं च अम्ह वल्लहो होइ	His wife once said, “The only thing that could ever keep him away from the animals he loves are the people he loves even more.
इओ समूह-सहायत्थॊ सव्वॊ वि इट्ठ-सहावॊ इऒ न हु अइगरुइ 23 सन्ताणं...	All the good will of the team would not be enough to feed these 23 children ...
* * * वर्तमान निर्णय के परिच्छेद 30 और 31.	*** Paragraphs 30 and 31 of the present judgment.
पि. 1: फ़ेसबुकए ण आयत्ता तुज्झ तेण 2.19 करोडिअजणजणेण सम्मिलणु?	PS: Not on Facebook yet, but you’re ready to join the 2.19 billion other people who are?
सर्वाधिकार सुरक्षित, Boon.Today ।	All rights reserved, Boon.Today.
जइ लद्धो तओ नक्खं आकाशं पयासइ ।	If you lie, your nose will stretch up to the sky.
जइ लद्धो तओ नक्खं आकाशं पयासइ ।	If you lie, your nose will stretch up to the sky.
नियाया 1:8 य तेण य सदाए नग्गो पयाहिं इसराएलीओ सअण्हा	Judges 6:8 - That the LORD sent a prophet unto the children of Israel.
जिणयं जेण दिट्ठो तेण जुण्णो महीना तुज्झ समप्पंति	How you look at life will shape the month of June for you.
परिच्छेदा 15 अनुसाएण'एत्थन्तरम्मि विरायसमयविरायस्स	According to Paragraph 15 “there is very little time between now and the end of this system of things.
एवं च, न एवमेव सव्वेवि आकाशं दट्ठुं ।	And, “No, but everyone is looking towards the sky.
किन्तु गुरुवासरसे ई सङ्कुचितसमस्या तुज्झ पिट्ठं ।	But since Thursday, this little problem is (usually) behind you.
अण्णो वि एक्को अरब्बि जत्थ दक्खिण्णो कज्जं विब्भट्ठो, अमियगाणं मारेइ सुयणसद्देहिं	Another is the fact that every few month an Arab will do something stupid and kill innocent people.
U18 के साथ हम विकास करना जारी रख सकते हैं ।	With U18 we can continue to grow.
एवं लोए शान्तिकालविज्जइ ।	And a period of peace will be granted to the World.
हा ", तेण भणिओ भाणुवेगो वि पायवो खयरभट्टो	Yes, " he replied, "but they can also be found in taverns (kharabat).
(किं कायव्वं इब्भाएण विज्जाहरियं न याणन्ति ।	(Sometimes God does not give us specific advice on what to do.
किन्तु ताव न हियय सुणिओ तत्तो य एत्थ सो लोहं सोक्खियं ।	But you did not listen, and now, behold, his blood has been sought.
किन्तु ताव न हियय सुणिओ तत्तो य एत्थ सो लोहं सोक्खियं ।	But you did not listen, and now, behold, his blood has been sought.
तुज्झ वि दोवि मग्गह जेसु मह सव्वं पावं परिहरह ।	You both ask also that Jesus will pardon all my sins.
एयं पत्तं दो पहुणइ 600 घन्ता मग्गन्ति	A dress or two asked for 600 hours.
तत्तो य नियमाणिओ ताव तुज्झ सव्वेसिं किरिदंताओ	So you keep making laws -- until you make criminals of everyone.
ग्रोथ मानिटरिंग (जी. एम.) ते तुज्झ वर्णित निबन्धं जाणेमि ।	I know the articles you mentioned on Growth Monitoring(GM).
तं जाणइ दीर्घाट्ठि वड्ढअमेरिकाइं होइ ।	They know long-term growth will have to come from the US.
(बच्चों को सुबह स्कूल से पहले काम करने की अनुमति देना, सिद्धांत रूप में, अनुच्छेद 7.3 के विपरीत है ।	(Allowing children to work before school in the morning is, in principle, contrary to Article 7.3.
किं कोपनहेगनमें एवं परं सामूहिक उत्तरदायित्वक विचिन्तनएण अङ्गीकारइ व्व?	Will they continue to accept the idea of collective responsibility in Copenhagen and afterwards?
एत्थन्तरम्मि सव्वेसु सन्तानेसु गुरुएसु पयट्टेसु ।	This is when all children will have their first Jupiter return.
परमेश्वर के मूल चुने गए लोग इसराएली थे - याकूब के वंशज ।	God’s original chosen people were the Israelites — descendants of Jacob.
जइ तुज्झ वि मन्दा दीहा होइ, ता तेण साहइ पुण आरंभएण ।	If you had a bad day, it helps you restart.
संगाओ महं घरं अह तं सञ्जाओ	Music me house could among oh as their.
(अम्हे सव्वेवि जॆं अविवेकीयं तं करेमो, किं तु तं फलं इच्छामो.	(We all do things that are irrational because we want a certain outcome.
एवं च तेण सा तुज्झ अम्हाणं बहुसहायं करोषिओ भगिणीओ	And in that, you, dear Sisters, you can help us very much.
साणफ्रान्सिस्को अम्हाणं पियं च्चिअ हं, किन्तु एत्थन्तरम्मि आकर्शणाइं पत्तं एत्थ	We love San Francisco, but we must place another of its attractions on this list.
विद्युतक्षेत्रं (ई) बलं पावेइ,	An electric field (E) will exert a force,
आलिकाण्टे में लगभग अनिवार्य रूप से क्या करना है, क्या आप जानते हैं?	Do you know what to do in Alicante in an almost obligatory way?
तो जीवणे किसिए वि फलविज्जंते, ते विक्रमे विफलवन्ते ।	So if they’re successful in one part of their life, they will be successful in Bikram.
मज्झं साए सव्वं सा अभिलेख'।	For me, she has this record for ever.
जॉनआ गावनि मोनसे रनसायनाय लाना फैयोः प्लीस् प्लीस् मि.	John comes up with one of his compositions: Please Please Me.
तुमं दट्ठुं इच्छसि नग्गलमहिलाए समागया किं करेन्ति?	("You want to see what naked women do when they are together?
शैतान महिलाणं अद्धाणं सिपाहिणं विचिन्तेइ ।	Satan sees women as half his soldiers.
अप्पाणं सुहं णमोहणलोहणं पवज्जइ दुब्बल-जणस्स ।	Weak man who yields to the temptation of denying himself a pleasure.
एत्थन्तरम्मि भासइ बहुदूरे... जेण चिणए तेण ।	It seems so far away… whatever happens in China.
सच्चं करेसि एवं आलोए आउसि ।	You do the truth and come to the light.
सच्चं करेसि एवं आलोए आउसि ।	You do the truth and come to the light.
(यूरोपसे अर्जेन्तिणा पयासणयुगमे) अवसरो थए, सव्वेसिं होइ ।	[In the age of migrations from Europe to Argentina] there had been opportunities, for everyone.
1: केवि णिच्चं दरिद्दं जिणस्स णिट्ठं!	PATIENCE: How poor are they that have no patience!
(तुम देखोगे कहाँ वे भगवान को दोष देने के लिए लुभाए जाएँगे ।	(You can see where they would be tempted to blame God.
Google के 20 प्रतिशत समय की तरह काम करने के लिए क्या इस उद्योग में कंपनियों के पास अवसर हैं?	• Are there opportunities at companies in this industry to do things like Google’s 20 percent time?
जेण जणयजणं पवज्जइ तेण जीवं ।	One who has sacrificed his life for his people.
76क) अथवा कमसेकम उवविक्खालङ्करियं होंतु ।	76 a), or that at least they were closely, watched.
न तो बाइबल और न ही एलेन व्हाइट बताती हैं कि वे उनका उल्लेख क्यों नहीं करते ।	Neither the Bible nor Ellen White say why they do not mention them.
तुह दोणवि ण पाविज्जइ: किं मि. स्काट् दि ग्रेट् चानल्?	You can't have it both ways: Is Mr. Scott the great channel?
उदाहरण के लिए, जो उनके गठबंधन में है ।	Such as, for instance, who is in his coalition.
(व्यवहारमग्गोइ धम्मो घणिं कठोरं दण्डं परिवत्तइ ।	(In practice, both religions have modified many of the harsher penalties.
किं तेण हजारजणसद्देण ओरक्खो हराविउं?	Can we beat orcs with three thousand people?
सच्चं भाणुवेगो तुमं जेण कइववि अन्नं खाउ?	What if, in fact, you eat certain things because of who you are?
तत्तो वि अइगरुयपरिवड्ढिओ इच्छंति जे अम्हाणं वज्जरइ सन्ताओ	Yet these climate change activists want us to have even fewer children.
1कॊरिंदीयं भणिउं तं जस्स केणवि देवं पेम्मं, इओ तं जाणेइ कॊरिणॊत्ति.	1 Cor 8:3 says, “But if anyone loves God, this one is known by Him.
(इटली के लिए + 39) तो हम जरूरत पड़ने पर आपसे संपर्क कर सकते हैं ।	(Ex. +39 for Italy) so we can contact you if needed.
इरीट्रिया और जिम्बाब्वे उल्लेखनीय अपवाद हैं - और, इसलिए, भविष्य के लक्ष्य ।	Eritrea and Zimbabwe are the notable exceptions – and, therefore, future targets.
ईसामत्तीए लोएण एसा दट्ठुं, दिणयन्तीए ण भोल्लन्ति ।	God's People Remembered.--In this scene the people of God are not forgotten.
तत्तो एत्थन्तरम्मि पुच्छिज्जन्तिं पुरिसाए, अह तेण विज्जाहरिज्जन्तेणं पुरिसो जइए ।	So let's approach the Author before we ask His blessings upon us.
मयरनहरे सव्वं सम्भवए, संग्रहालयो!	Everything is possible in My Town : Museum!
(च) 15 मार्च, 1979 अन्य सभी उपक्रमों के लिए ।	(f) 15 March 1979 for all other undertakings.
सच्चं लोके ठिअं कुणइ, तं चेअ आदत पई होइ ।	In this world, truth can wait; he's used to it. 
ए. बी. आइ. नि उनाव आसा प्रतिज्ञा अम्हे ।	We are a promise of hope after ABI.
तीए वयणं एत्थन्तरम्मि, बिली पालं मिलिए अज्ज प्रातःकालम्मि	If the lady's here, see Billy Paul this morning.
तीए वयणं एत्थन्तरम्मि, बिली पालं मिलिए अज्ज प्रातःकालम्मि	If the lady's here, see Billy Paul this morning.
शहीदो महिमा तुह उज्जोए ।	The glory of the martyrs shines upon you.
या हो सकता है कि आपके बच्चे एमेजॉन फायर का उपयोग करें ।	Or maybe your kids use an Amazon Fire.
दूतो जणओ गुरुपुरिसस्स जाणइ ।	The angels will know their Master’s property.
तं तं कायव्वं तेणं आगच्छियं ', रणणिया न य, प्रार्थना य '.	Build it and they will come,” is not a strategy; it’s a prayer.
एत्थन्तरम्मि दसवड्ढियपिओओओ सो च्चिअ एसा दिट्ठा	Furthermore, he keeps this aspect of a young man even ten years later (CHA).
जी जिया धणेण विणा केणवि तुह पेम्मं कुणइ?	Without Ji Jia’s wealth, why would anyone love you?
329 अप्पा, अम्हे वि मूसा सा होज्जउ ।	329 Father, we want to be like Moses.
(हार्मोनुसकुलाणं वि असरइ जाणइ ।	(Hormones also seem to have an effect.
जेण तुज्झ तेण वर्साइलि नयणाइं, तेण आसिज्जन्ते ।	When you invite them to Versailles, they will come.
अम्हाणं च्चिअ चारा ण आउलत्ता तहिं तहिं वसणं कयाम [91]	We had no choice and went to live in one of the camps.[91]
एत्थन्तरम्मि आगिकम्मणेण इहाइ थाणं गहणं ।	They are now losing this site because of another fire.
महं मा कुणह जेण मज्झ तुज्झ गुरु होउं 24/7	Don't make me feel like I need to be your teacher 24/7.
एवं तत्तो य भणियं तेण सयंजणस्स असणं किं राजकुमारं	And we will know him then for what he was and is – a Prince.
एवं तत्तो य भणियं तेण सयंजणस्स असणं किं राजकुमारं	And we will know him then for what he was and is – a Prince.
आइसल्यान्डे एयं महीना तुमं सव्वं देसी	One Month in Iceland: You're Practically a Native
वज्जरइ वि मए तेण बहुसो, दुब्बलट्ठिए वि तेण अम्हे वि करिज्जासु ।	I like him very much, and always shall like him, in spite of his weakness.
चियांग माईमेणं कयाइं न कायव्वं, पढंति कुणह पढमो वोलीणो	Things you should never do in Chiang Mai: Well, keep reading.
परमत्थओ तेण वि अत्थि वि अन्नं वयणं, तेण दिणे अण्णं नामेण विणिम्मित्तं	But he was more, much more than that, because he’d given up another of his names on that day.
एवं किं पिट्ठं द्वारं #1, जइ तेण अम्हाणं सहायत्थं इच्छंति	And what is behind Door #1 If they want our help:
अ. अम्हे सव्वेवि जाणइ राष्ट्रपति ट्रम्पा कत्तिया धन्ना - ना वा ।	a. we will all know how wealthy President Trump is — or isn't.
अन्नं मज्झ सहाएइ कज्जं आगामि केवलिअवट्ठं अन्नरक्षा	The food helps me because I have food security for the next few weeks.
जइ पुणरविहिणो रक्तरञ्जणं परिहरह इच्छसि, ता दूराहि मह बन्दूकपरिगहत्थो	If you wish to avoid further bloodshed, keep out of the reach of my guns.
250 सम्पर्को कयाइए आयत्तओ कयइ दुग्गओ होइ!	It would have been difficult and redundant to import 250 contacts manually!
ई - 193... तुम यहाँ छोटे पियानोवादक हो?	E-193 Are you the little pianist here?
जेण लोएणं साखीएमि अप्पाणं, देवसाखीए महत्तराइं ।	If we accept the testimony of people, God’s testimony is greater.
जो लोय-पयावि करेइ एवं करेइ ।	one who loves and practices falsehood.
(श्रोता के रूप में) जोसफ महोदय ने धीरे - धीरे संरक्षण कृषि को अपनाया ।	(TO AUDIENCE) Mr. Joseph adopted conservation agriculture gradually.
अतएवं, आंकडानिमित्तं रूसियएहिं रोगाणं पंचकार्थं (!)	Therefore, according to statistics, in Russia the disease is diagnosed five (!)
एत्थन्तरम्मि नरनारिजणस्स पुत्तस्स महिमा होइ, देव्वाणं महिमावन्ता होइ ।	Now the Son of Man is glorified and God is glorified in him.
अम्हे वि तीए एवं तीए वि पयगम्बन्तस्स!	We are of such and such a prophet already dead!
बाबा जी का दक्खिण्णो सच्चं हजारो सालो की मणुस्सत्तं ।	Baba’s intervention can literally save us from thousands of years of human suffering.)
पहली बार अंतर्राष्ट्रीय श्रमिकों पर सटीक आँकड़े उपलब्ध हैं!	For the first time, accurate statistics on international workers are available!
यवेवि अम्हेवि तुमएवि अन्तारराष्ट्रीय सम्मंहाए, जह ते आरजिज्जन्ति.	• We and you are subject to international conventions, when they apply.
(एत्थन्तरम्मि भाणुवेगो एत्थ मए चिन्तिऊण, कालसम्पत्तिविषयं एत्थ अहयं वयणं	(I would thank the servant, but I think we have a time and culture issue here.
ईसामग्गं पभायणं जओर्ज बुश्सं परं केण वि परिक्खित्तं	No one has defined the providence of God better than George Bush:
एत्थन्तरम्मि विज्जाहिं तीए विसेसो भाणुवेगो ।	There must be more than 30 languages ​​between all these walls ...
कोणं मिच्छत्तं नाम दाणं मणुया संसारे ।	Wrongly naming a thing is to add to the misery of this world.’
राबरट्ठो आरम्भो तुमिओ - - एत्थ उदाहारणाइं रिणाइं केण जायं?	Robert, let's start with you -- how does debt work for you in this example?
लेकिन समारोह के दौरान'बॉब'नशे में था ।	But "Bob" was drunk during the ceremony.
(सुभाग्यवशा 51 फण्डा महिलाणं एहि सुन्दर परियोजणामे बहुसहायक होइ!)	(Fortunately, the women of THE 51 FUND will be of great help in this beautiful project!)
5000 सिपाही गायब हो गए... केवल एक दुश्मन ही उसकी मदद कर सकता है ।	5000 soldiers have disappeared… Only an enemy can help him.
एत्थन्तरम्, पौलॊ मण्डलीस आगाहइ जे, नियाया निययणसमओ आगओ पयत्तो, निययविरहो पयत्तो पयत्तो य	Moreover, Paul warns the church against preaching that the hour of God’s judgment has come, until a certain time.
अज्जं विचिन्तनं - किं पवज्जइ ईश्वरराज्यं?	TODAY'S MEDITATION - How do we receive the Kingdom of God?
अज्जं विचिन्तनं - किं पवज्जइ ईश्वरराज्यं?	TODAY'S MEDITATION - How do we receive the Kingdom of God?
तुह एत्थन्तरम्मि गन्दी आसा, अस्लाण ', चुडैलिया भणिओ	You have a traitor there, Aslan,' said the Witch.
- "4000 साल के संयुक्त अनुभव के साथ हम मदद करने का प्रयास करते हैं	– “We strive to help, with our 4000 years of combined experience
एत्थन्तरम्मि मे देवं पवज्जामि, जह सयामो परिवारो विरहो न होंतु ।	I offered this to God so that a thousand families would not separate.
चीनक दूरदूरान्तरम्मि एसा'किं न केवल'खयरं गओ?	Why this isn’t just a ‘thing happening in a remote part of China’
जइ तं स-जिऒ होज्ज, होज्ज तु कयं मणुया वणीकरणम्मि ।	If you are an NGO, maybe you are working on, let’s say, deforestation.
एत्थन्तरम्मि सम्भवइ अज्ज ईरान [इन्फोग्राफिक]	This is where Iran could be today [infographic]
आदमअणाणं अवज्ञा करणस्स फलसरूपो सव्वे मणुया नियमापी, पावणविणिग्गया विणी जाआ	As a result of Adam’s disobedience every human being is a transgressor of the law, sold under sin.
(लिंडा सुपरमैन के रूप में तैयार है) क्या वे आपको घर वापस देख सकते हैं?	(Linda is dressed as Superman) Can they see you back home?
तं फलिऊण देसु तेण सिग्घं वल्लहाइं	(O Allah) provide them with fruits so that they may give thanks.
किन्तु कि एसा तओ वि कयरिओ य कयओ कयओ य, जत्थ य कअत्थरम्मि कज्जं लहंति?	But can this also be done when you are looking for work in Qatar?
मणुस्साणं तम्मि इच्छाइं महत्तं वा लघूयं कुणइ ।	man is made great or small by his own will.
किं एत्थन्तरम्मि सेविकाणं सुरक्खियं, न य तीए सुरक्खित्तं?	Is this for her safety, and not the safety of the servants?
चार्ल्सं अवए आस पासवालो अलक्खं दिट्ठो,	The people around him now see Charles in a different way,
सङ्गहि, फस्र्ट प्लेयर (ए) अद्धाए समयं गंहाइ ।	Also, the first player (A) will lose half of the time.
अम्हेवि हु रण्णे आलोए सच्चं चियव्वो, जं च निययजुयं चिय सत्थं च पसाएण	We will choose to walk in the light and truth of God, for the Lord tests the heart and is pleased with integrity.’
(जे) पिछली बार, वे बोले थे कि प्रक्रिया को कैसे तेज किया जाए...	(J) Last time, they said they were going to tell us how to accelerate the process...
मङ्गलवासरे विराट्ठो केवलओ अन्नं लहेइ ।	Those who undertake the fast on Tuesdays only take a single meal.
रज्ज-कज्जं सत्त-कर्जं करेइ, अट्ठाइस्सं अट्ठाविस्सं ण करेइ ।	When he works with energy, he works with seven and not with twenty-eight.
तो हमने तेल के लिए नहीं किया ।	So we did not do it for oil.
ई. 1 एवं तव्वि हु... तं सूरं तव्विए कमसो होइ ।	EL: And you had … You should have made one of those pork.
एहि मॉडलक सिद्धताया गोएठेकें पसिन्नहइ ।	The perfection of this model will be admired by Goethe.
न पोलैंड और न यूरोपीय संघ ऐसी जगहें हैं, जहाँ हर कोई केवल इच्छानुसार आ सकता है ।	Neither Poland nor the European Union are places where everyone can come just because they want to.
एवं तेण याकोबसे भणिओ तं सोऊणं (न तुज्झ उत्तमकालस्स)	And so, asks Jacob to lie for him (not his finest moment).
ओडेत्तेणं भणिए उवायं, मित्तं कण्णेण न केवि न सम्भवन्ति	And Odette answered, ‘Nothing is impossible to the eye of a friend.’
हवे अणुसमत्थेणं निसुणे न य सन्देहो, दुग्गणो भयओ दोणो वि होइ	Now, after the nuclear agreement, there is no doubt that the danger has doubled.
एत्थन्तरम्मि संशोधणस्स आवश्यकता ण रेहइ, तेणें विचिन्तिऊण तेण जणं व्हाइटहाऊसं	An amendment was no longer necessary, they believed; they had their man in the White House.
तत्तो सुरग्गं ईश्वरसत्तं समत्थियव्वं ।	Then God’s Kingdom would be established in heaven.
जेण उत्तरदायिणा तं तं तं पावेइ, तं तं तेण कऒं दिन ।	Those responsible will pay for them one day.
परन्तु ते नवान्वेसणाए मन्दाअवधारणं ।	But they – the innovators – apply a bad gradualism.
एसो यहुदीओसं सच्चं ।	That is the truth about the Jews.
तत्तो तेण सयलग्गाइं कई चाबिओ जाआइं ।	He had, then, several false keys.
प्र. सीन, कह तुमं कहिओ 50 राज्यों में से हर एक से कैसे चुने गए थे ये उत्पाद?	Q Sean, can you tell me how these products were selected from each of the 50 states?
प्रस्ताव 2401क पक्षमे एवं एत्थ आक्रमण जेण तेण होइ तेण पुणो समागओ होइ	They would have regrouped in favor of Resolution 2401 and the attack they are now undergoing.
कोणं मिच्छत्तं नाम दाणं मणुया संसारे ।	Wrongly naming a thing is to add to the misery of this world.’
तं कदापि न भुलीमि - अज्जवि अफरीकन डिवेलप्मेण्ट बेङ्कनि प्रेसिडेन्त महरै ।	I never forgot that – even now, as President of the African Development Bank.
सव्वं हवे समे पक्खिज्जइ, एवं हवे समे फलं पावेइ ।	Everything ripens at its time and becomes fruit at its hour.
इय यक्वेमं ते यक्वें जं मए अइ-पयाए.	This Yquem is “the” Yquem that I would wish to drink for ever.
सव्वेसु घराणेसु प्रभुवेणं मग्गामि ।	I willingly invoke on every family the blessing of the Lord.
एत्तिअमेत्ता तुमं केणवि बेन मामाणं मारेसि ।	There are only so many times you can kill Uncle Ben.
अण्णं पवज्जं पयत्तो मणुस्सत्तं, दूसहं परिचिन्तणं च सदा भावियव्वं ।	The prime motive should always be the response of man to God's Message, and the recognition of His Messenger.
छओ भद्दे विवाहाए कर सकूंगी	I could have six fake weddings.
बायोटेक्नोलोजीस की सर्दी बहुत संभव है ।	A winter of the biotechnologies is quite possible.
अथवा अमोणसामरियं च आमोणस्स जीवा समागया नरके?	Or will Jasmine and Amon’s souls be bound together—in hell?
तत्तो य मए वच्चह आगच्छ, एत्थन्तरम्मि नरनाहो पडिवक्खो	Then come, follow me.” [22] At this the man’s face fell.
86 देस - सव्वेहिं अपराधाणं;	86 countries - for all crimes;
तो फादर साइमन ने दावा किया कि धर्मग्रंथ पर कोई भी सुरक्षित रूप से अपने विश्वास का आधार नहीं बना सकता ।	Therefore Father Simon claimed no one could safely base one’s faith on Scripture.
निसन्देहे जस्स सेवियमाणस्स सेवायं, सेवयणमाणस्स होइ पणियमणो होइ!	Indeed, the person who is being served should be more humble than the servant!
Q # उसी के साथ गहराई से एकीकृत है ।	Q# is deeply integrated with the same.
रवांडा में सव्वे जणं गायं इच्छंति ।	Everyone in Rwanda wants a cow.
मए जीएण संघर्षं कयवि ण कयवि सत्थरघन्ताए, ता किं दुज्जणा एत्थ?	I’ve never struggled to live on $7.25 per hour, so why is it a problem?
किं तुज्झ वयणं मज्झ खमा ईश्वरा खमा?	Dost thou believe that my forgiveness is God's forgiveness?
किन्तु एत्थन्तरम्मि साखीअ विज्जाहरियं परमत्थं ।	However the testimony of each of them confirms that of the other.
157ऎणवि हु परमत्थओ एत्थ परस्स	157 Now, there’s another sabbath somewhere.
एत्तिअमेत्तं कीस एत्थ अब्भुत्तो?, विस्कॉन्सिनमे भवन्तं सुस्वागतं करोमि	Why is this state so far down? let me welcome you to Wisconsin.
I - 9505), अथवा तथाकथित अप्राथमिकतासु सेवाए ।	I-9505), or so-called non-priority services.
सच्चं माहिरुयं, न कि इण्टर्नेट्सं एरिसं अब्भंतरं ।	The real experts, not the internet kind have been wrong before.
समत्थता - सव्वेविण्णाणं सत्थे पीढियए सम्पइ; तथा	Sustainability - All decisions are made for seven generations; and
तह विज्जाहरियं विलक्कियं कायव्वं जह जह दिज्जइ भूमण्डलं सम्मं	We can well defer our marriage until lasting peace comes to the earth.
देवस्स व मणुस्साणं मुहं भजनसमारोहम्मि ।	The face of God and of man in the prayers of Psalms.
अज्जं अज्जं जं तं च तराहुमारो तं च जेण, एत्थन्तरम्मि कत्तो य मग्गओ होइ	Maybe there’s something between what we are today and what the Tarahumara have always been.
तत्तो सुरग्गस्स झरो जणो जाहन्नमज्झेण	The window into heaven can then become a window into Hell.
आइडीएफ'( इजरायली सेना) में, हम कहते हैं'अहराई ','आफ्टर मी'।	In the IDF (Israeli army), we say ‘aharai’, After Me.
उदाहरण के लिए 112, या अन्य प्रणालियाँ जिनका उपयोग हम हॉलैंड में माँगने के लिए करते हैं	Like for example 112, or other systems that we use in Holland to call for
जी. टी. 4 में, हम आने वाले छोटे कंस्ट्रक्टरों का स्वागत करते रहेंगे ।	In GT4, we will continue to welcome the smaller constructors that come.
ताव च्चिअ गिरिबन्धनिब्बन्धुअव्वाइं, दाविज्जइ देवसमयम्मि अइगरुई व्व	Their mountain fastnesses, their proud fortifications, should prove vain when God's time came; and it was soon coming.
इओ विहिणा कम्मं करिज्जन्ते मज्झं ।	This time we would like to work without text.
मह आलोचिए पैडी डी. भी आया, केवल भाणुवेगए आया ।	I guess Paddy D. also came, just to talk probably.
जार्जिया के अनुरोध पर कई क्षेत्रों में उसका समर्थन करने के लिए भी हम आज सहमत हुए हैं ।	We have also agreed today to support Georgia, upon its request, in a number of areas.
एत्थन्तरम्मि आइ. एस. ए. 60 विज्जंसं दसदेशो मे आरंभ होइः	So far we have introduced the ISA60 vision in ten countries:
तो हा, 99 फस्र्ट डेटस पे गओमि ।	So yes, I've gone on 99 first dates.
एवं च ठिए, अज्ज वि तहा दिट्ठो य: 2 मण्डली	And indeed, this is exactly what we see today: 2 Churches.
इयूरोपीयसङ्घं वित्तीयं बजारं पुणोसं लोकतन्त्रं अपहियइ ।	The European Union and the financial markets are again confiscating democracy.
एत्थन्तरविवरणं पढिए विणिग्गहो तिःद टीनएजर हु जम्पडइट्ठो	You can read more about this here: The Teenager Who was Executed Twice
किं सन्देशं 254देशो एवं आश्रितपरिगमो न सिद्धो यइ?	Has not the Message been established in 254 countries and dependencies?
तुज्झ तं पी. 9एसं वा अम्हाणं सम्पइएण?	Did you send it to P9 or our general accounts?
देवस्स वचनं बहुमूल्यवत्ताइं एवं विहि-सहायत्थाइं ।	God's Word is full of precious promises and helpful counsel.
इ. - 8 एवं च एत्थन्तरम्मि एत्थवि य मए वि आगच्छ, एयं च जालविणिग्गओ तेण भायाओ	E-8 And now, I also come to throw my net in with these brethren.
तेण वि हजारो फलस्तीनी तरुणाणं मरिऊण [तेण कज्जेण] ।	He has even sent thousands of young Palestinians to die [for this cause].
67. 3 करोड़ अवामीसमोएण व्व तुह विओग्गियव्वह ।	You’ll have to go outside, like 673 million other people.
तो, आप सभी को धन्यवाद - हम आशा करते हैं कि चीनी फिल्म उद्योग और भी शक्तिशाली हो जाए ।	So, thank you all — we hope the Chinese film industry gets even more powerful.
तत्तो य मए 503 फंकशनपरियगइए - अपेक्षाकृतं - विहिणा जटिलतायाव ।	Then we can go to the 503 functions of – relatively – less complexity.
केणवि न याणइ सा एत्थन्तरम्मि एवं सुरक्खिया #Iraq	No one knows where she is now and whether she is safe #Iraq
परमत्थओ तेण भणियन्तस्स कुरआण एवं मुहमद्दुसंदेशं, निसुणेहिं विमुहेणं निट्ठुर!	But on the contrary, he belied (this Qur'an and the Message of Muhammad ) and turned away!
काडं\1: किं अज्जं कालेण पयसो आगमिज्जइ?	Card 1: Will money be coming into my life very soon?
कईअणिच्चनगराइं गामाइं वि कट्ठं कओ वि, जं कयाइवि सम्पइ खयराइं कुणइ ।	We have also shown in many small towns and villages that something is happening for peace.
एवं तेण निमित्तमेव तेण समत्थतत्तणं सृजियं ।	And for that, they have created a sovereign state for themselves.
एवं तुज्झ देवं परिच्चरियव्वं, तं कुञ्चं कदापि न मिलहइ ।	And pray to your God that you never meet that bitch.
किं तुमं सव्वं लोए रूवं भणसि अम्हाणं... य.. तं चिन्तिउं तेण	why are you telling our secrets to the whole world ... yap ... let them think
#15 तेण पी. डी. ए. च्चिअ भयं ण त्थि.	#15 He’s not afraid of a little PDA.
किन्तु तेस्सं तिसयं च, एवं ते विहिणा सुहस्स शान्तिं वसन्ति ।	But there are thirty, and they live in peace and happiness.
(ल) न, नियन्त्रीतं भवति ।	(L) No, it was controlled individuals.
वालअ व्व देवाणं वयणं विचिन्तिउं केवलं सन्तावियं, भरसयं च मिव सुयणु!	I can only lie still in God’s arms like a child, and trust.
तम्हा देशः (उत्तरकोरिया) वि तेहिं कओ सिद्धीए ।	Your country (North Korea) can also replicate their success.
रेहाइं कायव्वो इसराएलीओ पमोत्तणं दाणं, पावसामत्ती कयविज्जन्तो य	a Saviour, for to give repentance to Israel, and forgiveness of sins.
जइ कज्जं होइ एवं केम्ब्रिजमे किञ्चं जिणं, ता अच्छाइं जायं ।	If a miracle happened and I won something in Cambridge, well and good.
ईश्वरीयविच्छा कायव्वं परं कयाइव मधुरं न होइ, एवं कयवि न सिद्धं होइ ।	There is no sweeter thing than to do God’s will and nothing so perfect.
ईश्वरीयविच्छा कायव्वं परं कयाइव मधुरं न होइ, एवं कयवि न सिद्धं होइ ।	There is no sweeter thing than to do God’s will and nothing so perfect.
एहि मण्डलीओ वि अण्णं कुणह, तेण अहं तं दंसणं समप्पिऊणं	Separate yourselves from the midst of this assembly, and I will consume them in a moment.
इसराएलीओ समप्पिया पावमरणं दाणं,	for to give repentance to Israel, and forgiveness of sins.
सभो समत्थो गयामो तुरिज्जं एजेन्सीया आउच्छं	• All those present agreed that the Tourism Agency should return.
एवं च तेण मामि सुणिज्जन्ते दिट्ठम्मि जं न निन्दनीयं	And in His case we have only heard and seen things which are not condemnable.
125 अब, ओह, एत्थन्तरम्मि किंववि ।	125 Now, oh, here is something.
मम्मं चिन्तियं की जीव-अणासंसा किं दिन्नं?	I wonder what bioeconomics will offer us.
तत्तो दाविदीओ'एत्थ कालमग्गो राज्याय'आहूणं गयइ ।	Thus the Davidians have been called to "the Kingdom for such a time as this.
अण्णं च सच्चविज्जाहरिज्जन्तदेववाक्खिएहिं, एवं च जीएणं निजविज्जाहरस्सविजहेहिं	You have to genuinely enter into the reality of the truth of God’s words, and live out the reality of God’s words.
हेलमंदमेण अम्हेहि सेनापतिकेण सूचित कयइ जेण तेण तं खवेइ तेण ।	We have informed our commanders in Helmand to do whatever they can to eliminate him.
बहुविगप्पेच्छन्ति आयन्नाहिं तुज्झ तं दिस्सइ जं तवस्स अन्तरिक्खं	Books are mirrors: you only see in them what you already have inside you.
बहुविगप्पेच्छन्ति आयन्नाहिं तुज्झ तं दिस्सइ जं तवस्स अन्तरिक्खं	Books are mirrors: you only see in them what you already have inside you.
बहुविगप्पेच्छन्ति आयन्नाहिं तुज्झ तं दिस्सइ जं तवस्स अन्तरिक्खं	Books are mirrors: you only see in them what you already have inside you.
किं तं जाणइ तं सव्वं कज्जं इओ तं कज्जेइ, 12 कज्जाइएण कअत्थकारणं काफ़ीयं	Did you know it could do all that? 12 creative uses for coffee
बाली सचमुच्चं सुंदर जाइ!	Bali is indeed a beautiful place!
निट्ठुरपुस्तकं विणिद्धियकालसम्बद्धसन्देशो'( 7BC 971.4)	The unsealing of the little book was the message in relation to time." {7BC 971.4}
2011 से अरब क्रांति को याद कीजिए, जिसने कितने शहादत दिए!	Remember the Arab Revolution since 2011 which has given so many martyrs!
मिन्स्क में 5 दिनों में क्या देखना और क्या करना है, जो कि मुश्किल से पर्याप्त है जैसा कि पर्यटक कहते हैं?	What to see and do in Minsk 5 days, which is barely enough as tourists say?
तेण अम्हाणं इमीएणं कयं ऐतिहासिकं वाएण ।	They can read our confessions in a somewhat a-historical manner.
तं दक्खिण्णं गमणियं च ।	He should [have] let the south go.
एत्थन्तरम्मि विहियए तेण लोयपसाएणं, वाहरइ परमत्थजणाणं पवज्जन्तेणं	Let us return to the people who lack experience of God’s goodness.
9: 8 एवं च जस्स कज्जं अणुभारं दुस्सहं कयइ सो तं दट्ठुं ।	(99: 8) And anyone who has done an atom's weight of evil, shall see it.
तं तम्हा तीए बलं न जाणह जह तं तं तम् अणुसिज्जसि, जह तुमं तीए उवऊढो उवविट्ठो	You do not know her strength until you put her in hot water.
* इसका वित्त पोषण लगभग पूरी तरह से ऑस्ट्रेलियाई करदाता द्वारा किया जा रहा है, जैसा कि बचाव अभियान है ।	* It is being funded almost entirely by the Australian Taxpayer, as is the rescue operation.
एवं निसन्देहे जो दूरो तुह रक्खइ सो तुह धीरस्स अणुरूवं ।	And assuredly the angel who guards you will honour your patience.
किन्तु जइ वि तहवि हु जुत्तं जाणियव्वं तेण वासस्थानं, तेण गन्तुं खण्णुया एक्का सच्चा पिआ हिअअम्मि	But if you are still in need of knowing exactly where his abode is, there is only one place to look for him: in the heart of a true lover.
एवं जाणह ऋणं फेडइ'।	And you will know the debt is paid”.
जत्थ जत्थ साखीओ पहुञ्चाओ तत्थ परखिओ वि उवविट्ठो, तत्थ जत्थ दक्खिण्णो तत्थ पवीणो दीसन्तो	If witnesses did arrive, they were duly examined and tested, and if their testimony appeared trustworthy, this day was sanctified as New Moon Day.
तेण अम्हाणं देसं पेम्मं च... तेण गेरी कत्तो?	He loves our country and … where is Gary?
द / 426/3 को मेरी पहचान या संपत्ति के बारे में सूचित नहीं किया गया था ।	D/426/3 was not informed about my identity or properties.
तेण जणएण वि तेण मज्झं कुडकुडयं मए तेण अंगाणं, वज्जरइ अणुणेमि तीए दुःखं तेण	I will tear their bodies into little pieces and cause them more pain than they will ever know.
तत्तो य तेण तेण नगरम्मि एत्थ जणाया, जहिं जुण्णवब्भेणं वसन्ति ।	So they came and told it in the town where the old prophet lived.
1. 1. ज्जं तव्विअवंवमापुरिसाणं, ताव तेण न करेज्जं जं तेण	#8: Unless Your Parents Were Wealthy, Don't Do What They Did
एहि बेरं नवग्रहस्स विकासो अमरनयरम्मि!	This time the development of the new planet depends only on immortals!
केवि हु तेण अम्हाणं जुण्णइस्सक्रं अवमाणयं!	How they have disgraced our old Iskra !
वच्चन्ति करहट्ठं छित्तो तओ उवविट्ठो, भणिओ थैंक यू ईसा	When the first hand touches you, rise your hands, and say, "Thank You, Jesus.
डी / 426/2 के साथ किसी भी संचार की अनुमति नहीं थी ।	No communication with D/426/2 was permitted.
अम्हे F - 18s कओ तं कओ जं तं करेमाणं	We saw F-18s doing what they had to do.
भणियं समागया अन्तं परमत्थं घरं ।	God's assembly is a house full of salvation from one end to the other.
सत्तदिवसेहिं तीए माता समत्थो होइ, अट्ठमं तेहिं तं महं दिअसि ।	Seven days it shall be with its mother; on the eighth you shall give it to Me.
परं मणुस्सत्तं वञ्चिययमग्गो सैताणकज्जणस्स, चित्तं तव्वयणं तह चित्तमग्गो चित्तमाला	But man was deceived; his mind was darkened by Satan’s sophistry.
लेख पढ़िए, क्योंकि आप 47 प्रतिशत पेज को फॉलो करते हैं	Read articles because you follow a page 47%
एवं च मए वड्ढमाणपरमत्थं ते वि न रुद्धी '.	And worst of all, they failed to stop the plot.
538 एक संस्थागत शक्ति और वर्ष के अंत के रूप में चर्च का प्रावधान ।	538 - provision of the Church as an institutional power and the end of the year.
महुमई नेहराए कहा, "मुझे यकीन है कि वे भारतीय दल की अच्छी देखभाल करेंगे ।	I am sure they would take good care of the Indian contingent.
अज्जं सा समागओ इच्छसि सङ्कल्पम्मि ।	You wanted to meet me today, that is a sankalpa.
अब्राहामाव देव तुमं दट्ठुं?	God in Abraham, you see it?
17 तं पवज्जसु सत्थं कुणह, तव्विज्जइ सच्चं वयणं.	17 Sanctify them[12] in the truth; your word is truth.
मायाओ इअ आरम्भं कयाइं - खयरम्मि विणिद्देण ।	Mothers initiated this — through physical withdrawal.
सृष्टिक दोहन कयन्ते वि णस्सइ देवपेमस्स संकेतं	When we exploit creation, we destroy that sign of God’s love.
अम्हेवि हु सुदंरसंसारदिग्गमणेण 1bank4all.	I believe this move towards a better world, needs 1bank4all.
देव्वाणं सिग्घं तेण मज्झ वयणं आयंति, तह तेण वि बहुविगाण-विग्घपरिणआणं आरभएण	Thank God they believed me and that is when a lot of medical testing began.
एत्थन्तरम्मि तत्तो य मए भणियं जेण रिक्के आसाए एवं / अथवा विज्जाहरिओ	I’m just going to say that Rick is going to meet this person and/or persons pretty quickly.
अन्नं च जलं च [आगामि डह्हाके सव्वुत्तवसंवहाराइं]	Food and water [are the biggest trends of the next decade.]
जह मित्तं तह तं मित्तं बहुगुणं'।	Like more than a friend likes a friend.
रोमिया एत्थन्तरम्मि जाणइ कज्जं ।	Rome must know her task in this time.
रोमिया एत्थन्तरम्मि जाणइ कज्जं ।	Rome must know her task in this time.
लक्सम्बर्गमे एत्थ सप्ताहं साहसु कयलिच्छए, शायद एत्थ कारणेण एत्थ समप्पन्ति	Perhaps this explains why Luxembourg showed some courage this week.
सो देव्वाणं विरोहितो होया ।	He became God’s enemy.
तत्तो वि मोसेसओ अइयणॊ वि एयणॊणं, एत्थन्तरं एत्थ विचिन्तिऊण वयणं	Nevertheless, Moses himself is also an Aeon—now here we have to comprehend the difference.
अल्लाह की कसम खाता हूँ, फ्रांस गठबंधन छोड़ने जा रहा है ।	I swear by Allah, France is going leave the coalition.
संसत्तं दहलावेंति जेण भणियं तेण सव्वं वयणं भणियं ।	We said everything we had to say to the enemy when we burned the parliament.
अज्ज कलिसं 642संखयं छायावि तुमं अणुरूवं	In recent days, you have the impression that the number 642 follows you as your shadow.
और अवरण्हाणं चिअ णवसो गीयणो वि जाणमो भाविओ, ऊर्जावई पउलवक्खदिणे!	And, of course, many new songs are available (We know the future, Energetic fully open DAY!
एहि सप्ताहं समयं कीस रक्खसि पुप्फवइए?	How will you save time this week, early bird?
कोबराः मए सदा तीए विज्जाहरसमूहे सह सन्मतियव्वो ।	Cobra: I would not always agree with her information sources.
इमेज् 57 - उज्जुअलंपिऊण उज्जुएण विज्जाहरियं न होइ!	Image 57 - A good lighting project should not be missing!
ता नहिया तेण ई. पी. पी समूहियअविहिय कठिनतर बहसकालाओ मए ।	If he does not, I expect extremely difficult debates within the EPP group.
किं तुमं जाणंतं जे अम्हे ई. वी. 100 वैश्विक पहलकामयक अंग छी?	Did you know we are part of the EV100 global initiative?
एवं #3, इयं समस्या जेण अहं एयं ।	Like #3, this is a problem that I have myself.
अम्हाणं च जापानीसहभागिनीं पट्ठाइं जाणामो, जं इच्छंतिं चोर चारू द्वीपो	We know the position of our Japanese partners, who want all four islands.
वहुसंगारेणं लिहियंति सिरिसेण पुरिसा अण्णो अङ्गं लहेण, सहयत्तणं करिस्सं समुल्लवं	Regarding a wife, it is written that the Creator took a part of the man’s soul and made a helper against him.
सा सम्पइ वज्जरहिओ तं सुरक्खं, जं ओआउथ 1. \1इंसाणं बहु कठिनं	you can fat-finger away all of your security, which is much harder to do in OAuth 1.0:
एवं सुविसारं सव्वे लोए तं सुणिज्जन्ते मन्दिरे	And early in the morning all the people came to him in the temple to hear him.
अहं न जाणेमि, किसिओ पुच्छिओ बिली बुश्सं, तं लद्धो कयामो य	I don't know, but someone should ask Billy Bush, if they can find him.
आखिरकार, हमारे पास केवल 5 ज्ञात बग्स हैं ।	After all, we have only 5 known bugs.
1. 1 (परमत्थं) सच्चं च गम्भीरं ।	1.1(of a person) sincere and serious in intention.
अम्हे स्वयमेव ओटावा दूतावासामं गच्छामो	We go to Ottawa Embassies personally
रसूलुल्लाह् सल्लल्लाहु अलैहि वसल्लं विज्जाहिं विज्जाहरन्ति ।	The Prophet used to seek Allah’s forgiveness more than 70 times a day.
Don MIGUE1: चार समझौतों ने हर किसी को दिखाया कि केवल सुहिणा होना कितना आसान है ।	DON MIGUEL: The Four Agreements showed everybody how easy it is just to be happy.
एवं च अम्हाणं दट्ठूण पुप्फवइआए तेण ।	And they looked at us now full of hatred with their cocked pistols.’
यूरोपीय सहयोग दिवस पर भी इन परिणामों के संचार को सुगम बनाया जा सकता है ।	Communication of these results may also be facilitated by European Cooperation Day;
महाराज, तेण्हिं वि मठं कयनाइं?	Your excellency, will they also be sent to the monastery?
दरअसल, सउदी अरब में उनकी आखरी नौकरी मेरे साथ थी ।	Actually, his last job in Saudi Arabia was with me…
तत्तो य मए सम्पयं 156 पवासियाओ, सहचारियाओ सो मए समप्पन्नं	I can now devote myself fully to our 156 passengers and my colleagues.
एत्थन्तरम्मि तत्तो य अब्भुत्तो पणियमरणओ अप्पा ।	Now you are your father, but a dead father.
129और अम्हाणं प्रोटेस्टण्ट गिरजिए किं पेच्छंति?	129 And what do we have in our Protestant churches?
7) अन्दरिणीया बाहिरीया, एत्थन्तरं अब जाणामो कयाणं ।	7) Internal or external, we now know that a module has been hit.
तुह केणवि नत्थि कज्जं, जॊहन्नाणॊ वि जणॊ वि हॊन्ति जॊहनॊ वि.	You don't need to do anything, John – ex-John, former John.
एत्थन्तरम्मि हवे उपराष्ट्रपति रेडिङ्ग 27जणनागरिकाणं सह विज्जाहरिज्जन्ता	Now the Vice President Reding will discuss these proposals as openly as possible with the citizens of the 27
किं तुमं चिन्तिऊणं कोसोवो, स्वतन्त्रतत्तूण उद्घोषणओ नवसंविधानो,	Do you think that Kosovo, with its declaration of independence and its new constitution,
जं जं छिवसि मग्गसि तं सो सुरग्गस्स उत्तमो फलं ।	Whatever you touch and ask is the best fruit in Heaven.
(सायमणं सोहणं अप्पाणं ।	(Simon took the credit for himself.
तेण अम्हाणं पुणरुत्तणं अनुष्ठानं वा रसमं ण दियइ, तेण भणिओ प्रभु जीससस्स उवविट्ठो	He does not give us a ritual or ceremony to follow, He says, “Put on the Lord Jesus”.
#5 सरकार की निगरानी में आपके सभी वित्तीय लेन - देन?	#5 All Your Financial Transactions Tracked By The Government?
एत्थन्तरम्मि तत्तो य अब्भुत्तो पणियमरणओ अप्पा ।	Now you are your father, but a dead father.
119 तत्तो य अब्रहामा, अम्हेवि हु भणिउं बहुसाक्खिणीए	E-119 "So, well, Abraham, I--I think you would--you would make a very good witness.
जीसस्स एत्थन्तरम्मि प्रार्थना कुणह जेण दूई विज्जाहओ	Jesus: Pray now that the second disaster will also be mitigated.
गौगेस के बाद वह मेरी दूसरी पसंद होंगे ।)	He would be my second choice after Gouges.)
सहचारिया यहुदीओ स सह विसयसोक्खं विणिज्जंति, सो विहिओ सञ्जाओ सव्वो सव्वो च्चिअ सव्वो	The Prophet's companions sold their clothes in order to fight the Jews, and take revenge upon them.
निसंसो ते च्चिअ ण परहेज़ वअणं, जिण वअणाइं तरुणा सहिआइं कुणंति	Certainly not the abstinence pledges they make young folks sign.
निसंसो ते च्चिअ ण परहेज़ वअणं, जिण वअणाइं तरुणा सहिआइं कुणंति	Certainly not the abstinence pledges they make young folks sign.
निट्ठुरतालाहलकेइएहि विज्जाहरियहियएहिं, निययपङ्कयसोक्खं सिद्धो य मग्गं कुणह	Keep your aim true” from another member of the private chat.
अण्णं देवस्स विणा कॊइ वि तेण पुत्तो न होइ ।	Without God’s Spirit, one cannot be His begotten child.
एवं जइ ते करिज्जन्ते, पुरिसाओ वि आगओ जाओ	And if they do, the rewards will come.
कयाविह शत्रुविरुद्धं मा कुणह, तेण विसयसोक्खं जायं ।	Never hate your enemy's, it affects your judgement.
सिटी से ज़्यादा इंग्लैंड के लिए, हमे बस उसकी ज़रूरत है कि वह ऐसा करता रहे	We just need him to keep doing it - more for England than City!
तत्तो पुतीनया किम्पि रूसियनेतारो तं केण करिज्जइ?	What will Putin or any other Russian leader feel he needs to do then?
ता किं तेण कारणेण एत्थन्तरम्मि प्रचारमूल्यं...?, वज्जरियं मए वि जाणामि.	Is that the reason why we currently have a promotional price...? we will know sooner or later.
सो सदा तीए सहवयलम्मि (...) एवं सो वाहरइ मीडिया जत्था समापयह!	He has always been there for her (…) and this stupid media battle could end!
तं चिय दुज्जणस्स पूजन्ति, हिययारो धम्मो वियओ ।	They worship the devil; their religion is sickness.
बोरिस के लिए, मेरे वीडियो के तीन स्रोत हैं ।	For Boris, my videos have three sources.
वस्तुतः, वयसानुसारं वीडियो का चयन आप या आपका बच्चा कर सकते हैं ।	In fact, you or your child can select videos by age.
एवं च जस्स पयगब्भिज्जन्तस्स अन्नेण जस्स देव्वन्तस्स, सो चिय वज्जरइ जस्स तेण किं निन्दिज्जन्तो?	And if the prophet was called a god, because he was the manifestation of another prophet's Word, how can you condemn Him when He was the same thing?
एवं च जस्स पयगब्भिज्जन्तस्स अन्नेण जस्स देव्वन्तस्स, सो चिय वज्जरइ जस्स तेण किं निन्दिज्जन्तो?	And if the prophet was called a god, because he was the manifestation of another prophet's Word, how can you condemn Him when He was the same thing?
परं तुह जणो तं सच्चं पि अलज्जंति, तह वि सच्चं तओ उवविट्ठो	But your people rejected it, though it is the Truth.
परं तुह जणो तं सच्चं पि अलज्जंति, तह वि सच्चं तओ उवविट्ठो	But your people rejected it, though it is the Truth.
तिसिया घण्टाया एवं तेण तं सूलीए ।	It was the third hour and they crucified Him.
अम्हाणं सव्वेसिं जणियं, तेण जाणइ कस्स सवणामि '.	We all have one, so it knows who we sleep with.
परंच सव्वेसिं लहेइ तं लायक्खिउं एवं तुह पेच्छियं फिफाएहिं, एवं भणइ तं सव्वं जेण जाणियव्वं तेहिं	But everyone gets what they deserve and you only have to look at how FIFA is now and that tells you everything you need to know [about them].
\1.50 "अथवा अम्हाणं सन्ताणं, केणइ वि सार्वजनिक ट्यूशनरजणेण ।	5:50 “or our children, through any public tutoring system.
अम्हे तं बुद्धिं भणिए, नौमेणाणं परिच्चयावत्थं कहिए ।	We can call it the intelligence, the Noumenon before the phenomenon.
सव्वं सअव्वो सो अब्राहं 318 सेवकुलं अन्नं आणइ ।	He first of all brought food for Abraham and for his 318 servants.
चित्तमाला रोगाअणुज्जरणदरआ अद्धा यूरोपाव ।	Keep in mind, Europe has half our rate of Alzheimer’s.
जे यूक्रेनीओ अम्हाणं मज्झं कयंवाइं 13 होइं, ते सव्वं सङ्गमइ बहुअं ।	The Ukrainians working for us – there are 13 now – have integrated quite well".
इन्स्ट्रक्टर ($37.50) पर भी लागू होता है!	Applies also to instructors ($37.50)!
अज्ज येरुशलमअजणणरक्खणस्स एसो!	This is the only way to protect Jerusalem today!
निसन्देहे, एसा मत्ता जहिं नाम 45 होइ ।	This is a material that has 45 in its name, of course.
तुह पावि अवहेलणस्स वज्जरियं निन्दं सहिओ, नहं ताहे अम्हाणं गुरुस्स कारणं सहिओ ।	You must bear the reproach of your sinful state of indifference, or the cause of our Master must bear it.
भाग 4: ईरान पर हमला हुआ, तो क्या कोई मदद करेगा?	Part 4; If Iran is Attacked, will anyone Help?
सम्भवतओ तेण नासाओ कमसो डॉ. टोनी फिलिप्सओ पर हमलाओ ।	They will probably have to start attacking NASA, or at least Dr Tony Phillips.
एत्थन्तरम्मि विचिन्तिऊण तत्तो य मए एत्थ वुत्तन्तो	I also believe that its behaviour on October 1 cannot be separated from this.
अज्जवि हु देव्व तुज्झ महं वि. एवं एत्थ आगन्तूणं	O God, today is also a day that You allow me and V. to come here.
जं तेण लोयणकिसं देवं परिवत्तइ, तेण सच्चं सिक्खिज्जन्ति ।	That God will change those people’s hearts, and they will learn the truth.
[सो] गामम्मि नग्गे, एकाकी एवं प्रायमरणे ।	[He was] in a village, naked, alone and almost dead.
न केवि हु भयन्ति महं, जेण ते उत्तमकालिक नागरिका होइ ।	No one should fear me if they are a good Greek citizen.
ते वयणेवि अम्हाणं वज्जरइ तेण घणाइं, अहयं कहिएणं जेण तीए वि प्रथमशताब्दिमे ।	They are our present-day martyrs, and there are many of them; indeed, we might say that there are more of them than in the first centuries”.
किं का कज्जं करेमि अम्हे वि पयासेहिं - - अमेरिकं पुणोविज्जउ!	Why should we keep wasting our money -- rebuild the U.S.!
इय बोहिओ विज्जा इब्भागम्मि बन्धइ पब्भेणं, बन्धइ विज्जाहरियं बन्धणं ।	In other words, bound up in this knowing is God’s predetermined bond, God’s predetermined relationship.
जाणामि दूरन्तरेण चन्दो व्व तुमं,	I am aware you are like the moon in the distant sky;
एत्थन्तरम्मि विज्जाहरियं वयणं जेण विहिणा तिन्निमित्तं	We are so crazy that there are more than three wines per person.
जं ते आणन्ति तं चिय विवेयं ।	What they bring through is their wisdom.
सामरियायाव दंसण घरं नवाइं सुहिओ अम्हे वि, भणियं वयणं सच्चं	We are happy about every new house in Samaria, but we have to tell the truth.
जेण जेण केणवि दिट्ठिमिलिओ होइ विहरे, होइ विज्जाहारो केणवो होइ	Every time I see somebody now, may be somebody on a plane or
मर्सरः कालरातिए तुज्झ विज्जाहरिणा तव्वयरा य	Mercer: You were certainly creative in all kinds of ways last night.
जइ च्चिअ ण छिवइ बालओ गन्तव्यं, तत्तो य मए तं करेउं पयडीएण	If we cannot touch the boy at his destination, then it must be done while he travels.’
अम्हेवि जाणमो जेण सृष्टीए देवस्स पेम्मं सस्सयं ।	We know that God's love for His creation is eternal.
अम्हेवि जाणमो जेण सृष्टीए देवस्स पेम्मं सस्सयं ।	We know that God's love for His creation is eternal.
महिलाणं जीवणस्स निकटमाणस्स, जं च जीवणओ तेहिं निन्नायन्ति ।	Women are (still) closer to life, since life emerges from them.
महिलाणं जीवणस्स निकटमाणस्स, जं च जीवणओ तेहिं निन्नायन्ति ।	Women are (still) closer to life, since life emerges from them.
जं जिविउं तं जम्पियं तं जुत्तं, तं उज्जिल्लं छप्पइ तं तं चिय हॊइ.	The life you lead conceals the light you are.
जत्थ न आहूयइ सा समागओ न समप्पइ, इवान्स कणगमालाएण भणिए ।	He will not be in attendance unless called to testify," Evans said stiffly.
एत्थन्तरम्मि 13 सङ्खे गमिऊण, तहवि हु तुमं च्चिअ मरिओ अहयं	Now, let us go into the number 13, so you can die.
(त) परं तत्थ तुमं तत्थ घडियाणं धारणं कायव्वं, कारणं पर-जणॊ कालॆ विश्वासइ?	(T) But, you wear the watch because other people believe in time?
2. 5 अप्रैल, 2008 में आयोग ने अपने श्वेत पत्र (6) में विनिर्दिष्ट सुझाव प्रस्तुत किए ।	2.5 In April 2008, the Commission presented specific suggestions in its White Paper (6).
अप्पाणं पवज्जसुयस्स रअविज्जाहस्स, सो कदापि मिच्छं न याणइ ।	Trust the witness of God’s Spirit to your spirit, He is never wrong.
(1) एत्थन्तरम्मि न समप्पन्ति मानवीयपरम्परा;	(1) that there can be no human traditions of these events;
दुज्जणम्मि दिज्जइ लोअणम्मि देव्वाया कहकहवि, नूहस्स कए बहुए हंसेइ वि णहस्स	God’s command was so ridiculous in the eyes of the evil world that many people laughed at Noah.
केवल तेवत्थं पीयं जे निययमज्झे ।	Drink only levels which are normal.
एत्थन्तरम्मि अहयं पश्चिमनियागरारज्जाणं समप्पइ, जं चिकित्सालयं तुज्झ अपेक्खसि, तं तं तं भवामो अम्हेहिं	I’m here today to commit to the good people in West Niagara: we’re going to build you the hospital you need.
एत्थन्तरम्मि राबरट्ठो तीए अप्पाणं हरइ मारेइ सहओ	Not only that, Robert had also helped defeat and kill her father.
1967 जे सरहद्दा होइ तेण न हु संतुट्ठो होइ, निट्ठुरं समत्थाणं विचिन्तेमि ।	I cannot be satisfied with the 1967 borders alone and see them as a permanent solution...
25और किं मरिअं तुज्झ,	25 and why you die,
और 1973 में बहुत सरल प्रणाली से दिखाया कि तुम कर सकते हो	And I showed in a very simple system in 1973 that you could do
एत्थन्तरम्मि गन्तुं पट्ठं वास्तवमेव... दिणीयल न्यायालवसंयमग्गमग्गो य	The road to such an end would actually be … lengthy and laborious through the civil court system.
और जुलाई की शुरुआत से उच्चतम क्षेत्रों में (लाबोरेल, मेवोलियोन) ।	And from early July in the highest sectors (Laborel, Mévouillon).
31: 32, मए तुह हत्थं न दिस्सइ ।	31? 32? 32, I didn't see your hand.
(ल) तत्तो य मए पुच्छिज्जन्तो, तं दो टोपिया कइव गयम्मि?	(L) So, I want to ask: How did he get two caps?!
सो य समुल्लहणेण व फण्डाएण वि तं उद्धरइ ।	He goes to save them against Yoda’s warning and not knowing of the trap.
तो तुम क्या कर सकते हो अगर आल्डो काफ़ी सरलता के साथ खेलता है?	So what can you do if Aldo played with a fairly simple?
लोग केवल पैसों के लिए 4,000 जानवरों को कैसे मार सकते हैं?	How could people kill 4,000 animals just for money?
देवपुत्रं न जीवइ ।	God’s Son does not have life.
सव्वं पावं सोऊणं पवज्जइ सुपुरिसं जिऊणं, एवं च अम्ह सव्वेसु पावाणं निसामेण मरिओ	He lived a life perfectly in accordance with God’s will and then died innocently for all of our sins.
द टाइम्स ऑफ इजरायलः इजराइल से कुछ चॉकलेट लेकर आया हूँ ।	The Times of Israel: I brought you some chocolates from Israel.
सोडोम निद्दोषणे देवरूद्धस्स तत्तं पेच्छसि?	Can you see the substance of God’s wrath in His destruction of Sodom?
एवं च तेण वि ण कयाइवि सुरईकया, अण्णं सीरं नामाणं सिरियं	And none of them were cleansed, but only Naaman the Syrian.
(पाउल का सुझाव है कि जिन लोगों को ये समस्याएँ हैं, उनकी सहायता कीजिए ।	(Paul suggest that we should help those who have these problems.
उक्खिप्पइ दिज्जइ एसा कत्तो अम्हाणं हीरो टोमं	See how this thing ended up for our hero Tom.
उक्खिप्पइ दिज्जइ एसा कत्तो अम्हाणं हीरो टोमं	See how this thing ended up for our hero Tom.
तत्तो य अपूरणीयसमओ वि हु कुशनम्मि'।	That way, when unexpected things happen, you have a cushion.
पिङ्गडोम वि णिग्घाइ णिग्गाइं ण	Pingdom also isn't checking every second.
तेण अम्हाणं जिणिज्जइ जीवियस्स जा क्रिया-कम्मा, सव्वम्पि कज्जस्स ईश्वरीयस्स ।	He has shown us the way for a life that, active or passive, belongs wholly to God’s work.
(वास्तविकतायाव), गासै दैथायहरनायनि (आर'जनायफोर) से सेबो खमआ (भारताय) नेवसिजायो ।	[In reality], less than one percent of all exports [requests] are denied [to India].
जाव णिव्वुत्तरइ अवराहस्स पाणिम्मि देव्वकज्जस्स, सो च्चिअ विरहे पाविओ सो च्चेअ जणस्स	When they lack the water of God’s Word and his Spirit of love.
अहं तेण उत्तमत्थओ हक्खिउं, एवं सम्पइ खेलामि ।	I deserve better than that and I should play every game.
तुज्झ कनेडाए एवं अम्हाणं केनेडाए जे दिज्जइ तेण अम्हे वि तेण गर्वो होइओ न होइओ	We couldn’t be more proud of what your Canada – and our Canada – has to offer.
ई. - 162 एवं च पुत्ति तुज्झ पि अलद्धो सो पत्तो	E-162 And you, son, get a little bit used to it.
हम हमेशा उन्हें पहले तीन या चार मिनट खुद को देते हैं ।	We always give them the first three or four minutes to themselves.
ओ परिवर्त्तन एहि पोतक खोज लेल पर्याप्त छल ।	Those modifications were sufficient to discover this vessel.
आइकिया के साथ लिटिल सन क्या विकसित कर सकता है, यह हमने अभी तय नहीं किया है ।	We have not established exactly what Little Sun can develop with Ikea.
11:64 "हे मज्झगोत्तस्स, एयं उत्तियं देव्वयं जुत्तं, जं तुज्झ पुरिसाएण सेवायं	[11:64] “O my people, this is GOD’s camel to serve as a proof for you.
विज्झणएण दिट्ठो, किं अम्हे विओयविज्जाहरियं करिज्जंति?	From a scientific point of view, are we doing the best for her?
तीए उद्धेसं पुच्छिज्जइ, तीए सच्चं अवलज्जइ ।	Her motives will be questioned and her truth ignored.
तं सोउं धम्मेण पाणेण सृज्जइ मणुयं सच्चं, एवं अणुयमो अम्हेण वि मणुयमो	More humble, and I believe true, to consider him created from animals.
* प्रवाहं सन्तुलणं कयाइं न सम्भवं?	*Why it is impossible to perfectly balance flows :
8उत्तासु तेण तीए तेण कहेइ स्मरणम् ।	[8] And they remembered his words.
एवं स्मरियव्वं, जं किंचि विओरं प्रस्तावियं, तं सव्वं करिज्जइ साताणं ।	And remember, everything that can be presented contrary, Satan will do it.
अहं अणुउज्जारज्जस्स पितामहो न मणुयं ।	I do not consider myself the father of the release of atomic energy.
न तो वैज्ञानिक, न भूवैज्ञानिक, 100,000 साल की गारन्टी दे सकता है ।	No scientist or geologist can provide a 100,000 year guarantee.
लेकिन अब उन्हें अपनी मूर्खता की कीमत चुकानी पड़ेगी... सीरियाई कुर्दों की तरह ।	But now they will have to pay for their stupidity… just like the Syrian Kurds.
किं तुज्झ चिन्तेमिअमेरिकायाव हरताल जागउ?	Do you think a strike will begin in the US?
धीरयस्स आसं तुज्झ ध्वजो, तं हिअअं हि चित्ते वहसु ।	Patient hope will be your flag; carry it in your hearts.
यूरप्सं हयं भणियं अम्हे वि नवआरम्भं इच्छामो	We say YES to Europe, but we want a new beginning.
एवं च, निर्णायकमण्डली कीमहिलाओ एवं सज्जनो, लैरी 4 के साथ जो हुआ सो सव्वं सच्चं!	And that, ladies and gentlemen of the jury, is the whole truth about what happened to Larry 4!
उदाहरण के लिए, रचना के लिए आप अधिक सीमित होंगे ।	You will be more limited for composition, for example.
आम तौर पर एलेक्स, हम मॉडल के साथ काम करना जारी रखते हैं ।	In general, Alex, we continue to work with the model.
नत्थि जस्स रब्भिज्जयं जेण प्रायसोसो, तं सो परिच्छेद्दो वि ण भाविओ होइ	Indeed, otherwise that repentance, on which Rabbinism so largely insists, would have had no meaning.
तत्तो'रिटर्न्स'मे अहाँ अपन रिटर्नक अनुसरण कयइ ।	You can then follow your return into “Returns”.
अन्ते मज्झं बहुमाणाणं विओबोए एसा एक्का यादं	At the end, I believe many people remember one thing that happened on Weibo.
वस्तुतः तेऽ सुदं प्रतिनिधित्वं लहेइः तेऽ लिबरल प्रधानमन्त्री होइ ।	In fact, they are well represented: They have a Liberal premier.
एत्थन्तरम्मि मे चिन्तेमि राष्ट्रपति बुहारीयाइं किञ्चित्थं ।	I think the same thing is happening with President Buhari to a certain degree.
अज्ज प्रातःकालओ य सायंकालओ, कार्गयणसोहियबाओ सव्वो सव्वो?	This morning or this evening, were you almost as comfortably seated in your car?
आसं कुणह जेण समुट्ठिया ईसा ईसा ईसा विहिणा समागया	I hope that other groups will also come to experience the encounter with the Lord Jesus.
आसं कुणह जेण समुट्ठिया ईसा ईसा ईसा विहिणा समागया	I hope that other groups will also come to experience the encounter with the Lord Jesus.
जं किंचि वि कज्जं वि भवह भाविओ जेण 800,000 चाइनीज्समए अद्धं तुज्झ सङ्गमइ	In any place, at any time, you will have the impression that half of the 800 000 000 of Chinese accompany you.
एवं तेण त्रिमूर्ते ण होइ परं पिओ,	And in this Trinity there is no before or after,
एत्थन्तरम्मि जीयदुक्खं दयंभवदेवेणं ।	Here, the misery of the soul meets the God of mercy.
परमत्थओ वि दुज्जणो तत्थ तओ अन्धारो	But the worst of all is that they were dark.
एयं लोयं देवस्स समागमं सिद्धियगइयं ।	This world is the place in which to prepare to appear in God’s presence.
एवं च तेण जेण लोयकरणत्थे, परिघाएण वि तेण परं न होइ ।	And it is the one which is in the hands of the people, and is not greater in extent than that.
अण्णं सृष्टिमत्तं ईश्वरेण न अङ्गीकारइ ।	He does not accept God’s sovereignty in His creation.
परिच्छेत्तं तीए दुःखं ।	The pain was finally over for her. ∼Étienne
एसा लंदन मेत्रोपोलिटन विश्वविद्यालयं भणिऊण होइ ।	London Metropolitan University should already have told you this.
रु. 1: किन्तु सहसा एत्थ कम्मं समाणिज्जइ?	RU1: But in general, this is a task we can solve?
ईसाणं पेच्छह जेण तुज्झ कमसो'।	Let the Christians see how you operate.
इयू के बाहर के उपभोक्ताओं के लिए पारस्परिक परामर्श से समाधान दिया जाएगा ।	For consumers outside the EU will be given a solution in mutual consultation.
अहव आएमि, तेण भणिओ नवि मणुस्साणं ।	I came, He said, to create a new human being.
अम्हेवि हु सच्चमेव इच्छामो जप्पानीयनिर्माता होंतु, सम्भवहइ इओ विज्जाहारो, एवं मह आशाए जे ते बहुएवि आसिज्जाणं.	We really want to have a Japanese manufacturer, maybe more than one, and I hope that they will come very soon.
1966 से, जो लोग मुझे फेबियो नोवेम्ब्रे कहते हैं, मैंने उन्हें जवाब दिया है ।	Since 1966, I’ve responded to those who call me Fabio Novembre.
तं सो वल्लहो जोव्वणस्स होज्ज, तं तं तं च्चिअ सदा रत्तेण एवं सोलाणं होइ!	Be the powerful fighter you always wanted to be in Blade & Soul!
(क) उत्तरोत्तर रोमी सत्ताधीसओ जेण पुच्छिज्जंतो तेण अम्हे वि महत्तरकारणेणं	a) will lead us to concede important points when the progressive Roman authorities ask it of us;
किं मए लिहियं सव्वं कालेहत्थजणाणं?	Am I Going to Write About Murdered Black People Forever?
जइ तं सिग्घं तुज्झ'उवज्झाओ'तं भणाइं, तं सो वि छेत्तो रन्नो खेतो रन्नो!	If you have already educated him on the "reminder", let him run across the fields!
एत्थन्तरम्मि उत्तमकच्चं विहिओ अम्हे वि होइ!	We might even become better sellers after all of this!
और अगर हैती विकास सहायता के विरोध में सही था तो क्या होगा?	And what if Haiti was right in its resistance to development assistance?
एत्थन्तरम्मि तुह विरहे बहुए उत्तराइं परं!	Your presence here among us is more than many answers!
परं तेण समं परमत्थं गच्छन्तो तेण संतुट्ठो	But when others are mentioned beside Him, they become satisfied”.
CE10 - अपनी परियोजनाओं को परिभाषित करने में सक्षम होना ।	CE10 - Being able to define their own projects.
ईश्वरीयसृष्टिउत्तमगुणेसु गुणेसु उवविट्ठो, पयमो पयामो पयत्तो पयत्तो य	One of the greatest attributes of God’s nature toward His creation is that of love.
भणिओ तं सच्चं कायव्वं साखीओ सो सव्वुत्तो सुमइ अप्पा	`Say: The first and foremost testimony establishing His truth is His own Self.
तत्थन्तरम्मि प्रश्णए यइझरायलम्मि तक्खणयुद्धसेनायं	The question is whether Israel has the capability to do this with her conventional forces.
तेण भणिओ तं सोऊणं चिय नीयं चिय निययपुव्वं, तं चिय नेय तुमं अम्हं चिय अन्नं चिय पावियं	He said, "I love you for who you are intrinsically and eternally.
प्र. - संस्थागतसुधाराणं तुज्झ समत्थे, तेण वि 20 फेब्रवरीअवोलणाणं च?	Q. – You support the institutional reforms but at the same time the 20 February movement?
तं सो वि देहकरोगं जायं देव! जाणइ!	God only knows if that affects you physically!
परन्तु न, तं दट्ठुं तत्थ सत्थं भणामि ।	But no, I swear by what you see.
अहं इच्छामि जुत्तं विज्जाहरिज्जन्तदेहविज्जाहरियं, दिज्जउ कज्जस्स य सच्चं जाणसि तुमं च	I want you to talk about your own knowledge to see if you have any actual knowledge of God’s actions.
पुटिन ने कहा,'मुझे डर है कि उनके (पुतिन) लिए अभी यह पर्याप्त नहीं है ।	I fear that it is not yet enough for him (Putin).
अन्तरराष्ट्रीय हरित नव करार के पाँच लक्ष्य दहलाने वाले और मूर्त प्रतीत होते हैंः	Five goals of an International Green New Deal seem pressing and tangible:
ई रणनीतिया एत्थन्तरम्मि बहुविभागमे नियजिज्जइ (एवं यूनिसेफओ सङ्गओ)	This strategy is now employed (and supported by UNICEF) in many countries.
1980 ई. स. मे जन्मलओ सो विओ इओ विहिणाओ ।	Anyone born in 1980 can claim the same distinction.
जेक्झण्हिं पेच्छह वीसं खोएणं सव्वम्पि?	Before Jake was even born, with the loss of the other babies?
रोबिन्हो वापस लौटना चाहता है और इससे हमें थोड़ी मदद मिलती है ।	Robinho wants to return and that helps us a little.
निवेदक का परिवार स्पेन में स्थायी रूप से रह सकता है ।	• The family of the investor can live in Spain permanently.
और तव्वयणं एयं लोओ अन्टार्कटिकाइं वि आगच्छं	And the fun: these people can even come from Antarctica.
इओ जाणिऊण तं सोक्खं ण ईसिज्जइ पाणम्मि ।	Knowing this does not make it any easier to let go of him in the water.
अण्णं देवकम्मणिणिणेण न वि, कज्जं पलोएण वि पयडेइ ।	They were not enlightened by hearing God’s commandments, but by putting them into practice.
अण्णं देवकम्मणिणिणेण न वि, कज्जं पलोएण वि पयडेइ ।	They were not enlightened by hearing God’s commandments, but by putting them into practice.
अण्णं देवकम्मणिणिणेण न वि, कज्जं पलोएण वि पयडेइ ।	They were not enlightened by hearing God’s commandments, but by putting them into practice.
16अमेरिकन मारे गए तो क्या वे माफ़ करेगे?	Would they forgive us if we killed 16 Americans?
एत्थन्तरम्मि नरनारिजणस्स पुत्तस्स महिमा होइ, देव्वाणं महिमावन्ता होइ ।	Now the Son of Man is glorified and God is glorified in him.
एत्थन्तरम्मि नरनारिजणस्स पुत्तस्स महिमा होइ, देव्वाणं महिमावन्ता होइ ।	Now the Son of Man is glorified and God is glorified in him.
जुआणमाता, जं सो कयइ तण्हा बुनियादिया ।	Juan Mata, what he does with his foundation.
जस्स कज्जं परिच्चयइ सो परिहरिज्जइ मांसखण्डं "।	He may treat her as he treats a piece of meat.
एक्कं गोलाओ तं चिय दिणेहिं, तेणं तुज्झ सदाएण	The rose for one day, and you forever.
श्रीमान जोहनसनए भणिओ एसो अम्हाणं सुरक्खयं	Mr. Johnson states that this is our only security!
जं तुह जीवणे हरसिओ सो तव्वि प्रबलचिन्ताण सामत्थं	What you attract into your life is in harmony with your dominant thoughts.’
जोसेःएण बहु दिट्ठं पि अप्पा ।	Jose: You have seen a lot, Papi.
तीए तेण चौदहवी वहुआइं, परं केण वि तं पि तं पिअं ।	She became his fourteenth wife, though some have left him.
ईश्वरीयवाओ जं भणइ अद्दाओ जं असई जं किं करेसि?	When God’s Word says one thing and Satan says another, what will you do?
हुड्डा ने कहा, "हम कोई वीगन (विशिष्ट) कार्यक्रम नहीं करना चाहते ।	We don’t want to do a vegan [specific] event.
परंच, मध्यरूसियावि तहा गिर्जाइं किं स च्चिअ सच्चं पेच्छामो?	But can we really have seen Central Russia and its churches without its coat blanc ?
तुज्झ वक्कीलं केवलम प्रथमजिल्लं दट्ठुं ।	Your lawyer, clearly, only looked in the 1st District.
कार्ल मुन्क, अध्याय 17 में, इस बिंदु को हमारे लिए और अधिक दृश्यमान बनाएगा ।	In chapter 17, Carl Munck will make this point much more visible for us.
60 मिनटमे सव्वं सव्वं डिंक्टामिनेशन आरम्भ होइ (अंतोसं सव्वं बयोलाजिकल ऑर्गैनिसं)	Total decontamination will begin in 60 minutes (eliminating all biological organisms inside)!
मह सच्चं वयणं मज्झ एवं इबराहीए वयणं वयणं	I truly believe this promise is made to me as well as to Abraham.
(सत्थविहिणाओ सव्वं सव्वं उयरे सत्थम्मि लडिज्जंति..., किं एत्थवर्षं वि तह नत्थि?	(Every year, the students battle is quite high level….is it the same this year?
हम दो - तिहाई उड़ानें रद्द कर रहे हैं ताकि हमारे ग्राहक विकल्प ढूंढ सकें ।	We are canceling two-thirds of flights so that our customers can find alternatives.
तेण समं उट्ठिज्जणाणं दट्ठुं दक्खिण्णाणं	He went down to visit them to lift them up to become like him.
अम्हे वअणं वारेसं सभाइं ण भणिओ!	We said to them: No to the meetings in Warsaw!
अहं किं पि सच्चं भागिदारी न पेक्खामि ।	I do not see any genuine partnership.
तेण दिव्विकरूपे, तीए गुणो संकेतो सह ।	On that Divine Form, with its modes and its signs.
जोणी, किं विलम्बसि तुमं विलम्बसद्देण?, एसा खेलइज्जइ जो सव्वे जण कणगमालत्ताए	Johnny, why are you late? is a game everyone can relate.
तेण पुच्छिज्जइ तओ किं तेण रज्जस्स, कुलीणो य भिच्छारो '?	He is asked whether that is the skeleton of a king, a nobleman, or a beggar.’
तेण पुच्छिज्जइ तओ किं तेण रज्जस्स, कुलीणो य भिच्छारो '?	He is asked whether that is the skeleton of a king, a nobleman, or a beggar.’
अम्हाणं आस्था एवं आचरणं ईसामत्थे ।	Our faith and practice are based on God’s Word.
एत्थन्तरम्मि अम्हाणं एसिमिलेशन nd > nn ।	Here we also have assimilation nd > nn.
अण्णं पाविज्जइ मरणासन्नदेवेणं पुरिसाणं, वाहरइ खमाणिज्जन्तो वज्जरियं कह वि वयणं	We can judge how weighty is the testimony of a dying priest who asks God’s forgiveness.
आगच्छ गुगलिए, वरिसं वरिसं भणामि भद्द!	Come on Google, I’ve literally been begging you for years!
सैम #19 की स्थिति लगभग मेरे जैसी ही थी ।	Sam #19 had almost identical situation to myself.
एवं संसारे शान्तिकालविज्जइ ।	and a time of peace will be conceded to the world.
तत्तो य अन्नं पासोवरसहणस्स जायं, वज्जरइ जेण न होउं, प्रतिरूपं जुत्तं आरम्भं, किं होइ अम्हाणं गुरुसुत्तं?	If, then, our Lord’s Supper took the place of the Passover Supper, yet not as a higher type – the antitype having commenced – what was it?
अम्हाणं जस्स जस्स ओक्टोबरु बेबी नयह ।	Our little Jack didn’t want to be an October baby.
अम्हाणं जस्स जस्स ओक्टोबरु बेबी नयह ।	Our little Jack didn’t want to be an October baby.
वयणं न य मए वयणं, वयणं च कअत्थं कज्जं च कट्ठं च	We cannot lie – we love coffee.
अह भणइ य इसराएली केणवि कहकहवि इहाइ जेण इहाइविज्जाणं तुज्झ पिओ तेण?	Priest of Israel, can you say that you have suffered for the soul of the least or greatest person of this people?»
मए चिन्तिऊण एसा सुन्दरं (अमेरिकन डवलप्मेण्ट् माड्ल्)	I think it's pretty cool (the American Development Model).
आमरीसी अल्त्रा - मे एक्काओ दोण्हं मारेइ!	American ultra – i just killed two people!
छात्रः तत्तो रन्ना सत्थं भावं देव्व?	Student: So there are seven manifestations of God?
इओ 20 जुलाइए होइ गयइ, जहिंमेसंयुक्त राज्यए अहियाओ ।	It happened July 20 with the United States leading that charge.
तत्तो य मए पारम्परिकेण धणेणं, केणवि कुणइ न कुणइ जाणेइ ।	That said, no one knows what may happen with our traditional money, either.
एत्थन्तरम्मि विज्जाहरणाणं अज्ज जेण एरिसाणं, किं तेण एत्थ कारणं सुहावयं कारणं?	Do those who demonize this fuel today have reasons, good reasons, to do so?
और जो चिट्ठं हर अठ्ठिओ वि तुमं पाविऊण सो मिलिओ कस्स?	And did you receive, as usual, that letter you received every eight days?
(राजा भी न्यायाधीश था ।	(The king was also a judge.
किं मज्झ पीरियाडस नरमाल? 4 टाइम्स तुज्झ चिअ डाक्टर सञ्जाओ	Is My Period Normal? 4 Times You Should Talk To Your Doctor
सव्वे मणुया आदमनि सन्ता आरो आदं मिट्टाइनिफ्राय सोरजिया ।	Mankind are all Adam’s children and Adam was created out of clay.
तं ण्हाइं मज्झं मिच्छत्तं दट्ठुं तुज्झ पुस्तके तेण जणाणं, जं सव्वं ण करेज्जं परं तं णामेज्जं	Your eyes have seen my imperfection, but in your book will have been written the names of those who do all they can, even if they cannot do all that they should.
एत्थन्तरम्मि समप्पन्ति रोवंति, पव्वत्त! पव्वत्ति!	They would cry out to one another, “Holy!
तं विचिन्तियं तेण नामेण पावं खमा ।	believes in him receives forgiveness of sins through his name.
63 मील जो तुम निचोड़ सकोगे इस छोटी सी इलेक्ट्रिक कार से ।	63 miles what you will be able to squeeze out of this little electric car.
योरपवि किं पि किं पि कज्जं पसाएन्ति... मए भणियं दो व्व.	Europe too could show some gratitude… I would say two things.
जहिं कज्जं पवज्जइ ते लोअणो लोअस्स ।	In another word, God’s people are those who are perfected after experiencing the work of God.
छाण्मासं तुज्झ वि तेण पसाअस्स, सो च्चिअ जह णाणस्स तेण उज्जुएण	And you were for a season (six months), glad to rejoice in that--in that light of John.
दिसंबर के बाद आधिकारिक तौर पर भारत में और भी अच्छे ड्रोन ज़रूर दिखेंगे ।	After December, we will surely see other good drones officially in India.
केंट बोली, ""यहाँ तक कि (नेफ़ी के) पिता जो पैग़म्बर थे, भुखमरी के कारण बुड़बुडाइ रहे थे ।	Even [Nephi’s] father, who was the prophet, was murmuring because of hunger,” Kent said.
तुम अक्सर कहते हो, ""भगवान सब कुछ कर सकते हैं ।	You often say, “God can do everything.
अप्पाणं पवज्जणस्स एत्थ च्चिअ जीवो, सो सहयमेव गोत्तग्गहइ ।	When the soul is so eager to believe in himself and his own inspirations, he is easily misled.
कोसोवो * के संबंध में एक विशेष निगरानी समझौता मौजूद है ।	A special monitoring agreement exists with regards to Kosovo*.
सेवाओं और बिजली में 1 प्रतिशत भी सुधार नहीं!	Even not 1 percent improvement in services and electricity!
हा, ते भणिए, ""ओ, अम्हाणं मिटिंग होइ ।	Yes, they say, ""Oh, we had a meeting.
पहिएण कुणं लहेइ सो लढेइ अथवा अलद्धो होहिइ संठाणं	If you find something with wheels, you can drive it into battle—or plot a quick escape.
मुगाबी के बाद मैं सेवानिवृत्त हो सकता था ।	For me, I could have retired after Mugabi.
परंतं अण्णो लाख मुनाफाखोर आगंतुक होंतो भलाइं ।	But isn’t it better to have 8 million profitable visitors?
रूस और चीन के बीच एक प्रासंगिक मसौदा संधि है, जिसके संबंध में कोई अन्य दस्तावेज मेज पर नहीं है ।	There is a relevant Russian-Chinese draft treaty with no other document on the table in this regard.
तेण सव्वं लोअणं समुव्वहइ तेण महा रहस्सं ।	Thus all things were kindred and were brought together by the same Great Mystery.
सच्चं मए ण गेणंति तुण्हि 999 मृत्युदण्डं ण दिट्ठो	In fact, I can almost guarantee you didn’t see 999 of the executions.
अम्हाणं भलाइं इच्छामो ते णिव्वत्तं हवे देव्वाणं ।	No longer will God’s people need to say, When we “want to do good, evil is present.
देवतावालाओ तं मग्गं होंति, नेताहि ण होंति ।	The gods shaped him to be a follower, not a leader.
अम्हाणं भावं अम्हारं पेम्मं सच्चमेव तेण चेअ विरसो होइ	Our future and our love could truly begin or end with her decision.
जेण जेण प्रयत्न करेसि सो अप्पाणं परं, मरणं वि णित्तं ण होइ ।	The effort you put forth to anything transcends yourself, for there is no futility even in death.
29मैं भणिआ, होहि सो करिज्जइ जेत्तिओ तुज्झ मिच्छत्तं, तेत्तिओ करेज्जइ निश्चय ।	E-29 And I said, ""Yes, He will, if you just turn from your wickedness, He will sure do it.
गोर्डो1: अच्छी एम्मा, एत्थ एत्ताहे सव्वेसु शिष्या ।	GORDON: Ok Emma, my students should all be here by now.
कुवैत जे सव्वं मोक्खमआओ, तेण वि तेण तेण पुत्तअ च्चिअ ।	[They also elected] the son of the one who previously liberated Kuwait.
तेण परं ण को ण प्रवेशेइ, किं मए उक्खिवाओ न्यायो ।	No other man will enter then, for My Judgement will be cast.
एत्थं सव्वं आलोचिअमो अम्हे उट्टुपुंजसमाजदंसणे ।	We’ve considered all this before—in our visions of utopian societies.
तहिं तहिं बीना48 का विकास होंतइ?	Has Bina48 continued to develop since then?
आलेक्जेंड्राः मे सुणिआ लक्जमबर्गक सव्वं संसद त्यागपत्र देलक अछि ।	Alexandra: I heard that the entire parliament of Luxembourg has resigned.
हार्डीः ""दो समस्याएं भी हैं साहब ।	Hardy: ""A couple of problems there too, sir.
टोस्ट्ः माब्लाबा - माब्लाबा नमाज़ं बदलिए टोस्ट् खुआइयो ।	Toast: Sometimes a toast is offered instead of a prayer.
और अगर हम इंसान हैं तो क्या हम परमस्थिति में पहुँचे हैं?	And if we are human beings have we reached the absolute state?
(7) तेण परं केणइ हाइड्रोजण् 7 ण चेते ।	(7) Moreover no one remembers the Hydrogen 7.
कठोर तुलनाक लेल एहि मे सम्मिलित अछि = = = आ! = =	This includes === and !== for strict comparisons.
जीवं परिवर्त्तणइअं सच्चं पवज्जमाणस्स, ध्याणं च कज्जणणणाणं को न होइ ।	No one is present to watch us memorize and meditate on God’s life-changing truths.
बदकिस्मती से (कैम के लिए) उन्होंने गलत गणना की ।	Unfortunately (for Cam) he calculated wrongly.
जे महिलाआ कहियो गर्भवती होइनि तेण होइओ स च्चिअओ, जेण पाँचओ णओ होइओ ण होइओ तेण उवएओ	It is neither recommended for women who have never been pregnant, nor for those who have had more than five.
लोअणअंतरराष्ट्रीयपरिचिंत - लंजारोटे में आपको दोनों विकल्प मिल सकते हैं ।	Local / International well known - You can find both options in Lanzarote.
600 सी. एफ. ए. वाले ठण्डे पेयं पाकर हमे खुशी हो रही है!	We are happy to find cold drinks for 600 CFA !
मए मण्णे अरबीए आज़ाद होइ ।	My land [must be] Arab and free.
अम्हे भगवान् की रचना, देवा की संतानें ।	We are God’s creation, children of God.
फिलिपं सअण्हा भणिओ मं अपेक्खम् ।	And I had hoped that he would have called [Philip].
ते च्चेअ सच्चं भणामि ।	I swear by that creation.
अच्चं च्चिअ छणअ सामं अण्णो सामो	Very scary, suddenly Uncle Sam is offended
[पुट्ठियाँ 149-50] वह स्वयं करोड़पति बन गई ।	[Pages 149-50] She became a millionaire herself.
सर राबर्ट के साथ उनकी क्या समानता हो सकती है?	What could he have in common with Sir Robert?’
अम्हाणं सव्वं गअणुसुअराणं तुए जाणसे हवे!	Now you know much more about pigs, an animal that gives us everything!
और सो च्चिअ तेण वृक्खं जो लज्जिज्जइ, तं सस्स सदा जीविज्जइ	And He's the only Tree that can be taken, that you can live forever.
अम्हे वि तेण वि तह वड्ढंति जेण एत्ताहे पअवीएण दूतेण संवंधाओ	We should be putting forth even greater effort than was put forth by those who proclaimed the first angel's message so faithfully.
पीएम मोदी ने कहा, ""भाग लेने वाले 113 देशों का स्वागत करने के लिए हम सब कुछ करेंगे ।	We will do everything to welcome the 113 countries that will participate.
एत्थ धरित्रीए वि ते देवऽ छलाह, अहं मणुस्सयं ।	He was God even while here on earth; I am but a man.
तेण वहुआइ अम्हाणं ण एत्ताहे, ण मिस्सिसिएप्पिं एत्थे ।	Not the kind of guy we need here - not here in Mississippi.
#4 ""वरना हम भी युद्ध में जा सकते थे	#4 “or we could also go to war
#4 ""वरना हम भी युद्ध में जा सकते थे	#4 “or we could also go to war
जा 4आ 9आ ण होंति जाआ तुज्झ कुर्सिय जाआ विणा वड्ढमट्ठो	You probably will have 4 or 9, unless your chair is a very strange shape.
अण्णं करणस्स एकमेव माणो, सो प्रार्थना ।	Only one way to do it; that's prayer.
(i) जी. एस. 1क सङ्ग अपन करारक निष्पादनमे समर्थ होयबाक उद्देश्यसँ,	i) with the purpose of allowing us to be able to perform our agreement with GS1,
थैंक यू टू नोट आन्अरः टू क्रिसमस कार्ड्स!	Thank you not to answer: Two Christmas cards!
मरणो वि इए वि णअंतरं वि दरदरवाओ ।	It is also an incredibly painful way to die.
छात्रः पर गुरु, 22 आज्ञाओं के बारे में मैंने कभी नहीं सुना था?	Student: But Master, I had never heard of 22 commandments?
वाहस्स देव्व सि तीअ वाणी मिट्ठाइ, हिअअं जरा डिंहा फलइ ।	By God, his speech is sweet, his root is deep and his branches are fruitful.
थामहिनबा, ईश्वरीयपदार्थे ण अंधकारं वा मित्तं ।	In other words, God’s substance contains no darkness or evil.
जेण ""दांडी"" तेण सो च्चिअ रातिणं राजा होइ ।	Such as ""dandies"", they will soon be the kings of the night.
परंतं (कमलं तथा अन्यां सूत्राणं) हजारमेंएकहिं न रक्खिज्जइ ।	However, not one in a thousand can be saved [by the Lotus and other sutras].
इमेज् 59 - केक्कस्स महत्तं ण भुलो ।	Image 59 - Do not forget this important detail: the cake.
जे अठारामो णिअच्छं मोहिं दिट्ठो, तेण विच्छेदिअह विओओओ	The first eighteen people who saw me disconnected immediately.
लोए सच्चं पिट्ठं कुत्तो ।	The only faithful thing in the world is a dog.
उनका कोई स्मारक नहीं है ।	There is no monument to him.
इअ (अबू जह्ल) जं कहेइ तं मत सुनो ।	Do not listen to what this man [Abu Jahl] says.
मए ण तहिं सओ वा तेण विओजाणं सओ कओ सओ पत्तो ।	I was unable to make any communication either with him or his plane.
तेण अण्णं भणिओ, सो कस्स खणं अंतरिक्खाणं ।	He said, “it’s a piece of a space ship.
489 एत्थ लोअणं बहुअं लोअण कंइक दिट्ठो, तं जाणेसि	489 Now, a lot of people are looking for something, you know.
सो [णामो] जंजं'इफ्फेसंस'अडखमा पडिअं - एसो एसो सो ।	So it was like [the name] 'Confessions' just stuck—this is what it is.
ण्हो, पयडीए अम्हाणं कायव्वो - पयडीए सव्वं कयव्वो, धम्मे देव्वाणं ण ।	No; nature made us—nature did it all—not the gods of the religions.
किं दो सिगार वि पिओ सो वि"" भणिउं भणिऊण ओआसो	Why, smoking two cigars at the same time!” was the answer.
किं दो सिगार वि पिओ सो वि"" भणिउं भणिऊण ओआसो	Why, smoking two cigars at the same time!"" was the answer.
तुम भगवान को भुला सकते हो, वह केवल एक खोखला शब्द है ।	You can forget about God; that is just an empty word.
किं पि ण दिज्जइ मिच्छत्तं लोए दुःखं ।	Wrongly naming a thing is to add to the misery of this world.’
तेण जेण जंजं मुसलमान कुणंति करेति तेण मज्झं दोषिअं ।	So whenever a Muslim does something wrong, they blame the religion.
तं च्चिअ एल्लेनोर होइअं, तं च्चेअ अहअं वअणं हवेइ	She needs more: she needs to be Eleanor.
और रस्ते इतने गन्दे और गन्दे हो गए कि सीलबंद से पार करना पड़ता था ।	And the streets were so dirty and muddy that they had to be crossed on stilts.
धण्णा ते च्चिअ होइ जे अण्णोच्चारणसमयमग्गो ।	Blessed are they who go through moments of indecision.
इअमे 31 आनुवंशिक जनसङ्ख्यासभकेँ सेहो ध्यानमे राखल जायत ।	It’ll also take into account 31 genetic populations.
चीन ई. यू. प्रस्तावमे चारी सालक डेटा आवरेजक उपयोग कएओ से पूछिओ ।	CHINA also asked why the EU proposal uses a four-year data average.
कांग्रेसमे विखंडन लोकसभ आब स्पष्टतासँ देखय लागल अछि ।	People are beginning to see more clearly the separation in the Congress now.
एसो मणुस्साणं अप्पाणं अविचल विश्वासो होंतु, जं कि ईश्वरो तं वसोस्सं ।	This should be man’s unshakable faith in himself, because God dwells in him.
जेण वि इ. एम. 1 नामक व्यावहारिक समाधान जापानी शोधक कारणेण हम सव्वेहि लेल उपलब्ध अछि ।	In any case, a practical solution called EM1 is available for all of us thanks to Japanese research.
किसि इच्छाइ सृष्टिकर्ताजस्स समं, जं सअलइ सो किसि ण इच्छिइ च्चिअ तं किसिअं प्रकटइ	What makes a desire similar to the Creator when it corrects and how does He manifest Himself in this desire?
एहि ग्रन्थ सभमे संकेतं वर्गात्मक वा मणुसरहइ ।	On these texts, the code was quadratic or worse.
और फिर [निर्माता] डिक जानुक - वह सबसे अद्भुत आदमी है ।	And then [producer] Dick Zanuck—he’s the most amazing man.
अल हकीम में आखिरी बार, भगवान दस बार मानव रूप में प्रकट हुए ।	God appeared ten times in human form, for the last time in El Hakim.
हो सकता है कि वह दण्ड हो या स्तुति जो तुमारी आत्माए पहले की थी ।	It may be a punishment or a praise for things your soul did before.
मंसं समुव्वहणं करिज्जंति पअवीणाइं, णिव्वत्तिअं भणिउं सव्वो भणंति	Every month, they will hold meeting together with their wives at their side, but will only be twelve voices.
अण्णो मज्झो दासो कृतज्ञ ""।	Few of My bondmen are thankful.
बाइबल के खजानों को और अधिक भव्यता से खोला जाना है, ताकि विश्वासियों के लिए परमेश्वर के वचन में एक समृद्ध हिस्सा प्रदान किया जा सके ।	The treasures of the Bible are to be opened up more lavishly, so that a richer share in God's word may be provided for the faithful.
ईस 212 मए सो च्चेअ दासो मए माइक्रोफोए	E-212 I am just His servant, like that microphone.
एत्थ वि कारणं तुए अण्णो पिओ ।	There is a reason that you are the last of the animists.
17इंसाणं सच्चं पवज्ज, तवं वचन सच्चं ।	[17] Sanctify them by the truth; your word is truth.
तेण अलिफ लाम पारणाइआ ।	Then he recited: Alif Lam.
मए तेण मिचेलिन सअलं भणिओ तेण वि गअवब्भसंकेआ	For me, compared to last year, it's very difficult to understand when you speak with Michelin.
अहं 430 भणिआ, परन्तु कब्बालिपद्धति तहा ।	I said it—I said 430, but it is Kabbalistically.
कह कत्तो कहामो... लोगो लोअण्हाणं ।	What can I say… people recognized the logo.
हसणस्स विज्जा - तह तं च्चेअ अम्हे वि किं णिद्दा	The science of laughter – and why it also has a dark side
1आअव्वाणं व एअर्मणिज्जमाणस्स!	51:23 And by the Lord of heaven and earth!
अप्पाणं दाणं मग्गो पूरिआउ, ता च्चिअ एअं जिविज्जउ ।	Use your gift to the fullest of its ability and then begin to live like this.
अण्णं च्चिअ अम्हेइ मरउ वअणं वारेहि ।	Or better yet, let me die right here in the rain.
लोए सोहइ लोए लोए, ण तुमं च ।	He bears the burden of the world and not you.’
_ _ _ द्वारा पहचाने गए युवा पेड़ों का संरक्षण ।	Protection of young trees identified by ______.
97 प्रतिशत डी. एन. ए. का उच्चतर प्रयोजन क्यों है	why 97% of our DNA has a higher purpose
परंतु तेण परिअत्तेण पिओ होइ जेण ईश्वरेण सहागयइ ।	But they have ministering spirits sent from the Presence of God.
परंतु तेण परिअत्तेण पिओ होइ जेण ईश्वरेण सहागयइ ।	But they have ministering spirits sent from the Presence of God.
किं कज्जं खंड 36 तह 38 के मद्धे नागीअस्स किं भणामो	Did we ever find out what happened with Nagi between Volumes 36 and 38?
जातिगणोंके राजाओ तेण होइओ ।	Kings of peoples shall come from her.
दाविदः धरतीअपर सव्वप्रकाराणं विकसित करणें कओ कोशिश करेसि	David: Were they trying to develop it for every type of person on Earth?
सो साणंद (जीसस) संग अज्ज घणं घणं मज्झं, एसो वि समवयस्स अआवेइ ।	He and Sananda (Jesus) work very closely today and will come back together.
परंतं तेण सुहिणो मा कोइ पुच्छिज्जइ ।	But no one ever asks if you are happy.’
एहि प्रश्नक उत्तर पंथस्स छेमं आलेक्खं समविज्जइ, ""तेण सव्वं आरोहणं कृत्वा पितस्स दाहिनी सेठिओ ।	The answer to this question is contained in the sixth verse of the Creed: ""And he ascended into heaven, and is seated at the right hand of the Father.
उट्ठेइ संकेतं - आरोहसिक्खं आरोही संकेतं ।	The Rising Sign - The ascendant can be one of the other eleven signs.
जुआणो एंतो महत्ता जीएण जेण पेम्मं ण होंति	Young people, it seems that money is not(j)more important in my life.
एत्थ इबराहिम ओ वाग्दत्तस्स वआसरा ।	Here are Abraham and the later heirs of the promises.
18 ""होंतो च्चिअ अगर जाइ होंतो ।	Having 18"" is better if the space is available.
ण तुज्झ विरमंतो च्चेअ तं मए दूरं जाअं, जं कि सब्बथ प्रभु पवित्तं ।	I would have left you, if you had not stopped, because the Sabbath is sacred to the Lord.»
रोबर्टाअण्णाणं गणंती आउलत्तंतो, ण एअं गणिज्जइ जेण	It is as if Roberta ought to count her notes not this way:
सव्वं यहूदयाणं भवति, सव्वं यहूदीअणाणं प्रत्यागइ ।	All comes from the Jew; all returns to the Jew.
सो च्चिअ सव्वं मअरद्धोस्सणं दोहिं वि, असईअ वअणं पवज्जस्स पुण्णेहिं	He was to be ""put to death halfway between heaven and earth as unworthy of both"".
[157] जहा नमाज़ का सम्बंध हो (पैरा ।	[157] Where the prayer is concerned (para.
एहि बेरं रअणरसंक सिद्धीअ दिट्ठसि, जानासिओ तं वअत्तं ण अ कलिअं ।	This time you will see the accomplishment of God's mystery, and you will know that his promise was not vain.
ता मामलाइ रोम पठाओलइ जाआइ पोपअण्णणस्स जाआइ ।	Then the case is sent to Rome where [it is] studied before the Pope's decision.
अम्हे वि तेण पज्जंतीए, तेण वि पिअत्तणच्च योजनाम् अवलंबिए ""(CCC 2679)	When we pray to her, we are adhering with her to the plan of the Father,” (CCC 2679).
कांगक लेल उद्घोषणामे कहल गेल अछि, जंजं शिशु सअण्हाणं कुणसि ।	In the Announcement to Kang, it is said, “Act as if you were watching over an infant.
[219] उन्होंने दावा किया कि उनके नए आंदोलन में अन्य जातीय समूहों की भी भूमिका थी ।	[219]He claimed that other ethnic groups too had a role in his new movement.
(तोराहक) मिथ्यारोपणं रक्खं भमिआ ।	The falsification [of the Torah] occurred previously.
दूतां दरवाज़ाणं रक्खंतीं, सव्वाणं बालाणं णामेण लिखंतिं ।	Angels were the keepers of the gates, and the children’s names were all written in a book.
सव्वं गुप्तं व्यवहृतं भवति, दण्डविद्धा गुप्तं चइ ।	Everything is dealt with covertly, and sentencing is done in secrecy.
फ्लोरेंस की मदद करते हैं हम, न केवल मंगलकामनाएँ...	We Help Florence, not only wish you ....
ण भणामि जणो जं जणो तं ण भणसि, अहअं ज्ञाणं मए ण वल्लहो ।	You should not say, ‘I know what zen is,” or “I have attained enlightenment.
तेण तं राजा पुत्तं देखाइं ।	Then he showed them the king’s son.
मए तेण वि धण्णा एहि माणवसण्णं, तेण च्चिअ सव्वच्छा गाडी ।	I have been admiring the wealth of this man and he drives clean cars.
रूट 342 लगभग गंतव्य बन गया है!	Route 342 has almost become a destination!
साफ तौर पर यह एक मुश्किल स्थिति है जिसका हल क्रिस और टीम से ज़्यादा जल्दी कोई नहीं चाहता ।	‘It is clearly a difficult situation which no one wants resolved more quickly than Chris and the team.
सब्बत्थदिनं मणुआइं पवज्जसि जो जेण रअवाणं, तेण तुज्झ वअणे रअस्स वअणं ।	If you are keeping the commandments of God by observing the Sabbath day, you are on the Lord’s side of the line.
अम्हे वि ण चिंतिअंतो जेण मैक्सिकन पब्लिक स्कूलक चुनो जाअं ।	We did not think a Mexican public school like ours could be selected.
निश्चय इसराएलवासिनि थाखाय गिबि जुज्जाया आयजोफोरनि दारै जादोंमोन ।	Verily, the first trial for the people of Israel was caused by women» [Reported by Muslim].
निश्चय इसराएलवासिनि थाखाय गिबि जुज्जाया आयजोफोरनि दारै जादोंमोन ।	Verily, the first trial for the people of Israel was caused by women» [Reported by Muslim].
देइ दट्ठूण महं दइअ कहेइ तुज्झ पत्थरं कुणसु, लोअणअणाणं जाणइ सव्वं ।	When she gave it to me she said: “Keep this stone because it is God’s eye that sees everything and knows everything.
[1] जो लोग बाहर गए वे अरबी में शाब्दिक रूप से ।	[1] Literally in Arabic those who went out.
एद्दहं दिट्ठाइं महं एद्दहमेत्तग्गआइं, जह ण त्थि अहं पवज्जस्स वि णस्सामि ।	These visions took me from one state to another until I was Annihilated in the Divine Presence.
एसो तिस्रो सच्चो मत ।	This is the third and the true opinion.
उवमआ मानिज्जइ जे दुर्घटनाक बाद ओअस्स कएओ ""[तेण] कस्स ण समज्जइ ।	He acknowledged that his actions after the accident ""made no sense to [him] at all.
एत्थ वि कहिज्जउ तहिं केनो प्रणालीक कारणेण 2000 यूरो जंपा ।	I also want to tell you that thanks to your Keno system I won 2000 euros.
तेण मए सात महिलाओ संग बेसी (वस्तुतः) जाआउणि तेण सज्जा पुछीओ	So I sat down (virtually at least) with seven women and asked them for their travel advice.
कज़ाखो से कहिओ... फिर भी, कज़ाकिस्तान ही क्यों?	Tell It to the Kazakhs!...Nevertheless, Why Exactly Kazakhstan?
अण्णं मणुस्सं तुए मसीहा, ईसव्वपुत्र ।	I believe that you are the Messiah, the Son of God.
जेत्तिअमेत्तं पिओ तेत्तिओ 300 जणो जाणे उवऊढाणं	The 300 men drank the water in the same way as if they agreed to do it.
देव्वाणं भणंतं कि इअ कालवद्धी एकवर्षं भवति, इअ तं सव्वं शास्त्रमं कहेइ'देवअदिवस'।	God gave him understanding that this period of time would last for one year and that it was what is referred to in scripture as the “Day of the Lord.
हैती - राजनीतिकः संसद सदस्यों के 33 प्रतिशत पद नहीं मिले!	Haiti - Politic : 33% of the offices of the parliamentarians are not found !
छः महीने की उम्र में जिस तरह से भगवान ने आपके साथ व्यवहार किया, वह आपको पसंद आया ।	You liked the way God treated you when you were six months old.
दुश्टो धम्मे फलं लहेइ ।	The wicked receive their recompense in the earth.
गब्भसं दे सुहअ, एत्थ मए 10,000 डालर व्व णिहइ ।	Thank God, my capital is now $10,000.
तुम हमेशा अपने शिष्य की मुस्कान देखना चाहते थे जो सच में कुछ खास है ।	You always wanted to see your student’s smile which is something truly special.
प्रेमिका के प्रभाव में यह'स्वाभाविक रूप से'बदल सकता है!	This may change ‘naturally’ under the influence of a girlfriend!
अप्पाणं भणह तुज्झ किं वुड्ढपत्थिअमेत्तं ।	Now, then, tell me under what tree you surprised them together.
अहं तेण परं कदापि ण भणिओ, तेण तुज्झ जेना पेम्मं असयं ।	I never said anything before because you and Xena were lovers.
(लोऊवक दैनिक जीवन ओ ताइ)	(because daily life with Lou is also that)
कहने के लिए एक ही बात है - यह प्राकृतिक घटना और इन हिमखंडों को देखना है ।	There is only one thing to say - this natural phenomenon and these icebergs has to be seen.
जइ सो कुलं दुर्बलं कए णस्सइ सो वि सफल होइ ।	If he can weaken and destroy the family, he will have succeeded.
जइ सो कुलं दुर्बलं कए णस्सइ सो वि सफल होइ ।	If he can weaken and destroy the family, he will have succeeded.
ख) कज्जं मग्गइ जे ब्रह्माण्डे मित्तं मणुस्साणं पि किं पि	b) we ask that other friendly human of the cosmos are allowed to help us
एल्डोराडो कही भी हो सकता है, मुख्य बात देखने की ।	Eldorado can be anywhere, the main thing to see.
अज्जं चंचले पर्यावरणं अम्हाणं सव्वेसिं, ण अद्धेम् अम्ह वि ।	Today's environmental challenges need all of us, not half of us.
फ़िरऔन ने उसे तैयारी के लिए बहुत कम समय दिया ।	Pharaoh gave him little time to prepare.
सुरक्खतं लोयं कायव्वं, पुराणं णस्सइ अम्हे वि ।	We will create a safer world, or destroy the old one.
जंजं पडिहाइ तुज्झ सूत्रं गच्छसि, तह तं समीपसु गच्छसि ।	If you pray, then pray toward a sutrah (barrier) and get close to it.
तेण अणुबिसआ अण्णाणं णिव्वइज्जइ	Thus, Anubis could decide the soul’s fate.
परंच (व्यावसायिक) राजनीतिक व्यवस्थाक बाहर महान राजनीतिक परियोजनासभ सेहो बनाओल जा सकैत अछि ।	But great political projects can also be created outside the (professional) political system.
अथ वा तं तारा मग्गं उड्डी तं सुरअ महिमा मग्गज्जिहिसि	Or can I fly up among the stars to search for him in the glory of Heaven?’
अप्पाणं जं पुत्तं सो दोहयं रुवइ ।	When a son gives to a father, both cry”.
जहिं सव्वे जाणइ भगवान् मग्गे मग्गो, अणिच्चारो त्यागो, अणत्थो समप्पंति च्चेअ ।	That all may know the degree of my patience, resignation and sacrifice in the path of God.
जं तुज्झ वराईं तेण खेलउ, तेण वि 20 प्रतिशत किं का?	Play Only With What You Have – Why That 20%.
सो अब्शालोम इसराएलीओ का हिअअस्स अपहुत्तो ।	And “so Absalom stole the hearts of the men of Israel.
उर्केश नगर भले ही न हो, पर तुम मेरे हो ।	But you are mine, even if the city of Urkesh is not.
भग्गभग्गं भग्गं देव्वाणं पज्जलं ।	Generally speaking, gods desire nothing but adoration.
682 सअण्णे शिशुं अहं लहेमि ।	682 I took the little baby.
इरीट्रिया और ज़िम्बाब्वे उल्लेखनीय अपवाद हैं - और इसलिए, भविष्य के लक्ष्य ।	Eritrea and Zimbabwe are the notable exceptions - and, therefore, future targets.
कनाडा बियॉन्ड 15/1: किं कआ अम्हे कआ	Canada Beyond 150: What we did
85:19 नहीं, अवज्ञाकारी अवज्ञामे जीवइ	85:19 Nay, but those who disbelieve live in denial
अथ वा बलयमाणेण एंसीवर्षं ।	Or if due to strength, eighty years.
निग्गास मह 27 साल की हो गई सोण्हा	Niggas think I’m 27 and shit.
15) तुम अब अपने ईसीओ100 का आनंद पूरी तरह से कार्यात्मक रूप से ले सकते हो ।	15) You can now enjoy your ECO100 fully functional.
जं सच्चं जाणइ तं केणइ अंशकं ण ढक्कइ ।	one must not conceal any part of what one has recognized to be true.
भणिओ च्चिअ ण हु देवा इच्छसि तुज्झ पिअअमस्स मरिआइं	He said, “I don’t think the Lord would want you to punish yourself for the death of your little boy.
तह वि सुरआ सुहावेंति जाआइं, दिट्ठाइ तुज्झ सेहतमंद होइं ।	Things got better after that, and now, you can see, the trees are healthier.
तेण कहाः'सोवियत संघाअंतरंआठ सभ्यताआ ।	He said: 'After the USSR, there are eight civilizations.
सहकर्मिणओ सअण्हा संभाषणे मे तं सदा नॉर्मन अमेंडमेन्ट म्हणुआ ।	In my conversations with my colleagues, I have always called it the Norman amendment.
मज्झ नीतियुद्धा भयं हिअअअं हिअअं ण होंति	Fear of My Justice is not present in hearts.
एत्थं कएकिसं जिविज्जसि, अप्पाणं जीवं संतोसो होइ ।	If you do this, you will live many years, and your life will be satisfying.
(मरेन सिंहं भणिमो ।	(I vote for the dead lion.
अकाशं उव्वेल्लिअमोडलाइं वहइआ ।	The sky was very low full with clouds of rain.
तेण तं सालंतं (अथ वा तेण वड्ढं) खिण्णहसि ।	That will hurt her for a year (or longer).
युद्ध का अब राजनीतिक औजार के रूप में इस्तेमाल नहीं किया जा सकता, श्रीमती मर्केल!	War cannot be used as a political tool any longer, Mrs. Merkel!
दाविद केमरौन इंगलैंडमें हआओ, ण जाणामो केत्तिओ वोटो ।	In England, David Cameron has lost I do not know how many votes.
10/04/2014 कारों के लिए इस विचार के बारे में आप क्या सोचते हैं?	10/04/2014 What do you think of this idea for cars?
उड्डाण 3532 क अपन सहकर्मिओ सओ किं तुए पुणो वि सम्बोधओ?	Did you speak again of your observation with your colleagues of flight 3532?
तहिं चेअ जाणह जे देव्वाणं विमर्शनं समाअं ।	Only then will you suddenly realize that God’s work of judgment has already concluded.
मं सोऊणपच्छिआइं दिस्सइ सअण्हा विरइअं, अहं तेण परं कदापि ण होइमि ।	I have seen the Bird of Paradise, she has spread herself before me, and I shall never be the same again.
अ तेण वि सुरजराज्यस्स उद्धारणम् अ मज्झ ईश्वरयोजणाणं कालविस्तारे अण्णो ।	It was the moment when the kingdom of heaven was inaugurated and God’s original plan to elevate us was sparked in time and space.
भोजन की आपूर्ति, रईसों के बीच विवादों को निपटाने और फ़िरौन के घराने के संचालन और सुरक्षा के लिए भी वह जिम्मेदार था ।	He was also responsible for the supply of food, settling disputes between nobles and the running and protection of the Pharaoh’s household.
तवं मूसासँ सुहं मित्तं को ण होंतु ।)	You could not have a better friend than Moses.)
दूरंतरिअसो ईश्वरशत्रुविद्धो होसि ।	When you are far off, you become a target of God's enemy.
राष्ट्रपति ओबामा ने कोशिश की, उन सबने कोशिश की ।	President Obama tried, they all tried.
पर आवंडुरं मए भिअसिओ वि, अम्हे वि अम्ह भीअण्णाइं चिअ भिअअं	But I was scared of the noise, scared for my parents and my sister”.
ओ सभ नदीमे हमर भायकेँ गोली मारि देलक ।	They shot [and killed] my brother in the river.
और केवल भगवान्की वाणीमें प्रार्थना कयउ	And only by praying amid God’s own words
[74:52] धर्मग्रंथं सव्वे जणं लहं इच्छंति?	[74:52] Does each one of them want to receive the scripture personally?
विज़िटर II\1: पिरामिड भी हो सकता है?	Visitor III: It could be a pyramid too?
1943 से कैफे बाबा एक ऐसा संस्थान है जिसे मैं आजमाना चाहता था ।	Since 1943 café Baba is an institution that I wanted to try.
हि हु सेड नोः ईरान की विवादिततम फिल्म?	He Who Said No: Iran’s most controversial movie?
किं पि ण दिज्जइ मिच्छत्तं लोए दुःखं ।	Wrongly naming a thing is to add to the misery of this world.’
आस्थाया दुस्साहस्स मायं जाअं दिज्जइ, जाअं पब्भिअजाणं पवज्जइ ।	Faith looks on it as an enemy's land till it is possessed by the people of God.
और तुम एक वास्तविक समुदाय के सदस्य हो!	And you are a member of a real community!
अण्णं [विलियमं] नोट्सु कए सार्वजनिक परिवहनं लउं'।	Take a note from your brother [William] and take public transportation'.
अण्णं पवज्जइ सो सुहिणो होंतु, जो दिअहं भणिज्जइ मए जीविओ ।	He possesses dominion over himself, and is happy, who can every day say, ""I have lived.
मंगलं"" - ""सव्वं चॉकलेटाइं होंतु"" अथ वा एहि ग्रहं परिदर्शणआच्छा ।	Mars"" - ""everything will be in chocolate"" or the desire to visit this planet.
और रुआओ वि अप्पाणं ण, व उम्मह [1] (समुदायं) व मणुस्सत्तं ।	And he happened to cry, not for himself, but for his Ummah [1] (the community) and for humanity.
सो सदा सुहिइ (छेमं कअप्प काफ़ीअणाणं वि)	She is ALWAYS happy (even before her sixth cup of coffee).
गरीबां का भी हिस्सा होना चाहिए, ईश्वरीय मित्ताइं ।	There must also be a share for the poor, God’s friends.
नगरवासिनियोंमें डरसंतोषं जाणइ ।	The fear among the city's inhabitants is palpable.
जाँचू जे ओहि नामक प्रयोग प्रारम्भ कयनाइ वैध वा अवैध अछि ।	Check if it is legal or illegal for you to start using that name.
12:74 पुच्छिज्जंतं किं दण्ड होइ तं पब्भमा?	12:74 ""What should be the punishment,"" they were asked, ""in case you are liars?
पिछली मंदी बैंकिंग 2 के साथ कभी नहीं आई होगी ।	The last recession would have never occurred with Banking 2.0.
सा बोली, अल्लाहक मक्काअपर पैग़म्बरं जिणओओतो तहा हिअअं ण होंति ।	She said, ""There is no Migration after Allah gave His Prophet victory over Mecca.
गाज़प्रोम के लिए इस फैसले का हल, न कि पिछले साल, अब ज़्यादा फायदेमंद है ।	The solution of this decision now, and not last year, is much more profitable for Gazprom.
पज्जवलं पवज्जं तं कुणंतीए, ण पज्जवालंतीए पज्जवल्लं ।	One has to keep God’s Feast days that He appointed, not pagan holy days appointed by pagan gods.
अज्जं सअण्हे वि तुमं सा सप्तो उत्तरो होइ - एअं हवे सप्ताहमग्गो मंत्रं ।	Ideally, you’ll now have seven responses — these will be your mantras for the next week.
सर दानियेलपर दइअडक्खं कुणसु, सो च्चिअ अनिश्चित ।	Keep an eye on Sir Daniel; he is unsure.
पुच्छिउ तेण पासिओ समुद्धिरो तेण नगरीए, जहिं तेण सब्बत्थणिम्मित्तं उल्लंघिअं	Ask them concerning the town standing close by the sea; when they transgressed in the matter of the Sabbath.
पुच्छिउ तेण पासिओ समुद्धिरो तेण नगरीए, जहिं तेण सब्बत्थणिम्मित्तं उल्लंघिअं	Ask them concerning the town standing close by the sea; when they transgressed in the matter of the Sabbath.
सीनेटर ओलिवरः हो सकता है कि आपको सिर्फ एक बैंक खरीदना चाहिए ।	Senator Oliver: Maybe you should just buy a bank.
ण हो सो मत्ता तुज्झ तं ण पसाअं"" तीअ कहेइ	No,' she said, 'he is drunk; you could do nothing with him now.
मए तेण वि धण्णा एहि माणवसण्णं, तेण च्चिअ सव्वच्छा गाडी ।	I have been admiring the wealth of this man and he drives clean cars.
(पी. पी. सी.) अफ्रीका में संभावित लेन - देन के संबंध में ।	(PPC) regarding a possible transaction in Africa.
ज़मीन तेण मज्झारो तीए ।	The land is for those who work it.
परमत्थआ सही ते वच्चंति, देवदंसणाण एइ तेइ तेइ घरं ।	But they had come to the right place, and in God's eyes this is where His house has to be and is.
अण्णं च्चिअ ण भणिओ सि जेण विओसं लहेइ	They did not give a thought as to what would happen, if he (Lord Shiva) were to take the poison.
अव्वो को वि मए वि तेण वि रमिअस्स वि कविसं व पुप्फवंतीए, दिट्ठी वि ण पेच्छइ पसाएण दिट्ठी	Now none of God's creatures was more hateful to me than an (ecstatic) poet or a man possessed: I could not even look at them.
किं को वि सा सा सा साक्षी इश्वरेण साओ सरलतरह स्पष्टतरह इअव्वाणं	Can any witness be simpler, clearer, stronger than God's in these few and plain words?
अण्णो माणहो, मए बेजिअंगं आलोअस्स, तुह किं कुणं कअं इच्छसि?	Hey man, I just arrived in Beijing, you want to do something?
इयं सव्वं आदरणीय जिवा ।	This is a soul worthy of every respect"".
मेउंगसुरलोएरे, जहिं से वे सेवामुक्ति कर चुके थे, सव्वेसिं जाणइ अवश्यं ।	Certainly, he knew everybody in Meung-sur-Loire, where he had retired to.
ममं नाम डेव क्लार्क आ मणुस्सं इच्छामि जे तुज्झ वित्तीअ व्व उत्तरोत्तमा ।	My name is Dave Clark and I want you to know that your current financial situation is merely a starting point.
अण्णं विसेसं णिवडिहइ ।	He sinks beneath the waters of trust.
दोसर सभसँ लोकप्रिय नाम मलिह (मलिह) आ तेसरा आये (आयशा) ।	The second most popular name is Melih [Malih] and the third one is Ayşe [Aisha].»
[12] जहिं भारतम्, मिस्र इत्यादि, तावं तहिं सयंस्वातंतं ण घोषंति ।	[12] As long as India, Egypt, etc., do not proclaim their independence.
अण्णं पवज्जस्स ईश्वराणस्स भेदं ।	There is a difference between God’s presence and His glory.
त्वरकं उअअअंतो अम्हे अथाह गहवाडं ।	on the accelerator and we are heading towards an abyss”.
ओ ""संकरे रस्ते पर न कोई भाई है और न कोई मित्तं ।	o ""At the narrow passage there is no brother and no friend.
केत्तिअमेत्ताए णवववड्ढंति, णवब्भंतराइं ति च्चिअ णिव्वंति	From how many years you can walk at night: legislative norms
और रस्ते इतने गन्दे और गन्दे हो गए कि सीलबंद से पार करना पड़ता था ।	And the streets were so dirty and muddy that they had to be crossed on stilts.
और दुनिया देखना चाहते हो तो उस पर दुनिया के विचार जरूर सुनना चाहते हो?	And if you want the world to see it, surely you want to hear the world’s thoughts on it?
सुणंति अवराही जज्जं किं कहेइ ।	Hear what the unjust judge saith.
दाविदः बाब, इण्टर्नेट ते केत्तिओ लोओ होंति जेण असां जलिआइं	David: We've had so many people, Bob, on the Internet who have flamed us.
आयरलैण्ड मिशनरिओसं धन्यं एत्थ णिट्ठामि ।	I am sitting here now thanks to the Irish missionaries.
ण्हाणं माद्याणजणो वि कएकिसं वसंति	hen You stayed a number of years with the people of Madyan .
ता केथरिन को नहीं, वह लड़की जिसे तू पहले से चाहती थी ।	Well, not Catherine though, that other girl you wanted before.
तेण सव्वेसिं वड्ढपेम्मेण वि दक्खिण्णाणं, तेण वि मोहणदूसेण तं रक्खयं ।	In all their afflictions He was afflicted and the angel of His presence saved them.
तेण सव्वेसिं वड्ढपेम्मेण वि दक्खिण्णाणं, तेण वि मोहणदूसेण तं रक्खयं ।	In all their afflictions He was afflicted and the angel of His presence saved them.
तेण सव्वेसिं वड्ढपेम्मेण वि दक्खिण्णाणं, तेण वि मोहणदूसेण तं रक्खयं ।	In all their afflictions He was afflicted and the angel of His presence saved them.
परं प्रभुविज्जस्स तेण सत्तं एत्थं जेण ओ मणे विच्छेज्जइ	But the Lord's power came over him so that he was not able to interfere with me.
तेण मए आलोचिअं मए रेहरह वाणीए, एह?	Hence, I suppose I should begin my rah, rah speech, eh?
और महिलाणं घरिणीअ हरं जाणसि ते ।	And you know it's haram for women to go out of the house.
ये हुआ बोलेइ, ""तुह वि मौका पावेइ ।	Ye Hua told: “You will also have the opportunity.
अहं भणं कीस कस्स वि जस्स कस्स संवंधा तहिं करेसि ।	I said, ""Because if you ever associated with God or with any of the saints, you'd associate like that.
कल्लं णिग्घिअं होइअं!	Tomorrow They will be grateful!
देवसे भणिओ तेण पाणेण जेण नहि बाजिए ।	Fear God regarding the animals who cannot speak.
महिलाएँ और बच्चे मारे जाएँगे, घर तबाह हो जाएँगे ।	And women and children will be killed, and houses will be destroyed.
देवसाखि जानायनि मा ओंथि?	What does it mean to be God’s witness?
एत्थ मए किं करेउं, जं तेण मे पुत्तं यीशुवं तुह पठाअं ।	What more must I do, for I sent MY Son YAHUSHUA to you.
ई - 67 एअं वचनें एणं जाणइ तूम् ।	E-67 You have to know these words and these things.
प्रेषित पाउल का आहूति और मतपरिवर्तन ईश्वर की दया और क्षमा का अद्भुत दृष्टान्त है ।	The calling and conversion of the apostle Paul is a wonderful illustration of God’s mercy and forgiveness.
पर ""तेह वरिहाइं पिअस्स जीएण"" तेण तरुणी बदलाओ इच्छंति ।	But after “having lived[her] father’s life for thirteen years”, the young woman aspires to change.
द [प्रथम] खाड़ीयुद्ध ओहि वास्तविकताक प्रतिबिम्ब छल ।	The [first] Gulf War was a reflection of that reality.
... नहीं, क्योंकि रूस के बारे में यूरोपीय संघ की एक समान स्थिति होनी चाहिए ।	... no because the EU should have a common position on Russia.
और फिर [कुछ देशों] ने अपने राजदूतों को वापस बुला लिया ।	And then [some countries] recalled their ambassadors.
यानि मं तेण पवज्जामि ।	This means I will definitely enter the kingdom.
{नोट केथी जनवरी 201.01: ईओ अम्हाणं सअण्हा चुटकुला ।	{Note Kathy January 2014: this is one of their jokes with us.
जं जत्थं गच्छामि, तं बॉक्समे कैप्टन जैक लहेमि ।	Wherever I go, I bring Captain Jack in a box.
30 अगस्त को आयोग द्वारा अतिरिक्त व्यावहारिक समर्थन (नए उपायों) की घोषणा की गई ।	On August 30, additional practical support (new measures) was announced by the Commission.
किं न्यू गोल्डन माइल को हम बहुत छोटा समझते हैं?	Do we take the New Golden Mile too short ?!
तुज्झमेव मज्झ आयरक्खारज्जणाय सच्चारं ।	You have set me on the right path to generate a steady income stream.
(योहन 15) अम्हे फलं देंदो ।	(John 15) We are going to produce fruit.
जहिं आवश्यकता तहिं तहिं णए परमतंतं हवेइ ।	It needs a whole new eco-system as long as it needs it.
मोशे की स्याही से आई या भगवान की शेचीन से?	Did they come from Moshe’s ink, or God’s Shechina?
तं ण कलं जाणइ को सीमासंकिरीए!	He knows no tomorrow who attacks his border!
ण भणह तं झेन मणं जाणेइ, ण अहं ज्ञाणं प्राप्तवान् ।	You should not say, ‘I know what Zen is,’ or ‘I have attained enlightenment.’
ण भणह तं झेन मणं जाणेइ, ण अहं ज्ञाणं प्राप्तवान् ।	You should not say, ‘I know what Zen is,’ or ‘I have attained enlightenment.’
लेकिन सरकार में विश्वास भी बढ़ेगा, वह भी बिना भय के आ सकता है ।	However, increased trust in the government may also come without fear.
सो लोए रक्खण आया... पर फ्रांसो अज्जो मत्था ।	He’s come to save the world… but France will be enough for today.
अण्णं णिच्चं होंतु किं ण अकृतज्ञ ।	whether he is thankful or unthankful.
भुमी तुज्झाण कलंतो पूरिओ ।	The earth is full of your productions.
(दम्पतिसंबंधं) असई वड्ढइ केण कुणं जेण संताणं ।	(For couples) we argue about who should do what with the children.
20|105 और वे तुमसे पहाड़ों के बारे में पूछते हैं ।	20|105| And they ask you about the mountains.
यूरोपीय संघ की एकजुटता का मुद्दा है - या नहीं ।	There is the issue – or not – of the solidarity of the European Union.
सच्चं हवेइ झूठं जाणइ ।	Truth exists; only falsehood has to be invented.
अण्णं अण्णोण्णाणं वल्लहो अम्हे, अण्णं अद्दाणाणं पुलइओ अम्हे ।	We are afraid of God's surprises; we are afraid of God's surprises!
अण्णं अण्णोण्णाणं वल्लहो अम्हे, अण्णं अद्दाणाणं पुलइओ अम्हे ।	We are afraid of God's surprises; we are afraid of God's surprises!
परंच सव्वेसिं सो लहेइ जहिं तेण हक्खिओ, तेण पेच्छइ फीफा अज्ज केसो होइ, जेण जाणइ तेण वि तेण कहेइ	But everyone gets what they deserve and you only have to look at how FIFA is now and that tells you everything you need to know [about them].
सफेद दाखमधुएण विणा "", मणेणं भणिउं मुहेण भणिअं गआ	‘Except white wine,’ she proceeded as though I had not spoken.
सो अच्छीं भणिए "", में भणिओ देवअणं सवई खण्णुआ कत्तो?	Very well,' I said, ‘but where did God ever give a command to the Gentiles to swear?
जल्दहि सव्वे णक्खिणअदलणसहायक सेनाओ होइ ।	Soon they will each lead armies, aided by the legions of hell.
आइरिशों से कहा जा रहा है कि वे एक ही पाठ पर एक ही सामग्री के साथ मतदान करें ।	The Irish are being asked to vote on the same text with the same content.
आइरिशों से कहा जा रहा है कि वे एक ही पाठ पर एक ही सामग्री के साथ मतदान करें ।	The Irish are being asked to vote on the same text with the same content.
अम्हे वि तह वि णिद्दो होइअं, अम्हे युद्धाइं होइं (जे सा राष्ट्रपतिया होइं) ।	We would still be fracking, we would be at war [if she was president].
परं ""मे सच्चं लहेइ"" ।	but rather, “I have found a truth.
उत्तं च्चेअ च्चिअ णमो जणमो अण्णो वअणाइं, णमो णमो पिअअवअस्स णमो वि णमो	Previous：How to Know God’s Work of Judgment and Chastisement in the Last Days
16आकाशो लोअस्स जाआस्स,	16 The heavens are the Lord's heavens,
कल्लं ते बजटं समतुल्यं होंतु, पूरे यूरोपं मए ते च्चिअ चिंता ।	Tomorrow, those budgets must be balanced all over Europe, in this line of thinking.
परंच वास्तवमे हमर सिस्टममे कोक ज़ीरो खूब छल ।)	But there was indeed a lot of Coke Zero in my system.)
धणं च्चिअ लोअणं देवस्स, अणुराअणं च कल्याणं वि वहूणं पंचेंति	She did not regard her wealth as her own but rather God’s, and she distributed not only to good people, but also to her enemies.
[युगी अप्पाणं सोचेइ] कैबा बदलिआ ।	[Yugi thinks to himself] Kaiba has changed.
लोअस्सइ जेण पावंति तेण वल्लहाइं ।	God desires that the receivers of His grace shall be witnesses to it’s power.
का'ब तहा तोराहं सम्बोधइ, ण तुसारत तोराह, तह तं गलती मणुइ ।	Ka'b then refers to the Torah, not a corrupted Torah, and admits his error.
अंतर्राष्ट्रीय साझीदारियाँ - 14 + अंतर्राष्ट्रीय भागीदारियाँ - हमारे सभी भागीदारों को देखें	International partnerships – 14+ international partners – See all our partners
तेण (अली) संगं सच्चं पसरह, जहा तेण मुहेइ तेण ।	Turn the truth with him (Ali) wherever he turns.’
राबरट जानसन को देखना चाहूँगा - किसे नहीं?	Obviously I’d like to see Robert Johnson – who wouldn’t?
ण पडंतस्स वि पावं देवदंसणं तुमं ।	You did not fall under God’s condemnation the first time you sinned.
डेविडः हाँ [जोसेए अभी जो कहा उसकी पुष्टि करते हुए] ।	David: Yes [Confirming what Jose just spoke].
एत्थ जीवणे वा पराणे ।	In this life or any other.
11वह वेगो का बचाव कयइ ।	She is defending Vego! 11.
पुच्छिओ मा कुसलु इस्रायलीअ दबावत्थाण मज्झ जेह्लिआ	Don’t ask me when I’m in prison under Israeli pressure.
ईश्वरीय वचन में कहा गया है कि मरणो परं जीवं च न्यायो ।	God’s Word says that after death, there is life and judgment.
एसा लगा, मानो उत्तर मिलें, अंतं हों ।	It was like finally getting answers — and closure.
लिस्बन में वे बचाव करते हैं कि सीमाएँ अधिक संरचित होनी चाहिए (स्पेनिश में)	They defend in Lisbon that the borders must be more structured (in Spanish)
अव्वो तुज्झ स्वयमेव ईश्वरीयात्मस्स परिपूरणं होसि, अतएवं अहं जसो अहं तं ण पेच्छिज्जसि ।	You are now in the fullness of the Spirit of God yourself; otherwise you would not be able to see me as I am.
सच्चं तुमं सो सच्चं अवसअस्स जाआइं, जहिं सच्चं सो वि हज्जारो हिअआइं	You really should take advantage of this genuine opportunity, that really has helped 1000's
और वीह सालो वि तुमं अहव्वाइं कि तुमं एअं लोयं सृज्जंतिं	And are you proud, twenty years later, that you helped create this world?
सा तुज्झमेव सृज्जमाण खेलं, तेण तुज्झ तं सो खेऊ ।	It is a game of your own creation and that is how you play it.
सा तुज्झमेव सृज्जमाण खेलं, तेण तुज्झ तं सो खेऊ ।	It is a game of your own creation and that is how you play it.
राजाओ भणिआ जेण एक्का तेण मोहणं ।	And the king said, If he is alone there is news in his mouth.
परंतं सो तहा होइ जेम् अम्हाणं Dead or Alive\1: Core Fighters के संग होइ ।	But, it will be similar to what we had with Dead or Alive 5: Core Fighters.
अदालतमे की शपथ खअओ जे धार्मिक नहि होसि?	What do you swear on in court if your not religious?
सेक्टर 13) ।	Now your goal is sector 13).
\1आज अम्हे वि गमाअविसंठाणं गमिमो ।	A: Today we will go to study the great disappeared states.
णहकराजाणं भणिआ, ""तेण णामो गोलियत ।	The king of hell said, ""This man's name is Goliath.
णहकराजाणं भणिआ, ""तेण णामो गोलियत ।	The king of hell said, ""This man's name is Goliath.
किं तेण सामंतराज्येण वि सहस्रगुण वज्जं णामो?	Are we not a thousand times freer than under his Empire?
ईश्वरा तं सहियत्तं ण करेइ । (एस. टी., नवंबर 3,1890 पैरा.	God cannot cooperate with them. {ST, November 3, 1890 par.
तुह म्हारो च्चिअ हरिओ ""।	You have a deadly enemy.
तुह म्हारो च्चिअ हरिओ ""।	You have a deadly enemy.
लेकिन ऐसा होने पर वे 10,000 जीनों की अभिव्यक्ति को नहीं बदलते ।	However, they do not alter the expression of 10,000 genes when this occurs.
अव्वो च्चिअ देव्वाणं कस्स धरिज्जामो?	Which of God’s words should I practice in this situation?
अमरीकी निर्माताअणिज्जइ अम्हाणं शहरं!	The American producer chooses our city again!
ओ प्रत्येक शुक्रआहरं [1] राजधानी पर हमलासभक घोषणा करैत छलाह ।	He announced each Friday [1] the attacks he was going to commit against the capital.
गतमासे बोस्टणमें तीए च्चिअ गई, णअणिअणिग्गअणिहिअअं परिओअं!	She went crazy in Boston last week and married a nigger!"")
हो सकता है उनमें से कुछ भले न हों, लेकिन कुछ हों, और उन्हें समझने के लिए हमे उनसे प्यार करना होगा ।	Maybe some of them are not good, but some of them are, and we have to love them to understand them.
जो वृक्ष रोपइ सो अप्पाणं परं पेम्मेइ ।	He who plants trees loves others besides himself.
ब्रसेल्स - जोसे मैनुएल बारोसो के लिए अब खुद को बेचना शुरू करने का समय आ गया है ।	BRUSSELS – It is time for José Manuel Barroso to start selling himself.
(1) हम कब चैम्पियनशिप में भाग लेंगे, माँ?	(1) When will we take part to a Championship, Mom?
मए ण एइ णिवअणं दे च्चेअ च्चिअ ण मए सोच्छिओ	Why I Can’t Stop Thinking About This Barber and His $1.4 Million Fortune
हमे एन. ई. डी. से पैसा मिलता है ।	We indeed receive money from the NED.
वाओ व लोअम् उदाहरणं ईश्वरीयात्मा ।	Examples of wind and water are likened to God’s spirit.
रुमानिया की हर कंपनी हमारी मदद कर सकती है!	Every company in Romania can help us!
जं त स्वयं रिक सिम्पसन तक समय पर पहुँचना लगभग असंभव अछि ।	As it is almost impossible to reach Rick Simpson himself on time.
दावूदो सुलेमानो जेण कइणिवअणं घेत्तूण होइ, अम्हे वि सा एक्कमेत्तस्स णस्सइ दाविद ओ सलोमोन	[21:78] And David and Solomon, when they once ruled with regard to someone’s crop that was destroyed by another’s sheep, we witnessed their judgment.
साफं तहिं तहिं कओ तहिं वअणे सव्वाणं ।	Evidently God’s people in those days were guilty of these sins.
बेअतअट्ठिए दीवा लहंति आणि तीए हेप्पीनेस थेरैपी!	I bought a lamp at [beyt] and it’s such happiness therapy!
48 लाबान कहलथिन, ""अज्ज तोहिं तेण मज्झ साखी दिण्णं ।	48 Laban said, “This heap is a witness between you and me today.
सव्वं वंशं पर मे सव्वं मग्गं गच्छामि ।	I willingly invoke on every family the blessing of the Lord.
और इसके अलावा, भगवान की अच्छाई डॉलर और सेंट में नहीं, बल्कि भगवान की निकटता में मापी जानी थी ।	And furthermore, God’s goodness was not to be measured in terms of dollars and cents, but in terms of nearness to God.
मए भणिए कओ कओ तहिं कओ जे ब्रायन संग होइ तं सअण्हं ।	I also think it was because he saw what had happened to Brian.
[...] यूरोपीय, और कुछ रास्ते बंद रहेंगे ।	[…] European, and some routes will be closed.
छओ सिफ़ारिशं छणो अस्वीकारसि तुमं अप्पिअव्वाणं	My last question is, are you rejecting the six recommendation
पुणोआआआ बुङो, ""पांचों कप्तानों में इंग्लैंड का एक खिलाड़ी चाहिए ।	I want one English player in these five captains.
अनुज्ञप्ति या विनियम का कोई रूप उपयोगी है ।	Some form of licensing or regulation is useful.
(जो) कत्तो सअणो लोओ एहि घरे एत्थ किं करेइ?	(Joe) Could seven people in this room do something like that at this time?
एसो मणुस्साणं अप्पाणं अविचल विश्वासो होंतु, जं कि ईश्वरो तं वसोस्सं ।	This should be man’s unshakable faith in himself, because God dwells in him.
हम विश्वविद्यालय के निर्देश के बारे में केवल अपनी राय व्यक्त कर सकते हैं!	We can only express our opinions of the university directive!
तेण वि होइ वा ण होइ, तेण चिअ सदा अम्हाणं रेहइ ।	For that reason alone, these animals — real or not — will likely always be with us.
जह को वि किसि विज्जइ ईश्वरीयवाक्खिओ तह तं चिट्ठं पक्कं पक्कं पडिहाइ ।	As soon as you see the authority of God’s words in a certain matter, you will obey absolutely, unquestioningly and to the letter.
जइ मए मिच्छत्तं तहिं इंडी एनीमे किं समजणइ?	If I am wrong, then what can be considered as Indie anime?
हो सकता है सिरजणहारं सोचेइ जे अम्हे लोएण अन्तिमेण ।	Maybe the Creator thinks that we should use the blood for the last one.
232 कुटुंबांं किं च्चिअ अपुव्वाणंदाणं, अप्पाणं पढमघरिणीअ व्व आआसाए	Why 232 families chose to trust their children's educative instincts
इअ अच्छाइ व मिच्छाइनि मापो शेतानं सिक्खाइं, जो ईश्वरेणामो विओए विओए ।	This is the standard of good and evil Satan has taught us, which is very different from God’s.
अण्णाणं गुणे विणा सुहाणं बहुगुणाइं ।	Among their numerous properties, they prefered one they had called “happiness”.
मज्झं सव्वं महत्तं चिंता ईश्वरसद्दो होंतु, जह ईश्वरा सदा सच्चो ।	My Greatest Concern is to Be On God's side, for God is always Right.
कार्मेल, ता त्थि सोहग्गं तह वि लज्जाजनक होइ ।	Carmel, then it would be even more disgraceful in the city.
अमापसुण्णेण कज्जं जणम्मि णिव्वत्तिए, जं कहेइ देव कृतज्ञहिअअं पेच्छइ	An overwhelming gratefulness shall bring forth the action necessary, for it said, ""God loves a grateful heart"".
मणुस्साणं लोअस्स किं ते च्चिअ णालोअस्स, ण तवो अम्हाणं पवज्जंति सो च्चेअ	Men are lost because they do not think of the death of Our Lord and do not do penance.
तेण मए आलोचिअं मए रेहरह वाणीए, एह?	Hence, I suppose I should begin my rah, rah speech, eh?
अच्छी तरह से समझा गया, दानियेल 12 हमारे ज्ञान का एक महत्वपूर्ण संवर्धन है ।	Properly understood, Daniel 12 is an important augmentation to our knowledge.
परंच एहि बेरं ण पुरान यूरोप पर, णओ यूरोप पर ।	But this time not on the old Europe, on the new Europe.
णम्महं सा शपथं एहि णहरेण, तेण वि एहि णहरा ण वससि ।	Nay I swear by this city- And thou art a dweller of this city"".
तव हिअअणं मित्तं पवित्तं सनातनं चियत्तं ।	You were joined in an ancient and eternal way with the friend of your soul.’
ता हा, तेण ओ ताइवाणं व सोण्हा अच्छीइ अर्थव्यवस्था वढाइआ ।	So yes, they developed a pretty solid economy, as did Taiwan.
में इअं नहि कहिअं जे प्रत्यक्षतया एफ. बी. आई. क भीतर 604 गिरफ्तारीं होइयां ।	I am not saying there were 604 arrests directly within the FBI.
अम्हे वि मूइएहि णिअस्सएहि - वायु अम्हेहिं मरिज्जंति पुणो वि	We are already dead - the gas will just kill us again.
किं वा, एक्का आत्महत्ये तेण तीअ पत्तो खंडुआ ।	Why, they've got ten volumes on suicide alone.
#8 किं ते सदा अप्पाणं एकाग्रचित्तं होंति?	#8 Are they always focused on themselves?
और सामंतीओ न्यायदंड संतेण वुत्तं ।	And a harvest of justice is sown in peace for those who make peace.
तेण वि तह वि तह गअणेण पुच्छिज्जंतीए, परं जाणह तुज्झ स च्चिअ महासत्ता ।	Then, more seriously, He added, “when you want to pray, know first that you are in the presence of the All-Powerful.
परंच नमाज़ आखरी साहीसम्मो युद्धो ।	But prayer is warfare to the last breath.’
कुरान में अल्लाह माता - पिता का आदर करने के महत्त्व पर बल देता हैः	In the Qur'an, Allah stresses the importance of being respectful towards one's parents:
फ्रान्समें बहु जाणइ ण तहा कि पेसादार महासंघा -	It isn't known very well in France that a professional federation –
सो किं सा होइ त्ति सू झी!	How could it be her, Su Xi!
तेण यात्रीण सा तुए सव्वं जाणइ इच्छसि ।	So, as a traveler you would like to see almost everything.
शहीदों की महिमा तुम पर चमकती है ।	The glory of the martyrs shines upon you.
परं ""मे सच्चं लहेइ"" ।	but rather, “I have found a truth.
बाइडन ने कहा, ""हमारे पास इसे बदलने की शक्ति है ।	We have the power to change it,"" said Biden.
देइ दट्ठूण महं दइअ कहेइ तुज्झ पत्थरं कुणसु, लोअणअणाणं जाणइ सव्वं ।	When she gave it to me she said: “Keep this stone because it is God’s eye that sees everything and knows everything.
ते हवे अम्हाणं व्व असई अहवाओ होइ, अम्हे व ण कहिज्जंति जेण वि प्रथमशताब्दीओ व्व तेण ।	They are our present-day martyrs, and there are many of them; indeed, we might say that there are more of them than in the first centuries”.
ईश्वरीयवाक्यं सच्चं तहिं सव्वं तं मिच्छं ।	If God's Word's true, then everything else is a lie to It.
णअण्हाइ जण्णइ जणो तुह भणिओ, एसो एत्थ च्चेअ ।	If the light is in your eyes, you can say, ""it is here.
किं कमसेकम मज्झदंसण्हं सा दिट्ठी होसि तू मिस्रस्स जाआ	Why, at least to my eyes, you already have the look of an Egyptian doctor.
ईसीटीए (यूरोप) जिसमें उन्होंने हस्तक्षेप किया;	ECTA (Europe) in which he performed interventions;
अम्हे सज्जं सज्जं, परं जिणं अल्लाह्वे ।	We are prepared and ready, but victory is from Allah…
एसो पयडीए णियमो, जइ इच्छंति सो ईश्वरस्स ।	This is the Law of Nature, or if one would rather, God’s will.
जेण धणेण तेण पडइ ""(नीतिवचनं 1) ।	He that trusteth in wealth shall fall' (Proverbs 11:28).
अण्णाणं पव्वतमं पज्जारो, जहिं वि असंख्या देवीदेवतावासा ।	They believed that mountains are sacred places where numerous gods reside.
सच्चं तहिं कत्तो 1 सतोशीअ 1सो च्चिअ ण होइ	Actually (as for now) we cannot go less than 1 satoshi anyway.
ण सच्चं जाणसि तुमं वम्हणसमुहेण सुणसि, अथ वा तेण विणा किं कुणं वि दिस्ससि	Do you really think you can listen with the backdrop of Bram's set, or see anything other than him?
ण सच्चं जाणसि तुमं वम्हणसमुहेण सुणसि, अथ वा तेण विणा किं कुणं वि दिस्ससि	Do you really think you can listen with the backdrop of Bram's set, or see anything other than him?
ईसाअस्स (ईसाअस्सं) जेण माणइ तेण मं वारेण, तेण दोगुणं फलं पावेइ ।	If a man believes in Isa (as) [Jesus] and then believes in me he will get double reward.
अण्णं जाणसु कत्तो दूरं गआ सोऊण	Do you know how far Mr. Yoo went for you?
जं ण अहं तं च्चिअ तं को ण पेच्छइ?	`When there is neither I nor you, who wants to see?
दाविदः... या इन्हे कभी कभी बहुत अनोखी चीज़ों की ज़रूरत पड़ती है?	David: . . . or do they sometimes require very unusual things?
टॉम सोचने लगा कि क्या उसके पास समझाने के लिए पर्याप्त समय या शक्ति है ।	Tom wondered if he had enough time or energy to explain.
दैनिकजीवणस्स सव्वत्थे कम्मेण बहुगुणं लहेइ, सव्वत्तमेत्तेण च्चिअ मग्गंतीए ।	We gain a lot for every good thing we do in daily life, and we have to pay for every bad thing we commit.
अलिहिअहत्थं छित्तो वि अप्पाणं हत्थं उअह उअअं, थैंक यू ईसा ।	When the first hand touches you, rise your hands, and say, ""Thank You, Jesus.
तेण सव्वेसिं वड्ढपेम्मेण वि दक्खिण्णाणं, तेण वि मोहणदूसेण तं रक्खयं ।	In all their afflictions He was afflicted and the angel of His presence saved them.
आखिरकार, हिटलर की मदद करने जैसा कोई पेशा उस समय मौजूद नहीं था ।	After all, such a profession didn’t exist at the time – helping Hitler.
इओ अण्णाणं सव्वुत्तं भयं, दिअहं सव्वं वड्ढंतं च्चिअ अण्णो ।	It’s one of their biggest fears, and one of the most stressful parts of their day.
अल्लाह इच्छो, तेल अवीव दिवस को विनाश में बदलना चाहते हैं ।	We want to turn the Tel Aviv day into destruction, Allah willing.
वोट की चिंता किए बिना तुर्की के कई हिस्सों में जा रहे हैं ।	We are visiting various parts of Turkey without being concerned about the vote.
तेणएण, अज्ज कलम 4ए क जरूरत्ताओ पल्लीसतीनअजोआइं ।	Today, therefore, tens of thousands of young Palestinians meet the requirements of Article 4a.
अज्ज जे 41 करोड़ अफरीकी महिलाणं वहुआइं, तह तेण वि अवराहेण केण वि मग्गो विएण तहिं तहिं कओ ण होइ	Would not it be more constructive to look at the situation of the 410 million African women today, and then to see how to help them more?
तेण वि एहि लोए किरक्खरंसं णिअत्तणं पवज्जवं ।	You do need to be comforted and sheltered from the harshness of this world.
भगवान् सव्वेसिं मणुस्सत्तं, अवंतीणं च अपुव्वं ।	God is the Lord of every man, woman, and child.
प्रवास के संबंध में, हम डबलिन पैकेज पर नई पहलों की प्रतीक्षा कर रहे हैं ।	Regarding migration, we look forward to the new initiatives on the Dublin package.
एदनसब्भतमें लहेइआइ देवतारोअणाइं, तेण विवाहेण जीएण खाउ णइ सेक्स्स बहुगुणअं ।	Like many of God’s good gifts introduced in Eden—Sabbath, marriage, life, food—sex was very good.
तिसुं तारा - असईण - तं इच्छसि ।	Three stars – Pristine – is what you want.
तह सो धवलो जादूगर तुरन्त अण्णं पवज्जइ ।	Then, the white magician immediately remembers his inner God.
(ल) ता अम्हे किं करेमि जाआइं जे एहिसं व अम्हाणं मज्जासंस्थाविवरणाणं	(L) So what are we going to do if this kind of stuff comes into play with our neurofeedback?
देवपुत्रं सिद्धं होंति, अथ वा सो ईश्वरपुत्रं ण होंतु ।	God's Son is perfect, or he cannot be God's Son.
कइआ अद्भुदं गआ अहव पंचमं जीवंतो!	Something wonderful has happened--Number Five is alive!
देवभणिएतो सव्वं सस्स स्थिरो होइ ।	When God speaks it, it's confirmed in heaven forever.
विमान में कॉफी और 7 और एवियासेक्रेटोव का ऑर्डर देना क्यों आवश्यक नहीं है	Why it is not necessary to order coffee in the plane and 7 more aviasekretretov
मंदाकिनी ने कहा, ""मुझे बहुत आश्चर्य हो रहा है कि तुममें से कुछ लोग कहते हो कि मैं नौवें नंबर पर खेलना चाहती हूँ ।	I am very surprised that some of you say that I want to play number nine.
आदम की अवज्ञा के फलसरूप, सव्वे माणवसहो कानूनभंगकर्ता, पापे विणो विओ ।	As a result of Adam's disobedience every human being is a transgressor of the law, sold under sin.
एत्थ बुडापेस्टमे इए उवज्झाओ सच्चं भणिओ!	This conviction was a reality here in Budapest!
अप्पाणं अण्णो अंतीम उद्देश्यं सिद्धएण यानि भगवान् व्व वहुआइं, तेण ईश्वरसत्तस्स आरोहणम् इच्छिज्जंतु ।	To fulfill his final purpose-that is, to become like God-he will then try to climb into God's place.
1 सुन हे यिर्मयाह, में सव्वेसिं जिवाणुवि डड्ढा णिअस्स, किं जेण अहरस्स अहरओ मए ण होंति	Jeremiah 32:27 Behold, I [am] the LORD, the God of all flesh: is there any thing too hard for me?
अम्हाणं साझीदारं समअंति जे आइरिशाइं पिअविरहो वि तेण पैकेजं तेण होइ ण आअत्तं ।	Our partners understand that we cannot and must not present the same package to the Irish as the last time.
ईश्वरेण वाग्दत्तदेशे सद्धा परवासं मिव सया वसंति ।	By faith he lived as a foreigner in the country that God had promised him.
खासकर तेण जेण तुह दयाअंती होइ ।	Especially those most in need of thy mercy.
उव्वसिओ अच्छी तरह से याद रखते होंति, केवल इए उवएसे उवेसे भणिअं ।	They remember it well : it was the only one to speak to them.
जहिं तेण अविणाणं तं तं परित्यागं करिअं ।	What they invented has abandoned them.
[ते] व्यवसायिक, विज्जा आ अनेक भाषाओ बाजि सकैत छथि ।	[They are] professional, knowledgeable, and [can] speak several languages.
टीना शार्की के पास बिकने को कुछ है (300 चीज़ें, असल में)	Tina Sharkey has something to sell you (300 things, actually)
ईश्वरीयवाक्यस्य सच्चं जाणं अप्पाणं ।	Allow the truth of God’s Word to change you from within.
और पाउल ने परमेश्वर के वचन की अपमिश्रित व्याख्या के साथ, उन सभाघरों में से हर एक को उड़ा दिया ।	And Paul with the unadulterated interpretation of God's Word, blasted every one of those synagogues.
आवं तं सस्सं वहत्थामि, एसं सव्वसु कीराणत्तणं ।	We must kill him 7 times: the 7 inferior forces.
धर्मोपदेशणेण वि तेण ""ईश्वरसंपर्कणेण अम्हाणं"" तेण सव्वाअत्तं, जेण वि ईसाअणिहित्तमज्झेण वि होंति ।	In his homily, he questioned ""our way of relating to God,"" sometimes seeming more similar to how it was before Jesus.
सव्वं सव्वं तुमं सव्वं सुहं जाणसि, सव्वं पब्भंतमज्झे विणा सिद्धेण ।	With the exception of some principle teachings of the Beyond the Heavens Sect, you have learned everything.
सव्वं सव्वं तुमं सव्वं सुहं जाणसि, सव्वं पब्भंतमज्झे विणा सिद्धेण ।	With the exception of some principle teachings of the Beyond the Heavens Sect, you have learned everything.
इअ धम्मेणं लहंति मणुस्साणं ईसामस्स ।	To enjoy these blessings, man had to obey God’s commands.
अण्णं तुअं ण भणिअं तुज्झ मेईली, अवलीअ मेइली, एअं कत्तो एअं भणिउं ते	But you have not told me where he is now, Miss Maylie.
कत्तो अम्हे सेंट पीटर्सबर्ग जाओ कओ तहिंकि सृष्टिकर्तो वसइ?	Are we going to St. Petersburg because the Creator lives there?
तेण आउछु मए पिआरिए, तेण तुज्झ परिवर्त्तनदूतो	So I come, beloved ones because you are the angels of change.
आइये, अब ईश्वर के वचन को देखीए और आस्था के बारे में ज़्यादा सीखीए ।	Now let us look into God's Word and learn more about faith.
579 नंबर से बधाई और स्तुति का समय है ।	It is time for congratulations and praise with the number 579.
ईसाअ हर प्रलोभन का उत्तर ईश्वरीय वचन से दिया ।	Jesus answered every temptation with God’s Word.
तीए वि एहि साल आ अगिला साल सकारात्मक वृध्दि कएइ, जे फोर्ड नै कहि सकै ।	T also has positive growth this year and next year, something that Ford can’t say.
एत्थ जीवणे वा पराणे ।	In this life or any other.
LIND1: इसराएल दिण्णाइं किं पुच्छिज्जामो?	LINDA: Can we ask this guy from Israel?
और (सव्वं) सो तेण झूठं, जो तेण अविणअणाइं ।	And (all) that was their lie, and what they used to invent.
चालीसमे से एक नियम इअम् स्मरण करबैत अछि ।	This is what one of the forty rules reminds us.
280 घरसामिअम्मि को छेत्ती राणी?	280 Who is your little queen in the home?
सभी ने हमे बताया कि [वेस्ट साइड स्टोरी] एक असंभव परियोजना थी ।	Everyone told us that [West Side Story] was an impossible project ...
इस्राएल को पश्चाताप और पापों की क्षमा देना ।	to give Israel repentance and forgiveness of sins.
तेण तुए लोए सृष्टिकर्ता रिडीमर, पण तेण तं केण वि णित्त लोए होइ तं!	‘So you are the Creator and Redeemer of the world: but what a small world it must be!
अज्जं च्चिअ ण पेम्मइ अज्जं राज्यपालं मुक्का ।	Today — I can’t believe it — but today the Governor spoke of three million.
एक्कवर्षं वि गअं पूरिआसु लहंति धीअरं आणसि ।	Before a year has passed you shall bring a daughter into the world.
अहाबअस्स वहुआइ मरिआइ देवअणेहि कइए, जहिंमें कइएहिं तं उद्धलाइं ति	Perhaps you heard how Ahab's wife caused the death of many of God's prophets, some of whom I was able to rescue.
ए3 पर हैरी को पकड़ने की धमकी भी देती है!	She also threatens to capture Harry on a3!
यानि अवज्ञा पावं भी और गुनाह भी ।	That is to say, disobedience was a sin as well as a crime.
द वार्निंग के दौरान मेरी महान दया हर एक आत्मा को उपलब्ध है ।	My Great Mercy is available to every single soul during The Warning.
ता की गाज़ा के दो नागरिक 39 सीरियाई नागरिकों की तुलना में अधिक ध्यान और सहानुभूति के योग्य हैं?	So are two Gazan civilians more worthy of attention and sympathy than 39 Syrian civilians?
चूँकि बिल और सुसान के लिए यह कितना मददगार था, मैं इन 5 बातों को सबके साथ बाँटना चाहता था ।	Since this was so helpful for Bill and Susan, I wanted to share these 5 things with everyone.
सच्चं च्चेअ मरणं ।	Truth is on the side of death.
हो सकता है आपको वह बहुत पसंद हो, क्योंकि ईरान में साल में एक बार आता है ।	You probably like that very much, because it is once in a year in Iran.
एहि बिन्दु पर एहि मुद्दाकेँ नियंत्रित करय वला यूरोपीय निर्देश (94/19 ईसी) सर्वथा स्पष्ट अछिः नहि!	On this point the European directive governing the issue (94/19/EC) is perfectly clear: no!
जं मए तं सो जुराए सअण्हा कोठली,	What is mine too: a small cell in the Jura,
और तुम सही हो, इटली के आधे से अधिक अजूबे यहाँ हैं!	And you’re right: over half of Italy’s wonders are here!
ईश्वरकुमारस्स पेम्मस्स जाणइ तेण स्पष्टेण जणो होइ ।	The Son of God’s way of loving is well-known, and John spells it out clearly.
#8 ""किं तुम दूसरों पर निर्भर हो या अक्सर मदद माँगते हो?	#8 “Do you depend on others or ask for help often?
लोएण अम्हाणं छओ होंति गव्विआ ।	God has told us at least six things about humility.
ईसाअम् अनुसरित्थं सिक्खिआओ संगमे ।	We are learning together to follow Jesus.
कइअणो लोओ लोओ वि गअस्स रअणपसाअणम्मि, इअ वज्जअदुक्खसहण्थए कईए बालणं ण जाणंति	Many people have lost their sense of adoration for God, and these abuses mean that many children do not know how to be in the presence of God.
ईसाईजगत की एकता समाप्त हो गई, और सदा के लिए [6] ।	The unity of Christendom was ended, and forever[6].
सो कत्तो अम्हाणं एस. वी. जाआइं	OK, and we are being tested through SV?
परंतं ण जाणेइ कत्तो वि मोक्खिआ कयामो ।	But it does not know if ever it will be free"".
अण्णं च्चिअ ईश्वरस्स जाआइं, अम्हे वि तेण पुत्ताइं होइं ।	We are God’s children if we are led by the Spirit of God.
अण्णं च्चिअ ईश्वरस्स जाआइं, अम्हे वि तेण पुत्ताइं होइं ।	We are God’s children if we are led by the Spirit of God.
तह अंधेरस्स जाइजाआ ।	It had become a place of darkness.
तह अंधेरस्स जाइजाआ ।	It had become a place of darkness.
तह अंधेरस्स जाइजाआ ।	It had become a place of darkness.
एत्थ परं मणुस्सुत्त्रस्स महिमा जाता, तेण ईश्वरेण महिमा जाता ।	Now the Son of Man is glorified and God is glorified in him.
एत्थ च्चिअ लोअण भणिओ लोअस्स, अवगुणइ जणो वि सव्वं चिअ वराईओ	Then, he tells me that the people are liars; they abuse people, all sorts of things.
एहि लोएण जीवं तुह पसिज्जसि ।	‘You prefer the life of this world.’
ओ उद्धारक, इस्राएल केँ पश्चाताप आ पापक्षमा दिअइ ।	and Savior, to give repentance to Israel and forgiveness of sins.
नगरवासिनियोंमें डरसंतोषं जाणइ ।	The fear among the city's inhabitants is palpable.
णिव्वत्तिअमेत्तं दइअस्स णिव्वुइअरं पअत्तेहिं, जह रअवाणपरिमाणं तह तह विरमअसद्दो ।	The Lord's mercy and compassion for His children is really without measure, as the distance of heavens from the earth.
कई (जैसे जापान) कमोबेश स्थायी आप्रवासन पर प्रतिबंध लगाते हैं ।	Many (such as Japan) more or less ban permanent immigration.
किताबो जेण भणिउं तेण वि पयाससु जेण पिअविरहो गुरुअसेवासं ।	You may get much instruction from books which afterwards you may use as a true weapon in your Lord and Master’s service.
पर यूसुफ़अस्स एत्थ आउच्छणे दो च्चिअ होंति..	But these two girls, just before Joseph got here...
सो च्चिअ सव्वे जणा तं सुणिज्जण तेण मंदिरे ।	And early in the morning all the people came to him in the temple to hear him.
एहि सांस्कृतिक आ रमणीक नगरमे पीणा पीणाइ खत्ता कीअ करो ।	Do more than just eating and drinking in this cultural and romantic city:
और मं च्चिअ विज्जउ किं इए विड्डूरं जेण अम्हे विणिम्मित्तं ।	And I wonder if this irony is the price we paid for the loss of God.
कल्लं ते णिव्वण्हं होइअं!	tomorrow they will be grateful!
परंतं तुवं जाणइ जे आरंभे तुह जुडास आवश्यकं ।	But you realise that you need Judas in the beginning.
दाविदः ता त्थि इअ लोओ वसिज्जंति ।	David: It does appear, then, that these people are living on Earth.
अम्हे किं तेण वअणं इच्छामो, तेण विसमज्जइ पिओ च्चिअ विरहेहिं	Why do we want to be like them, with their holidays, their forbidden things, and their heresy?
जे ओ सभ हआओ, तेण तेण माहं वारेण सम्पर्कं कुणह ।	If they say yes, contact them every three months.
सच्चं वा अलियंः रूसियाओ सेनाए किं एसं भणिज्जउ	True or False: Can this happen to you in the Russian Army?
तेण सच्चं सिद्धम् अभवत्, तेण जेण तं करेसि तं णस्सयं ।	So the truth was established, and abolished was what they were doing.
और उनमें से केवल एक अल्पसंख्यक ने अब तक इन पर्यटन राजस्व की घोषणा की!	And only a minority of them declared these tourist revenues so far!
* इण्टर्नैट विज्जाओ भरिओ परंतुणअमे तुज्झ मंतं जाणुयाहि ।	* The internet is full of information, but we at Toluna want to know your OPINION.
एरबिलमे जेण उमड़लओ तेण अम्हे वि मग्गो ।	We prayed so hard for the people who flocked to Erbil.
(तुए ण मरिअं पंथि मुहेहि धम्मेहि, अज्ज तुए जीवंतो ईश्वरसंदेशं ।	(You never died with your denominations; you're alive now and in the Presence of God.
उवआओ भणिओ जे बुशआ अम्हाणं देसं सुरक्खत्तं ।	They said that our country was safe under Bush.
एसो मणुस्साणं अप्पाणं अविचल विश्वासो होंतु, जं कि ईश्वरो तं वसोस्सं ।	This should be man’s unshakable faith in himself, because God dwells in him.
एसो मणुस्साणं अप्पाणं अविचल विश्वासो होंतु, जं कि ईश्वरो तं वसोस्सं ।	This should be man’s unshakable faith in himself, because God dwells in him.
जिअदीओ वि... एत्थ केण वि तेण जीवं तृतिय जीवं ।	Geodis also … there is always a third life here for any kind of vehicle
आमेल्लं पिएंगी वि जो हुक्मरं भुलिएंगी	or else they will drink and forget what has been decreed,
परंतो वि कहेइ सो भूए वि णस्सइ)	However he said that he would destroy the planet anyway).
छुरिएण आत्महत्या कुणह ।	Kill himself with a knife. - A lot of luck.
एहि देसमे तुज्झ वित्तनीति हवे मए वारेहिं ।	You and monetary policy in this country will now be ruled by me!
तेण इसराएलीओ पसाअं मोहणं तेण मोक्खणं ।	and Savior, to give repentance to Israel and forgiveness of sins.
सच्चं तुमं फ्रांसिसीओमे एहि पौराणिक स्टेडियममे लडण वालेओ?	You really were in the French first ones to fight in this mythical stadium?
1: ""परम् इअ तुमारं रम्पा किं भणिअं?	Q: ‘But why is your name now Rampa?
9 डॉलर से क्या करेगी या खरीदेगी, उसने मुझसे पूछा ।	She asked me what she could do or buy with $9.
181 जानवरों को गोद लेने की इजाजत दे चुका है अमेरिकी फुटबॉलर	This American football player has allowed the adoption of 181 animals
जे. 1: ता जं जहाजों अम्हे दिट्ठो ते तविस्सं ।	JC: So some of those ships we see are yours?
144किं तुमं जाणंतं, देवं पिअअमज्जं ण डरिआ ।	144 But, you know, God wasn't afraid of His own medicine.
आदम्सं तेण स च्चिअ उज्जोएण जो महाणं, सो महाणअरणस्स अणुमरणो होइ	Adams, and the flashing they made in the sun reminded me of the reflection of a great mirror.
ओडेटए उत्तरिआइं, मित्तं ण कं ण आसाए ।	And Odette answered, ‘Nothing is impossible to the eye of a friend.’
अम्हाणं लोओ दिट्ठो लोओ, नहिंतो 853 पेज् ते समापिहइ	Now people are seeing our product, otherwise, it’s buried on page 853.
भणह तं भणह जे वृक्षाणं कण्णे होइ ।	Tell him that the trees have eyes again.
और यह सव्वमऊढा पयगंबरी कह सका, ""अम्हे चारी हज़ार मुद्धाए!	And this all drunk prophet could say, ""I have got four thousand faithful!
सौर ऊर्जा उद्योग में पिछले साल 67 प्रतिशत की वृद्धिः क्या आप अपने भविष्य के लिए सर्वोत्तम निर्णय ले रहे हैं?	The Solar Energy Industry Grew 67% Last Year: Are You Making the Best Decision for Your Future?
19सो ण ऋतुओ का चंदो कायमो, तं ण देंतो सूरं जाणइ ।	19 He hath made the moon for seasons: the sun knoweth his going down.
जोआन किं पि अलज्जइ च्चिअ तरुण होइ, ते 4 जुलाइ 1949 ता जेण वि मैरी ण भुलोमि ।	Joan was too young to remember anything, but Mary and I will never forget what we saw that 4th of July 1949.
किं एहि अवसयं खोसिज्जंति अम्हे वि अहरहस्सं ।	Will we and other cities lose this opportunity now?
अहअं च्चिअ ण कहिज्जइ आर्थरं, ण सुखी कहेइ सो च्चेअ	No wonder she calls him Happy, not Arthur.
10:35 और हमारे विश्वविद्यालयों के सभी इतिहासकारों ने सर्वसम्मति से इनकार क्यों नहीं किया?	10:35 And why have all the historians in our universities not unanimously refused
पोडेमोस को यूनान के बारे में दो रणनीतिक संदेश भेजने की कोशिश करनी चाहिए थी ।	Podemos should have tried to send two strategic messages about Greece.
आदम्सं तेण स च्चिअ उज्जोएण जो महाणं, सो महाणअरणस्स अणुमरणो होइ	Adams, and the flashing they made in the sun reminded me of the reflection of a great mirror.
थोड्याच कालमे मणुस्सत्तं खया ""।	Shortly after, the human era will be ended.’
थोड्याच कालमे मणुस्सत्तं खया ""।	Shortly after, the human era will be ended.’
111 जो को वि पावं करे सो तं तं विरद्धे करेइ ।	111 And whoever commits a sin, commits it only against himself.
(तेण वि तिसं वाहेण पवित्तं, तेण तिसं च्चिअ कालपरिमाणं ।	(Three times they say He is holy, and then they give three time periods.
#87 अज्ञानं पसारिओ किं तव कम्मं?	#87 Is it your job to spread ignorance?
माणवसन्निसदंसणस्स अहव्वाणं, ईश्वरेणदंसणसं व ण भयमग्गो ।	The proud stand more in fear of men’s judgment than of God’s judgment.
और सव्वं प्राकृतं जीवं ईश्वरीयवाक्खं हवेइ ।	And all natural life has to come by God's spoken Word.
तेण तेण इच्छंति तेण युक्रेनमें दूरंतो दूर पुलिओ ।	That's what they wanted and they went a bridge too far in Ukraine.
अव्वो अन्तिमे कालेण धम्मेण शान्ति रज्जा ।)	It will be a place of peace and safety for the righteous in the last days.)
(कस्स ग्रहं मग्गो जीवं च रहस्यं अज्ज वि मोढा ।	(The mystery of a planet and its central life has not yet been revealed.
सअण्हा ण होइ जइ ण होंति सा णह जाणइ, सो न्यू यार्कमें जिविज्जइ जीअस्स	She does not know what will become the youngest: he will succeed his life in New York?
6 मिर्जाणाअमे कत्तो विश्वास करीवोम्?	How much can we believe Mirjana? 6.
इबराहीमुस्सतण सुहिअस्स!	Abraham’s servant was so happy!
दक्खिणो होइ जह ण होंति, सो सङ्केतं तुज्झ सच्चं आयरियव्वं ।	He saw that if there is suffering, it’s a sign that you are practicing in the correct way.
फ़िरऔन की पुत्री का पुत्त्र कहे जाने से इंकार किया,	refused to be called the son of Pharaoh's daughter,
अम्हे वि आशाएहि जे ID1 > इअह उवज्झा लहेहिइ	I also hope that #31 will get this deserved title!
णओ - तेण तुज्झ वहुआइ इटलीअधिकारीओ तेण तेण	NO - It is up to the Italian authorities to decide if you can get married there.
एत्थं 4 नगराणि जावं, ण्हाणं 12 सम्भावाना ।	Take this to 4 towns and you have (iirc) 12 possibilities.
जंजं व्लादिमीरुअ तुज्झ किं कहेसि ।	Just tell us what Vladimir has on you.
तेण इमाणें सव्वं राष्ट्ररक्षा ।	Thus, this is a war to defend the nation.
तेण इमाणें सव्वं राष्ट्ररक्षा ।	Thus, this is a war to defend the nation.
तेण इमाणें सव्वं राष्ट्ररक्षा ।	Thus, this is a war to defend the nation.
सव्वेसिं जणं हवेऽ कंइक तहिं दट्ठूण, जं कंठिउं वा लल्लं व	One night everyone saw in the air something [that looked] like a staff and spear.
परंच पंचवर्षं दीहरा कालहो । (हसंते हुए) किं तेणवर्षं परं ण करेसि	But five years is a long time. (laughs) Can’t you do it in three years next time?
सच्चं पवज्जणं सव्वं जीवंतस्स स्वप्नं ।	It is the dream of all my life: to possess the Truth.»
वालअ तुमं चिअ वल्लहो वि, सव्वे मग्गो गुरुमो मरणस्स किं वदंति	You can talk about it; in fact, all the religious teachers talk about death.
ख. किं तेण ण इच्छसि जे तव तणाइं व्व धान वड्ढउ?	B. Don't you want that your plantation produce a lot of rice?
जँ अहाँकेँ लगैत हो जे अहाँक यात्रामे आनन्द आयल अछि तँ ओ दान स्वीकार करैत छथि (आ प्रोत्साहित करैत छथि) ।	They do accept (and encourage) donations if you feel you have enjoyed your visit.
घंटो घंटो'संकटो'होंतं, परंतं तवस्संकंप्यूटरं कए कमायोमि ।	Each hour was a 'crisis' but I made it thanks to your little computer.
ओ वाः ""एत्थ गुरुओ पुच्छिज्जंतपुस्तकं ।	Or: “Here are the teachers asking to send books ...
एत्थ परं मणुस्सुत्त्रस्स महिमा जाता, तेण ईश्वरेण महिमा जाता ।	Now the Son of Man is glorified and God is glorified in him.
एत्थ परं मणुस्सुत्त्रस्स महिमा जाता, तेण ईश्वरेण महिमा जाता ।	Now the Son of Man is glorified and God is glorified in him.
एत्थ परं मणुस्सुत्त्रस्स महिमा जाता, तेण ईश्वरेण महिमा जाता ।	Now the Son of Man is glorified and God is glorified in him.
एत्थ परं मणुस्सुत्त्रस्स महिमा जाता, तेण ईश्वरेण महिमा जाता ।	Now the Son of Man is glorified and God is glorified in him.
तेण वि तेण उत्तर च्चिअ ण देव्विसच्छा ।	Neither was his response, “It was not the will of God.
जेफ अंतरिक्ष से लौटता है... या वह?	Jeff returns from space ... or does he?
एत्थ असईओ कई गोए होइं, तेण मूसाकं भणिआइं	There were several cows of this color, they told Moses.
2. 2. 3 क्या यूनानी इसे अलग तरह से नहीं करते हैं?	2.2.3 Don’t the Greeks do it differently?
जूनमासं नोंथांनि जिविअवसाहारा जागोन ।	Your way of seeing life will shape the month of June for you.
अज्ज, प्रयोक्ता संभवतः 1,000 घंटो वेखिज्जइ अथवा परियोजना छोड़िज्जइ ।	Today, the user would likely wait 1,000 hours or abandon the project.
एत्थ कज्जं च्चिअ ण कहिज्जंति, उपभोक्ताइ मेहो मेहो च्चेअ	Never better said, the consumer is in the Cloud.
इसके बजाय, 1961 कन्वेंशन की कम प्रतिबंधात्मक सूची III की सिफारिश की गई थीः	Instead, the less restrictive list III of the 1961 Convention was recommended:
लेकिन, अब तक कुछ भी महत्वपूर्ण नहीं हुआ है और न ही इससे नोर्ड स्ट्रीम - 2 परियोजना प्रभावित हुई है ।	So far, however, nothing critical has happened and it does not affect the project of the Nord Stream - 2.
किं ते च्चिअ ईसा अम्ह देअरए, अथ वा तेण वि तेण मग्गो वि?	Were they for the infant Jesus or for a much bigger purpose?
अणुणअणाणं चिअ उवऊढो, अणुराअणं जीएमि जाआइं	Recognizing one of its symptoms, we recall, we bring back to life the others.
जेण चरिक्खणाणं ण होइ तं ईश्वरा सदृशं ण होइ ।	A creature incapable of thus forming character would not be in God's likeness.
और जेलघरं से अंधारे बैठे हों ।	and those sitting in darkness from the prison house.
आंद्रेअ, अम्हे वि मरिएमि, ते च्चिअ मरिएमि ।	We too may die, Andreth; and we have died.
पुच्छिउ किं तेऽ पिओ च्चिअ	Ask if they are crazy enough.’
कर्मचारिणो वि तेण एहिसंरक्षा अपेक्खंति - अहव सहीहि अहव!	Employees also expect this protection – and rightly so!
एत्थ 180 गोलियाँ बनाना वि मए कज्जं ।	Even making 180 of these pills is doable for me.
तेण णववविसंधिवंधेण विमंसणेण वि, तेण वि अप्पाणं चिअ कत्तो कत्तो थैंक यू सो!	In this case, you can thank, despite all the criticism of the new developments, sometimes!
11: 12 तुम ईश्वर की चुनी हुई प्रजा हो, पवित्र और प्रिय हो ।	You are God's chosen people, holy, and dearly loved (3:12).
हा, कस्स वि विल विन! अप्रैल 2015 आम सम्मेलन	Yes, We Can and Will Win!April 2015 General Conference
ई. यू. जेण जेण पश्चिमआफ्रीआण देशाणं मच्छिमित्तं संझौताएण (5,6), तेण सव्वासुएण यही बात होइ ।	The same thing has happened in all the west African countries with which the EU has maintained fisheries agreements(5,6).
15वीं सदी के बैंकरों के बीच यह टकराव हमें क्यों बताता है?	Why this confrontation between bankers of the 15th century speaks to us?
वीस साल बाद, वह बच्चा इस तस्वीर को एक बेहतर अफगानिस्तान में देखेगा ।	Twenty years from now, that child will see this photo in a better Afghanistan.
जेण पेम्मेण जं ण डड्ढसि, तेण ठण्ढेण मरंति बहुगुणा ।	On the day when you no longer burn with love, many will die of the cold.
किं तिसीं आज्ञा उल्लंघिअं सरलसंवादेण?	Are you breaking the third commandment in ordinary conversation? 6.
कंधनिर्माणं नांहं कुणंतीए, भवननिर्माण समुदायं ण हंउंतीए ।	We say no to building a wall and say yes to building community.
489 तुम जानते हो कि यह संख्या तुम्हारे पीछे क्यों आती है?	489, do you know why this number follows you everywhere?
1978 के नियम और निदेश कहाँ से आते हैं?	As to the rules and directives of 1978, where do they come from?
जं जं दासं दिट्ठसि तं जंजीरझंकिओ ।	Strike the chains off every slave you see.
1933 में स्पेशल ऑर्डर 48 में नाजियों ने ठीक यही कहा था - हम आपकी रक्षा के लिए ऐसा कर रहे हैं ।	I will tell you that that’s exactly what the Nazis said in Special Order 48 in 1933 – we’re doing this to protect you.
और वह हमे उनके नियंत्रण से थोड़ा बाहर कर देता है ।"" - केन केसी	And that makes us a little out of their control. — Ken Kesey
अण्णं संस्थापकदंसणे'सव्वं मग्गो पब्भेइ'।	In the vision of our founder, we seek to ""find God in all things.
19, 000 से अधिक लोगों ने हमें बताया कि वे आधुनिक सार्वजनिक शिक्षा प्रणाली में क्या देखना चाहते हैं ।	More than 19,000 people told us what they want to see in a modern public education system.
एहि सम्बन्धमे वस्तुतः अहाँक कनेक्शन यूक्रेनक बाहर जायत ।	In this connection, virtually, your connection will go outside Ukraine!
सोपानं \1: नोंथांनि मावसाफोरा दा जागायजेननो हायो ।	Step 3: Your employees/users can start now.
अम्हाणं वअणाइं दो दो वि युक्रेण भणिआइं, मं मणुस्सं यूक्रेणिवासियाओ होंति ।	Ukraine” was mentioned twice in our statement but I believe Ukrainian workers should be given more attention.
तेण तुज्झ अम्हे वि वंदणं कुणं ति, तेण रोमं पवित्तं करिअं तेण ।	We thank you very much because with these schools you will sanctify Rome.
उत्तरः अब्राहमआ मोनसे आदब जौगाहोदों ।	Answer: There is a method that Abraham developed.
और अब पहले से भी ज़्यादा, हमारे राष्ट्राध्यक्षों को सुनना बेहतर होता ।	And now more than ever, our heads of state had better be listening.
कोहो कहेइ जणो होहि लोहिओ, जणो वि कअविरहो होहिइ वअणं	The Anger person will say, ""You gotta be tough with people.
रुमानिया के भुलाए गए घोड़ों की मदद करो ।	Help the forgotten Romanian horses!
पहरुणाणं मज्झ संदेसो, गार्जंडं मा होंतु ।	My message to the troops is to not let down the guard.
हमे बस उसकी ज़रूरत है कि वह ऐसा करता रहे - सिटी से ज़्यादा इंग्लैंड के लिए!	We just need him to keep doing it - more for England than City!
रुमानियायाव जंजं इच्छामो तेण ब्लैक फ्राइडे ।	Only in Romania, we have Black Friday whenever we want.
एक बार जब हम एकजुट हो जाएँगे, तो हम यूरोप और अमेरिका के बीच 1,000 नए कनेक्शन दे पायेंगे ।	Once we unite, we will be able to offer 1,000 new connections between Europe and America.
भुमीए देवा महिमा शान्ति अभेद्य अछि ।	God’s glory and peace on earth are inseparable.
णिव्वुअस्स वि अम्हाणं करुणा देवीअस्स, अम्हे वि तीअ वड्ढअस्स पुत्तअस्स ।	It is the loving compassion of God, even greater than that of a mother for her child"".
पहिले आदम की शक्ति उसके सामने मरनी चाहिए,	the power of the first Adam must die before him,
(T) का अर्थ मूर्त भी हो सकता है	(T) can also mean Tangible
तहसिअअअम्मिणिअस्स जाआइं भमरो 60,000 एफ. पी.	You need to be at 60,000 FP before you can marry him or her.
भगवत्तं वहत्थाणं मए वि पुस्तकां ।	My books are about killing God"".
ण, ण त्थि ण, अम्हे कम्मेण प्रेरितः ओ1	No, of course not, we were inspired by the work of:
(2) न, धर्माधिकरण के पीड़ित ।	(2) No, not the victims of the Inquisition.
अम्हाणं गोवे मरिए दो जिउणं	It will cost two lives if our cow dies.
जेण तेण मज्झ अविवाअत्तं त्थि, तेण एव तेण समुव्वत्तणस्स कारणं ।	If they are disloyal to me, then that is sufficient reason for their dismissal.
केनिया और नामीबिया के खिलाडियों को कितने साल से जीतते देख रहे हो?	How many years have you seen guys from Kenya and Namibia winning?
मं सच्चं मणुस्सं कीअं तहिं वअणं अब्राहम सअम् एव ।	I truly believe this promise is made to me as well as to Abraham.
जइ मए ते जाआण मित्तरेण सअण्हा, तेण तेण कहेमि	Even if I'm there with my friend named Jack, I say,
लिबरमैन अम्हाणं वअणं ण करेइ, अहअं सव्वोअणो भणिओ	Lieberman is not talking about us, say most citizens.
मुहंमद सफल न होंतं, जे उवमत्ता व अधीनता का उपदेश दितं ।	Muhammad would not have succeeded had he preached humility and submission.
आम तौर पर हमारे पास तीसरा मेहमान, तीसरा माइक्रोफोन होता है ।	Normally we have a third guest, third microphone.
अण्णाणं आवश्यकता तुज्झ वि जंपसि तुज्झ वअणाणं ।	Your interpretations of your brother’s needs are your interpretation of yours.
पब्भंतरं तुमं मए कंइक दिट्ठो	But I see something in you (you're paranoid)
डब्ल्यू. टी. ओ. के बनने के बावजूद अब धारा 301 लागू है ।	Section 301 is now despite the creation of the WTO.
णिअत्ताइ कोह्न वारेमि जाआइं, सव्वं वड्ढवाणं सो वि मुहेहि वि	Let us go back to our Mr. Cohn; he certainly has beaten all records.
14 सितंबर, 1997 को उनके परिवार ने एक अप्रत्याशित निर्णय लिया ।	September 14, 1997, it was an unexpected decision of his family,
तेण तुज्झ को ण दूइ वअणं लहेइ, तेण जेण बारह जणं पुणो देवं समप्पंति	For someone else will replace you, in order that the twelve may again come to completion with their god.
एहि बेर अहाँ काउबॉय जैकक रूपमे खेलइ ।	This time you play as cowboy Jack.
तुह वि राजकुमारी, ण्हाण ठण्ढे घरे	You too, oh princess, in your cold room
309, एहि सन्दर्भमे एकटा कार एकटा पृथक मामलाक रूपमे देखाइत अछि ।	A car appears as an isolated case in this context, 309.
रेणाण उत्तरोत्तर इअच्छीए, ""हिअअट्ठिअमाणस्स मरियं लोए जीएण देवं ।	Renan attempts an answer by saying, ""The passion of a hallucinated woman (Mary) gives to the world a resurrected God.
म 1: अम्हे मणे पाश्चात्यमहिलाणं बहुअं उत्तमा ।	MS: Well, I think that the situation of the Western woman is much better.
क"" अक्षरं वल्लहाइं कस्स ।	‘Use the letter K to make things funny.’
(दस आज्ञाओं मणुआइं तेण ण मणुअं, तेण मणुयइ अम्हे वि ।	(We are not obeying the Ten Commandments because they save us.
उव्वसिअम् एंतं सअंतीअ लोहं पाएंगी ।	She only believed she would find seven of their blood.
ईश्वरीयसृष्टिए सव्वं जाणइ व भए, सो च्चिअ प्रगतिशील ।	Like everything else in God’s creation, it is progressive.
तहिं तहिं वन्यपशुओ होइ तं किं वा वल्लहो होइ ।	There is a wild animal there that has to be locked away one way or another.
ईश्वरीयजंतुअविरुद्ध सैताननि दावहाया नोंथांखौ मा गोहोम खोख्लैयो?	How does Satan's war against God's people affect you?
तेण तेण सा तुज्झ सा 50,000 ण्हाणं, तेण स च्चिअ तेण हिअअअं ति	That’s because it’s been made for you and not for 50,000 people kind of like you.
एफ़. बी. आई. तत्व 115 में रुचि रखती थी, वे कहते हैं ।	The FBI was interested in element 115, they say.
परंतु तेण परिअत्तेण पिओ होइ जेण ईश्वरेण सहागयइ ।	But they have ministering spirits sent from the Presence of God.
(ङ) ""साधारण कुत्ता जो खाएगा लोमड़ियां उसे खाएंगी ।	(e) ""Foxes will eat anything the ordinary dog will eat.
जं जत्थं गच्छामि, तं बॉक्समे कैप्टन जैक लहेमि ।	Wherever I go, I bring Captain Jack in a box.
गुबुन सोदोबफोरावः ""80 जिथायाव जोंनि जेहादनि बेसेन होनो थाखाय धन्यबा ।	In other words: “Thanks for paying for our jihad in the 80s.
(नासा की विभिन्न सेवाओं से प्रारंभिक प्रश्नों के उत्तर की प्रतीक्षा कर रहा हूँ ।	(I am also still awaiting answers from various NASA services to the initial questions.
जिम कैंप पर लौटते हैं... उनकी बड़ी शिक्षा थीः	Back to Jim Camp… his big teaching was:
चेन चेन तुज्झ व्व सा च्चेअ, सो च्चिअ ण सच्छं शान्तं जीवइ ।	Chen Chen is like you, he cannot simply live a quiet and peaceful life.
अण्णो च्चिअ चिंता करिओ सो वि तुमं चिअ व 25 गुणा खया कओ होइ	Not only that, think about it, you would have spent that time and money 25 times!
2007 से, 70.000 कामगार ई. जी. एफ. वित्तपोषण से लाभान्वित हुए हैं ।	Since 2007, 70.000 workers have benefitted from EGF funding.
परंतं इमाणें लक्ष्यां सिद्धी करणाइं चिणआपाकिस्तानाइं बहुविरुद्धाइं (अध्याय 5) ।	But to achieve these goals, China and Pakistan face multiple challenges (Chapter 5).
अम्हे वि ण भणिज्जइ तेण वि हिअअम्मि, सो च्चिअ सुहं च दोसो च्चेअ	I hate that 'B' will suffer because of this and he's innocent.
जी हां, वे इंसानों की तरह ही कुशल हैं या होंगे (5.2%)	Yes, they are or will be just as efficient as humans (5.2%)
की होइत छैक जखन 30 करोड़ अमेरिकी वास्तवमे बुझैत छथि जे भविष्य की तरह देखाइत अछि?	What happens when 300 million Americans actually grasp what the future looks like?
8 स्टेशनपर मे जंपइ भणिओ, तेण तुज्झ विज्जा धण्णाअं लहेइ ।	As I have mentioned at the 8th Station, you will receive a special blessing.
8 एसा तरजमा किसि सम्भव होइ?	How will these translations be possible?8
कुलसमुहआव इसोरनि आखुथायनि बागै शास्त्रफ्रा मा खिन्थायो?	What do the scriptures indicate concerning God’s attitude toward the family?
किऊण आर्थिकं राजनैतिकं केणइ मए तेण वड्ढउ)	Like I would post something financially or politically on his BD).
जिहाद का मतलब है तुम्हारे और मेरे लिए कुछ, मुसलमान के लिए इसका मतलब कुछ और है ।	Jihad means something for you and me, it means something else for a Muslim.
3 - () सुप्रसिद्धरच्छासु लोएइ ।	3 - () is lost in well known streets.
इबराहीमनि आलासिफोरखौ खिन्था ।	[15.51] Tell them of Abraham's guests.
सव्वं स्तुति ईसा एक्कम्मि जीवं परलोकं ।	To Him belongs all praise in this first life, and in the Hereafter.
सो च्चिअ देव्वाज्ञा जं कहेइ ते जाव ण तहिं ।	God's Word said that they would go out of there.
हो सकता है कि यह # मॉर्निंग कॉफी # कॉफी क्लब और कई अन्य हों ।	It can be # morning coffee # coffee club and many others.
सो यिस्रायेलीओ ससंकंठं प्रतीक्षमाण होंतु, सो तं पवित्तं पवज्जिओ ।	He was waiting for the consolation of Israel, and the Holy Spirit was on him.
/ / अम्हाणं समाणं भवति - सरलपवित्रस्स परं किं प्रारंभा?	// We have an end - is it after the parent simple begin?
हेगलरः सो च्चिअ तहिं करेइ ।	Hagler: He’s running, [doing] that pitty-patty thing.
इ - 313 तेण साक्खिपइणं दीयं तुज्झ जीवणे किं पि किं पि, तेण जाणसे	E-313 You've testified that there is a little something in your life, you know.
टॉम, आदमी का नाश करने के और भी तरीके हैं, हम दोनों जानते हैं ।	We both know that there are other ways of destroying a man, Tom.
और सीज़न 4 में मेरे पास कुछ चीज़ें हैं जो जेरी के साथ आती हैं ।	And in Season 4 I have some things that come out with Jerry.
संकल्प 2401 अब भी जीवन बचा सकता है ।	Resolution 2401 can still save lives.
जीवं परिवर्त्तणइअं सच्चं पवज्जमाणस्स, ध्याणं च कज्जणणणाणं को न होइ ।	No one is present to watch us memorize and meditate on God's life-changing truths.
वह सर्वोत्तमसंपत्तिअमे से एक (पूरे परिवार के लिए) जो हमे मिली ।	One of the best resources (for the entire family) we have found.
जेण इमीण बालको अज्ज जलिआइं तेण जणं परस्परं वहइ पुनरुत्थानस्स संकेतं ।	The light the children have just lit and that we passed to one another is a sign of the resurrection.
सव्वे जाणइ जे व्यक्तिगत परिस्थितिक कारणेण स्पेन महं खिच्चइ ।	Everybody knows that due to my personal situation, Spain attracts me.
इ 31: सो सिमोनं चेअ जाणसि ।	E-31 Well, of course, you know Simon.
एहि ग्रन्थक अन्य व्याख्या सेहो offered.183 रहल अछि ।	Other explanations of this text have also been offered.183
तह वि णिअत्तणदंसणअरअस्स वि ण भण्णइ सोण्हा मज्झ अप्पाणं	Yet, after The Warning there will be no excuse for them not to sit up and listen to My instructions.
संकटकालमेओ जह वड्ढंति तत्थाइ सज्जः	When more people around you are prepared for a crisis:
ओसभकेँ बेसी बेर अस्पतालमे भर्ती कयल जाइत छलनि (ओआर 1.8) ।	They were also hospitalized more often (OR 1.8).
अज्जं पसिअ तुमं णक्खं पअवीए, किं भणिए सि मज्झ णक्खो सि	When your baby reaches for your nose, cooing, you can say, “That’s my nose.
रोमिसं मिलंपिअं तेन जीएण रेहाइं ।	reconciled, we shall be saved by his life,"" Rom.
अप्पाणं सव्वं भोजनाहि एकहि हत्थेणः 33 प्रतिशत	You will eat most of your meals with one hand: 33 percent
परंतं ईसा 66/1 के विरुद्ध विज्झाअत्तेणाइं ।	However Jesus had clearly warned us against 666:
परंतं जो दाम उणो देंतो सो उणो होइ, सो अप्पाणं लोओ होइ ।	But the price he pays, however, is high; it is the loss of his self.
सरकार या उद्योग [1] बहुधा एहि तरहे काम करेइ ।	Government or industry[1] may often act in this way.
महत्तं महत्तं कर्म्मणिहिं अपेक्खंतिं, तेण तेण महत्तं कराहि ।	By expecting them to do great things, you can get them to do great things.
1 (157) तेण समावेशे मए ण हवे पवज्जामो	1 (157) Into His Presence would I enter now.
और यरूशलेम से उतरनेवाले शास्त्रीओ कहने लगे,	And the scribes who came down from Jerusalem said, ""He has
डौन हीरो, सस्टेनेबल ट्रांसपोर्ट मुमकिन है ।	DON HIERRO, sustainable transport is possible.
और फिर भी, आइये अपने पाठकों को याद दिलाएँ कि यह अनूठा मठवासी गणराज्य कैसे प्रकट हुआ ।	And yet, let's remind our readers how this unique monastic republic appeared.
(ल) णाणं तेण खया चीनी व भए मग्गं ।	(L) No, but he just ate sugar like it was the only thing in existence.
1/2 राजनीतिक वार्ताअमे 1/2 अंतीम गआओ	We have upgraded our political dialogue 1/2
ईश्वरा एहि ग्रन्थे अम्हाणं स्वसन्तति बोहेइ ।)	God is also calling us His children in this text.)
अण्णं भण्णं भणिज्जामि अप्पाणं (दक्खिण्णे)	My brother will feel ------- when I share my toys with him (perspective sentence).
(सोलोमन हमे बताता है कि इस धरती पर हमारा समय सीमित है ।	(Solomon tells us that we have limited time on this earth.
अण्णं मए जो कज्जं सो मग्गो ईसामस्स, अवराहस्स म्ह च्चिअ समर्पणम् ।	What I need to do now is seek God’s will, follow God’s leadership, and submit to God’s sovereignty.
णाणं वि णिद्दं, अज्ञाणं बहुगुणाइं ।	Knowledge is a single point, but the ignorant have multiplied it.
तेण सच्चं सिद्धम् अभवत्, तेण जेण तं करेसि तं णस्सयं ।	So the truth was established, and abolished was what they were doing.
[166] उदाहरण के लिए, पूरे दक्षिण किवु के लिए तीन सैन्य न्यायाधीश हैं ।	[166] There are, for example, three military judges for the whole of South Kivu.
1728 के ठीक बाद वह संख्या क्यों है?	Why that is the number right after 1728.’’
सच्चं संवाहो होइ स च्चिअ सच्चं शान्ति जाआइं ।	In this international assembly, you can truly be instruments of peace by being messengers of truth.
अहअं च्चिअ ण कज्जं कंपूटर जावणाइं)	No wonder we had to wait for computers to be invented!)
जो रियो आएगा, वो सुरक्षित नहीं रहेगा ।	Whoever comes to Rio will not be safe.
(3) किं तुमं राष्ट्रं चालयितुं शक्खिओ?	Are you capable of leading a nation (Democracy 3)?
अम्हे वि आशाएहि जे ID1 > इअह उवज्झा लहेहिइ	I also hope that #31 will get this deserved title!
एत्थ वि उवऊढाए वि अर्जेन्टीना वि अच्छी हालत वि होइ अम्हे वि हआअं	Despite this problem, we are very happy to come back to Argentina with two cars in good shape.
तकम्बः उत्तरदिण्णइअमेत्ता ।	Takamba: The North needs so many things.
अप्पाणं मणुस्सत्तं ।	Mind/Body comes to you.
ओडेटए उत्तरिआइं, मित्तं ण कं ण आसाए ।	And Odette answered, ‘Nothing is impossible to the eye of a friend.’
भुमी तुज्झाण कलंतो पूरिओ ।	The earth is full of your productions.
सव्वं हवे देवीमातुस्स हस्ते ।	Put everything in the hands of the Mother of God.
सव्वं हवे देवीमातुस्स हस्ते ।	Put everything in the hands of the Mother of God.
किं त्थि तुमं गुरु होसि रब्बी, पंचमं दीक्षा ते ।	Because, you become a master, a rabbi, only in the fifth initiation.
जइ आसं समुद्धो स्याही व्व कआरो होइ,	If the sky and the sea are as black as ink,
जइ मअरं रसूलामि, ते हवे प्रकट करिज्जासु ।	If I be God's Prophet, He will manifest it now.
तेण विरद्ध खेलणु दुस्वप्नइ ।	It is a nightmare to play against him.
अण्णं च्चिअजणोत्तराइं किं ण वेच्छंति, भणिउं किं व...	We don’t know why they aren’t sold outside of the People’s Republic of China, but ...
सव्वं मणुस्सत्तं पवज्जउ धम्मेणं भूएणं सव्वेणं, जहिं सव्वे मणुस्सा देवभयं भणिज्जउ तं ण पूज्जउ (श्लोक 6,7)	God’s true gospel must first of all be preached to all the peoples of the earth in order that all men may fear God and render to Him glory and worship (verses 6 and 7),
परंतं परं ते (कुरआण व मुहमद्दुसंदेशं) मिच्छंति मुद्धा ।	But on the contrary, he belied (this Qur'an and the Message of Muhammad) and turned away!
णस्सस्स कामस्स लोए [धम्मे] ।	A person’s sexuality belongs in [the] private [sphere].
अमापसुण्णेण कज्जं जणम्मि णिव्वत्तिए, जं कहेइ देव कृतज्ञहिअअं पेच्छइ	An overwhelming gratefulness shall bring forth the action necessary, for it said, ""God loves a grateful heart"".
अण्णो वि ते च्चिअ जइ समअंति जप्पाण मज्झो, चारी गुणा ण वड्ढउ	In the end, I think they will agree that Japan will increase their payments, but not four times.
अण्णाणं पिअविरहो अम्हे वि दुक्खिओ वि, ण जाणमो एल्लाहकच्छा ।	Though we are sad about our children, we know it is Allah’s will.
अपनी सामग्री बनाने के बाद आप क्या करते हैं, वही वास्तव में मायने रखता है ।	What you do after you create your content is what truly counts.
अन्नाआ खिणइ जे ता थॅंक्सगिविंगा जिणइ वा	Anna hopes to hear if she won by Thanksgiving.
मं एकअमेरिकी लेखक इच्छामि, सो जुवान होंतु ।	I need an American writer and I want him to be young.
जेण उवएण कओ ण कओ इनामाओ होंति, तेण वि हवे तुज्झ वि पुरिसाओ होंतु	He expected some kind of reward, just as you two now hope to be rewarded.
तेण मुद्धे कज्जं भणामि, तेण अज्ज वि युद्धे वससि ।	You have done a foolish thing, and from now on you will continue to have wars.
तह वि देव्वाणं कज्जं पि किं पि फत्तेण..	Then if God's ever called on the scene for a decision...
अण्णं च्चिअ ण सुणिज्जंतो तेण अ तेण पैग़म्बरं ।	If we will not hear His Word, He sends us the prophets.
व्यक्तिगत रूप से, हम इस सप्ताह अपनी अस्थिरता देखना चाहते हैं ।	AS INDIVIDUALS, we want to watch our own volatility this week.
बिनि उनाव, लामा दिन्थिग्रा महरै गावनि सुंद'खौ बाहायना, मोनसे उनाव मोनसे नुथायफोरखौ फारिलाइ खालाम ।	Then, list the scenes one by one, using your summary as a guide.
तेण विणा तेण सीखो मार्क जोयनेर ।	Except that now you can also learn them from Mark Joyner.
टोमः तेण वि तेण तहिं होइ, परं तुज्झ अम्हाणं तंतं ण समज्झिहसि	Tom: It would be similar to that, but you would not understand our technology.
दे सुहअ मज्झ पियेर तह मेज़अंगणस्स आसनं ।	Save me a beer, brother, and a seat at the table.
तेण दिण्णं तुज्झ ईश्वरेण विरहो ।	That's the day you separate yourself from God.
किं दो हिअअं व जीवं रक्खं सक्कं?	Can one life and two hearts be saved?
\1: सव्वेसिं नैतिक रूपसँ स्तब्धकारी ।	B : partly morally shocking for all;
मैं इन दो अतिरिक्त घोषणाओं के लिए चीन और अमेरिका की सराहना करना चाहूंगा ।	I would like to commend China and the US for these two additional announcements.
सव्वं जाणइ समयो पत्तो, अणुराअस्स जाणइ फलं ।	Everything ripens at its time and becomes fruit at its' hour.
जो कआओ सो ओस्वाल्डो वा दोगुणो वि यहूदीओ ।	the Jews because of what he, or Oswald, or both of them, had done.
जहिं अम्हे एकत्र होइंतो तहिं सत्तं ण होइ ।	You have no sovereignty where we gather.
जहिं अम्हे एकत्र होइंतो तहिं सत्तं ण होइ ।	You have no sovereignty where we gather.
किं इअ तं कहेइ पिओ पिओ वि गव्विआए वि जीएण, म्हो कआवराहेण पिओ होइ व्व	Does it also tell him that, like so many other creatures in the past, his role is finished?
किं ण जाणंतं किं तं अम्हे सव्वं मिट्टाइं?	Know ye not why We created you all from the same dust?
किं ण जाणंतं किं तं अम्हे सव्वं मिट्टाइं?	Know ye not why We created you all from the same dust?
एहि शुक्रवासरे अम्हे जाणइ जे ओ डेविड बेकहम केँ किनइ इच्छंति वा नहि ।	On this Friday, we need to know whether they want to buy David Beckham or not.
अंस अणुणो पिअस्स एह वि अम्हाणं की आसा करेसि?	- What do you expect from us in this case, vampire ? asked Anos at last.
केंचु च्चिअ लोयं बदलिज्जइ डॉ. राबर्ट लाडोए ते!	Some people can change the world...and that was what Dr. Robert Lado did!
उवम्हें मौका दें और उवमें विश्वास रखे ।	They should give us a chance and they should believe in us.
तुर्कीयारो भणिओ जं जं मए ण दण्डं, णिव्वत्तिओ गहुरो गहुरो होंति	The Turks say that they must punish me wherever I am; the danger is very serious.
ईसा जं कआ जं ण भणओ तं तं तं देवस्स वचनं सह वड्ढउ कस्स?	Who are we to argue with God’s Word concerning what Jesus did or did not say?
- (एत्ताहे च्चिअ वरगोत्तणस्स ते तुज्झ संदेहो)	– (Now you have no doubt that this is a product for couples)
देव्वाणं सच्चं ते सच्चं, तं चेअ उवज्झिज्जामि ।	God’s words are correct, they are the truth and I acknowledge them.
तं जं चिअ चिंतेइ तं तं अविण्हाणइ समुदायं, तेण वि तेण वड्ढइ शक्ति ।	There is no power greater than a community discovering what it cares about.
और जेण तेण वि प्रथमो ण होंतु, तेण दो च्चिअ तुज्झ मारेइ	And if they do not have the first, the other two will kill you.
मए कत्तो च्चिअ परिवर्तन ण दिसइ आ केण वि मणेइ जे ओ भूतपूर्व राष्ट्रपति बुश सओ वड्ढेर ।	I don't see any change and in some aspects I think he's worse than former President Bush.
एहि प्रकारे ई एकटा विषाणुक रूपमे काज करैत छैक आ ई दोसर देशमे पहुँचल जा सकैत छैक ।	It thus acts as a virus and should have reached other countries.
दानियेल जेण विओअच्छाएण तेण मित्ताणं महत्त्वपूर्णं पदोन्नतिं (ii) ।	At Daniel's request, too, his three friends received important promotions (ii).
परंतं इअ वज्जं मए अण्णं पच्छा ।	But in this affair I totally trust my brother"".
एत्थ च्चिअ विरहे कुटुम्बीएण विणा विरहेण ।	It might be better than living here as an outcast from my own family.
बिसोरो बेफोर सुबुंफोरखौ फारिलाइ खालामदोंमोनः 28 सन्दिग्धाः	They listed these people: 28 suspect.
मए भणिए कओ कओ तहिं कओ जे ब्रायन संग होइ तं सअण्हं ।	I also think it was because he saw what had happened to Brian.
और वे लिबिया के लोगों की ओर से आपको एक उपहार - धन्यवाद गीत - भेजना चाहते हैं ।	And they want to send you a present - a song of thank-you from the Libyan people.
एत्थ णवचरं पि णाम संभरइ सम्भरं	I remember now —the new creature uses it.
तेण इसराएलीओ पसाअं मोहणं तेण मोक्खणं ।	and Savior, to give repentance to Israel and forgiveness of sins.
ते [अल जजीरा] जाणइ तं अणुबीणुअंदाणं, तह तं गअणेहि लहं इच्छंति ।	They [Al Jazeera] know they are under the microscope, and want to be taken seriously.
उव्वह कीजिए छंदो कहेइ जे लोओ वाहीओ लोओ, लोओ ण ईसामस्स ण सुणइ	Notice that the verses say that the people are rebellious and lying, and will not listen to God’s Law.
दाविदः अप्पाजी, किसिछुविज्जंती कस्स?	David: Do we need to have faith in anything, Papaji?
45 मिनट फेसबुक पर रिक से बात मत करो ।	Don’t spend 45 minutes on Facebook talking to Rick.
यूक्रेन दूसरा बेलारूस या उससे भी बदतर बन जाएगा ।	Ukraine will become the second Belarus or even worse.
सुभाग्यवसं, बाजारा अज्ज मज्झं पयासब्दे 5अस्स ।	Fortunately, the market today offers us alternatives to the Prophet-5.
जेण पेम्मेण जं ण डड्ढसि, तेण ठण्ढेण मरंति बहुगुणा ।	On the day when you no longer burn with love, many will die of the cold.
अज्ज रातिओ सोत्तुं सोत्तुं तेण पुट्ठस्स मंदरकस्स ।	He will lie down with you tonight in exchange for your son’s mandrakes.
जेण णामेण अम्हे वि होइ तं पिआइं, तेण वि तेण पिओ सो च्चेअ परिणामो ।	Bring us another monster by whatever name, he will suffer the same consequences.
तह जांचणए तुम कहोगी, हा, जरा घमंड करो ।	In examining it, you will say, ""yes, a little pride"".
रियो में उन्हें उम्मीद है कि वे इस सूची में चौथा स्थान हासिल कर लेंगे ।	He hopes to add a fourth to that list in Rio!
अथवा की कअव्वालअमेरिकन राष्ट्रपतिया सो कआओ जे रूसियनो तेणइ सणि सणिमो?	Or that a young black American president would do exactly what the Russians did all those years ago?
1996 से चल रहे, हम संयुक्त राज्य अमेरिका में उपलब्ध बैंकिंग सुरक्षा के उच्चतम स्तर की गारंटी भी देते हैं!	Operating now since 1996, we also guarantee the highest levels of banking security available in the United States!
(हसिअं हसिअं) सामर्थ्य तुममें है और (सच्चं भणिए) प्रक्रिया तुमं प्रारभइ जाआसि ।	(Smiling) You have the capability and (quite frankly) you have already begun this process.
अण्णं पावणी अपाहिणी होमि, परं पवित्तं अप्पाणं पवज्जामि ।	I am a sinful and unworthy woman, though I am guarded by holy Baptism.
आसं च्चेअ एअं जंपमाणा सव्वं सच्चं होइः), आर्मंड	I hope that these words are still true in a million years :), Armand
इयं भुमीए दस हजार दिग्री होइ ।	It will be ten thousand degrees on the earth.
10, 000 घंटो के लिए कुछ भी करने के बाद सच्चा पेशेवर बनने के बारे में क्या कहा था याद कीजिए?	Remember what we said about becoming a true professional after you've done anything for 10,000 hours?
उअहं चइरओ महत्तं कज्जं करिज्जाणं, दाविद एण्णा अण्णं पुलाओसंति ।	They have four major tasks to perform, and David and Anne are going to be all over the space station.
कनाडाई मीडिया कब पूछने लगी - क्या हमारे देश में यही समस्या है?	When the Canadian media started to ask – is this a problem in our country?
एत्थ धरित्रीए वि ते देवऽ छलाह, अहं मणुस्सयं ।	He was God even while here on earth; I am but a man.
अम्हे वि उअअअ वड्ढंति अम्ह वि, जाआउ त्थि तुज्झ तणुआउ थएहिं	We are growing, grow with us! thg offers you much more than a job
444 जाआइं तहिं समअं जीवणस्स स्थिरतावहं	When 444 shows up, it’s time to create stability in your life.
ओ स्यानोन आकि कोसा के सुझाउ देलनि ।	She recommended SANON or COSA.
जाहिरा तौर पर, पहला वे होंगे जिनके पास यूक्रेनी पासपोर्ट भी नहीं है ।	Apparently, the first will be those who do not even have Ukrainian passports.
अव्वो केत्तिअमेत्तं हवे तेत्तिअम्मि इच्छंति जेण जीससब्भणिज्जंति	How many is there present now that would like to come forward and--and give their hearts to the Lord Jesus.
टॉम को पता था कि मिस्टर ग्रीनलीफ जैसे पिता से क्या कहना है ।	Tom knew just what to say to a father like Mr Greenleaf.
परंतो तीसओ होंति, ते च्चिअ सुहं पवज्जंति ।	But there are thirty, and they live in peace and happiness.
जेण जेण पेच्छह तेण सव्वं । NET Core णंतं वसंति	Everything you love about .NET Core will continue to exist:
वाओ तरंगो जेण सृज्जंतो तेण वि तेण ।	The very Creator, that created the winds and the waves, was in Him.
पुछिए टॉम क्रूज आपके लिए क्या कर सकता है और क्या करेगा ।	Ask what Tom Cruise can — and will — do for you.
कई बार एक प्याला शराब ही जवाब होता हैः 13 प्रतिशत	Sometimes a glass of wine is the only answer: 13 percent
तेण सच्चं मणुया जो देवं पेम्मं सो भवत्तं, एसो च्चिअ देव्वाणं सच्चं फलं ।	Therefore, pursuing the truth to become a person who loves God is the true object of God’s chosen ones.
10उह परमेश्वरकुरोहं पीएँगे ।	10 They will drink the wine of God’s anger.
बल्कि, यूरोपीय लोग उन पर और उनके 14 पॉइंट्स पर हंसे ।	Instead, Europeans laughed at him and his 14 Points.
सभाणं पवित्तं पूरणं जाणअं प्रतीक्षमाणेण ईश्वरेण सच्चं चलणं इच्छंति ।	The latter have sought to walk in the truth of God's original thought for the Assembly while waiting for its full realisation in glory.
ओ देव्वाहे, मुसल्मानाणं मग्गं एहि सप्थाह कुणं करो ।	Lord God, do a miracle among Muslims this week.
सव्वं देस णिच्चं पसंकि, कास्त्रो सअणे शांति आउठइ ।	The whole country was sure: with Castro comes peace.
और जैसे ही हमे वह प्राप्त हुआ, हमे ""राष्ट्रों के लिए प्रकाश"" बनकर उसका प्रसार करने का काम सौंपा गया ।	And as soon as we received it, we were tasked with spreading it by being “a light unto nations.
सव्वेसिं भणिउ तुहं फेसटाइमआव मानोमोन, जं च स्टेफणीआ अम्हाणं मारेइ ।	Tell everybody why you was on FaceTime when he killed Stephanie and himself.
पहिल लाइफ इज स्ट्रेंज मे अहाँ मैक्स के लेल चइंस कएसि ।	In the first Life Is Strange, you were just making choices for Max.
तह वि मणुस्सत्तं रक्खिज्जइ इअव्वाणं परिपुण्णं, इअवज्जस्स महत्तं कार्यं सिद्धव्वं ।	Only then will God’s management plan to save mankind be totally finished, and God’s great work shall be accomplished.
हान यू, तेरी पोजीशन फॉर्मेशन के पीछे होगी ।	Han Yu, your position will be at the back of the formation.
अज्जं मएहि सो णामो पुण्णे!	I also have a name now: poor Boy!
इअ वल्लहा अम्हे सत्कर्म करनेवालो केँ इब्भागेइं	37:110 Thus indeed do We reward those who do right.
णिव्वत्तिअमेत्तं वारेण दया तेण तेण ।	His mercy’s from age to age on those who fear him.
इसलिये यूरोप नए प्रशासनसँ जे आशा कए सकैत छल, सो बड्ड सरल छल ।	What Europe could have expected from a new administration was therefore quite simple.
एक ही समय में आपकी कार्यात्मक भूमिका है और क्षेत्रीय भूमिका भी ।	• You have a functional role and a regional role at the same time
अम्हे वि ओहि दिनक आशा करैत छी जहिं फ़ख़री हुसैनकेँ मुआफ़ करत ।	We hope for the day when the Fakhris forgive Hossein.
आम तौर पर हर महिला को उनके फैसलों के लिए सम्मान दिया जाता था ।	Each woman was (generally) respected for their decisions.
कह दिअ, एसो तेण पुत्तअ वड्ढाइआ सो च्चिअ कारणस्स	Say, this is the One Who hath glorified the Son and hath exalted His Cause.
पिज्जा, संसद द्वारा संरक्षित!	Pizza, Protected by Parliament!
तुम सब इंजीनियर हो, वैज्ञानिक हो, और तुम्हारे पास इन समस्याओं को हल करने के लिए 54 साल हैं ।	You are all engineers and scientists, and you have 54 years to solve these problems.
णिअत्ताइं किं कारणाइं व शेयरआइं, बार्सिलोनइए वीकेंड्समाइं जिणसि	Did you know that if you tell us why and share, you can win a weekend in Barcelona?
एसो मणुस्साणं अप्पाणं अविचल विश्वासो होंतु, जं कि ईश्वरो तं वसोस्सं ।	This should be man’s unshakable faith in himself, because God dwells in him.
अम्हे वि हर्षोल्लासो कीअवे एत्थ पुट्ठस्स वि सच्चं जाणंति ।	We rejoice that the truth about God and His Son was given recognition in such a public forum.
शायद, लेकिन ऐसे परिदृश्य मौजूद हैं जिनमें हमास को लाभ होता है ।	Perhaps, but scenarios exist in which Hamas gains.
जेन या स्टेसी जांच शुरू करने पर यह मदद कर सकता है ।	This can help when Jane or Stacy begin an investigation.
एत्ताहे वि माणवंताअणसाणेण विएहिं ।	Yet another painful reckoning with the conscience of mankind.
एत्थं परं, कर्नल 122 अम्हाणं सम्मलित होइओ ।	Additionally, colonel 122 joined us.
(स्वाभाविकतया, में एहि सम्बन्धमे एकपक्षीयं मुक्तव्यापारं इच्छामि ।)	(Naturally, I prefer unilateral free trade in this regard.)
अथवा तुमिओ विज्जार्दसआ अम्हाणं सम्मिलियं, जे 27 नम्बरु चुन्नंति ।	Or you can join the Wizards with us, who have already chosen the number 27.
अण्णं पिट्ठं भणइ सव्वे जणं पिअस्स वहुआइं	One talks behind your back; everyone wants to take the wife of another.
मम्मं पिअस्स कहिऊण पिओ त्ति, अम्हे वि पि 20 तिन्ना वि इच्छामो	Call us crazy, but we want to eat at least 20.
- एक वोट जो निर्वाचक को अनावश्यक और अप्रभावी लगाः	– A vote that seemed unnecessary and ineffective to the elector:
सो लोए पुत्तअ होइ ।	He will be a child of light.
सा ण मग्गइ सुहं मा तुज्झ हिअअं, अहं जाणइ तुह हिअअअं पवासणं च ।	You have not asked to be healed, but I know the desire of your heart and the faith of your soul.
परंतं 10 प्रतिशत महिलाणं पेम्माइं, ता सो किं ते कओ भणिउं मए	But 10 per cent of women have the disease — so why do I have to explain what it is?
जेम्सं जीएण तुज्झ महं जीअसि, तेण तुहाणं एजेंट्सं मारेइ ।	One of your agents killed James when you acquired me.
आरंभ को करेमो जाणेमो, क्लाउडे?	I don’t know who wants to start; Claude?
पणसंतोषं मिहलिज्जंतो कम्मं खोखला होइ ।	But remove the satisfaction, and the act becomes hollow.
देवपुत्रस्स यज्ञेण ।	by the sacrifice of God's Son.
#8 तेण भविश्यांत तेण ण होइ ।	#8 There’s no you in his future.
उवए एल. एस. ए. टी. पर 170 कैसे पाया?	How did he get a 170 on his LSAT?
फ्राँसिसा उत्तरो सच्चं च्चिअ सो दण्डो नास्ति, हिअआ जीवा णस्सइ गई ।	Francis’ response is exact and clear: there is no chastisement, rather, this soul is annihilated.
(L) और उन्होंने व्यवस्था में हस्तक्षेप किया!	(L) And they interfered with the system!
अब्राहाम भणिआ, एअं पुत्तअ कयारे पावुम?	Abraham said, ""Now when--when are we going to get this baby?
तेण तेण किं भणिअं तेण अम्हे जाणंति ।	Only then will be we able to know what they have to say.
नोस्ट्राडेमस ने कहाः ""धणं मरइ कई गुणा ।	Nostradamus said: “the rich would die many times over.
ण पअत्थी मज्झ रक्खणं लोक्की ।	No, the Earth is under my protection, Loki.
एत्थ कथायां आउच्छंतो अम्हाणं पेरेजक्खस्स, सो अण्णो अहरक्खाणसमुहं ।	In this story, we come to our Père Jacques: he is part of this chain of martyrs.
परंतं 46 मि. मि. भणामि तहा किं ण समज्जसि	But what don't you understand when I say 46 mm?
अण्णं देवपुत्रं जाणसि तेण,	If you believe he is God's Son,
और तुम ये वर लोए लोएण ।	And you take this gift to the peoples of the world.
और तुम ये वर लोए लोएण ।	And you take this gift to the peoples of the world.
अप्पाणं च्चिअ उवज्झेण पज्ज्विआ सअलो को ण होंति	Remember also, there is no shorter or truer path than the one of obedience.
सा बोली जे एहि बेरं मए वि $20 होंति, ता तेण वि मए मदद करिओ	She said she would be fine with $20 this time if I can “help” her too.
सा बोली जे एहि बेरं मए वि $20 होंति, ता तेण वि मए मदद करिओ	She said she would be fine with $20 this time if I can “help” her too.
न्यू सी. ओ. 2 फ्यूअल्स नामक इजरायली कंपनी ठीक यही करने का प्रस्ताव रखती है ।	That is precisely what an Israeli company, New CO2 Fuels , proposes to do.
अव्वो मए दयंकराजस्स, अप्पाणं को अस्मि अम्मि किं अस्मि तेऽ संदेहो ण रेहइ	When I Come as the King of Mercy, Not One Soul Will Be Left in Any Doubt as to who I Am and What I Am
अम्हे कय दइअस्स जाआइ मए णिरज्जामि, अप्पाणं केआमि को अम्ह किं अस्मि तेऽ ण संदेहो होइ	When I come as the King of Mercy, not one soul will be left in any doubt as to Who I Am and What I Am
85अह, महत्तं किं जाणसि ते ।	85 Oh, you know, the great things.
न विपक्ष में, न बहुमत में - 36/131 प्रतिनिधि ।	Neither in opposition, nor in majority - 36/131 deputies.
13और ओहि में से कोई भी शुद्धा न किया गया, केवल नामान अरामिया ।	And none of them were cleansed, but only Naaman the Syrian.
वज्जं तुमं बहु वि दिअहं, बदला किं पि अपेक्खामि ।	I give you a lot of my time, I expect something in return.
जब तक §278a है, तब तक विरोध रहेगा ।	As long as §278a exists, there will be protests!
ईश्वरकवचनाव फोथायनायजों जों बेफोरो मिन्थियो ।	We know these things by faith in God’s Word.
कक्षा मे एक महिला शिक्षिका [मणेच्छं दिण्णं] आणि सहपाठिनीसाहि समुव्वहइ	One female teacher brought [to class] a mannequin [that looked like a dead body] and washed it before the schoolgirls.
न ही हम मानते हैं कि यह पैसा अर्जेंटीना को वापस कर दिया गया है ।	Nor do we believe that this money has been repatriated to Argentina.
सच्चं मंदो मणो लो मणियोः समुदायआ दबथायनाय गोलाव फारिखान्थि ।	That’s really what Slow Money means: a long process controlled by the community.
दूई, हमे सबसे पहले यह जानने की ज़रूरत है कि कितने लोग 110 तक पहुँचते हैं ।	Second, we need to know how many people reach 110 in the first place.
अज्जं च्चिअ ण पेम्मइ अज्जं राज्यपालं मुक्का ।	Today – I can’t believe it – but today the Governor spoke of three million.
मा भणिए ण (ण त्थि), अण्णं पेच्छंति ते ।	I said no (for now), but they are watching.
मूसा के दिनों से पहले पृथ्वी पर कोई राष्ट्र नहीं था जो ईश्वर की जाति के रूप में जाना जाता हो ।	Before the days of Moses there was no nation on earth known as God's particular nation.
मामि टोमआ मामि कओ कइओ णायो, अप्पाणं कओ वि ण कारणो होंतु	I couldn’t remember what Tom had done, or even if my father had a reason.
हालाँकि, यह लंबा (एल / 52) था ।	It was, however, longer (L/52).
अच्छाइं तुज्झ अज्ज सत जणं णादे मज्जयं ।	Good News: You baptized seven people today in the river.
(26ए) सदस्य राष्ट्रों को क्षेत्रीय आधार पर एक दूसरे के साथ सहयोग करने के लिए प्रोत्साहित किया जाना चाहिए ।	(26a) Member States should be encouraged to cooperate with one another on a regional basis.
- घ, - - कठिनाई केवल एहि कठिनाई स्तरक गतिविधिसभ प्रदर्शित करैत अछि ।	-d, --difficulty display only activities with this difficulty level.
जह तेण विओअंतरं तह तेण विरइअं, तेण तेण अम्हे अण्णं पवज्जंति	While a barrier separated her from them, we sent to her our Spirit.
अम्हाणं कज्जं इअ सालं ण मज्झं लोअणुसंह ।	Our task is not to gather this year, let’s say, a million people around us.
(10) पृथ्वी गोल (गोलाकार) है ।	(10) The earth is round (spherical).
परंच 26 देसनि एथिक्स एप्रूवल जादोंमोन, तेण अम्हे कज्जं मिस्सइ जाअं	But ethics approval was obtained in 26 countries, so I must be missing something.
मणु च्चिअ सच्चं सामंती यूरोपीय पनाह प्रणाली ण होइ ।	I think a truly harmonised Common European Asylum System will not happen.
Dक बाद आउलए किसिओ विकल्पक अपना सामान्य प्रभाव होइ ।	Any options that follow -D will have their usual effect.
49 ""कह दिअ, एसो तेण पुत्त्रं महिमावंतं करिअं तेण विसूरणं ।	Say, this is the One Who hath glorified the Son and hath exalted His Cause.
(त) ते सव्वेसिं घणंते ।	(T) They are in all densities...
ईश्वरा एहि देशक निर्माण मणुस्साणं कएण होइ ।	God did not create this country to be a nation of followers.
और, ज़ाहिर है, जीवन की किसी भी बड़ी घटना की तरह, [सगाई ने उसे प्रभावित किया होगा ।]	And, of course, as with any major life event, [the engagement would have affected her.]
अण्णं पिअअमज्जं मोहणं वा अण्णं भणिउं, ""अण्णं चिअ प्रभु ।	It is not enough to accept him as our personal savior or to say to him “Lord, Lord.
तेण तेण ईस्रायेल सा णूणो ।	So he named him Israel.
470आउहो योरोपाइं सोअओ	470 when they withdrew from Europe.
णिआइआइ100% > लिगेल * युरोपाव खामानिजों नोंखौ जायगा सोलायहो!	Let us relocate you with 100% Legal *Work in Europe!.
और फिर भी, जो ढूँढ रहे हैं, वह थोड़े से गुलाब या थोड़े से जल में मिल सकता है ।	‘And yet, what they are looking for could be found in a single rose or a little water.’
वचनं, विज्जा, कम्मं सव्वं सव्वं पज्जं सोढइ ।	He attributed everything to the Father: word, wisdom, and works.
ईश्वरीयमार्गों - सच्चं तं सिद्धं करोसि, तेषाम् आज्ञापालनम् आजीवनात् एव ।	You can only prove God’s ways – His truths – by obeying and living them.
ते 12 सप्थाहें मए उवरिया होइ ।	In those 12 weeks, I can maintain high energy.
आम तौर पर पहले छह महीनों में तैरने से बचें - विशेषज्ञों की सलाह है,	In the first six months, generally avoid swimming - this is recommended by experts,
किं तह च्चिअ दरिदग्गं चोरिअं किं कहेइ लोअणब्भेणं	Why then do they steal from the poor, and then say that the Lord has blessed them?
अप्पाणं सव्वं भोजनाहि एकहि हत्थेणः 33 प्रतिशत	You will eat most of your meals with one hand: 33 percent
- 412 अवहेलनाओं के साथ ""प्रभावी जाँच का अभाव"" 5वें स्थान पर आता है ।	-- “Lack of effective investigation” comes in 5th place with 412 violations.
तेण वाणीओ कम्मो कएण उत्तमो दूतो जणो ।	With words and actions, better angels emerged then.
एएसपी तेत्तेह ने कहा, ""हमने उसे वांछित घोषित कर दिया है क्योंकि उसने अपनी प्रेमिका का बायां हाथ काट दिया था ।	We have declared him wanted because he severed the left hand of his girlfriend,” ASP Tetteh said.
एएसपी तेत्तेह ने कहा, ""हमने उसे वांछित घोषित कर दिया है क्योंकि उसने अपनी प्रेमिका का बायां हाथ काट दिया था ।	We have declared him wanted because he severed the left hand of his girlfriend,” ASP Tetteh said.
एएसपी तेत्तेह ने कहा, ""हमने उसे वांछित घोषित कर दिया है क्योंकि उसने अपनी प्रेमिका का बायां हाथ काट दिया था ।	We have declared him wanted because he severed the left hand of his girlfriend,” ASP Tetteh said.
मे एहि नाजी डाक्टरकेँ धन्यवाद देबय चाहैत छलहुँ ।	I wanted to thank this Nazi doctor.
जोर्डाणं वंशं (समुचितं) मानिज्जइ ।	The (proper) way the family is considered in Jordan.
यूरोपीय आयोग और 200 निवेशकों को अपने विचार प्रस्तुत करें ।	Submit your ideas to the European Commission and 200 investors
युद्धापराधी, स्टालिन और एक तृतियांश यूरोपियों को क्यों शामिल किया	Why they enlisted war criminals, Stalin and one third of Europe
बे दानाव इसोरनि सत्थं भणामि ।	I swear to God this month.
और अहं जाणामि तुज्झ कत्तो वसिओ, कस्स सअणवसओ, किं करेसि तं च ।	And I know where you live, with whom you live, and what you are doing.
किं ईश्वरसमान दया सहिष्णुता केण होइ	Does anyone possess mercy and tolerance like God’s?
तेण दिअहं जो वाग्दंडं तेण अणुणेइ सो तेण माणस्स, तेण तेण दे तं जीवेण वचन ।	The prophecy for that day, the Word that's to be fulfilled in that day, come to that man, and He is that living Word for that day.
अज्जं ते च्चिअ लोअणणिग्गं समुव्वहइ ।	Today He is living with a group of filthy, lowly people.
और अहं न जाणेइ ते वि तेण वि ण पेम्मं, अहिया दो च्चिअ तं प्रतीक्षमाण ।	And I do not know if they believe he does, these two who are waiting for him.
इसराएली फ़िरऊन की नई माँगों को पूरा करने में असमर्थ थे, और परिणामस्वरूप उन्हें बुरी तरह पीटा गया ।	The Israelites were unable to meet Pharaoh's new demands, and were viciously beaten as a result.
वस्तुतः 2,000 या ओहिसँ बेसी शब्द एहि दिनमे अहाँक न्यू मिनिमम होइ ।	In fact, 2,000 words or more should really be your new minimum these days.
7आउत्ताइ दाविद और अबीशै रात्ताइं प्रजाओ सअण्हाए	7; And David and Abishai came to the people by night.
णिव्वत्तिअमेत्तं वारेण दया तेण तेण ।	His mercy’s from age to age on those who fear him.
(सो लोअणो लोअस्स ।)	(He accuses God's people.)
हालाँकि, आज केवल एक राज्य - मोंटाना - को रक्त परीक्षणों की आवश्यकता है ।	Today, though, only one state — Montana — continues to require blood tests.
अम्ह विओअम्मि तेण णिअत्ताइं, मोशेण किं भणइ तीअ तीअ वअणं	When his mother could hide him no longer, what did she do with Moses?
उदाहरण के लिए, मैं देखना चाहता था कि यह मेरे E90 की जगह कितनी अच्छी तरह ले सकता है ।	I wanted to see how well it could replace my E90, for example.
तं सयं मण्णे - तं ण कहिज्जंती प्रगति ।	Consider it a seven—and call it progress.
(L) हो सकता है इन दूसरे देशों के मुखिया जॉर्ज बुश जैसे हों ।	(L) Maybe the heads of these other countries are all like George Bush.
आपूर्तिकर्ता के रूप में इन देशों की क्षमता पर मास्को सवाल उठाता है ।	The potential of these countries as suppliers is questioned by Moscow.
अम्हे ईश्वरीय प्रजाए, अम्हे परमेश्वरकपवित्रपर्वतं ।	We are God’s people; we are God’s holy mountain.
मए [मौडेअस्स अअद्धाअवज़्साओ, परंतं मए सहियसे उव्वसाहामो ।	I can easily afford it, even if I earn almost half [of Maude’s salary].
और मेरे मतानुसार अनंतयुद्धेओ सो विमोचिज्जइ ।	And in my opinion, he is redeemed in Infinity War.
अम्हे ईसाअं जाणइ तं मददएमि ।	We help them know Jesus”.
अच्छाइं तुज्झ अज्ज सत जणं णादे मज्जयं ।	Good News: You baptised seven people today in the river.
तुम श्रीमती कीट कैसे हो सकती हो, जबकि मैं अभी भी श्रीमती कीट हूँ?	How can you be Mrs Keyet when I am still Mrs Keyet?
जो अप्पाणं जिणइ सो नगर हरणइ सो महत्तो ।	He who conquers himself is greater than he who taketh a city.
ई संस्तुति 2 मई, 2012 (जे. पी. मोर्गान कन्ट्रैक्ट्स) केँ कयल गेल अनुबन्धक अनुसार छैक ।	This recommendation is in accordance with the contracts entered on May 2, 2012 (the ""JPMorgan Contracts"").
किं पि तुमं जाणह कुवैतमें अम्हाणं महत्तं प्रोजेक्ट ।	‘In any case, you know we have a big project in Kuwait.
ता सितंबर, 1987 में जो पिरामिड हो या न हो, सो हम पाए ।	Then in September, 1987 we stumbled upon what may or may not be the same pyramid.
जेण ग्रीक नागरिकता मए लहेइ, तेण माहस्स परिवाशे वि पाएइ किं?	If I get Greek citizenship, does the rest of my family get it too?
खासकर देववाक्खिअस्स विषयमे ।	Especially when it comes to God's Word.
परं अम्हे वि ण मसिणाइं, जं कि अम्हाणं अच्छिष्ठं विश्वसं ।	But we do not believe this, because we have little faith”.
परं अम्हे वि ण मसिणाइं, जं कि अम्हाणं अच्छिष्ठं विश्वसं ।	But we do not believe this, because we have little faith”.
बीजिंग में पहला होटल इन नई तकनीकों से लैस होगा ।	A first hotel in Beijing will be equipped with these new technologies.
1: वाशिङ्गटनमे विमर्शक रूपमे यू. के. मए तेण तुज्झं किणो विणाओ ।	Q: You know that your work in the UK was thrown back at you as a critique in Washington.
जीवं मणुस्सत्तं को ण सिद्धीए, किं वि सृज्जइ जणो वि मणुस्सत्थस्स णिच्चीए	In this life, no one can fulfill his desire; nothing created can ever satisfy the human being’s desire.
जीवं मणुस्सत्तं को ण सिद्धीए, किं वि सृज्जइ जणो वि मणुस्सत्थस्स णिच्चीए	In this life, no one can fulfill his desire; nothing created can ever satisfy the human being’s desire.
\1:11) ईश्वरीयसहायताइ तुमं वत्तिओ होइओ ।	2:11), it is only through God’s help that you can be an exception.
जइ इच्छामि तेण तं हत्थं उवऊढो 90	But if I want, I can make you an Haut Brion 90.
लोए जीवं मणुस्सत्तं जीवं, जो जीवं भगवंतुण्णं सो जीवं सस्सयं ।	The life in this world is, at best, a passing life; the life that the Lord gives is ""eternal"".
अगर हम देखें कि किसने इसकी पुष्टि की है, तो वह यूरोपीय संघ है ।	If we look at who has ratified it, it is the European Union.
[1] यद्यपि वे सूक्ष्मआर्थिक परिपेक्ष्य की अवहेलना करते हैं ।	[1] Though they ignore the microeconomic perspective.
विएलिएच्ट;) मए णिअंतरजर्मन क्लासअस्स वीअत्थ सप्ताहं समाअं ।	Vielleicht ;) The second week of my intensive german class is over.
अण्णं तुज्झ भणिज्जंतु कीस अम्हाणं वअणं मारेइ ।	They may tell you how they killed our relatives.
ईस्रायेल और मिडल ईस्ट की हालत अब हमेशा के लिए बदल जाएगी, अगर मेरी किसी चीज़ की कमी न हो?	The situation with Israel and the Middle East will now be altered permanently unless I am missing something?
यानि इअ वअणं मए वि दिट्ठी वि ण दिट्ठो होइ	That will mean that his future wife will not see this cliché also happen.
पी. वी. 13आ नोंथांनो खलबलीअविकलंडखौ लुफिननो खाबु होगोन ।	PV13 will be your chance to rebuild a devastated world.
तथापि, 1429 दस्तावेज़ के लिए, इसे एक नए स्रोत के रूप में नामित किया गया है ।	However for a document 1429, It is designated as a new source.
परंतो अम्हे ण बैंकर होमि, णवराहो अवराहो केवा णवा ण नियम व आवश्यकताओ	But I am not a banker anymore, and God knows what sort of new rules and requirements they have now.
ऊपर रिपोर्ट से एक उद्धरणः ""लेकिन यह 142 एक सामान्य कार है!	Above, an extract from the report: “But this 142 is a normal car!
142 ऑपरेशन जॉइन या सब्स्ट अब असंभव है ।	142 Operation JOIN or SUBST impossible now.
22 जुलाई की घटनाओं से यह भी पता चला है कि हमारे पास एक साझा शक्ति है ।	The events of July 22 have also shown that we have a common force.
किं सो पसाअस्स परस्साणं पसाएइ?	Does it aspire to subordinate other nations?
अथवा तुमिओ विज्जार्दसआ अम्हाणं सम्मिलियं, जे 27 नम्बरु चुन्नंति ।	Or you can join the Wizards with us, who have already chosen the number 27.
किं तुमं जाणंतं जे तव प्रार्थना सअण्हा 5,230 अण्णो मग्गो वि सहयइ	Did you know that your prayer also assists the other 5,230 members of the Confraternity?
प्रकाशित न करके भी ब्रिटिश काऊंसिल ने कम से कम 30 गिनिए दे दिए!	At least the British Council paid him 30 guineas even if they did not publish it!
121 रिएक्टरों में इन उपकरणों को स्थापित या सुधार किया जाना चाहिए ।	These instruments should be installed or improved in 121 reactors.
अगर हाँ, तो तुम ओकलाहोमा के बारे में पूरी रात बात कर सकते हो!	If yes, you can talk about Oklahoma all night!
सिम्पसन महाविद्यालये हमे कहना चइ ""राजनीति जीवं"" ।	We like to say ""politics is life"" at Simpson College.
अण्णं संकटे वि सव्वं परं ईश्वरसंतं जाणियव्वं ।	In every trouble we should first seek to realize God’s presence with us.
14 लाख सदस्यों में से हर एक अलग है ।	Each of our 1.4 million members is different.
डरो मत, इसके लिए कैम्पस एंजेल्स का भी उपयोग कर सकते हो ।	No fear, you can use Campus Angels as well for this.
का सही, फ्रेंक सेलर्स का सही या मेरा सही, समय बताएगा ।	Time will show which of us – Frank Sellers or myself – is right.
तुह भणिओ तेण जणमग्गो जेण एक्कं जणेण, तेण छडणसि सो तुज्झ भणिउं	They will tell you that if you kill one of the other three people in the room, they will release you.
तह वि हु च्चिअ मज्झं ति 25 दिसेम्बरिअंतो लोओ भणंति	It is very interesting because on December 25th people share food.
ण पडह शेतानस्स फंदाए, अज्ज खणं सो खणं निर्णायकं ।	Do not fall into the snares of Satan: this moment, this instant is decisive.
और तुम कभी नहीं जानते, कुछ दरवाजे चौड़े खुलेंगे जो तुम सोचोगे कि तुम्हारी नाक से टकराएँगे ।	And you never know, some doors may open wide that you thought would hit you in the nose.
हो सकता है वाशिङ्गटन सा वहाँ बैठा हो!	It’s possible Washington himself sat there!
आखिरकार, इतने वर्षों के बाद, अफ्रीकियों और यूरोपीय लोगों ने इस परियोजना के महत्व को समझा ।	Finally, after so many years, Africans and Europeans understood the importance of the project.
पुप्फं भणसि जइ ""जाओ "", तेण लहंति पसिअढाणं पसिअ होंति	When you say, “go,” the children have to find as many gold coins as they can.
(1995 से पहले, इन्टरनेट पूर्णतः गैर - वाणिज्यिक था) ।	(Prior to 1995, the Internet was strictly non-commercial).
तेण प्रभुएण अणुणिज्जइ जेण, तेण तुज्झ वि मणे बहुक्खणं कहेमि तेण ।	So the Lord can add, ""I have many things to say and to judge of you"".
केनेडी के सुधार आधे उपाय थे और हो सकते थे ।	Kennedy’s reforms were, and could only be, half-measures.
जं किं मए पुणो वि जुआणए ""दक्षिणअफ्रीका तीअ त्थि	Which means I have to answer again to the questions “Until South Africa?
ग. 1: सो कस्सेल में दस्तावेज 11 के समान होगा!	GA: That would be like Documenta 11 in Kassel!
8 सी. ए. एफ. पी. आई. प्रतिबद्धताएँ हमारे संबंधों को स्पष्ट रूप से परिभाषित करती हैं ।	- 8 CAFPI commitments to clearly define our relationship.
जं जुआह तुमं ढूंडहसि अम्हाणं सोक्खं, सैंकडों अण्णोत्तरासाणं गआ अम्हे वि	We’ve got the answers you’re looking for – after all, we’ve been to hundreds of funerals.
ता अरब अचानक आ चमत्कारिक रूपसँ शान्तिकेँ चिन्हइ ।	Then, the Arabs will suddenly and miraculously recognize peace.
हालांकि, तुर्की ने हाल ही में अपने राजनयिक मिशनों की संख्या बढ़ाकर 239 कर दी है ।	However, Turkey increased its number of diplomatic missions to 239 recently.
एस्पर - मेक यू लिव अगेन - से में की उम्मीद करूँ?	What can I expect from Esper - Make You Live Again?
मए पलोए जे 23 जुलाइएओ तेण ताअरेण घणंतीअं ।	I found, among other things, that 23 July is very closely associated with that star.
ओ बोले, ""इए ते लोए जे धम्मे बहु चिंतेइ ।	These are people who thought a lot about religion,"" he said.
सो च्चिअ तं सि अहं जाणेमि, सो णिव्वुएण उज्जोएण सो च्चेअ ।	I know that that's Him; a Light coming down from Heaven and going upon Him.
सच्चं तहा ई चलचित्रं एत्थ वि दट्ठं वीसं कयाम जे सिरिया ईरानओ होइ तं सिअआइ तैयार होइ	In fact we have seen this movie so many times now that we all should be prepared for the same ending with Syria and Iran.
3 फिशिंग कॉकटेल के भाग - मछली पकड़ने की अपनी प्यास को संतुष्ट करें	Satisfy Your Thirst for Fishing ? 3 Parts to the Fishing Cocktail
भणिआइ इअ वअणं कुलपुरिसाणं, जं तह सवत्तीओ लोअणं समुव्वहइ	Said, ""This is like the patriarchs when they gathered with their people.
232 हवे सव्वेसिं पवज्जामि ।	232 Now, I take every spirit...
हरेक मत्थअस्स मापो, काल, आयुओ होइ ।	Every doctrine has its measure, time and age.
सो लोए महिमातः आगतो, एसो अवतारो ।	He came from glory into the world; that’s the incarnation.
जे - तेए तेए वि बुटिक अण्णो मग्गो सेवाइं ।	J – That is precisely where the Boutique gives a very valuable service:
किं जारज डबलु बुशआ मिथियंतो जेण वि तेण वि तीअ विणा संकटाआ	Did George W. Bush know that these devastating disasters were going to happen that day?
महत्तं ईरानी राष्ट्रं केण भणिज्जउ जाणेमि ।	I don’t know how they are going to answer to the great Iranian nation.
हा, वेनेजुएला के राष्ट्रपति का ऐसा प्रस्ताव मौजूद है ।	Yes, such a proposal from the president of Venezuela exists.
अज्ज प्रभात एत्थ जोणस भ्राता ण होंति ।	I hope there’s not a Brother Jones here this morning.
सव्वशक्तिमान ईश्वरकवचनोल्लं अनुभविज्जंतीए, सच्चमेव ईश्वरक आविर्भावं दिस्सइ ।	In experiencing the judgment by Almighty God’s word, we truly witness the appearance of God.
इजराइल के भीतर दो राज्य मैं स्वीकार नहीं करूँगा ।	I will not accept two states within Israel.
250, 000 से अधिक ऑनलाइन उद्यमियों के लिए मैं वास्तव में यह कर सकता हूँ ।	I really can do this” for over 250,000 online entrepreneurs.
अम्हाणं 500 चैनलस् आ तुमं सो एच बी ओ फैमिली हो?	We have 500 channels, and all you watch is HBO Family?
सुलिवनः अहअं भणिओ सामाजिका संकेतो किं वच्चसि?	Sullivan: In other words, do you use social signals?
मुर्रा1: शुरू में माइकल के 10 शो की पेशकश की गई ।	MURRAY: Michael was offered initially 10 shows.
31 मई 2005 द डबल सिक्स को इतने सुंदर बच्चे होने पर गर्व हो सकता है!	31 May 2005 The Double Six can be proud to have such beautiful children!
सैतान जं जं जं मए तं जूरइ करेइ, ते तं तं पुणो करिज्जइ ।	Satan counterfeits everything I do, and so he shall do it again.
लेकिन सदी के अंत तक, हाँ, एलन मस्क सही हैं ।	But by end of the century, yeah, Elon Musk is right.
णव्वो जणं प्रभुनि तलोअरहिअं ।	None shall escape the sword of the Lord.
25और अज्ज रातीए केत्तिओ लोओ पब्भेइ	25 And tonight, so many people can believe God.
पुच्छिउ होहिइ वि तह वि डड्ढिं ।	Ask the people who were horribly burned.
मूसा हुनका सभ पर दोषारोपण करत ।	Moses will be their accuser.
बोल्लह करिज्जंति सच्चं ।	Say: ""The Truth has come.
परंतं छेत्तो वि तेण तेण म्हत्तरसा ।	But eventually he will hold a greater command over her.
एहि गीतमे मए सअण्हा कहिअं	In this song i say fuck 93 times
णिव्वाणं च्चिअ किं ण मणुया?	Why do men not believe hell is real?
उन्होंने कहा, ""2009 के बाद, मैं खुद को शीर्ष टीम में देखता हूं ।	After 2009, I see myself in a top team.
और हमारी इस देश में इसकी लंबी परंपरा है ।	And we have a long tradition of that in this country.
और संतुष्टि जेण तेण वि 432 नैचुरली प्रोग्रामिं जाआइं	And satisfaction for me : he too was already programmed naturally to 432 !
थैंक यू, रोनाल्ड, लेकिन आज रात मैं काफ़ी जोकरों से बात कर चुका हूँ ।	Thanks, Ronald, but I’ve already talked to enough clowns tonight.
अण्णं अण्णं ण छिवसु मे तेण पुच्छिमो ।	What I ask you is not to touch my brothers.
महं अज़रबैजान सअ 6सं व जाणइ ।	I feel like I’m a 6 with Azerbaijan.
मिसाल के तौर पर डॉ. एलेक्जेंड्रा मॉर्टन को यह जानकारी कभी क्यों नहीं दिखाई गई?	How come this data was never shown to Dr. Alexandra Morton for example?
अहं तेण वि सुरअरज्जणामि, तं च्चिअ खेलामि जरूर ।	I deserve better than that and I should play every game.
तेण कालेण माणवं वसो मणुस्साणं ।	Thus, the dwelling place of the black man was no more found amongst men.
11 फरवरी को ऑस्ट्रेलिया के साथ रणनीतिक साझेदारी समझौते पर हस्ताक्षर करना विशेष रूप से महत्वपूर्ण है ।	In this respect, the signature, on February 11, of the Strategic Partnering Agreement with Australia is particularly important.
अम्हाणं 301 अण्णाणं मरणं सव्वुत्तरियं मज्झो ।	The death of at least 301 of our brothers is a crime against the international working class.
ण होंति, परंच अपराधीअणो वि हआसाइं गमिज्जंतु	No, but criminals should lose many of these rights
E - 264 केणइ च्चिअ वि विश्वासिज्जंति, शिअस्स व्व ।	E-264 Some will believe for a little while, like the disciples.
प्रकाशित न करके भी ब्रिटिश काऊंसिल ने कम से कम 30 गिनिए दे दिए!	At least the British Council paid him 30 guineas even if they did not publish it!
चौथे ओलंपिक के बाद मेरी वाइफ क्या कहती है, वो देखते हैं ।	We will see what my wife says after my fourth Olympics.
चेचन्या में, वे उन्हें जवाब देंगे!	In Chechnya, they will answer for them!
एत्थ मए च्चिअ 40 देशाणं वा इलाकाणं भणामो, जहिंमें अमुसलिमाणं विनाशकारी परिणामं प्राप्नोत् ।	I could name 40 countries / areas where this has had catastrophic consequences for nonMuslims.
विवा"" - भारत में भी निर्मित ।	Viva"" - also produced in India.
परंतं आरंभेहि लिओनार्डो नामक नायकमेव उपलभ्भवओ ।	But from the very beginning, only a hero named Leonardo will be available.
दाविदः नमूनाआणलेण केण वि तेण संग कय डब्बा लहा?	David: Did you have some sort of container with you for samples?
15 साल पहले इंटरनेट के क्षेत्र में जो कुछ भी किया वो आपको लाखों कर सकता था ।	15 years ago, whatever you did in the Internet field could make you millions.
परं जे सच्चं ते सव्वं सच्चं जाणइ ।	But those who are in the truth will be perfect when all the truth is revealed.
परं जे सच्चं ते सव्वं सच्चं जाणइ ।	But those who are in the truth will be perfect when all the truth is revealed.
अप्पाणं विलग्गताविरुद्धं तुमं सव्वं अणुचक्रवातं काअरोः	When, apart from isolation, you create your own microclimate:
मुसलमानो मज्झं पढमो ""।	The Muslims will pray behind him.
एहिये कर्म्मेण तं घरं रक्खणं सक्कं ।	Him and his house could be saved by doing the same thing.
भणिआ वि बिशपआ जाणइ इच्छंति ।	He said, ""The bishop wants to know.
161 अप्पा, ते तव हाथें ।	161 Father, they're in Your hands.
[एत्थ वि] तरुण अरब्बिअस्स वअणम्मि अम्हाणं सुरए ण असर ।	[“Right now], our voice as young Arabs has no impact.
केण जाणइ इणं सव्वत्तमं चौद्दमं विशेषणस्स!	Who knew this, that, first, and fourteenth could all be used as adjectives!
अणुणेसु पब्भिअस्स एक्कमेत्तं	Remember this, and earth and Heaven are one.
[-] डेसमंड माइल्स तुम्हारी समस्या नहीं है ।	[-] Desmond Miles is not your problem.
सच्चं म्यूज़क जीअरोल्लासणमाणें पेच्छणाहि!	Indeed, Muse’s live performances need to be seen to be believed!
जइ तह विएच्छा करेइ ता णआण फरमाइं, तेण वि णाणं कहेइ जंजं णिट्ठाइं	If his wife so requests, law mandates that he must brush his teeth.
1992 - विश्व बैंक इसी वर्ष चालू हुआ ।	1992 - The World Bank became operational in this year.
पुणो पुणो तुप्पणं कायव्वं परं गहिरी समजणाइं ।	We are supposed to seek, and seek again, each time coming to a deeper understanding.
1. द्वितीय stage.why की तुलना में उन्नत व्यायाम कितना आसान लगता है?	1.i feel advanced exercises so easy compared to 2nd stage.why?
मए खत्ता, रूसिया सत्तावाओ वि कत्तो जे रूसियाअमे 90 से शतं आर्मेनियाया अम्हाणं समप्पंति ।	I am sure, and the Russian authorities can also be sure that 90% of the Armenians in Russia support us.
तं सो चिअ चिअ चिंतिअं तुए 365	You Are What You Think: 365...
मज्झं कुल 70 ख़रीदणाणं पिओ होंतु ।	Altogether, we had enough money to buy 70, I would say.
इटली और स्पेन में आपको पहले साल में कुछ न कुछ जीतना ही पड़ता है, कभी - कभी पहले हफ्ते में ।	In Italy and Spain you must win something in the first year, sometimes in the first week.
अव्वो दक्खिण्णयुगं समापआइं तहा देवीसज्जणसुहाइं, पिअविरहो च्चिअ णमोहिओ समअंति ।	When this age of grace ends, we shall see God's saints completely delivered, and their oppressors completely judged.
(जो) सो ते भणिए वअणं दिण्णं... (हसंते हुए) ता दो शूटर्सा रूम्मेइ	(Joe) Well, they keep answering... [laughter] So there were two shooters in the room.
\1: अच्छीं, में मए बेटी मारेइ च्चेअ?	G: Well, I killed my own daughter?
कत्तो च्चिअ चिंता कओ देव्वाणं दक्खिण्णेण, अम्हाणस्स वि तह धीरज्झेण	Have you thought about God’s patience, the patience He has with each one of us?
हालांकि, जोकर 2 से बहुत सारी चिंताएं दूर हो जाएंगी ।	A lot of those concerns will be extinguished by Joker 2, though.
यूरोपीय स्तर पर भी उनका 17 साल का अनुभव निश्चित रूप से उनकी मदद करेगा ।	Something that his 17 years of experience, also at European level, will certainly help him with.
अप्पसत्तं पवज्जमाणस्स हिअअं वअणं मए हिअअअम्मि, अप्पाणं मए उवज्झेहि अच्छीहिं ।	In this season of apostasy, allow Me, your Heavenly Mother, to protect you from the loss of your faith.
तह वि तेण हिअअओ सच्चं भणिआ ।	But your people rejected it, though it is the Truth.
और... अब तक मैं जितने भी जापानी घरों में गया, उतनी ही ठंड ।	And… Very cold as all japanese houses I visited so far.
और शैतान सो होंती जिसने 24 वअणं तं णामाणं भणिआ ।	And satan was the one who said his name 24 times.
एत्थं च्चिअ महत्तं जे कंबोडियामे जेण जेण करेओ तेण कअमबोडियाओ कअम वा सो कअम कअम ।	It’s important to remember that most work that you can do in Cambodia could be done as well or better by a Cambodian.
किं इच्छीए कि आर्थिक कूटनीती का < ID1th हममे से हर एक है?	Can it be said that each of us make up 1/70th of economic diplomacy?
जाओ तरुणी, जो रक्षा उद्योग में है सो संगाओ ।	Go ahead, young lady, with what you have on the defence industry.
(बुश) को साफ़ तौर पर परमाणु स्थिति का डर था ।	(Bush) clearly feared a nuclear situation.
और ते अमर ते च्चिअ होंति कस्स कस्स विणा धम्मेण ।	And they are immortal inasmuch as they are able to move in time itself without any immortal pretentiousness.
न्यूनतम अनुवाद, मुझे लगता है कि 10 रुबल्स, इसका स्वागत होगा!	Minimum translation, I think 10 rubles, it will be welcome!
गावो कई बार कह चुका है, हमारे राष्ट्र के पास अब आशा है ।	Gao has told us more than once, our nation now has hope.
लेकिन, उन्होंने आगे कहा, ""अंत में वे लेबल पर नियंत्रण खो बैठे जब उनके साथियों ने इसे उनके खिलाफ कर दिया ।	But, she added, ""they ended up losing control of the label when their peers turned it against them"".
उणो - सान एत्थं इसलिए कीअह तं पिअं तं पि तेण मग्गो ।	Uno-san is here because I have a request for her afterwards.
अहअं वि णिअत्तंतो विओओ विओहि वड्ढमग्गं ।	More important, this time he had bought a very sick bank.
269आर. एक्स्ट्रीम उक्शन लहेण तैयार कअं महं?	Will you prepare me for [269r] receiving Extreme Unction?
ई - 183 लोए मणुस्सत्तं बहुअं जाणामि ।	E-183 I know there is a lot of fanaticism in the world.
सो च्चिअ ण्हाइ समअणाइ आयरलैण्डाइं पसदइ, णवराहोओ वि सम्मीलिअस्स	Obviously they did not like them in Ireland, the supposed protagonist of the negotiation.
गुलाबाउ दिअहेकएहिं, तेण सस्स सदा तुह ।	The rose for one day, and you forever.
सच्चं भणामि हिअअ मण्णे,	I swear by this land,
तं साहसु दिअ, तेण ईस्रायेलं वराईसं कुणह ।	Encourage him, for he shall cause Israel to inherit it'.
और महाराणीसंकत्तरेण मिलाइं, हाइड्रोजण्णं कायव्वं ।	And when they combined in the queen's chamber, they created hydrogen.
क्रीमिया पर कब्जो हो गया था, तो हमारे पास 1 करोड़ 90 लाख हैं ।	Crimea was occupied, so we have 19 million.
और पँचिश मिनटों तक भगवान पर विश्वास नहीं कर पाते ।	And we can't believe God for twenty-five minutes.
तेण तेण घराणं लहेण तह मुखीआ ण भणिओ, तेण पिएडिइएसएम जाआओ तेण जज्जावो जाआ	He was brought to the clan's house and the Chief told him, ""You are a member of the PADESM and you have to be judged.
तुर्कीः हमे भूमध्यसागरीय संसाधनों से अलग नहीं किया जा सकता	Turkey: We can’t be excluded from Mediterranean resources
ईश्वरीयसुत्तस्स जीवणे कइं वस्तुए ण होंतु ।	There are certain things that should not be found in the life of God’s children.
तेण मा तं इच्छंति तेण ण आणंति तेण अप्पा ।	It is not what the Mother desires and it is not what your souls desire.
तं साण फ़्रांसिस्को भणिओ च्चेअ	If he had told me San Francisco rather than
तुं'दी सरकार आ रीकोह सँ एक चिरस्थायी ग्रहक भविष्य प्रारम्भ भऽ सकैत अछि ।	The future of a more sustainable planet can start with your government and Ricoh.
रअवहूअ व्व पुजारोहणं मज्झ रक्खइ ।	My priestly robe will protect me from the perils of the night.’
जेम्संः उव्वो सो दाविद अद्भुअणु होंतु, ण तुमं जाणंतं	James: Well, it started because David was a wonderful guy who was, you know,
प्रधानमंत्री मोदी ने कहा, ""हम इस स्तर पर एक बार फिर संयुक्त राष्ट्र की पारंपरिक स्थिति पर टिके हुए हैं ।	We stand a little to the traditional position of the United Nations once again at this level.
तेण च्चिअ अज्ज अम्हे कुआन यिनं लहेण एत्थ एत्थ कहिज्जंति, अज्ज तुज्झ सुरक्खित्ता ।	That is why we can come here today with Quan Yin and say that you are in a safe energy now.
परंच डेढ़ चाइनीज वाला स्वीडन अज्ज भी इत्ता अलग है?	But is Sweden, with its one and a half Chinese, still so different today?
जंजं पैग़म्बरं मोहणं पिअं, तं मग्गो खया हवेइ ।	Once the prophet has received revelation, he must enter into intercession.
किं पि ण दिज्जइ मिच्छत्तं लोए दुःखं ।	Wrongly naming a thing is to add to the misery of this world.’
वेश्यावृत्ति भले ही पापमय हो, परंच वेश्याएँ ईश्वरक क्षमाके परिक्षेत्राअंतरहीण ।	Although prostitution is sinful, prostitutes are not beyond God’s scope of forgiveness.
पज्जं पज्जसस्स कोसं, आध्यात्मं परं किं च्चिअ परं ।	But, for God's sake, in any direction other than spirituality.""[5]
सो कहिअं 1915, तेण सरलसाअणं भणाहि ।	So tell me, now, 1915; explain three easy things.
अण्णो मज्झो दासो कृतज्ञ ""।	Few of My bondmen are thankful.
मे तेण तुज्झ शाबाणमासाएण विराअं कस्स वि ण दिस्सइ ।	I did not see you fasting in any month as you do in the month of Shaban”.
रॉबिन विलियम्स क्यूँ मेरे जीवन का एक महत्वपूर्ण हिस्सा था	Why Robin Williams was a significant part of my life >>
रूस समेत कुछ लोगों का मानना है कि हमारा वहां आधार होना चाहिए ।	Some believe, including in Russia, that we must have a base there.
एहि बिन्दु पर एहि मुद्दाकेँ नियंत्रित करय वला यूरोपीय निर्देश (94/19 ईसी) सर्वथा स्पष्ट अछिः नहि!	On this point the European directive governing the issue (94/19/EC) is perfectly clear: no!
भुमी तुज्झ सुणइ, आसं वुड्ढपव्वतं तुज्झ दिट्ठो	The earth hears you, the sky and wood-mountain see you.
मए भणिओ ओ सभ (एशियाइ दिवार) जिणं लहेइ ।	I think they have already conquered (the Asian wall).
एसो मणुस्सत्तं पुरुषं जिविज्जंतु गुलामो होंतु	This is a woman’s resolve; as for men, they may live and be slaves“.
इश्तार जाआ अण्णो णिद्दाअस्स,	Now when Ishtar had gone down into the land of no return,
तह जांचणए तुम कहोगी, हा, जरा घमंड करो ।	In examining it, you will say, “yes, a little pride”.
एत्थ मए च्चिअ 40 देशाणं वा इलाकाणं भणामो, जहिंमें अमुसलिमाणं विनाशकं परिणामं प्राप्नोत् ।	I could name 40 countries / areas where this has had catastrophic consequences for non-Muslims.
61 इबराहीमी वंशो, एअं तुमं ण पेच्छसि एअं वअणं	E-61 Seeds of Abraham, can't you see this is your hour?
वर्तमान में, अपने 1867 सदस्यों के माध्यम से,	Currently, through its 1867 members,
भगवान् आत्माक प्रकाशो व शक्तियो व्व तेण सग्गो होइ ।	May the Lord accompany them with the light and strength of His Spirit.
•कहा तुम एक शोधकर्ता हो जो कोविड - 19 से किसी तरह से प्रभावित हुआ हो?	• Are you a researcher who has been affected in some way by COVID-19?
COY1 के दौरान उत्सर्जन को जितना हो सके उतना कम रखना चाहते हैं, हम सब मिलकर कर सकते हैं ।	We want to keep emission as low as possible during COY13: Together we can do it!
\1: परं अम्हाणं सच्चं तेऽ वाणे,	Y: But , when the Truth has come to them from Ourselves, they say,
सेमा सीमेमा किं भवति?	Sema and semema What is it?
पर सच्चं भणिज्जइ, तेण बदलिज्जइ तीए ।	But the truth will [come] out, and it's changing her.
2007 से हम जानते हैं कि शहर असुरक्षित है ।	We have known since 2007 that the city is vulnerable.
तेण मे भणिओ तेण पेच्छंति, तेण ओआणं शांत होइ	Then I told [name withheld] that they were lying so she calmed down.
अम्हे वि मुक्ति इच्छामो, पंचगोच्छामो ।	We just want freedom and five demands.
37. 1) और कई पितरों ने यह मत अपनाया ।	37.1) and many fathers took this view.
जेण पेम्मेण जं ण डड्ढसि, तेण ठण्ढेण मरंति बहुगुणा ।	On the day when you no longer burn with love, many will die of the cold.
णवपिढिया कंप्यूटर जरूर इच्छंति ।	The new generation wants necessarily computers.
41. कस्स क्षेत्रो मे पहिल बेर अनुमान 355/113 क खोज कयलामो?	41. : In which region did we discover for the first time the approximation 355/113 ?
तेण तेण इणं स्मारक मणुया ।	As such, it is to be considered as a monument.
परं ""जं ण दिस्सइ तं किं तं किं थियं?	But, then, ""the things which are not seen,"" what were they?
जो सच्चं लड़ेइ सो अप्पाणं लडेइ ।	Those who fight the truth, fight themselves.
अण्णं वान्गार्डं भणिअं भणिओ, सो च्चिअ ईश्वरिअं करेइ अम्ह वि ईसामसीहओ होइ	He accused us of being jealous of him because he is doing the will of God,"" the brother told Vanguard.
जहिं उपचारणाइं तहिं एहि फव्वारेण होइ!	Anywhere that needs to be treated can be with this spray!
परं ""मे सच्चं लहेइ"" ।	but rather, “I have found a truth.
सो मए जीवंतो होंतु होंतु, सो तुम सव्वेसिं जीवतो होंतु ।	It is alive in me, in the guys, and it is alive inside all of you.
श्रीमान ओलिवरः हाँ, हम दो साल की पात्रता अवधि की बात कर रहे हैं ।	Mr. Oliver: Yes, we are talking about a two-year eligibility period.
जं किंचि करेसि, विशेषेण दो राष्ट्रपुरिसाणं तं हआउ ।	Whatever you do, say ‘yes’, especially to the two national treasures.
- घ, - - कठिनाई केवल एहि कठिनाई स्तरक गतिविधिसभ प्रदर्शित करैत अछि ।	-d, --difficulty display only activities with this difficulty level.
20 साल की मेहनत और बचत बर्बाद हो जाएगी, पर टॉम पैसे न दे सका तो क्या होगा?	But what if Tom can’t pay? 20 years of work and saving will be lost.
दि वन इन दि वाटर / किं भणसि तुए ते? / केटीज सीक्रेट	The One in the Water/Why Did You Say That?/Katie's Secret
अइज्जइ तुमह वि अच्छीअभिण्णअवुअतुअरं तुज्झ 23 प्रतिशत	Your baby will have better cosmetics and clothes than you do: 23 percent
अम्हे कत्तो चेअ हा, इ 60fps मे कओमि	We had to decide, yes, we will do this in 60fps.
इबराहीमनि संतति बे सोदोबजों लोअंतरं ।	Abraham's Seed holds to that Word and nothing else.
तुम पिछले हफ्ते हमसे बेहतर के हकदार थे - बहुत बेट्टे ।	You deserved better—a lot bette—from us last week.
अण्णो पिअअस्स किं प्रतिफल दिण्णं?	And what is the Beast's reward in the end?
जहिं सो मुओ सच्चं तेण समप्पह ।	Place the truth with him wherever he turns.
कैसे और कब फॉर्मलैब्स फॉर्म 2 ने सबसे अधिक सहायता प्रदान की	How and when Formlabs Form 2 provided the most support
मं आशा करैत छी कि नॉर्वे के गोराओ की हत्या न की गई हो?	I hope no Norwegian blondes have been murdered?
मैड्रिड के समुदाय के अध्यक्ष की तरह, हमे यकीन है कि इस पहल से कई जिंदगियां बचेंगी ।	Like the president of the Community of Madrid, we are sure that this initiative will save many lives.
कहिज्जउ किं तुज्झ पिओ च्चिअ मज्झ पआइं	Please tell me why you and your soldiers are out looking for me again.
और तेरी कविता अब खून से लिखी जायेगी ।	And your poetry will now be written with blood.
कीट्टीअ के जीवन को भी रूचिकर बनाइए ।	You should also make life more interesting for Kitty in general.
तुह म्हारो च्चिअ हरिओ ""।	You have a deadly enemy.
धण्णा ते च्चिअ होइ जे अण्णोच्चारणसमयमग्गो ।	Blessed are they who go through moments of indecision.
जहिं सो मुओ सच्चं तेण समप्पह ।	Place the truth with him wherever he turns.
अर्थात् कालक्रमेण सव्वे मरणं सोहेण ।	This means that in God’s due time all will be awakened from the sleep of death.
अथवा ओ सभ एकटाकेँ चुनलथि आ हुनका सभक उदाहरण बनि सकथि ।	Or they could pick one and make an example of them.
(ग) तव डोमेन नाम पञ्जीकृत होइ दुस्साहस कयइ ।	(iii)your domain name has been registered and is being used in bad faith.
जहिं चिअणिज्जाइं तहिं इण्टर्नैट्अस्स सहीअताहि ।	This is the exact nature of the internet (and its access) when we are talking about China.
जिस तरह से हमने 500,000 से अधिक कनाडाई परिवारों के लिए किया है, वैसे ही हम शुरू करने में आपकी मदद कर सकते हैं ।	We can help you get started, just like we have done for over 500,000 Canadian families.
ओ मए बीह अस्पताल होइ जरूर ।	‘Oh, there must be another hospital for me.
जहिं रब्बी होऊंगी, मुसलमान होऊंगी और अहं होइंगी ।	There will be a rabbi, a Muslim, and myself.
ता आलो च्चिअ जइं कज्जं तहिं 25 कइं चिहुरा ए ट्रैप!	So let’s get to it because these are 25 Things That Are Probably A Trap!
पेद्रो ज़रूर पुर्तगाल की महान वाणी बनेगी ।	Indeed, Pedro will become a great voice of Portugal.
निश्चय इसराएलीओ जे फित्तणा प्रारम्भ होइ सा महिलाणं फित्तना होइ ।	Certainly, the first Fitnah that started between the Children of Israel, is the Fitnah with women.
निश्चय इसराएलीओ जे फित्तणा प्रारम्भ होइ सा महिलाणं फित्तना होइ ।	Certainly, the first Fitnah that started between the Children of Israel, is the Fitnah with women.
जहिं कज्जं तहा देव्वाणं कज्जिं करेमो, तेण वि तह वि तह करेमो कोशिशं	He's tried his best to do something a little better than what God did it then.
परंतं जो लोअस्संदो तं कैसरं कस्स वि ण दइअं ।	But under no circumstances will we render to Caesar what is God’s.”[1]
मज्झ तुज्झ दुक्खिअं पावसि, मए मरियं जं तुह अण्णो पिआसु	You will find Me in suffering, Me and Mary, whom you love so much.
1: प्रथम, समीपस्थ महाद्वीपो सह युद्धो सद्धो नास्ति ।	1 – First there is no near continent with which wars would be possible,
अण्णाणं अस्तित्वनृत्यं करेइ,	Others continue their existential dance,
ईश्वरनि गेदेरसिन अंगाणुं दानआ आदम हव्वाजों जागायजेनो ।	The laying down of God's greater BODY CELLS began with Adam and Eve.
अण्णं सोण्णं बहुअं लुक्कइ, डाकुआओ वि णिअत्तणं चिअ ।	But the gold is very well hidden, One of the pirates...
ण भणह तं झेन मणं जाणेइ, ण अहं ज्ञाणं प्राप्तवान् ।	You should not say, ‘I know what Zen is,’ or ‘I have attained enlightenment.’
(11 मार्च 2019) - यूरोपीय संघ में 400.000 सुरक्षित और सुरक्षित पार्किंग स्थानों की आवश्यकता है ।	(11 March 2019) - There is a need for 400.000 safe and secure parking spaces in the EU.
किं कायव्वं जाणंति भयं दूरं ।	knowing what must be done does away with fear.
इए कारण होइ कअ 9आओक्तूबराइं सव्वं सअण्णः	This is likely why Q has been totally silent since October 9th:
उम्मच्छं चुंबिज्जउ संतमहिलासहणं ।	I want – as the saint women – to kiss your feet.
और अंत में, मैड्रिड से आया उदाहरण हमारे पास है,	And then finally, we have this example which comes from Madrid,
(इअ एसा ईसराईली जोक् एसा एसाए, केण गेण्हं व मेम्मस्स संग जाइं?	(it’s the old Israeli joke again: Can you keep a wolf and a lamb together?
ई - 185 तेण तिस्रजणो मज्झ संदेसो ।	E-185 You got my Message on The Three Types Of Believers.
मंदं च्चिअ ण भणिज्जंति जेणवरी 2007 [47], म गलतं भणामि	I was sure they wouldn’t kill like they did in January 2007,[47] but I was wrong.
तेण वि तेण वाओ प्रयत्न च्चिअ योरपेण ।	Moreover, such words and attempts can split Europe itself.
स च्चिअ लोअरो लोअणस्स जो ईसामण्णं ण रक्खइ ।	He is the one who does not guard his womenfolk jealously.
तेण अ मज्झं गोड्'स् चर्चं महंसं महं समवेदयह ।	They had only associated themselves with God's Church for a season.
सच्चं सच्चं वचनइ सव्वं हवे ।	Indeed, His promise is truth personified and shall come to pass.
11जो एहि णिवहिस्सं छूहेइ सो अवश्य मारेइ ।	11 He that shall touch this man's wife, shall surely be put to death.
(दाविद की योजना शायद बहुत साफ़ है?	(Perhaps David's plan is too obvious?
[अन्यथा,] अम्हे वाहनक आवश्यकता होइइ, परिबहणेण मह च्चिअ होंतु ।	[Otherwise,] I would have needed a car; I would have had to pay transportation.[158]
स्टीवः मं त्हम् इणं ण भणामि जे 28 प्रतिशत आमरीकीओ सअण्हाए	Steve: I wasn't saying you've slept with 28% of American men.
अहं तेण जेण वि तेण सुहं विवाहेण ।	I would have married any one of them with pleasure.
युसुफेण अलिक्खं भणिउं पि किं लिहिअं ।	Joseph had written something after they spoke a little bit.
अबू सूफयान अवलंबिओ, अण्णे वाक्यात् परं तेण विरद्धे अहं किं भणिअं भणिमो ।	Abu Sufyan added, “Other than the last sentence, I could not say anything against him.
दिअहं दिज्जंतं पेच्छइ सो वि गोत्तग्गहिल्लं, दो च्चिअ पत्ताण वड्ढंति होंति	He kept watching it day after day, until one morning he went out, and there was two little blades growing up.
तेण असराईअस्स वअणं 13 कारणाइं जेण खाउ ।	That’s our first of 13 reasons you should eat like an Israeli.
तेण असराईअस्स वअणं 13 कारणाइं जेण खाउ ।	That’s our first of 13 reasons you should eat like an Israeli.
हा, अहं हैतीअ सच्चं मोक्खमग्गो वि अप्पाणं ।	Yes, I also incorporate my dreams with the real liberation of Haiti.
अम्हे अणुउद्योगमे विश्वास करैत छी, ओ ओहि महत्तर योगदानमे जे ओ कए चुकल अछि ।	We believe in our nuclear industry and the great contribution it has already done.
रिक डेविसः कत्तो दूरं गमिअंतो 1983?	Rick Davies: Well, I mean how far back are we going, 1983?
अव्वो सो च्चिअ देव्वाणं भणिज्जिहइ, एअं सव्वं चिअ सुहं चिअ सृज्जइ ।	Now can he say with God, “This is my beloved Son, created perfect and forever so”.
246 सालो से इस तरह के स्थलों पर यह बर्बर व्यापार हो रहा था ।	For 246 years this barbaric trade took place on sites like this.
अः धणेणअलेण वि युवावर्गनि थाखाय गोदान हाबाफारि बानायनायनि थाखाय धन्यबा!	a: Thank you for creating new programs for youth despite a lack of funding!
अम्हे सव्वेसिं जैक व्व होइः अम्हे वि अण्णं चिअ इच्छामो ।	Most of us are like Jack: we want more than one thing at once.
जो मां देवपुत्रं कहेइ तं तेऽ अज्ज मणुस्सं कुणसु ।	Let me this day have faith in Him Who says I am God’s Son.
दूरंतरिअसो ईश्वरशत्रुविद्धो होसि ।	When you are far off, you become a target of God's enemy.
AB\1: ता किं तुए विणा सच्चं वसिज्जसि	ABE: So you are now able to exist in another reality?
रॉय की 30 नंबर से अच्छी बहस हुई ।	Roy had a good discussion with number 30.
एसो ईश्वरकर्म्मा योजना, एसो तेन सम्बंधो ।	This is the plan of God’s work, and this is His management.
थ्री लिटिल पिग्स रूस का लगभग राष्ट्रीय विचार है ।	Three little pigs are almost the national idea of ​​Russia.
(क) जेण मए पुत्री [स. अ.] जीविएः	(a) if my daughter [S.A.] survives me:
\1 (पर्सेवल) ब्रह्माण्डे केणइ तं दो घरं ण पसिज्जंतिं ।	Q: (Perceval) Something in the universe didn't like those two houses.
कयिन ने परमेश्वर की मरज़ी का विरोध किया तो उसने क्या किया?	What did Cain do when he resisted God’s will?
ओ (एच. यू. डी.) इअम्हें सार्वजनिक आवास के लिए दीजिए ।	They (HUD) gave it to us for public housing.
अम्हाणं कम्मं ईगलकमत्तं होंतु, ते विअंते ते अच्चिए ।	Our command becomes the Eagle's command and that point is fixated at that spot.
350 दिन में किया गया - एक अमेरिकी प्रयोगशाला में ।	It was done in 350 days - in an American laboratory.
65 सालो के बाद उन्हें हर हफ्ते लौटते देखना दुर्लभ नहीं है ।	It is not rare, after 65 years, to see them return every week.
सो च्चिअ ण आआसाओ, संदेसो मा कुणसु ।	O people of the dawn, do not doubt.
गूगल (Google) भी 6.82 के तहत सूचीबद्ध डेटा एकत्र करता है ।	Google also collects the data listed under 6.8 2).
हालाँकि शैतान को सिद्ध बनाया गया था, फिर भी उसने विद्रोह किया ।	Though Satan was created perfect, he rebelled.
डौन अज्ज आउलत्तीअ पुत्तअ राबरटअस्स सहाओ करिज्जंति	Dawn would like to assist her son Robert today and in the long term.
किं सच्चं किं मिच्छं तं ते अण्णं जाणइ ।	They will determine what is The Truth and what is a lie.
परंतं ते एत्थ एत्तिओ च्चिअ ण तुमं णिग्घिणं गओ	But they’re here now; you’re not going to move populations of four million.
तुमं जं भणिओ अम्हे वि णिअत्तदुक्खकालम्मि रक्खिज्जइ ।	You just said that we're losing our protection at a very dangerous period here...
निश्चयमेव कज्जं करो ईश्वरप्रेमनि ।	Assuredly it is necessary that you do something for the love of God.’
निश्चयमेव कज्जं करो ईश्वरप्रेमनि ।	Assuredly it is necessary that you do something for the love of God.’
निश्चयमेव कज्जं करो ईश्वरप्रेमनि ।	Assuredly it is necessary that you do something for the love of God.’
(डी. आई. ए., इए सैन्य कार्यवाही प्रतीत होइ ।	(This appears to be a military action, DIA.
तुम रोमानियाई द्वारा लूटे जाएँगे, अवधि ।	You will be robbed by Romanians, period.
अम्हेहि तं दोषिओसं यूरोपीयन कमीशणं रक्ख सकीए ।	We should be able to save them from those culprits – the European Commission.
लगभग 1765 निकोलास को एक और मेज़ की ज़रूरत है ।	Circa 1765 Nicholas needs another table.
बाबा ईज़ यू में हालांकि, नियम कुछ भी हैं लेकिन परिभाषित हैं ।	In Baba Is You, though, the rules are anything but defined.
[जॉर्जिया में] हम यूरोप बनने की कोशिश कर रहे हैं - लेकिन हम नहीं हैं ।	[In Georgia] we are trying to be Europe – but we’re not.
पूरे यूरोप में इस अत्यधिक विखंडित उद्योग में हम हमेशा शीर्ष 25 में रहे हैं ।	We have always been among the top 25 in this highly fragmented industry across Europe.
मज्झं च्चिअ चारा णइ जोअस्स, जं तहिं जंपमाअमाणस्स ।	I had no option since it was part of the rituals.
फ़िरऔन के जादूगर	Pharaoh's magicians
फ़िरऔन के जादूगर	Pharaoh's magicians
सच्चं सुहं देववाकृतं जीवंति ।	Only by living by God’s word do we have true happiness.
तुम जानते हो कि तुम्हारे क्रांतिकारियों ने अपना जवाब भेज दिया है ।	You know your revolutionists have sent their reply.
हो सकता है कि उसने अपनी पूछताछ की धारा 31 को पहले ही सूचित कर दिया हो ।	He may already have informed Section 31 of his interrogation.
इयू एकल बाजार तक पहुँच के बिना, 360 मिलियन उपभोक्ता खो जाएँगे!	 ""Without access to the EU single market, 360 million consumers would be lost!
40. 9 रोजगार और निर्माण में एक मजबूत कनाडाई घटक होना चाहिए ।	40.9 Employment and construction must have a strong Canadian component.
जहिं ते वयस्स पूरूणं न होंति ताव्वं मए तेण सअलं जओ ।	I will fight alongside them until they reach the fullness of their age.
परन्तु 707 भी एक संख्या है जिसे हम 7070 में पहचान सकते हैं और जिसे हमे ध्यान में रखना चाहिए ।	But, there is also number 707 that we can recognize in 7070 and that we should take into consideration.
क्विनीन IV की सिफारिश अभी भी कुछ राष्ट्रीय प्रोटोकॉल में की जाती है ।	Quinine IV is still recommended in some national protocols.
किं को ण को ण तेण तेण कहेइ साहसु परं पुच्छिज्जासु	For, ""no one,"" it is said, ""durst from that day forth ask Him any more questions.
अम्हाणं सव्वेसु एंतं च्चिअ चिंतिज्जंति, अम्हारं पांडुलिपियएहिं ।	We all like to think our manuscript is one of these.
परंतु देवात्माइं सो सव्वं च्चिअ णस्सइ ।	But God’s Spirit prompted us to cancel them all.
दूई, कइओ भणिओ कहेइ फलस्तीनीओ कओण कओ ईरान?	Secondly, many people say: What has Iran ever done for the Palestinian cause?
थैंक्सगिविंग के लिए मियामी आने वाले सभी लोगों के प्रति हमारी संवेदनाः	Our condolences to anyone visiting Miami for Thanksgiving:
यूरोप के 34 देशों ने इस बुरे सपने को सच कर दिखाया	34 Countries in Europe Make This Nightmare a Reality
1990 के बाद से जो युद्ध हो रहे हैं, वे सब राजनीति और अर्थशास्त्र से संबंधित हैं, है न?	All these wars since 1990 are to do with politics and economics, aren’t they?
रोममें कालेहि एहि सव्वं चर्चा होइंगी, और ब्रसेल्स्समें वि अवश्यं ।	In Rome tomorrow we’re going to continue talking about all this, and also in Brussels of course.
बाक़ी दुनियाअणो आत्मविश्वास (स्वीडिश अकादमी में) इतना नीचो है कि हम इस साल नहीं करेंगे ।	The confidence (in the Swedish Academy) is so low in the rest of the world that we will not do it this year.
किं ईश्वरसमान दया सहिष्णुता केण होइ	Does anyone possess mercy and tolerance like God’s?
बिनि उनाव बिथाङा फिसा डिजिटल फिल्मफोरल'बानायो, एबा ईराननि बायजोआव खामानि मावो ।	Thereafter he only made small digital films, or he worked outside of Iran.
मए भणिओ ओ सभ (एशियाइ दिवार) जिणं लहेइ ।	I think they have already conquered (the Asian wall).
अइअं इच्छंति तेण णिवडित्तं तिण्णाइ मए तेण मज्झ	They want me to do this difficult thing for them for three Nutrition Pills?
परंतं जो लोअस्संदो तं कैसरं कस्स वि ण दइअं ।	But under no circumstances will we render to Caesar what is God’s.”[1]
परंतं जो लोअस्संदो तं कैसरं कस्स वि ण दइअं ।	But under no circumstances will we render to Caesar what is God’s.”[1]
परंतं जो लोअस्संदो तं कैसरं कस्स वि ण दइअं ।	But under no circumstances will we render to Caesar what is God’s.”[1]
परंतं जो लोअस्संदो तं कैसरं कस्स वि ण दइअं ।	But under no circumstances will we render to Caesar what is God’s.”[1]
पिहले साल अगर मुझे ठीक से याद हो तो इक्वाडोर ने अलायंस छोड़ दिया ।	Last year, if I remember correctly, Ecuador left the Alliance.
जं सणो जह जह जह जं लहेइ, तं जण्णं लहेमि मए ण पेच्छउ	I guess Johnson can have the world, I’ll take the web.
महिलाणं एम्बुलेंसं बहु विलम्बेन फ़ोन करेइ, तुह पेच्छसि दुक्खं जाणसि	Women call the ambulance too late – you know the pain
दुभाषिया मज्झं मुक्कोअं भणिआ, तेआअणिज्जंती जाणुयइ ।	The interpreter turned to me and said, ""They want to know more.
लोओ महं ण पुच्छिच्छंति, सुणइ ओ मानिज्जइ	People do not question me!They listen and obey.
कुछ सफलता की गाथाएँः लाइफ बैंक और प्रोजेक्ट वी फॉरगॉट	Some success stories : Life Bank and Project We Forgot
\1: वस्तुतः तेषाम् न्यू वर्ल्ड ऑर्डरं नाम अस्ति ।	A: Actually, they have a name for the New World Order.
पणसंतोषं मिहलिज्जंतो कम्मं खोखला होइ ।	But remove the satisfaction, and the act becomes hollow.
तेण तेण वा तेण रअणेण पुणो दासो जणो होइ, सो च्चिअ पुत्तस्स जाआ होइ	On that day, or rather that night, a slave people came out to his new destiny to become what he is, that means the people of sons.
तह तं जीवं जं अहं लहेमि सो जीवं पुनरुत्थानं ।	Then, the life I receive is resurrected life.
किस प्रकाश स्रोत को ""प्रतिस्थापित"" करने की शपथ न लें ।	Do not swear to “replace” what light source.
राजा का वचन अवश्य पूरा होना ।	Surely, the King's promise must be fulfilled.
उत्तमा अच्छीं, परुत्तमं तहिं विसद्धी करणस्स तहिं च्चेअ ।	Excellent, but we will have to change the nature of our explanation.
(यूक्रेनी कैदियों के बारे में) बोलना मेरा दायित्व है ।	« I have the obligation to speak [of the other Ukrainian prisoners].
90252 मए तं सयं भणिअं ।	I was what they call a 90252.
और अब पहले से भी ज़्यादा, हमारे राष्ट्राध्यक्षों को सुनना बेहतर होता ।	And now more than ever, our heads of state had better be listening.
सा तुज्झ अम्हाणं भलाइं भणसि, मूसासं भणिओ तं मारेइ अम्हे वि!	You talk to us of goodness, but Moses told us that we must kill her!
यानि एथलीट रिएक्शन देने के लिए 30 प्रतिशत तेज़ हो गया था!	In other words, the athlete had become 30% faster to react!
119 ""सो अम्हे अब्राहाम, मं सा अच्छी साखी दइश ।	E-119 ""So, well, Abraham, I--I think you would--you would make a very good witness.
ओडेटए उत्तरिआइं, मित्तं ण कं ण आसाए ।	And Odette answered, ‘Nothing is impossible to the eye of a friend.’
तं तेण विणेतावाला सव्वेण ण थकिज्जंति, तेण माहमें तेण लहेहिं ।	All those who seek her will not tire themselves; in her month they will find her.
अण्णं जाणह जेण मणुस्सुत्तं पवज्जं दिण्णं,	Know thou that when the Son of man yielded up His breath to God,
इश्माएल के वारे में जो कहसि सो सच्चं न होइ ।	What you are saying about Ishmael is not true.
पब्भसं च्चिअ जाआ णिअत्ताइं, कल यूरोपमे एशियाएहि स्वास्थ्यसमस्या होइ ।	But beware, because Europe could experience tomorrow the same health crisis as Asia.
दाविद हीलीअस्स तेण व वेब साइट तेण मं चेअ संदेहो होइ ।	I am more skeptical than ever of David Healy and his web site.
तेण वि ण फरक पडत जे तेण वालंटियर वा डोनर तेण तेण ।	It does not matter where this volunteer or donor is at that moment.
लेकिन व्यावहारिक रूप से कुछ दोगुना कैसे किया जाए, उदाहरण के लिए, पैसा?	But how to practically double something, for example, money?
94साम्यवादो उट्ठेणोइ, एव्वो वि उद्धेणोइ च्चेअ	94 Communism has to rise; these other things has to rise.
नहिंतो मए ण जिविज्जामि [खेलामि] ।	Or I will not live [play] at all.” ⇒
असई च्चिअ मरणभयं ण होइ, तेण इच्छा वल्लहा अद्दाअं होइ ।	Such a person does not fear death, and his will and power are amazing.
[ण... वह तुरन्त [शासन द्वारा] मारी जाएगी ।	[No … She would be killed [by the regime] immediately.
माणो मा मारो मा होंतु तुमं 40 सत्थं हरइस्सं	Kill or be killed – can you beat all 40 levels?
इ - 9 मए उवऊढा लज्जिज्जउ ।	E-9 I'm going to embarrass my wife.
63, 000 कीअ 63,000 कओ ण होंतु कओ जस्स कस्स इब्भागवराहो	The answer to “why 63,000” is because that is what God says it can be!
सो च्चिअ कहेइ दुःखं एइ लोएणं ।	The pain,” he says, “was out of this world.
इ तं ण करेसि तेण वि गव्विआ पुणो (मिच्छत्तं) ।	If you don't do this then he lapses back into his old (bad) behaviour.
आयरलैण्डनि थामथि बयनिख्रुइबो मुंदांखासिन बियार (आरो अम्हेमो आयरिशां फोथायनो हायोमो!)	Ireland’s third most popular beer (and I think we can trust the Irish!).
एहि महत्तर ग्रन्थक अनुसमर्थन कयवला देशसभमे यूनानकेँ गिनयबाक हेतु उत्सुक छी ।	I look forward to counting Greece among the countries that have ratified this important instrument!
दट्ठूण ण दिट्ठइ तं लोयं तं तं विणइ ।	See, ""He made the world out of things that does not appear.
किं त्थि करेसि जं लज्जसि किं ण माणंसि	You are have done something that you are ashamed of or are not proud of.
उत्तमो लचीलो होसि... अम्हे बेल्जियनओ तेण तेण ।	Excellent flexibility… thanks to the fact that we are Belgians!
और एहि वद्दे लोए केण सुरक्खति रेहइ ।	And what security there was for the people in this promise.
प्रपत्र 099क कोन सेक्शण हमरा भरिओत (णएण आवेदन)?	Which Section of form 039 must I complete (new applications)?
ण वि त्थि च्चिअ मज्झाइं तुमं कहेमि जंपमाणा वि तेण, अण्णत्ताहे वि असंपूर्णं रहस्यमेत्तं गअं तेण	There are some really cool ideas that I’m dying to tell you, but that would be giving away a secret that is not even [fully] formed yet.
कइं ण होंति संभावित क्रेता किं व किं व ण होइ	how many potential buyers don’t become real and why.
छात्रः एत्थ तिण्णपव्वतत्तणं पूरूं काय मा?	Student: We must complete the three mountains for this, or no?
एत्थाणं सव्वुत्तं ब्लेयरस्स वाणी सव्वं सन्तुलित जाणइ ।	Blair’s speech seems to be the most balanced of all the speeches here.
परंच जोनाह जेणाणं सा च्चिअ णिव्वुईओ तेण अम्हाणं पआए ।	But, as with Jonah, the Lord himself will lead us resolutely along the path which he has chosen for us.
उअअअ तं पसारिआइं, ता स च्चिअ पुणरुत्तस्स व्व सेहतमंदआइं	stretched it out, and it was restored, healthy like the other.
लिबिया की सव्वेगो जनजातियो, एत्थ वि हाजर होइं ।	All the tribes of Libya, I repeat, present here.
किं तुमं पर्यावरणं स च्चिअ वि कअत्थं, णिअत्तं शिशु व्व च्चेअ	Do you participate with the environment in anyway, at least like a baby?
पर तुमं दिट्ठूसिअ एद्दहमेत्तम्मि जीअ तुमं तिक्खुत्तमंतीए	But you see those books you just signed for my wife and my three daughters?
सो देवियो जो अन्तिणिमे दीसओओ, सो देवयो जे एहि जुग्गं समापयइ ।	He is the God who's returned in the last days, the God who will end this age.
11अम्मि कत्तो चिरंतं दाहिणहअंगं विलग्गसि?	11 How long wilt thou withdraw thy hand, and thy right hand?
तेण माहामंतरं / इअ संकट्ठो इमिग्रेंट्सं ।	Three months later / This crisis is because of immigrants.
संपादित कीजिए 1: दाविद, वहू सुंदरि वहु, सव्वे जण करेइ तं ।	EDITH: David, his beautiful wife, everybody does it.
जो उत्तरदायी हों, वे एक दिन चुकाएँगे ।	Those responsible will pay for them one day.
इन्फर्नोः अंगसहायकं कायव्वं किं पि ।	Inferno: To do it with the aid of the body is something essential?
जीवं परिवर्त्तनं तेण ण होंति, परं जाणणु तेण उद्देसो होइ ।	Their aim has been not to reform life but to know it.’
ईश्वरक इच्छानुसार एत्थ मअरं विसेसं ।	My remains will be brought here according to God’s will.
जो जूनमासे सो करेइ सो सव्वं अण्णो सेओ	What she does during this month of June, using her last forces.
मित्तं वीररं च पहाडं जाणह एसो सच्चं ।	Let the friend and the enemy, even the mountains, know this to be the truth.
इआ अण्णो अहवसो 3,150 लोओ, माणवो!	It is unbelievable! 3,150 people, human beings!
अण्णं एसो, दे सव्वो च्चिअ लोअणिज्जणो अम्हाणं	Brothers, come, we need half a million people here.
सो च्चिअ सव्वं पावं पवज्जंतीए, अण्णं चिय च्चेअ सव्वेसु पावाणं	He lived a life perfectly in accordance with God’s will and then died innocently for all of our sins.
णिअत्तणाणं पवज्जइ जणो णिव्वुत्तं, पिअं पि ण आणइ उव्वसाहमं	John on his part opened the door to repentance beforehand; afterwards should come the judgment.
विशिष्ट नियम कुछ प्रकार के weapons.71 ""के उपयोग पर लागू होते हैं	• Specific rules apply to the use of certain types of weapons.71
अण्णं तुमं ण पेच्छसि जेण एद्दहमेत्तम्मि धम्मेण ।	You have no idea how proud I am of my daughters who have all graduated.
तहिं चेअ जाणह जे देव्वाणं विमर्शनं समाअं ।	Only then will you suddenly realize that God’s work of judgment has already concluded.
(एंदरोमेडा) गमाअंतरम्मि कुड्डलिअमेत्ताए, जं ढूँढणइ अम्हे वि!	(Andromeda) We have missing members of our family that we need to find!
इज़राइल वर्तमान संकल्प (338) को अपनी पूरी गंभीरता के साथ देखता है ।	Israel views the present Resolution (338) with all the gravity that is its due.
आंद्रइ1: जं जाणइ इच्छामो सो तवस्स प्राकृतं इतिहासं ।	ANDREW: What we would like to know is something of your natural history.
मए ते संकेतो जेण वि हुक्खिज्जइ णिव्वेणं पिओ वड्ढम्मि ।	To me, those are signs that the intention was to save the life of the sick or injured individual.
(निश्चयहि ई पहिल बेर नहि होयत जे अवतारक निन्दा कयल गेल हो!	(It certainly won’t be the first time an Avatar has been condemned!
णिअत्ताइं च्चेअ तुमं वि विदेशिअणाइं ण रोमेनियानि णस्साइं	I hope that you do not also work for the foreigners and for the destruction of Romania.
ते धम्मे देव्वाणं खलोअत्तणं कायव्वं ।	They could have established the horizontal foundation for God on the earth.
तेण लिक्खइ जेण माणवं च्चिअ हे प्रभु, तं रक्खसि णिव्वुइ च्चेअ	And the writing says, “Man and beast Thou preserves, O Lord.
विलः ""हेनरी, तेरे घेरे को कोई खलल नहीं डालता ।	Will: ""Nothing ever disturbs your circles, does it, Henry?
और हो, ईश्वरीयात्माओ तेण वि तेण पारं वहइ ।	And yes, God’s spirit will have been instrumental in leading them to that point and beyond.
और मणुस्सस्सस्स विणा सव्वं गुणे ।	and all the virtures of man without his vices.
ई - 75 (बिल्लि, सव्वं सज्जं किं?)	E-75 (Are they all ready, Billy, everything?)
जेण तुज्झ जीवसि, तेण उअह आलोकं रक्खइ ।	The life you lead conceals the light you are.
तेण वि एहि लोए किरक्खरंसं णिअत्तणं पवज्जवं ।	You do need to be comforted and sheltered from the harshness of this world.
अम्हे मोलिलामो नदीतीरे वसंति ।	We are on the banks of the Molilamo.
परंतं किं तेण ण एक्का नूहस्स आर्क, मणुस्साणं का ण त्थि?	But to do so, should we not another Noah's Ark, human one, is built?
परंतं किं तेण ण एक्का नूहस्स आर्क, मणुस्साणं का ण त्थि?	But to do so, should we not another Noah's Ark, human one, is built?
परंतं किं तेण ण एक्का नूहस्स आर्क, मणुस्साणं का ण त्थि?	But to do so, should we not another Noah's Ark, human one, is built?
चुनावों से दो हफ्ते पहले युद्ध कोई नहीं चाहता, खासकर हिज़्बुल्लाह के खिलाफ ।	No one wants a war two weeks before elections – especially against Hezbollah.
जंजं कुराणं मणुस्साणं चारीओ वहुआइं, मुहम्म्म्दअणं ण होंति णाहवीओ होइं?	If the Qur’an limits men to four wives, why did Muhammad have at least nine wives at one time?
7वह सर्वदा अप्पाणं मिच्छइ ।	# 7 She always lies about herself.
- मम्मं मा खाउ कोलोबोक, अम्हेहि तुज्झ एपाअर्टमेन्टाइं लिहिअं ।	- Do not eat us, Kolobok, we will rewrite your apartment!
जापानियों ने एक साल बाद भी अपने राष्ट्रीय पुस्तकालय को नहीं जलाया ।	The Japanese did not burn their national library a year later.
इ - 69अव्वो वक्कीलं कालेण पुरओ वि जाओ..	E-69 And when this lawyer goes out of town...
मलाकी\1:1 ""णिव्वत्तिअं दीसइ, भट्टी व्व दाहइ ।	Malachi 4:1 ""Surely the day is coming; it will burn like a furnace.
तेण विरहेण जइ अण्णं वराईं हअस्स, णिव्वत्तिओ ण उल्लंभिओ साहसु	You do not, therefore, transgress the law if you kill the wild beast to save your brother’s life.
लेकिन, उन्होंने आगे कहा, ""अंत में वे लेबल पर नियंत्रण खो बैठे जब उनके साथियों ने इसे उनके खिलाफ कर दिया ।	But, she added, “they ended up losing control of the label when their peers turned it against them”.
अइहिं सअण्हा फुरनसेत्तीअ घरसज्जाइं पण आकृति ण बदलिआइं ।	Before them Fornasetti had changed the decoration of the furniture but not the shape.
अण्णाणं सव्वं विज्जा वि उवऊढा, ते च्चिअ म्हाणं उत्तमा रेहिया ।	They have been the best for me, even though I have defied all their science.
जेण ईश्वरीयवाक्खं ण मणुओ तेण मिच्छं ।	If it does not agree with God’s Word, it is a lie.
अण्णं वान्गार्डं भणिअं भणिओ, सो च्चिअ ईश्वरिअं करेइ अम्ह वि ईसामसीहओ होइ	He accused us of being jealous of him because he is doing the will of God,"" the brother told Vanguard.
तेण अहं तं सच्चं भणामि ।	Then I clarified the truth to him.
किं अंतो च्चिअ होंति तेण वि जंपमाणाए, जं तहिं तहिं चेअ पुरिसा पुत्तिओ पआइं	Are they finally, since it seems that the open pages of one of them are completely white?
[...] तेण वि महापिरामं कस्स ण कस्स इश्रायेलीअ अनुग्रहस्स संठाइं ।	[...] yet the Great Pyramid should, in some way, indicate the full length of Israel's favor.
सिद्धीअंती सपनां वड्ढंति जेत्तिओ तेत्तिओ जाणसि तुज्झ अज्ज वि तारुणं ।	If you have more dreams than achievements, then you know that you are still young”.
सो ओरेओ के साथ, उन्होंने वैसा ही किया ।	So with Oreo, they did that.
अज्ज ईसामस्स वाग्दंडं रक्खइ ।	Today the promise of God's Word is kept.
थैंक यू स्टीव, तुम सच में हर मुस्कान को जादू से कैद कर लिया ।	Thank you Steve, you truly captured every smile with magic.
म्यारियोन केलीअमेअम् सभीअ थोड़ा और क्यों होना चाहिए	Why we should all be a bit more Marion Kelly
जहिं तहिं तहिं बहुए मिच्छत्तं ।	If it is then it is in very bad taste.
अच्छीं किं भणिअं भणसि जह हिअअं मुहं वहंतम्मि ।	How can you say good things, when out of the abundance of the heart speaketh the mouth.
जेण मोकरी तेण गामो णस्सइ तेण वारेइ रामोसिनि, तेण तेण अण्णेण मरिअं तेण	If Mokari removes from that village he will perish first, and thou, Ramosinii, wilt be the last to die.
उदाहरण के लिए, सऊदी अरब में हम हमेशा अपने दोस्तों का समर्थन करने की कोशिश की है, और बहुत अच्छे कारणों से ।	We’ve always tried to support our friends in Saudi Arabia, for example, and for very good reasons.
फेसबुक पर आप उम्र भी चुन सकते हैं ।	On Facebook, you can even choose the age.
हम ऐसा इसलिए करते हैं क्योंकि हम उत्तरी कोलोराडो में विश्वास करते हैं और उसका समर्थन करते हैं ।	We do it because we believe and support Northern Colorado.
पसुवइणो रोसारुणपडिमासंकंतगोरिमुहअंदम्,गहिअग्घपंकअं मिअ संझासलिलंजलिं णमह	Bow before Siva's offering to Twilight, The water held in his cupped hand. Reflecting Gauris moonlike face, Now flushed with jealous anger, It looks more like a crimson lotus
अमिअं पाउअकव्वं पढिउं सोउं च जे ण आणंति,कामस्स तत्ततत्तिं कुणंति ते कह ण लज्जंति	Shame on those who cannot appreciate This ambrosial Prakrit poetry But pore instead Over treatises on love
सत्त सआइं कइवच्छलेण कोडीअ मज्झआरम्मि,हालेण विरइआइं सालंकाराण गाहाणं	Among countless elegant poems, King Hala, patron of poets, Has selected seven hundred.
उअ णिच्चलणिप्पंदा भिसिणीवत्तम्मि रेहइ वलाआ,निम्मलमरगअभाअणपरिट्ठिआ संखसुत्ति व्व	Look at that heron Standing absolutely motionless On the lotus leaf. It is just like mother of pearl In a setting of spotless emerald.
ताव च्चिअ रइसमए महिलाणं विब्भमा विराअंति,जाव ण कुवलअदलसच्छहाइ मउलंति णअणाइं	While making love, women go on enticing men Up to the very end When their eyes, Long and oval like the petals of the waterlily, Close
अत्ता तह रमणिज्जं अंहं गामस्स मंडणीहूअं,लुअतिलवाडिसरिच्छं सिसिरेणकअं भिसिणिसंडं	Look, mother-in-law! That lovely mass of lotuses Used to be the most beautiful thing in our village, But now winter has made them look Like a sesame field just after harvest
किं रुअसि ओणअमुही धवलाअंतेसु सालिछेत्तेसु,हरिआलमंडिअमुही णडि व्व सणवाडिआ जाआ	Cheer up! Don't cry for the paddy turning white. There's the field of hemp in bloom Like a dancer with her face painted yellow!
सहि एरिसि च्चिअ गई मा रुव्वसु तंसवलिअमुहअंदं,एआण वालवालुंकितंतुकुडिलाण पेम्माणं	Friend, this is just the way things happen— Stop your tears, don't turn your face away— Like the tendrils of a young cucumber, One's affections twine around an object That does not stay.
पाअपडिअस्स पइणो पुट्ठिं पुत्ते समारुहंतम्मि,दढमण्णुदूमिआइ विहासो घरिणीअ णिक्कंतो	When their little son Climbed on her husband's back As he knelt at her feet, She could not help laughing Despite her fierce anger.
रंधणकम्मणिउणिए मा जूरसु रत्तपाडलसुअंधं,मुहमारुअं पिअंतो धूमाइ सिही ण पज्जलइ	Don't get annoyed: There's nothing wrong with your cooking. That the fire won't burn but only smokes Is because it wants to inhale your breath That has the fragrance of red trumpetflowers.
घरिणीअ महाणसकम्मलग्गमसिमइलिएण हत्थेण,छित्तं मुहं हसिज्जइ चंदावत्थं गअं पइणा	The husband laughed at his wife's face Which, smudged with soot That stuck to her hand from kitchen work, Looked more than ever like the moon.
किं किं दे पडिहासइ सहीहि इअ पुच्छिआइ मुद्धाए,पढमुग्गअदोहलिणीअ णवर दइअं गआ दिट्ठी	When her friends asked the young wife Who was pregnant for the first time What she craved most She simply looked at her husband
अमअमअ गअणसेहर रअणीमुखतिलअ चंद दे छिवसु,छित्तो जेहि जिअअमो ममं पि तेहिं चिअ करेहिं	Sweet moon, Crest jewel of the sky, Beauty spot on the face of night, Touch me with the very same rays With which you've touched my most dearly beloved.
एहिज्ज सो पउत्थो अहअं कुप्पेज्ज सो वि अणुणेज्ज,इअ कस्स वि फलइ मणोरमाण माला पिअअमम्मि	First let my dear husband come home, Then let me give him a scolding, And then let him do his best to bring me round. There must be someone who can get all three wishes.
कोसंवकिसलवण्णअ तण्णअ उण्णामिएहि कण्णेहिं,हिअअट्ठिअं घरं वच्चमाण धवलत्तणं पाव	Young calf, Blushing red as a tender mango shoot, Running with ears pricked Towards the house of your desire, Assume the cool whiteness of a bull!
अलिअपसुत्तअ विणिमीलिअच्छ दे सुहअ मज्झ ओआसं,गंडपरिउं वणापुलइअंग ण पुणो चिराइस्सं	Dearest, I know you are not really asleep, Just keeping your eyes closed. I can see goose pimples rising as I kiss your cheek. I won't be late again.
असमत्त मंडण च्चिअ वच्च घरं से सकोउहल्लस्स,वोलाविअहलहलअस्स पुत्ति चित्ते ण लग्गिहिसि	Don't bother about your makeup, girl, Just go to him quickly, while he wants you. Once his longing is over He won't give you a thought.
आअरपणामिओट्टं अघडिअणासं असंहअणिडालं,वण्णघिअलित्तमुहिए तीए परिउंवणं भरिमो	I will never forget how, When her face was smeared with red ghee, We kissed, Carefully pouting our lips So that our noses and foreheads Wouldn't meet.
आणासआइ देंती तह सुरए हरिसविअसिअकवोला,गोसे वि ओणअमुही अह से त्ति पिअं ण सद्धहिमो	I refuse to believe that she who, Cheeks flushed with excitement, Is so demanding while making love Can really suit him, However meek she may be next mornin
पिअविरहो अप्पिअदंसणं च गरुआइ दो वि दुक्खाइ,जीअ तुमं कारिज्जसि तीअ णमो आहिजाईए	Being separated from what is dear And being forced to look at what isn't Are two causes of grief. I bow to your good breeding Which demands that you act as you do.
ण कुणंतो च्चिअ माणं णिसासु सुहसुत्तदरविवुद्धानं,सुण्णइअपासपरिमुसणवेअणं जइ सि जानंतो	You would not be so touchy If you knew the pain of falling asleep beside one's lover And waking up in the middle of the night To discover that the bed is empty.
णवलइपहरं अंगे जहिं जहिं महइ देअरो दाउं,रोमंच दंदराई तहिं तहिं दीसइ वहूए	At whichever part of her body Her husband's younger brother Aims the tender twig Gooseflesh raises a palisade of sticks.
अज्ज मए तेण विणा अणुहूअसुहाइ संभरंतीए,अहिणवमेहाण रवो णिसामिओ वज्झपडतो व्व	Today, As I think of the pleasures I've had Without him, The thunder of the first rain clouds Sounds like the executioner's drum.
णिक्किव जाआभीरुअ दुद्दंसण णिंवकीडसारिच्छ,गामो गामणिणंदण तुज्झ कए तह वितणुआइ	Headman's son, How heartless you are! Shying away from your wife You rarely show yourself, Like a worm in a neem berry. Yet because of you The whole village is pining away.
पहरवणमग्गविसमे जाआ किच्छेण लहइ से णिद्दं,गामणिउत्तस्स उरे पल्ली उण से सुहं सुअइ	Lying on his breast, Rough with the scars of many a wound, The headman's wife finds it difficult to rest, But his village sleeps sound.
अह संभाविअमग्गो सुहअ तुए च्चेअ णवर णिव्वूढो,एण्हिं हिअए अण्णं अण्णं वाआइ लोअस्स	What good old-fashioned honesty! But really, my dear, You're the only one who goes in for it. Nowadays people think one thing and say another.
उण्हाइ णीससंतो कीस मह परंमुहीअ सअणद्धे,हिअअं पलीविउं अणुसएण पुट्ठिं पलीवेसि	What do you think you are doing, Embracing me from behind? First you set fire to my heart And then you start burning my back With these hot sighs of remorse.
दिअरस्स असुद्धमणस्स कुलवहूणिअअकुड्डलिहिआइ,दिअहं कहेइ रामाणुलग्गसोमित्तिचरिआइं	The good wife takes all day To explain to her importunate young brother-in-law The paintings on the walls of their house That depict the adventures of LaksmanRamas devoted younger brother.
चत्तरघरिणी पिअदंसणा अ तरुणी पउत्थवइआअ,असई सअज्जिआदुग्गआ अ णह खंडिअं सीलं	Young and attractive and her husband abroad, Living in poverty at a busy crossroad, With loose women in the neighborhood, —You're not telling me she's still chaste?
अहिआइमाणिणो दुग्गअस्स छाइं पइस्स रक्खंही,णिअवंधवाण जूरइ घरिणी विहवेण एंताणं	Protecting the self-image of her husband, Who is poor but proud of his breeding, The wife scorns her own relatives As they arrive with rich presents.
साहीणे वि पिअअमे पत्ते वि छणे ण मंडिओ अप्पा,दुग्गअपउत्थवइअं सअज्जिअं संठवंतीए	Her husband is at hand And the festival in full swing. Yet she delays putting on her jewels To hearten the woman next door Who is poor And whose husband has still not returned.
सब्भावणे हभरिए रत्ते रज्जिज्जइ त्ति जुत्तम् इणं,अणहिअए उण हिअअं जं दिज्जइ तं जणो हसइ	To fall in love with a man who returns your love, One who is full of kindness and affection, Makes sense. But to give one's heart to a man who is utterly heartless Is laughable.
आरंभंतस्स धुअं लच्छी मरणं व होइ पुरिसस्स,तं मरणम् अणारंभे वि होइ लच्छी उण ण होइ	If a man shows initiative There is the prospect of either wealth or death. Even if he lacks initiative, death is certain, Wealth is not.
अक्खडइ पिआ हिअए अण्णं महिलाअणं रमंतस्स,दिट्ठे सरिसम्मि गुणे सरिसम्मि गुणे अईसंते	While making love to another woman His beloved will come to mind Both when he sees and doesn't see A familiar trait.
णइपूरसच्छहे जोव्वणम्मि अइपवसिएसुदिअहेसु,अणिअत्तासु अ राईसु पुत्ति किं दड्ढमाणेण	Silly girl, Youth races past Like a river in spate, The days are fleeting And the nights unreturning. So why this stubborn sulkiness?
कल्लं किर खरतिअओ पवसिहइ पिओ त्ति सुव्वइ जणम्मि,तह वड्ढ भअवइ णिसे जह से कल्लं चिअ ण होइ	Every one knows the hardhearted lover Leaves at dawn. Venerable Night, stretch on So that morning will not come.
होंतपहिअस्स जाआ आउच्छणजीअधारणरहस्सं,पुच्छंती भमइ घरं घरेण पिअविरहसहिरीओ	As her husband is about to depart She goes from door to door Asking all the women who suffer from absent husbands For the secret of surviving the farewell.
अण्णमहिलापसंगं दे देव्व करेसु अम्ह दइअस्स,पुरिसा एक्कंतरसा ण हु दोसगुणे विआणंति	O god, please Let my husband form other attachments, For men who have experience of one person only No longer appreciate what's good and what's bad.
थोअं पि ण णीइ इमा मज्झण्हे उअ सरीरतललुक्का,आअवभएण छाही वि ता पहिअ किं ण वीसमसी	Wayfarer, Your shadow is hiding beneath your body, Not showing one bit of itself for fear of the midday sun, So why don't you too take a rest?
सुहउच्छअं जणं दुल्लहं पि दूराहि अम्ह आणेंत,उअआरअ जर जीअं पि णेंत ण कआवराहोसि	By bringing that man Who keeps his distance To ask me how I'm feeling, You have proved a blessing. Now, fever, if you take my life, I will not complain.
आम जरो मे मंदो अहव ण मंदो जणस्स का तत्ती,सुहउच्छअ सुहअ सुअंधगंध मा गंधिरिं छिवसु	Why should anyone care Whether my fever has abated or not? You, my dear, asking how I am And smelling so fragrant, Do not touch me who stink of fever.
सिहिपिच्छलुलिअकेसे वेवंतोरु विणिमीलिअद्धच्छी,दरपुरिसाइनि विसमिरि जाणसु पुरिसाण जं दुक्खं	Your long hair sways like a peacock's fan, Your thighs quiver, your eyes half close, With long pauses you sort of play the man. Now do you see what hard work it is For a man?
पेम्मस्स विरोहिअसंधिअस्स पच्चक्खदिट्ठविलिअस्स,उअअस्स व ताविअसीअलस्स विरसो रसो होइ	Love Estranged and patched up again, Once its dissolution is plain to see, Will never taste right again Like water that has boiled then cooled
वज्जवडनाइरिक्कं पइणो सोऊण सिंजिणीघोसं,पुसिआइ करिमरीए सरिवंदीणं पि अच्छीइं	Thinking she hears the twang of her husband's bow Above the crashing thunder, The captive wife tells the royal hostages To wipe away their tears.
करिमरि अआलगज्जिरजलआसणिवडणपडिरवो एसो,पइणो धणुरव कंखिरि रोमंचं किं मुहा वहसि	It is only the echo of a thunderclap From an early rain cloud. I suppose you were hoping it might be the twang Of your husband's bow, For why else is the hair on your body bristling?
सहइ सहइ त्ति तेण तहा रमिआ सुरअदुव्विअड्डेण,पव्वाअसिरीसाइ व जह से जाआइ अंगाइं	Because she put up with it all The clumsy youth went on making love to her So that her limbs now look like wilting acacia flowers.
असरिसचित्ते दिअरे सुद्धमणा पिअअमे विसमसीले,ण कहइ कुडुंवविहडणभएण तणुआअए सोण्हा	She does not complain to her husband About his brother's advances Not because she herself has impure thoughts But because he is so touchy And she is afraid of causing a split in the family. Instead she pines away.
चिंताणिअदइअसमागमम्मि कअमण्णुआइ भरिऊण,सुण्णं कलहा अंती सहीहि रुण्णा ण ओहसिआ	Imagining how it was when her lover was with her, The woman suddenly remembered how angry she had been And raged against thin air. Far from laughing, her friends wept for her.
हिअअण्णुएहि समअं असमत्ताइं पि जह सुहावेंति,कज्जाइ मणे ण तहा इअरेहि समाणिआइं पि	Dealings with sympathetic people, Even if inconclusive, Are, I think, more pleasant Than dealings concluded With their opposite.
दरफुडिअसिप्पिसंपुडणिलुक्कहालाहलग्गछेप्पणिहं,पिक्कंवट्ठिविणिग्गअकोमलम् अंवंकुरं उअह	Look! A tender shoot has sprouted from the stone of a ripe mango. It looks like an eel hiding in a half-opened oyster shell.
उअह पडलंतरोइण्णणिअअतंतुद्धपाअपडिलग्गं,दुल्लक्खसुत्तगुत्थेक्कवउलकुसुमं व मक्कडअं	Look at that spider climbing down from the rafters Along a thread spun from between its feet: It looks like a mimosa flower strung on an invisible string.
जइ होसि ण तस्स पिआ अणुदिअहं णीसहेहि अंगेहिं,णवसूअपीअपेओसमत्तपाडि व्व किं सुअसि	If you are not his lover, How come you sleep every day, Your limbs as weak As those of a newborn buffalo calf, Drunk on its mother's milk?
हेमंतिआसु अइदीहरासु राईसु तं सि अविणिद्दा,चिरअरपउत्थवइए ण सुंदरं जं दिआ सुअसि	The winter nights are long, For months your husband's been away, So you must be sleeping well. How odd that you should fall asleep by day.
जइ चिक्खिल्लभउप्पुअपअम् इणम् अलसाइ तुह पए दिण्णं,ता सुहअ कंडइज्जंतम् अंगम् एण्हिं किणो वहसि	If that woman, who stepped on your foot As she leapt away from the mud, Were so indifferent, Why, my dear, is your body now covered With gooseflesh?
पत्तो छणो ण सोहइ अइप्पहाए व्व पुण्णिमाअंदो,अंतविरसो व्व कामो असंपआणो अ परिओसो	Once the festival starts its glamor is over, Like the full moon in broad daylight, Like sex which in the end loses its savor, Or like gratitude without a steady stream of gifts.
पाणिग्गहणे च्चिअ पव्वईअ णाअं सहीहि सोहग्गं,पसुवइणा वासुइकंकणम्मि ओसारिए दूरं	Already at her wedding Paravati's friends knew she would be happy When Siva tossed aside The snake bracelet that frightened her.
गिंहे दवग्गिमसिमइलिआइ दीसंति विंझसिहराइं,आससु पउत्थवइए ण होंति णवपाउसब्भाइं	What you see are the heights of the Vindhya Painted black by the forest fires of summer, Not fresh rain clouds. So do not worry about your husband's return.
जेत्तिअमेत्तं तीरइ णिव्वोढुं देसु तेत्तिअं पणअं,ण जणो विणिअत्तपसाअदुक्खसहणक्खमो सव्वो	Give as much affection As you can muster. For not everyone can bear to suffer The withdrawal of kindness.
वहुवल्लहस्स जा होइ वल्लहा कह वि पंच दिअहाइं,सा किं छट्ठं मग्गइ कत्तो मिट्ठं च वहुअं च	How can a woman Who for five whole days Has been the lover of such an attractive man Ask for one day more? One cannot feast on dainties.
जं जं सो णिज्झाअइ अंगोआसं महं अणिमिसच्छो,पच्छाएमि अ तं तं इच्छामि अ तेण दीसंतं	Whatever part of my body he stares at I cover. At the same time I want him to see it.
दढमण्णुदूमिआइ वि गहिओ दइअम्मि पेछह इमीए,ओसरइ वालुआमुट्ठिओ व्व माणो सुरसुरंतो	See how the woman's indignation at her husband Escapes with a soft sigh Like sand from a clenched fist.
ण वि तह विएसवासो दोग्गच्चं मह जणेइ संतावं,आसंसिअत्थविमुहो जह पणइअणो णिअत्तंतो	More than his absence abroad Or my wretchedness here at home What pains me is my husband returning Without quite reaching his goal.
भरिमो से गहिआहरधुअसीसपहोलिरालआउलिअं,वअणं परिमलतरलिअभमरालिपइण्णकमलं व	I will never forget how she shook her head When I tried to kiss her lips And her tresses flew in all directions. Her face looked like a lotus Surrounded by a swarm of bees Excited by its fragrance.
हल्लफलण्हाणपसाहिआण छणवासरे सवत्तीण,अज्जाइ मज्जणाणाअरेण कहिअं व सोहग्गं	When her rivals take a freezing cold bath Before dressing for the festival, The youngest wife shows her privileged position By not bothering.
ण्हाणहलिद्दाभरिअंतराइ जालाइ जालवलअस्स,सोहंति किलिंचिअकंटएण कं काहिसि कअत्थं	You won't make anyone happy By sitting here Removing with a bamboo needle The traces of turmeric soap From the meshes of your filigree bracelet.
अद्दंसणेण पेम्मं अवेइ अइदंसणेण वि अवेइ,पिसुणजणकंपिएण वि अवेइ एमेअ वि अवेइ	Love vanishes Through not seeing enough of one another, Through seeing too much of one another, Through spiteful gossip, And sometimes just like that.
पोट्टपडिएहि दुक्खं अच्छिज्जइ उण्णएहि होऊण,इअ चिंतंताण मणे थणाण कसणं मुहं जाअं	Thinking how wretched it is To be sagging over her stomach After having once been prominent —That's how her breasts must have got dark nipples.
सो तुज्झ कए सुंदरि तह झीणो सुमहिलो हलिअउत्तो,जह से मच्छरिणीअ वि दोच्चं जाआइ पडिवण्णं	Lovely woman, The farmer has become so thin On your account That his good wife, though jealous, Now acts as go-between.
दक्खिण्णेण वि एंतो सुहअ सुहावेसि अंह हिअआइं,णिक्कइअवेण जाणं गओ सि का णिव्वुई ताणं	Though you visit us only out of courtesy, You rejoice our heart. What delight you must give to those Whom you visit with genuine fondness.
एक्कं पहरुग्घाअं हत्थं मुहमारुएण वीअंतो,सो वि हसंतीअ मए गहिओ वीएण कंठम्मि	While he was blowing on the hand That still stung from the slap I gave him, I could not help laughing And put my other hand around his neck.
अवलंविअमाणपरंमुहीअ एंतस्स माणिनि पिअस्स,पुट्ठिपुलउग्गमो तुह कहेइ समुहट्ठिअं हिअअं	Proud lady, When he approached you You relentlessly turned away, But the gooseflesh on your back Shows that in your heart You are prepared to face him again.
जानइ जाणावेउं अणुणअविद्दविअमाणपरिसेसं,पइरिक्कम्मि वि विणआवलंवणं स च्चिअ कुणंती	She knows how to give expression To what remains of the anger he tried to conciliate By acting with reserve Even when they are alone together.
किं दाव कआ अहवा करेसि काहिसि अ सुहअ एत्ताहे,अवराहाण अलज्जिर साहसु कअरा खमिज्जंति	How dare you! And which offenses am I supposed to forgive, My darling: Those you have committed, Those you are committing, Or those you are about to commit?
णूमंति जे पहुत्तं कुविअं दास व्व जे पसाअंति,ते च्चिअ महिलाण पिआ सेसा सामि च्चिअ वराआ	Women only like men Who mask their authority And grovel like slaves At their angry lovers' feet. All the rest make pitiful husbands.
तइआ कअग्घ महुअर ण रमसि अण्णासु पुप्फजाईसु,वद्धफलभारगरुइं मालइम् एण्हिं परिच्चअसि	Ungrateful bee, Once you would not think Of enjoying yourself with other flowers But now that the jasmine is heavy with fruit You forsake her.
अविअण्हपेच्छणिज्जेण तक्खणं मामि तेण दिट्ठेण,सिविणअपीएण व पाणिएण तण्ह च्चिअ ण फिट्टा	Aunt, A glimpse of that man, Whom one could never tire of staring at, Is like drinking water in a dream: It has not quenched my thirst.
सो णाम संभरिज्जइ पब्भसिओ जो खणं पि हिअआहि,संभरिअव्वं च कअं गअं च पेम्मं णिरालंवं	Though he may for a moment Slip one's mind One still remembers a person. But love, Once it is but a memory, Vanishes For it is something immaterial.
णासं व सा कवोलेअज्ज वितुह दंतमंडलं वाला,उब्भिण्णपुलअवइवेढपरिगअं रक्खइ वराई	The poor girl cherishes the teeth marks You have just left on her cheeks Like a pledge, Protecting them with a fence of gooseflesh.
दिट्ठा चूआ अग्घाइआ सुरा दक्खिणाणिलो सहिओ,कज्जाइं चिअ गरुआइ मामि को वल्लहो कस्स	The mango puts out new shoots, The fragrance of liquor fills the air, An agreeable breeze is blowing from the south, But business must mean more to him And clearly he loves me no longer.
रमिऊण पअं पि गओ जाहे उवऊहिउं पडिणिउत्तो,अहअं पउत्थवइअ व्व तक्खणं सो पवासि व्व	After making love, He took a step, then turned And took me in his arms again. That moment I felt what it was to be a wife whose husband is abroad And he what it was to be that woman's husband.
अविअण्हपेच्छणिज्जं समसुहदुक्खं विइण्णसब्भावं,अण्णोण्णहिअअलग्गं पुण्णेहि जणो जणं लहइ	A man so handsome One cannot tire of looking at him, Who shares one's troubles as well as one's joys, Proves faithful and returns one's love —Such a man is only to be got through merit Accumulated over many lives.
दुक्खं देंतो वि सुहं जणेइ जो जस्स वल्लहो होइ,दइअणहदूमिआण वि वड्ढइ थणआण रोमंचो	If one loves a man He gives pleasure even while causing pain. Though wounded by a lover's nails Breasts thrill with gooseflesh.
धरिओ धरिओ विअलइ उवएसो पिअसहीहि दिज्जंतो,मअरद्धअवाणपहारजज्जरे तीअ हिअअम्मि	Try though she would to keep it, The advice given by her friends Escaped from her heart That was shattered by the arrow of the God of Love.
वहुपुप्फभरोणामिअभूमीगअसाह सुणसु विण्णत्तिं,गोलाअडविअडकुडंग महुअ सणिअं गलिज्जासु	O sweetwood tree, Whose branches, bowed by the weight of blossom, Reach to the ground In the broad thickets on the bank of the Goda, Do me a favor And shed your leaves slowly.
णिप्पच्छिमाइ असई दुक्खालोआइ महुअपुप्फाइं,चीए वंधुस्स व अट्ठिआइ रुअरी समुच्चिणइ	Weeping, The woman gathers the very last sweetwood flowers Now painful to behold, Like the bones of a relative On the funeral pyre.
ओ हिअअ मडहसरिआजलरअहीरंतदीहदारु व्व,ठाणे ठाणे च्चिअ लग्गमाण केणा ऽवि डज्झिहिसि	Heart, After getting stuck here and there, Like a log Borne along by the current of a shallow stream, One day you will be fuel for someone.
जो तीअ अहरराओ रत्तिं उव्वासिओ पिअअमेण,सो च्चिअ दीसइ गोसे सवत्तिणअणेसु संकंतो	The red That during the night her husband Removed from her lips Appears the next morning In her co-wives' sleepless eyes.
गोलाअडट्ठिअं पेच्छिऊण गहवइसुअं हलिअसोण्हा,आढत्ता उत्तरिउं दुक्खुत्ताराइ पअवीए	When the poor plowman's daughter Saw her courteous husband standing on the river bank She clambered up By the most difficult route.
चलणोआसणिसण्णस्स तस्स भरिमो अणालवंतस्स,पाअंगुट्ठावेढिअकेसदढाअड्ढणसुहेल्लिं	I will never forget, Once when he lay in silence at my feet, What pleasure I got from twisting his hair round my toe And pulling hard.
फालेइ अच्छभल्लं व उअह कुग्गामदेउलद्दारे,हेमंतआलपहिओ विज्झाअंतं पलालग्गिं	See how the winter traveler At the gate of the village temple Jabs at the smoldering heap of husks As if it were a bear.
कमलाअरा ण मलिआ हंसा उड्डाविआ ण अ पिउच्छा,केण वि गामतडाए अब्भं उत्ताणिअं छूढं	Aunt, Not a lotus is damaged, Not a goose has been scared away, But someone has pushed a cloud on its back In the village pond.
केण मणे भग्गमणोरहेण संलाविअं पवासो त्ति,सविसाइ व अलसाअंति जेण वहुआइ अंगाइं	How frustrated he must feel To threaten to leave again. It makes his young wife languish As though she'd been given a drug.
अज्ज वि वालो दामोअरो त्ति इअ जंपिए जसोआए,कण्हमुहपेसिअच्छं णिहुअं हसिअं वअवहूहिं	"As his mother Yasoda says: ""Krsna a is still a child,"" The women of Vraja smile to themselves, Their eyes fixed on his face."
णच्चणसलाहणणिहेण पासपरिसंठिआ णिउणगोवी,सरिगोविआण चुंवइ कवोलपडिमागअं कण्हं	Placing herself next to Rasha On the pretext of praising the way she dances, The cunning cowgirl manages to kiss Krsna, Who is reflected in his favorite's cheek.
आलोअंति पुलिंदा पव्वअसिहरट्ठिआ धणुणिसण्णा,हत्थिउलेहि व विंझं पूरिज्जंतं णवब्भेहिं	On the heights of the Vindhya The Pulindas kneel behind their bows The moment they see the valleys below Filling with rain clouds As if with a herd of elephants.
वणदवमसिमइलंगो रेहइ विंझो घणेहि धवलेहिं,खीरोअमंथणुच्छलिअदुद्धसित्तो व्व महुमहणो	The Vindhya Range with white clouds Clinging to its body blackened by forest fires Looks like Visnu splashed While churning the Ocean of Milk.
वंदीअ णिहअवंधवविमणाइ वि पक्कलो त्ति चोरजुवा,अणुराएण पुलइओ गुणेसु को मच्छरं वहइ	Though distressed by the death of her relatives The hostage made eyes at her kidnapper Who was a handsome youth. For who begrudges anyone His good points?
अज्ज कइमो वि दिअहो वाहवहू रूवजोव्वणुम्मत्ता,सोहग्गं धणुरुंपच्छलेण रच्छासु विक्किरइ	For how many days Has the hunter's young and beautiful wife Proudly scattered her happiness all over the streets In the guise of shavings from her husband's bow?
उक्खिप्पइ मंडलिमारुएण गेहंगणाहि वाहीए,सोहग्गधअवडाअ व्व उवह धणुरुंपरिंछोली	See how the wood shavings Swirl above the hunter's homestead, Like a banner Announcing the joys of marriage.
णववहुपेम्मतनुइओ पणअं पढमघरिणीअ रक्खंतो,अलिहिअदुप्परिअल्लं पि णेइ रण्णं धणुं वाहो	Though completely exhausted by making love to his young wife, He did not wish to hurt the feelings of his elder wife. So the hunter took his bow with him into the forest Even though he could not bend it Without first shaving it thinner.
कइअवरहिअं पेम्मं ण त्थि च्चिअ मामि माणुसे लोए,अह होइ कस्स विरहो विरहे होंतम्मि को जिअइ	In this world, Mother, Love without deceit does not exist, For who would separate Or who, being separated, Would survive?
अच्छेरं व णिहिं मिव सग्गे रज्जं व अमअपाणं व,आसि म्ह तं मुहुत्तं विणिअंसणदंसणं तिस्सा	It was like a miracle, Like finding treasure, Like being king in heaven, Like a draught of nectar, That one moment When I saw her undressed.
सा तुज्झ वल्लहा तं सि मज्झ वेसो सि तीअ तुज्झ अहं,वालअ फुडं भणामो पेम्मं किर वहुविआरं ति	You love her, I love you, She hates you, And you hate me. I speak plainly Since love is full of complications.
अहअं लज्जालुइणी तस्स अ उम्मच्छराइ पेम्माइं,सहिआअणो वि णिउणो अलाहि किं पाअराएण	I am shy And he is ready for anything, But my friends will help me out, So why should I paint my feet?
महुमासमारुआहअमहुअरझंकारणिब्भरे रण्णे,गाइ विरहख्हरावद्धपहिअमणमोहणं गोवी	The spring wind stirs the forest, Loud with the drone of bees, And the cowgirl's song About parted lovers Troubles the lonely traveler.
सालोअ च्चिअ सूरे घरिणी घरसामिअस्स घेत्तूण,णेच्छंतस्स वि पाए धुअइ हसंती हसंतस्स	The sun is already shining When the good wife Takes hold of her husband's feet And gives them a shake. Since she is smiling A smile appears on his grumpy face.
रूअं अच्छीसु ठिअं फरिसो अंगेसु जंपिअं कण्णे,हिअअं हिअए णिहिअं विओइअं किं थ देव्वेण	His image is in my eyes, His touch on my limbs, His words in my ear And his heart in my heart. To separate us needs more than just fate.
सअणे चिंतामइअं काऊण पिअं णिमीलिअच्छीए,अप्पाणो उवऊढो पसिढिलवलआहि वाहाहिं	Eyes shut, She imagines her husband on the bed And embraces herself While the bracelets fall loose Upon her thin arms.
परिभूएण वि दिअहं घरघरभमिरेण अण्णकज्जम्मि,चिरजीविएण इमिणा खविअ म्हो डड्ढकाएण	This wretched body is the ruin of me: In daily humiliation It totters from door to door On other people's business Yet refuses to die.
होंती वि णिप्फल च्चिअ धणरिद्धी होइ किविणपुरिसस्स,गिम्हाअवसंतत्तस्स णिअअछाहि व्व पहिअस्स	However abundant, A miser's wealth is useless, Like the traveler's shadow When he is scorched by the summer heat.
फुरिए वामच्छि तए जइ एहिइ सो पिओ ज्ज ता सुइरं,सम्मीलिअ दाहिणअं तुइ अविअण्हं पुलोइस्सं	O my left eye, If my husband comes home today Thanks to your quivering, I will reward you with a good long look at him While keeping my right eye tightly shut.
अण्णण्णं कुसुमरसं जं किर सो महइ महुअरो पाउं,तं णीरसाण दोसो कुसुमाणं णेअ भमरस्स	That the bee wants to drink the nectar Of one flower after another Is the fault of the flowers running out of nectar, Not the bee's.
रच्छापइण्णणअणुप्पला तुमं सा पडिच्छए एंतं,दारणिहिएहि दोहि वि मंगलकलसेहि व थणेहिं	Leaning on the door Looking out for you She decorates the house for your return: Her breasts two vases of plenty And her eyes lotus petals strewn on the street.
ता रुण्णं जा रुव्वइ ता झीणं जाव झिज्जए अंगं,ता णीससिअ वराईअ जाव सासा पहुप्पंति	She wept as long as she had tears to weep, She grew as thin as her body would allow, And, poor thing, Sighed as long as she had breath to sigh.
समसोक्खदुक्खपरिवड्ढिआण कालेण रूढपेम्माण,मिहुणाण मरइ जं तं खु जिअइ इअरं मुअं होइ	Of a couple, Who after a long life of shared joys and sorrows Have learned the meaning of love, The one who dies survives, The other is as good as dead.
हरिहिइ पिअस्स णवचूअपल्लवो पढममंजरिसणाहो,मा रुअसु पुत्ति पत्थाणकलसमुहसंठिओ गमणं	Foolish girl, do not cry. A fresh mango shoot with its new blossom Placed on the mouth of the farewell bowl Will surely stop your lover departing.
जो कह वि मह सहीहिं छिद्दं लहिऊण पेसिओ हिअए,सो माणो चोरिअकामुओ व्व दिट्ठे पिए णट्ठो	That jealous anger which my friends, Having found a slit, Managed to lodge in my heart, Sneaked away like a lover At the sight of my husband.
सहिआहि भण्णमाणा थणए लग्गं कुसुंभउप्फं ति,मुद्धवहुआ हसिज्जइ पप्फोडंती णहवआइं	Her friends told the young wife That a safflower was clinging to her breast, And burst into laughter When she tried to brush off the nail marks.
उम्मूलेंति व हिअअं इमाइ रे तुह विरज्जमाणस्स,अवहीरणवसविस्ãठुलवलंतणअणद्धदिट्ठाइं	These indifferent side glances of yours, Which turn this way and that But take no notice of me, Cut me to the quick.
णिद्दालसपरिघुम्मिरतंसवलंतद्धतारआलोआ,कामस्स वि दुव्विसहा दिट्ठिणिवाआ ससिमुहीए	The drowsy glances of a moon-faced woman, Her half-veiled pupils darting to and fro, Are irresistible Even to the God of Love.
अज्जाइ णवणहक्खअणिरिक्खणे गरुअजोव्वणुत्तुंगं,पडिमागअणिअणअणुप्पलच्चिअं होइ थणवट्ठं	The young wife inspecting her heavy and prominent breasts For fresh nail marks Adorned them with the lotuses of her eyes Which were mirrored in their smooth expanse.
मा कुण पडिवक्खसुहं अणुणेसु पिअं पसाअलोहिल्लं,अइगहिअगरुअमाणेण पुत्ति रासि व्व झिज्जिहिसि	Don't make your rivals happy: When your lover is eager to please you, Humor him, For, dear girl, By doling out oversize portions of disdain You will dwindle to nothing.
विरहकरवत्तदूसह फालिज्जंतम्मि तीअ हिअअम्मि,अंसू कज्जलमइलं पमाणसुत्तं व पडिहाइ	The tear mixed with eye-black Looks like a line drawn around her heart To guide the saw of separation In its agonizing surgery
दुण्णिक्खेवअम् एअं पुत्तअ मा साहसं करिज्जासु,एत्थ णिहित्ताइ मणे हिअआइ पुणो ण लब्भंति	My boy, Don't be so hasty. This isn't the place To leave things for safekeeping. As far as I know, Hearts deposited here Are not returned.
णिव्वुत्तरआ वि वहू सुरअविरामट्ठिइं अआणंती,अविरअहिअआ अण्णं पि किं पि अत्थि त्ति चिंतेइ	The wife who had already reached her climax But did not realize that that was the end of that Remained in a state of excitement Expecting something more.
णंदंतु सुरअसुहरसतण्हावहराइ सअललोअस्स,वहुकइअवमग्गविणिम्मिआइ वेसाण पेम्माइं	Praise be to the fond attentions of prostitutes Who minister to everyone's need for the pleasures of love With a whole armory of wiles.
अप्पत्तमण्णुदुक्खो किं मं किसिअ त्ति पुच्छसि हसंतो,पावसि जा चलचित्तं पिअं जणं ता तुह कहिस्सं	I suppose you have never felt The pain of grief, That you ask me, laughingly, Why I am so thin. When you have found a fickle lover yourself, I will explain.
अवहत्थिऊण सहिजंपिआइ जाणं कएण रमिओ सि,एआइ ताइ सोक्खाइ संसओ जेहि जीअस्स	Are these the pleasures For which I threw myself upon you, Brushing aside the warnings of my friends, And for lack of which my life Now hangs in the balance?
ईसालुओ पई से रत्तिं महुअं ण देइ उच्चेउं,उच्चेइ अप्पण च्चिअ माए अइउज्जुअसहाओ	He is so jealous That he does not want his wife To gather sweetwood flowers at night. Instead, the honest soul Goes and gathers them himself.
अच्छोडिअवत्थद्धंतपत्थिए मंथरं तुमं वच्च,चिंतेसि थणहराआसिअस्स मज्झस्स वि ण भंगं	Why storm off Trailing your skirt behind you? Slow down! Aren't you afraid your waist might break Under the weight of your breasts?
उद्धच्छो पिअइ जलं जह जह विरलंगुली चिरं पहिओ,पावालिआ वि तह तह धारं तणुअं पि तणुएइ	For some time the traveler has been sipping water From his cupped hand, Keeping his fingers wide apart, All the while looking up towards the woman at the well, Who in turn has reduced the already thin stream To a mere trickle.
भिच्छअरो पेच्छइ णाहिमंडलं सा वि तस्स मुहअंदं,तं चट्टुअं करंकं दोण्ह वि काआ विलुंपंति	While the begging monk looks down at her navel, And the housewife looks at the moon of his face, The crows plunder the dish in her hands And the begging bowl in his.
जेण विणा ण जिविज्जइ अणुणिज्जइ सो कआवराहो वि,पत्ते वि णअरडाहे भण कस्स ण वल्लहो अग्गी	If you cannot live without the man, You'd better stay on good terms with him Whatever wrong he may have done. Even after the town has gone up in flames One cannot do without fire.
वंकं को पुलइज्जउ कस्स कहिज्जउ सुहं व दुक्खं व,केण समं व हसिज्जउ पामरपउरे हअग्गामे	To whom can I give a sly glance, With whom can I share my joys and sorrows, With whom can I joke, In this dump of a village Full of yokels?
फलहीवाहणपुण्णाहमंगलं लंगले कुणंतीए,असईअ मणोरहगब्भिणीअ हत्था थरहरंति	As the faithless wife puts the auspicious mark on the plowshare On the first day of plowing the cotton field She is already so full of desire that her hands tremble
पहिउल्लूरणसंकाउलाहि असईहि वहलतिमिरस्स,आइप्पणेण णिहुअं वडस्स सित्ताइ पत्ताइं	Afraid that travelers Might cut the hanging roots of the shady banyan To let light in, The faithless women stealthily spattered the leaves With white.
अच्छउ दाव मणहरं पिआइ मुहदंसणं अइमहग्घं,तग्गामछेत्तसीमा वि झत्ति दिट्ठा सुहावेइ	Of course the sight of her precious face Is enough to rob any man of his senses. But to glimpse the outskirts of her village Is a joy in itself.
णिक्कम्माहि वि छेत्ताहि पामरो णेअ वच्चए वसहिं,मुअपिअजाआसुण्णइअगेहदुक्खं परिहरंतो	Though he had no more work in the fields, The farmer would not go home, To spare himself the pain Of finding it empty Now his wife was dead.
झंझावाउत्तिणघरविवरपलोट्टंतसलिलधाराहिं,कुड्डलिहिओहिदिअहं रक्खइ अज्जा करअलेहिं	After the storm had ripped the straw from the roof And rainwater streamed through the rafters, The good lady tried to cover the wall with her hands To protect the tally she'd made of her husband's absence.
सिहिपेहुणावअंसा वहुआ वाहस्स गव्विरी भमइ,गअमोत्तिअरइअपसाहणाण मज्झे सवत्तीण	With a tame peacock's tail feather behind her ear The hunter's young wife saunters among his elder wives Who are themselves decked out with pearls Which their husband once cut loose From the temples of fierce elephants.
वंकच्छिपेच्छिरीणं वंकुल्लविरीण वंकभमिरीणं,वंकहसिरीण पुत्तअ पुण्णेहि जणो पिओ होइ	My son, Only someone who has acquired merit In past lives Can win the love Of women With their sly look, sly talk, Sly smile and sly walk.
भम धम्मिअ वीसद्धो सो सुणहो अज्ज मारिओ तेण,गोलाअडविअडकुडुंगवासिणा दरिअसीहेण	Your holiness, It's safe for you to walk in the village now. The dog that bothered you Has been killed by a fierce lion Who lives in the thickets of the Goda.
वाएरिएण भरिअं अच्छिं कण्णरइउप्पलरएण,फुक्कंतो अविअण्हं चुंवंतो को सि देव्वाणं	When the wind has blown pollen From the lotus on my ear Into my eye Only a god can steal a kiss While blowing it out.
सहि दुम्मेंति कलंवाइं जह मं तह ण सेसकुसुमाइं,णूणं इमेसु दिअहेसु वहइ गुलिआधणुं कामो	Friend, The orange kadamba flowers give me more pain Than all other flowers put together. It's as if these days The God of Love has a bow that shoots sweets
णा ऽहं दूई ण तुमं पिओ त्ति को अम्ह एत्थ वावारो,सा मरइ तुज्झ अअसो एअं धम्मक्खरं भणिमो	I am not her go-between, You are not her lover, So what have we to do with each other? But let me tell you the truth: She is dying, And the disgrace is yours.
तीअ मुहाहि तुह मुहं तुज्झ मुहाओ अ मज्झ चलणम्मि,हत्थाहत्थीअ गओ अइदुक्करकारओ तिलओ	From her face to your face And from your face to my feet, Going from one to the other, The dot painted on her forehead Has performed a real miracle.
सामाइ सामलिज्जइ अद्धच्छिपलोइरीअ मुहसोहा,जंवूदलकअकण्णावअंसभमिरे हलिअउत्ते	How the young beauty's face grows dark When, with a furtive glance, she sees The plowman flaunting an ear ornament Of rose-apple leaves.
दूइ तुमं चिअ कुसला कक्खडमउआइ जाणसे वोत्तुं,कंडूइपंडरं जह ण होइ तह तं करेज्जासु	Go-between! You're brilliant —The way you know how to mix rough with smooth. Please, do it in such a way That he itches all over Without having a rash.
महिलासहस्सभरिए तुह हिअए सुहअ सा अमाअंती,दिअहं अणण्णकम्मा अंगं तणुअं पि तणुएइ	Finding no room Among the thousands of women That crowd your heart, She does nothing else each day But make her thin body even thinner.
खणमेत्तं पि ण फिट्टइ अणुदिअह विइण्णगरुअसंतावा,पच्छण्णपावसंक व्व सामली मज्झ हिअआओ	Impossible, even for a moment, To banish her dark presence from my heart. Every day the same pain, undiminished, Like being haunted by a secret sin.
अण्णुअ णा ऽहं कुविआ उवऊहसु किं मुहा पसाएसि,तुह मण्णुसमुप्पाएण मज्झ माणेण वि ण कज्जं	You fool, What makes you think I'm angry? Stop your needless groveling And take me in your arms. What's the point in my sulking? It only makes you angry.
दीहुण्हपउरणीसासपअविओ वाहसलिलपरिसित्तो,साहेइ सामसवलं व तीअ अहरो तुह विओए	Drenched by tears, Scorched by long, hot sighs, Her lips in your absence Perform the penance of fire and water.
सरए महद्दहाणं अंतोसिसिराइ वाहिरुण्हाइं,जाआइ कुविअसज्जणहिअअसरिच्छाइ सलिलाइं	A lake in autumn Is warm only on the surface. Below it stays cool, Like a good man when displeased.
आअस्स किं णु काहं किं वोच्छं कह णु होहिइ इमं ति,पढमुग्गअसाहसआरिआइ हिअअं थरहरेइ	When he comes what shall I do? What shall I say? And how will it be? The girl's heart trembles At her first chance to be reckless.
णेउरकोडिविलग्गं चिउरं दइअस्स पाअपडिअस्स,हिअअं पउत्थमाणं उम्मोअंति च्चिअ कहेइ	By disentangling her husband's hair From the clasp of her anklet As he lies at her feet, She tells him That pride has left her heart.
तुज्झ ऽंगराअसेसेण सामली तह खरेण सोमारा,सा किर गोलातूहे ण्हाआ जंवूकसाएण	Haven't you heard how that lovely girl ruined her soft skin By bathing in the Goda Just where you had smeared yourself With stinging rose-apple lotion?
अज्जं चेअ पउत्थो अज्जं चिअ सुण्णआइ जाआइं,रच्छामुहदेउलचच्चराइ अम्हं च हिअआइं	Today he is gone, Today the alleys are empty, The temples are empty, The crossroads are empty, And so is my heart.
आअंवंतकवोलं खलिअक्खरजंपिरिं फुरंतोट्ठिं,मा छिवसु त्ति सरोसं समोसरंतिं पिअं भरिमो	I will never forget how my beloved ran off In anger, With red cheeks, Stammering with trembling lips That I should leave her alone.
गोलाविसमोआरच्छलेण अप्पा उरम्मि से मुक्को,अणुअंपाणिद्दोसं तेण वि सा गाढम् उवऊःआ	On the pretext that the steps Down to the Godawere uneven, She clung to his breast While he, purely out of concern, Held her in a tight embrace.
सा तइ सहत्थदिण्णं अज्ज वि रे सुहअ गंधरहिअं पि,उव्वसिअणअरघरदेवअ व्व ओमालिअं वहइ	Though its fragrance is gone, She is still wearing the garland of jasmine you gave her, Like a household god In a deserted town.
केलीअ वि रूसेउं ण तीरए तम्मि चुक्कविणअम्मि,जाइअएहि वि माए इमेहि अवसेहि अंगेहिं	When he misbehaves I cannot get angry with him, Not even in jest, Not with this body That seems to be on loan And not mine to command.
उप्फुल्लिआइ खेलउ मा णं वारेहि होउ परिखामा,मा जहणभारगरुई पुरिसाअंती किलिम्मिहइ	Let her play bunny hops. Don't stop her. She needs the training So that later When she sits on top of her husband She does not collapse Under the weight of her own thighs.
पउरजुआणो गामो महुमासो जोव्वणं पई ठेरो,जुण्णसुरा साहीणा असई मा होउ किं मरउ	A village full of young men, Spring, youth, an aged husband, Strong wine, nobody to tell you what to do: The only way to avoid going astray Is to die.
वहुसो वि कहिज्जंतं तुह वअणं मज्झ हत्थसंदिट्ठं,ण सुअं ति जंपमाणा पुणरुत्तसअं कुणइ अज्जा	Over and over again I told her the words you confided to me, But claiming she hadn't quite caught them She made me repeat the message a hundred times.
पाअडिअणेहसब्भावणिब्भरं तीअ जह तुमं दिट्ठो,संवरणवावडाए अण्णो वि जणो तह च्चेअ	The way she looks at you, With love and affection written all over her face, She looks at everyone else as well, To conceal her feelings.
गेण्हह पुलोअह इमं पहसिअवअणा पइस्स अप्पेइ,जाआ सुअपढमुब्भिण्णदंतजुअलंकिअं वोरं	"""Take it and have a look!"" With a broad smile on her face She hands her husband the jujube fruit With the marks on it Of their son's first pair of teeth."
अच्छउ ता जणवाओ हिअअं चिअ अत्तणो तुह पमाणं,तह तं सि मंदणेहो जह ण उवालंभजोग्गो सि	Never mind the gossip: Judge by your own feelings. Anyway, You have grown so cool That you are beyond reproach.
अप्पच्छंदपहाविर दुल्लहलंभं जणं विमग्गंत,आआसवहेहि भमंत हिअअ कइआ वि भज्जिहिसि	You rush ahead, following your own fancy, Always in quest of the unattainable man. One day, heart, as you roam the skies, You'll crash.
अहव गुण च्चिअ लहुआ अहवा गुणअण्णुओ ण सो लोओ,अहव म्हि णिग्गुणा वा वहुगुणवंतो जणो तस्स	Maybe my talents are slight, Maybe for him talents mean nothing, Maybe I have no talents And he knows someone who has.
पासासंकी काओ णे ऽच्छइ दिण्णं पि पहिअघरिणीए,ओणत्तकरअलोअलिअवलअमज्झट्ठिअं पिंडं	The crow refuses the rice ball offered by the woman Whose husband is abroad. Seeing it stuck between the bracelet, Which has slipped from her arm, And the downturned palm of her hand, The bird is wary of a trap.
ओहिदिअहागमासंकिरीहि सहिआहि कुड्डलिहिआओ,दो तिण्णि तहिं मिअ चोरिआइ रेहा पुसिज्जंति	Her friends, Unsure when the final day would come, Stealthily wiped out one or two strokes Of her tally.
अज्जं गओ त्ति अज्जं गओ त्ति अज्जं गओ त्ति गणिरीए,पढम च्चिअ दिअहद्धे कुड्डो रेहाहि चित्तलिओ	"""Today he has left."" ""Today he has left."" ""Today he has left."" Already on the very first morning She covered the whole wall with lines."
ण वि तह पढमसमागमसुरअसुहे पाविए वि परिओसो,जह वीअदिअहसविलक्खलक्खिए वअणकमलम्मि	The satisfaction of that first night Was nothing compared to seeing the embarrassment Next day On the lotus of her face.
जे समुहागअवोलंतवलिअपिअपेसिअच्छिविच्छोहा,अह मण्णे मअणसरा जणस्स जे होंति ते होंतु	As he walks towards me, passes, And then looks back, My lover's tremulous glances Are to me like Love's arrows Whatever they may be to others.
इअरो जणो ण पावइ तुह जहणारुहणसंगमसुहेल्लिं,अणुहवइ कणअदोरो हुअवहवरुणाण माहप्पं	The pleasure of riding your thighs Is for special people only. Take the golden girdle: It had to go through the ordeal of fire and water first.
जो जस्स विहवसारो तं सो देइ त्ति किं थ अच्छेरं,अणहोंतं पि हु दिण्णं दोहग्गं तइ सवत्तीणं	Normally one gives away things Of which one has a surplus. But to your husband's other wives you give Something that is not yours to give: Unhappiness.
चंदसरिसं मुहं से सरसो अमअस्स मुहरसो तिस्सा,सकअग्गहरहसुज्जलचुंवणअं कस्स सरिसं से	Her face is round like the moon, Her lips taste like nectar, Grabbing her by the hair And giving her a passionate kiss, What is that like?
उप्पण्णत्थे कज्जे अइचिंतंतो गुणागुणे तम्मि,चिरआलमंदपेच्छित्तणेण पुरिसो हणइ कज्जं	When an opportunity finally offers itself, Endlessly weighing the pros and cons And considering the matter carefully, As if one had all the time in the world, Are sure ways to bungle one's chances.
पत्तिअ ण पत्तिअंती जइ तुज्झ इमे ण मज्झ रुइरीए,पुट्ठीअ वाहविंदू पुलउब्भेए ण भिज्जंता	Believe me, I would not believe you If these tears that I weep Were not pierced by the gooseflesh Rising on your back As you kneel before me.
तं मित्तं काअव्वं जं किर वसणम्मि देसआलम्मि,आलिहिअभित्तिवाउल्लअ व्व ण परंमुहं ठाइ	Make a friend of the man Who, wherever or whenever it may be, Stands by you in adversity Steady as an image in a wall painting.
वहुआइ णइणिउंजे पढमुग्गअसीलखंडणविलक्खं,उड्डेइ विहंगउलं हाहा पक्खेहि व भणंतं	"Embarrassed By the girl losing her virginity, A flock of birds Flies up from the bushes by the river, Seeming to say ""Ah! Ah!"" with their wings."
सच्चं भणामि वालअ ण त्थि असक्कं वसंतमासस्स,गंधेण कुरुवआणं मणं पि असइत्तनं ण गआ	What makes you think I'm lying, you fool? I know spring can do anything, But the fragrant flowers of the amaranth Have not made me in the least unfaithful.
ता किं करेउ जइ तं सि तीअ वइवेढपेल्लिअथणीए,पाअंगुट्ठग्गुक्खित्तणीसहंगीअ वि ण दिट्ठो	What is she to do If, wobbling on tiptoe And squeezing her breasts against the fence, She still can't see you?
पिअसंभरणपलोट्टंतवाहधाराणिवाअभीआए,दिज्जइ वंकग्गीवाइ दीवओ पहिअजाआए	Anxious about the stream of tears Rolling down her face At the thought of her absent husband, She turns her head aside As she puts down the lamp.
ता मज्झिमो च्चिअ वरं दुज्जणसुअणेहि दोहि वि ण कज्जं,जह दिट्ठो तवइ खलो तहेअ सुअणो अईसंतो	I'd rather have something in between. For what use is a bad man Or, for that matter, a good one? A bad man causes pain by his presence, A good man by his absence.
अद्धच्छिपेच्छिअं मा करेहि साहाविअं पलोएहि,सो वि सुदिट्ठो होहिइ तुमं पि मुद्धा कलिज्झिहिसि	Don't peep at him on the sly. Look him straight in the eye. That way you'll get a good look at him And people will take you for an innocent.
दिअहं खुडुक्किआए तीए काऊण गेहवावारं,गरुए वि मण्णुदुक्खे भरिमो पाअंतसुत्तस्स	I will never forget How, for all her resentment, She dropped off to sleep At my feet, After a day of household chores Performed in angry silence.
पाणउडीअ वि जलिऊण हुअवहो जलइ जण्णवाडम्मि,ण हु ते परिहरिअव्वा विसमदसासंठिआ पुरिसा	The fire that burns in the outcast's hut Then burns on the sacrificial altar. Never shun a person However wretched his circumstances.
जं तुज्झ सई जाआ असईओ सुहअ जं च अम्हे वि,ता किं फुट्टउ वीअं तुज्झ समाणो जुआ ण त्थि	The reason why your wife is faithful And we are unfaithful to our husbands, Is obvious, my dear: There isn't another young man like you.
सव्वस्सम्मि वि डड्ढे तह वि हु हिअअस्स णिव्वुइ च्चेअ,जं तेन गामडाहे हत्थाहत्थिं कुडो गहिओ	Even though everything I had went up in flames I am overjoyed, For during the fire It was he who took the bucket of water From my hand into his.
तस्स अ सोहग्गगुणं अमहिलसरिसं च साहसं मज्झ,जाणइ गोलाऊरो वासारत्तद्धरत्तो अ	His unmanly bliss And my unwomanly boldness Are known only to the swollen waters of the Goda And the midnights of the rainy season.
ते वोलिआ वअस्सा ताण कुडुंगाण खण्णुआ सेसा,अम्हे वि गअवआओ मूलुच्छेअं गअं पेम्मं	The friends of our youth have passed away, Of those bowers nothing remains but stumps, Gone is the vigor of former days, And love has been cut to the roots.
जस्स जहिं चिअ पढमं तिस्सा अंगम्मि णिवडिआ दिट्ठी,तस्स तहिं चेअ ठिआ सव्वंगं केण वि ण दिट्ठं	On whichever part of her body One's eye falls first There it stays. No one has ever seen the whole of her body.
विरहे विसं व विसमा अमअमआ होइ संगमे अहिअं,किं विहिणा समअं चिअ दोहिं पि पिआ विणिम्मविआ	Away from me She is like deadly poison, Together again She is sweeter than nectar. How did the Creator manage To combine these two potions In my darling?
अद्दंसणेण पुत्तअ सुट्ठु वि णेहाणुवंधघडिआइं,हत्थउडपाणिआइ व कालेण गलंति पेम्माइं	Silly boy, However close the ties of affection, If people don't see one another, Love gradually seeps away Just like water between one's cupped hands.
पइपुरओ च्चिअ णिज्जइ विंछुअडट्ठे ऽति जारवेज्जघरं,णिउणसहीकरधरिआ भुअजुअलंदोलिरी वाला	"Before her husband's very eyes Her sharp friends pick up the young wife And carry her, arms adangle, To her healer-lover's house, Saying: ""She's been bitten by a scorpion."""
विक्किणइ माहमासंमि पामरो पारिडिं वइल्लेण,णिद्धूममुम्मुरे सामलीअ थणए णिअच्छंतो	Seeing his wife's dark breasts Which, but for the absence of smoke, Resemble black heaps of burning chaff, The farmer barters his cloak for a buffalo In the cold month of Magha.
सच्चं भणामि मरणे ठिअ म्हि पुण्णे तडम्मि तावीए,अज्ज वि तत्थ कुडुंगे णिवडइ दिट्ठी तह च्चेअ	Though I am nearing death, I swear that, even now, My gaze falls, as ever, On the thicket that grows By the banks of the holy Taptê.
अंधअरवोरपत्थिं व माउआ मह पइं विलुंपंति,ईसाअंति मह च्चिअ छेप्पाहिंतो फणो जाओ	Mother, They snatch my husband from me As if he were a dish of plums in a blind man's hands. At the same time they are jealous of me: A hood is growing out of the snake's tail!
वेविरसिण्णकरंगुलिपरिग्गहक्खलिअलेगणीमग्गे,सोत्थि च्चिअ ण समप्पइ पिअसहि लेहम्मि किं लिहिमो	"Because my pen keeps slipping In my clammy fingers I can't even finish the word ""Dear."" Friend, tell me, How can I write the rest of my letter?"
मामि हिअअं व पीअं तेण जुआणेण मज्जमाणाए,ण्हाणहलिद्दाकडुअं अणुसोत्त जलं पिअंतेण	Mother, That young man Who downriver drank the water That was bitter with my turmeric soap, Has as good as drunk my heart.
जिविअं असासअं चिअ ण णिअत्तइ जोव्वणं अइक्कंतं,दिअहा दिअहेहि समा ण होंति किं णिट्ठुरो लोओ	Life is transient, Youth passes never to return, Tomorrow is not the same as today. So why are people so stubborn?
अज्ज मए गंतव्वं घणंधआरे वि तस्स सुहअस्स,अज्जा णिमीलिअच्छी पअपरिवाडिं घरे कुणइ	Because even on this dark night she intends to meet her lover, The girl paces up and down indoors With her eyes tightly shut.
सुअणो ण कुप्पइ च्चिअ अह कुप्पइ विप्पिअं ण चिंतेइ,अह चिंतेइ ण जंपइ अह जंपइ लज्जिओ होइ	A gentleman never gets angry. When he gets angry He never has nasty thoughts. When he has nasty thoughts He never expresses them. When he expresses them He is ashamed of himself.
चंदमुहि चंदधवला दीहा दीहच्छि तुह विओअम्मि,चउजामा सअजाम व्व जामिणी कह वि वोलीणा	he moon was bright, My moon-faced beauty, And the night was long, My long-eyed girl. The four watches passed. Though, with you away, They seemed to last A hundred
तह सोण्हाइ पुलइओ दरवलिआवंगतारअं पहिओ,जह वारिओ वि घरसामिएण आलिंदए वसिओ	After the flicker of a side glance From the daughter-in-law The traveler, refused entry By the master of the house, Spent the night on the veranda.
कं तुंगथणुक्खित्तेण पुत्ति दारट्ठिआ पलोएसि,उण्णामिअकलसणिवेसिअग्घकमलेण व मुहेण	Whom are you looking out for, Standing at the door? Your face above your prominent breasts Looks like a lotus Placed on top of the two water pots Standing ready to welcome a guest
वइविवरणिग्गअदलो एरंडो साहइ व्व तरुणाणं,एत्थ घरे हलिअवहू एद्दहमेत्तत्थणी वसइ	"With its leaves pushing through The gaps in the fence The castor oil plant seems to be telling The youths of the village ""Here lives a farmer's wife With breasts this big."""
पडिवक्खमण्णुपुंजे लावण्णउडे अणंगगअकुंभे,पुरिससअहिअअधरिए कीस थणंती थणे वहसि	Why do you groan as you carry them —Two heaps piled with your rivals' jealousy, Two vessels brimful of beauty, Two elephant lobes stuffed with love? In their hearts men by the hundred Are sharing the burden Of your breasts
घरिणीघणथणपेल्लणसुहेल्लिपडिअस्स होंतपहिअस्स,अवसउणंगारअवारविट्ठिदिअहा सुहावेंति	The would-be traveler has become so addicted to the pleasant pastime Of fondling his wife's firm breasts That he welcomes any bad omen —Wishes it were Tuesday or a day of rain
सा तुज्झ कए वालअ अणिसं घरदारतोरणणिसण्णा,ओसूसइ वंदणमालिअ व्व दिअहं चिअ वराई	You fool, It is on your account That the poor girl sits patiently Beneath the doorway And, like the garland of welcome Festooning it, wilts every day
हसिअं सहत्थतालं सुक्खवडं उवगएहि पहिएहिं,पत्तअफलाण सरिसे उड्डीणे पूसविंदम्मि	Laughing and clapping, The travelers run towards the shady banyan Loaded with juicy fruit When a flock of parrots flies up To reveal a bare, shrivelled tree
कह णाम तीअ तह सो सहावगरुओ वि थणहरो पडिओ,अहवा महिलाण चिरं को वि ण हिअअम्मि संठाइ	How come that her breasts, Once so firm, Now sag like this? On the other hand, Who abides forever in a woman's heart?
सुअनु वअणं छिवंतं सूरं मा साउलीअ वारेहि,एअस्स पंकअस्स अ जाणउ कअरं सुहप्फंसं	Lovely woman, Don't cover your face with your shawl. Let the sun find out which is more pleasant to touch, Your face Or the lotus.
माणोसहं व पिज्जइ पिआइ माणंसिणीअ दइअस्स,करसंपुडवलिउद्धाणणाइ मइराइ गंडूसो	Turning her face upwards With his cupped hands, Her husband offers her wine —One mouthful to drink As a medicine For sulkiness.
कह सा णिव्वण्णिज्जउ जीअ जहालोइअम्मि अंगम्मि,दिट्ठी दुव्वलगाइ व्व पंकपडिआ ण उत्तरइ	How can I describe her? Once you see her body You cannot take your eyes off it: They are like a helpless cow Stuck in the mud
कीरंति च्चिअ णासइ उअए रेह व्व खलअणे मेत्ती,सा उण सुअणम्मि कआ अणहा पाहाणरेह व्व	Like writing on water Friendship with a bad man Fades as soon as it's begun. With a good man it is immutable Like an inscription in stone
अव्वो उक्करआरअ पुणो वि तत्तिं करेसि गमणस्स,अज्ज वि ण होंति सरला वेणीअ तरंगिणो चिहुरा	Ah, what a cruel man you are, Thinking of leaving again While the hair of my braid has not yet had time To uncurl.
ण वि तह छेअरआइ वि हरंति पुणरुत्तराअरसिआइं,जह जत्थ व तत्थ व जह व तह व सब्भावणेहरमिआइं	Making love With great sophistication, For all the pleasure Of constantly renewed passion, Is not as rapturous As making love Wherever and however With true affection.
उज्झसि पिआइ समअं तह वि हु रे भणसु कीस किसिअ त्ति,उअरिभरेण अआणुअ मुअइ वइल्लो वि अंगाइं	I have both you And your new love To bear in my heart. How dare you ask, you fool, Why I am wasting away? Even an ox collapses when overloaded.
दढमूलवद्धगंठि व्व मोइआ कह वि तेण मे वाहू,अम्हेहि वि तस्स उरे खुत्त व्व समुक्खआ थणआ	With great difficulty He released himself from my arms As if untangling a tight knot And I extracted my breasts Deeply buried in his chest.
अणुणअपसाइआए तुज्झ ऽवराहे चिरं गणंतीए,अपहुत्तोहअहत्थंगुरीअ रुण्णं वराईए	Only after you had won her round Did she start to make a count of your offenses. When the fingers of both hands proved not enough The poor thing finally burst into tears.
धुअइ व्व मअकलंकं कवोलपडिअस्स माणिणी उअह,अणवरअवाहजलभरिअणअणकलसेहि चंदस्स	See how the affronted wife Is washing away the dark patches of the moon Reflected on her cheek With an endless stream of water From the jars of her eyes.
गंधेण अप्पणो मालिआण णोमालिआ ण फुट्टिहइ,अण्णो को वि हआसाइ मंसलो परिमलुग्गारो	Among the other flowers in a garland The scent of the young jasmine will never get lost: There is something unusually powerful About the damned thing
फलसंपत्तीअ समोणआइ तुंगाइ फलविपत्तीए,हिअआइ सुपुरिसाणं महातरूणं व सिहराइं	The hearts of good men are like the tops of tall trees: When laden with fruit They are bent on sharing And when bare they are uplifted.
आसासेइ परिअणं परिवत्तंतीअ पहिअजाआए,णित्थामुव्वत्तणवलिअहत्थमुहलो वलअसद्दो	The sound of her bracelets, As the traveler's wife turns on her side And weakly moves her hands, Is enough to reassure her friends
ण विणा सब्भावेणं घेप्पइ परमत्थजाणुओ लोओ,को जुण्णमंजरं कंजिएण वेआरिउं तरइ	A man who knows the ultimate truth Is only won over by true goodness, For who can trick an old cat with rice gruel?
रण्णाउ तणं रण्णाउ पाणिअं सव्वदो सअंगाहं,तह वि मआण मईण अ आमरणंताइ पेम्माइं	In the jungle grass and water Are everywhere free for the asking, And still the love between a doe and a stag Lasts until death.
तुप्पाणणा किणो अच्छसि त्ति परिपुच्छिआइ वहुआइ,विउणावेढिअजहणत्थलाइ लज्जोणअं हसिअं	When he asked his young wife Why her face was still smeared with ghee, She looked away in embarrassment But smiled, Her skirt wrapped twice around her thighs.
हिअअ च्चेअ विलीणो ण साहिओ जाणिऊण घरसारं,वंधवदुव्वअणं मिव दोहलओ दुग्गअवहूए	Conscious of the family's situation, The pregnant wife does not mention what she craves for But keeps it to herself, Like an indecent proposal made by one of her husband's brothers.
धावइ विअलिअधम्मिल्लसिचअसंजमणवावडकरग्गा,चंडिलभअविवलाअंतडिंभपरिमग्गिणी घरिणी	With one hand clutching at her skirt, Which is slipping down, And with the other her hair, Which has come loose, The housewife chases after her little son, Who is running away, scared of the barber
जह जह उव्वहइ वहू णवजोव्वणमणहराइ अंगाइ,तह तह से तणुआअइ मज्झो दइओ अ पडिवक्खो	The more the wife flaunts her delicious, young body The thinner become her waist, her husband, And her rivals
जह जह जरापरिणओ होइ पई दुग्गओ विरूओ वि,कुलवालिआण तह तह अहिअअरं वल्लहो होइ	The poorer, the uglier, the more decrepit Her husband becomes The more a true woman loves him.
एसो मामि जुआणो वारं वारेण जं अडअणाओ,गिम्हे गामेक्कवडोदअं व किच्छेण पावंति	Aunt! There goes the young man Whom all the hussies in turn Try to grab hold of, Just like the water in the only well in the village On a hot summer's day
गामवडस्स पिउच्छा आवंडुमुहाण पंडुरच्छाहं,हिअएण समं असईण पडइ वाआहअं पत्तं	Aunt, A yellow leaf, battered by the wind, Falls from the village banyan And with it the pale faces Of the false women.
पेच्छइ अलद्धलक्खं दीहं णीससइ सुण्णअं हसइ,जह जंपइ अफुडत्थं तह से हिअअट्ठिअं किं पि	She stares into thin air, Heaves long sighs, Smiles vacantly And mutters nonsense: There must be something on her mind.
गहवइ गओ म्ह सरणं रक्खसु एअं ति अडअणा भणिउं,सहसागअस्स तुरिअं पइणो च्चिअ जारम् अप्पेइ	"""My lord, This man seeks shelter with us. Do look after him."" With these words the wife hastily introduced her lover To her husband Who had returned home unexpectedly"
हिअएछिअस्स दिज्जउ तणुआअंतिं ण पेच्छह पिउच्छा,हिअएछिओ म्ह कत्तो भणिउं मोहं गआ कुअरी	"Aunt, Marry the girl to the person she fancies. Can't you see she is pining away? ""'Person I fancy'? What do you mean?"" So saying the girl fell in a faint."
खिण्णस्स उरे पइणो ठवेइ गिम्हावरण्हरमिअस्स,ओल्लं गलंतकुसुमं ण्हाणसुअंधं चिहुरभारं	Wet and fragrant after her bath And with flowers falling from it, She lays her long, thick hair On her exhausted husband's chest After a summer afternoon Of making love
अह सरसदंतमंडलकवोलपडिमागओ मअच्छीए,अंतोसिंदूरिअसंखवत्तकरणिं वहइ चंदो	Reflected in the deer-eyed woman's cheek Covered with fresh tooth marks, The moon looks like a white conch shell Red on the inside.
पुसिआ कण्णाहरणेंदणीलकिरणाहआ ससिमऊहा,माणिणिवअणम्मि सकज्जलंसुसंकाइ दइएण	The lover wipes away the silver moonbeams Blending with the blue gleams of her sapphire earrings From the face of his offended mistress, Mistaking them for tears mixed with eye-black.
एद्दहमेत्तम्मि जए सुंदरमहिलासहस्सभरिए वि,अणुहरइ णवर तिस्सा वामद्धं दाहिणद्धस्स	In the whole wide world Teeming with thousands of beautiful women The only thing that matches this woman's right side . . . Is her left side.
जह जह वाएइ पिओ तह तह णच्चामि चंचले पेम्मे,वल्ली वलेइ अंगं सहावथद्धे वि रुक्खम्मि	Since love is fickle I dance to my lover's tune. A creeper twines itself Around the unbending tree
दुक्खेहि लब्भइ पिओ लद्धो दुक्खेहि होइ साहीणो,लद्धो वि अलद्धो च्चिअ जइ जह हिअअं तह ण होइ	He can be captured only with the greatest difficulty And once captured he is difficult to keep, And even if captured, He is not captured Unless his heart is captured as well
अव्वो अणुणअसुहकंखिरीअ अकअं कअं कुणंतीए,सरलसहावो वि पिओ अविणअमग्गं वला णीओ	How stupid! She was so anxious to taste the pleasure of being groveled to That she made out that he had done something When he hadn't, And led her innocent lover into devious ways.
हत्थेसु अ पाएसु अ अंगुलिगणणाइ अइगआ दिअहा,एण्हिं उण केण गणिज्जउ त्ति भणिउं रुअइ मुद्धा	Having passed the time By counting the days First on her fingers, then on her toes, The young girl burst into tears, Not knowing what to count with next
कीरमुहसच्छहेहिं रेहइ वसुहा पलासकुसुमेहिं,वुद्धस्स चलणवंदणपडिएहि व भिक्खुसंघेहिं	The flowers of the flame trees, Which resemble parrots' beaks, Make the ground resplendent, Like a congregation of monks Prostrate in worship at the feet Of the Buddha
ण गुणेण हीरइ जणो हीरइ जो जेण भाविओ तेण,मोत्तूण पुलिंदा मोत्तिआइ गुंजाउ गेण्हंति	People are not captivated by true qualities But by what takes their fancy. The Pulindas brush pearls aside But seize upon the guñja seeds The jeweler uses as weights.
पुट्ठिं पुससु किसोअरि पलोहरंकोल्लपत्तचित्तलिअं,छेआहि दिअरजाआहि उज्जुए मा कलिज्जिहिसि	Slender girl, Don't be so naïve: Brush off your back All trace of the leaves From the aṃkolla in the yard, Otherwise your clever sisters-in-law will start thinking.
अच्छीइ ता थइस्सं दोहि वि हत्थेहि तम्मि दिट्ठम्मि,अंगं कलंवकुसुमं व पुलइअं कह णु ढक्किस्सं	The moment I see him I will cover my eyes with both hands, But how am I going to hide my body Which is bristling like a spiky kadamba blossom?
झंझावाउत्तिणिए घरम्मि रोऊण णीसहणिसण्णं,दावेइ व गअवइअं विज्जुज्जोओ जलहराणं	The storm snatched the thatch from the roof And the lightning flashed through the rafters As if to show the clouds the helpless wife, Sitting in tears Alone without her husband.
सुहपुच्छिआइ हलिओ मुहपंकअसुरहिपवणणिव्वविअं,तह पिअइ पअइकडुअं पि ओसहं जह ण णिट्ठाइ	After she who peeped in to ask how he was Had with her fragrant breath Cooled the bitter medicine, The plowman drained it to the very last drop
अह सा तहिं तहिं व्विअ वाणीरवणम्मि चुवकसंकेआ,तुह दंसणं विमग्गइ पब्भट्टणिहाणठाणं च	Having missed the assignation In all those reed beds, She looks for you everywhere As though in search of lost treasure
लुम्बीओ अंगणमाहवीण दारग्गलाउ जाआउ,आसासो पंथपलोअणे वि पिट्ठो गअवईणं	In spring The clusters of jasmine Bar the gate of the courtyard. Even the comfort of looking down the road Is denied to the grass widows.
पिअदंसणसुहरसमउलिआइ जइ से ण होंति णअणाइं,ता केण कण्णरइअं लक्खिज्जइ कुवलअं तिस्सा	If her eyes were not closed In ecstasy At seeing her lover, Who would notice the blue lily Behind her ear?
चिक्खिल्लखुत्तहलमुहकड्ढणसिढिले पइम्मि पासुत्ते,अप्पत्तमोहणसुहा घणसमअं पामरी सवइ	When he fell asleep, Exhausted after a day of dragging the plow through thick mud, His wife, Angry at missing the pleasures of love, Cursed the rainy season.
दुम्मेंति देंति सोक्खं कुणंति अणुराअअं रमावेंति,अरइरइवंधवाणं णमो णमो मअणवाणाणं	They cause grief, Give pleasure, Create a longing And allay it: Praised be the arrows of the God of Love, Kindred of pleasure and pain.
कुसुममआ वि अइखरा अलद्धफंसा वि दूसहपआवा,भिंदंता वि रइअरा कामस्स सरा वहुविअप्पा	How very puzzling! Though made of flowers They are extremely sharp. Though they make no contact They are irresistibly powerful. Though they cut through the flesh They cause delight —The arrows of the God of Love
ईसं जणेंति दावेंति मम्महं विप्पिअं सहावेंति,विरहे ण देंति मरिउं अहो गुणा तस्स वहुमग्गा	They cause jealousy, Kindle love, Make grief bearable And prevent separation from being fatal: Love's arrows have so many different effects.
णीआइ अज्ज णिक्किव पिणद्धणवरंगआइ वरईए,घरपरिवाडीअ पहेणआइ तुह दंसणासाए	Have a care— The poor girl, wearing a freshly dyed dress, Is distributing festival cakes from door to door In the hope of catching a glimpse of you.
णक्खुक्खुडिअं सहआरमंजरिं पामरस्स सीसम्मि,वंदिं मिव हीरंतिं भमरजुआणा अणुसरंति	Bees pursue the mango blossom That the scruffy farmhand has torn off with his nails And placed on his head, Like young men thronging around a woman Taken hostage
मुहविज्झविअपईवं णिरुद्धसासं ससंकिउल्लावं,सवहसअरक्खिओट्ठं चोरिअरमिअं सुहावेइ	The lamp blown out, Stifled sighs, Fearful whispers, Lips sealed by hundreds of vows: Oh! the joys of stolen love.
वहलतमाहअराई अज्ज पउत्थो पई घरं सुण्णं,तह जग्गेसु सअज्जिअ ण जहा अम्हे मुसिज्जामो	It is pitch-dark outside, My husband left today, And the house is deserted. Please, neighbor, do keep watch: I don't want to be burgled.
संजीवणोसहं मिव सुअस्स रक्खइ अणण्णवावारा,सासू णवब्भदंसणकंठागअजीविअं सोण्हं	Without leaving her bedside for a moment The mother nurses her daughter-in-law Who has almost expired at the sight of the first rain clouds, As if she were a medicine which could restore The life of her son
णूणं हिअअणिहित्ताइ वससि जाआइ अम्ह हिअअम्मि,अण्णह मणोरहा मे साहसु कह तीअ विण्णाआ	You live in my heart With your wife locked in your own For tell me how else could she know exactly what I want?
तइ सुहअ अईसंते तिस्सा अच्छीहि कण्णलग्गेहिं,दिण्णं घोलिरवाहेहि पाणिअं दंसणसुहाणं	When she could no longer follow you With her eyes stretching almost to her ears She poured a libation with rolling tears To the past pleasure of seeing you
उप्पेक्खागअ तुह मुहदंसणपडिरुद्धजीविआसाइ,दुहिआइ मए कालो केत्तिअमेत्तो व्व णेअव्वो	How much longer can I go on In this misery, My will to live dependent On visualizing your face In my imagination?
वोलीणालक्खिअरूअजोव्वणा पुत्ति कं ण दूमेसि,दिट्ठा पणट्ठपोराणजणवआ जम्मभूमि व्व	Don't worry, dear girl, When youth and beauty are all but gone You can still cause pain, Like the sight of one's birthplace From which the familiar faces Have vanished
परिओसविअसिएहिं भणिअं अच्छीहि तेण जणमज्झे,पडिवण्णं तीअ वि उव्वमंतसेएहि अंगेहिं	In the midst of the crowd A boy speaks through his eyes Shining with delight, And a girl replies As her limbs break out in a sweat
जइ सो ण वल्लहो च्चिअ गोत्तग्गहणेण तस्स सहि कीस,होइ मुहं ते रविअरफंसविसट्टं व तामरसं	If he is not dear to you How comes it, my friend, That at the mere mention of his name Your face opens like a lotus Touched by the rays of the sun?
माणदुमपरुसपवणस्स मामि सव्वंगणिव्वुइअरस्स,अवऊहणस्स भद्दं रइणाडअपुव्वरंगस्स	O auntie! Hurrah for the embrace That, like a violent wind, bends the tree of pride, Gives pleasure to the whole body, And is the prologue to the play of love
णिअआणुमाणणीसंक हिअअ दे पसिअ विरम एत्ताहे,अमुणिअपरमत्थजणाणुलग्ग कीस म्ह लहुएसि	Heart, Please, enough of this! How can you slight us and attach yourself To someone whose real worth is unknown, Judging merely by your own feelings?
अंगाणं तणुआरअ सिक्खावअ दीहरोइअव्वाणं,विणआइक्कमआरअ मा मा णं पम्हसिज्जासु	First you made her waste away, Then taught her how to weep and wail, Then made her flout all decency. So, please, do not neglect her now
अण्णह ण तीरइ च्चिअ परिवड्ढंतगरुअं पिअअमस्स,मरणविणोएण विणा विरमावेउं विरहदुक्खं	She knew no way To stop the insistent, ever-increasing Pain of being parted from her lover Except by diverting herself With death
वण्णंतीहि तुह गुणे वहुसो अम्हेहि छिंछईपुरओ,वालअ सअम् एअ कओ सि दुल्लहो कस्स कुप्पामो	My boy, I've so often described how nice you are To those sly hussies That it's my fault you're now beyond my reach. Whom else can I blame?
जाओ सो वि विलक्खो मए वि हसिऊण गाढम् उवऊढो,पढमोसरिअस्स णिअंसणस्स गंठिं विमग्गंतो	He was embarrassed But I laughed and gave him a hug When he groped for the knot Of my skirt and found it Already undone.
अवराहेहि वि ण तहा पत्तिअ जह मं इमेहि दुम्मेसि,अवहत्थिअसब्भावेहि सुहअ दक्खिण्णभणिएहिं	Believe me, my dear, The wrongs you have done me Are nothing like as hurtful As these polite words devoid of true feeling
मा जूर पिआलिंगणसरहसभमिरीण वाहुलइआणं,तुण्हिक्क परुण्णेनं इमिणा माणंसिणि मुहेणं	Proud lady, silently weeping, Do not scold your arms For straying into the empty hollow That was your lover's embrace.
मा वच्च पुप्फलाविर देवा उअअंजलीहि तूसंति,गोलाणईअ पुत्तअ सीलुम्मूलाइ कूलाइं	My boy, Why go picking flowers? The gods are perfectly happy with offerings of water And the banks of the Godavarê Are the ruin of many a young man.
एत्थ मए रमिअव्वं तीअ समं चिंतिऊण हिअएण,पामरकरसेउल्ला णिवडइ तुवरी वविज्जंती	As he sows, The seeds stick to the farmer's hands Which grow moist When he thinks that soon he might be making love With his girl in this very field.
गहवइसुओच्चिएसु वि फलहीवेंटेसु उअह वहुआइ,मोहं भमइ पुलइओ विलग्गसेअंगुली हत्थो	Look! The landowner's son has already plucked the cotton But his simple wife lingers, vainly stroking the empty pods With a trembling and sweaty hand
अज्जं मोहणसुहिअं मुअ त्ति मोत्तुं पलाइए हलिए,दरफुडिअवेंटभारोणआइ हसिअं व फलहीए	When the plowman took to flight, Fearing the good lady was dead When she had only swooned in love's ecstasy, The cotton plant, bowed under its white, half-opened pods, Seemed to smile.
णीसासुक्कंपिअपुलइएहि जाणंति णच्चिउं धण्णा,अम्हारिसीहि दिट्ठे पिअम्मि अप्पा वि वीसरिओ	Some lucky women are able to prance around With sighs and shivers and raptures. But when women like us see their husbands They completely forget themselves.
वाहि व्व वेज्जरहिओ धणरहिओ सअणमज्झवासो व्व,रिउरिद्धिदंसणं मिव दूसहणीओ तुह विओओ	Like being ill without a doctor, Like being poor amongst one's relatives, Like seeing one's enemy prosper, This separation from you is intolerable.
आअण्णेइ अडअणा कुडुंगहेट्ठम्मि दिण्णसंकेआ,अग्गपअपेल्लिआणं मम्मरअं जुण्णपत्ताणं	Listening for the rustle of dead leaves Stirred by his footfall, The wanton woman awaits her lover in the arbor
अहिलेंति सुरहिणीससिअपरिमलावद्धमंडलं भमरा,अमुणिअचंदपरिहवं अपुव्वकमलं मुहं तिस्सा	Attracted by her fragrant breath, Bees cluster round her face That is like no other lotus Since the moon cannot outshine it
धीरावलंविरीअ वि गुरुअणपुरओ तुमम्मि वोलीणे,पडिओ से अच्छिणिमीलणेण पम्हट्ठिओ वाहो	In front of her parents She showed no emotion When you passed by, But a tear that clung to her lashes Fell when she closed her eyes.
भरिमो से सअणपरंमुहीअ विअलंतमाणपसराइ,कइअवसुत्तुव्वत्तणथणअलसप्पेल्लणसुहेल्लिं	I will never forget How at first she turned her back on me, Then, as her sulkiness faded, Heaved up her round breasts, While feigning sleep —What pleasure it was to fondle them.
फग्गुच्छवणिद्दोसं केण वि कद्दमपसाहणं दिण्णं,थणअलसमुहपलोट्टंतसेअधोअं किणो धुअसि	Why are you trying to wash away that powder Which someone innocently threw at you On the Holê festival? It has already been washed away by the sweat Streaming off the nipples of your round breasts.
किं ण भणिओ सि वालअ गामणिधूआइ गुरुअणसमक्खं,अणिमिसम् ईसीसि वलंतवअणणअणद्धतिट्ठेहिं	You dimwit, What do you mean she didn't say anything to you? This village headman's daughter, Who in front of her elders looked at you With half-closed eyes and face slightly averted, Without blinking once.
णअणब्भंतरघोलंतवाहभरमंथराइ दिट्ठीए,पुणरुत्तपेच्छरीए वालअ किं जं ण भणिओ सि	You fool, How can you say she didn't say a word? She looked at you all the time But her sight was blurred By the tears welling up in her eyes
अंतोहुत्तं डज्झइ जाआसुण्णे घरे हलिअउत्तो,उक्खाअणिहाणाइ व रमिअट्ठाणाइ पेच्छंतो	In the house left empty by his wife's death The plowman is consumed by grief, Staring at where they used to make love As though at hiding places robbed of their treasure
णिद्दाभंगो आवंडुरत्तणं दीहरा अ णीसासा,जाअंति जस्स विरहे तेण समं कीरिसो माणो	If when he's away One lies awake, Grows pale, And sighs deeply, What is the point of being angry When he's back again?
तेण ण मरामि मण्णूहि पूरिआ अज्ज जेण रे सुहअ,तग्गअमणा मरंती मा तुज्झ पुणो वि लग्गिस्सं	The only reason I do not die of anger This very moment, my dear, Is that in my next life I do not wish to be dependent on you again Because I died thinking of you.
अवरज्झसु वीसद्धं सव्वं ते सुहअ विसहिमो अम्हे,गुणणिब्भरम्मि हिअए पत्तिअ दोसा ण माअंति	Do your worst, have no fear: I can take anything from you, my dear. In my heart, so brimful of your virtues, There is no room for any faults.
भरिउच्चरंतपसरिअपिअसंभरणपिसुणो वराईए,परिवाहो विअ दुक्खस्स वहइ णअणट्ठिओ वाहो	The tear in the eye of the wretched girl, Betraying thoughts of her beloved, Wells up, brims over and flows out Like a flood of grief.
जं जं करेसि जं जं जंपसि जह जह तुमं णिअच्छेसि,तं तम् अणुसिक्खिरीए दीहो दिअहो ण संपडइ	Going over everything you do, Everything you say, Every trick of your eyes —One day is too short
भंडंतीअ तणाइं सोत्तुं दिण्णाइ जाइ पहिअस्स,ताइ च्चेअ पहाए अज्जा आअड्ढइ रुअंती	The straw she had grudgingly given the traveler To sleep on, That same straw she was sweeping up next morning In tears.
अज्ज सहि केण गोसे कं पि मणे वल्लहं भरंतेण,अम्हं मअणसराहअहिअअवणप्फोडणं गीअं	Friend, Whoever it was who sang this song So early in the morning, He must have been thinking of some lover, For he reopened the wounds That the God of Love had made in my heart With his sharp arrows
उट्ठंतमहारंभे थणए दट्ठूण मुद्धवहुआए,ओसण्णकवोलाए णीससिअं पढमघरिणीए	When she saw the high breasts Of her husband's new wife The first wife sighed And her face fell.
गरुअछुहाउलिअस्स वि वल्लहकरिणीमुहं भरंतस्स,सरसो मुणालकवलो गअस्स हत्थे च्चिअ मिलाणो	Though tormented with hunger The elephant allows the tasty mouthful of lotus roots In his trunk To dry up and wither As he stands thinking of the face of his favorite wife
पसिअ पिए का कुविआ सुअणु तुमं परअणम्मि को कोवो,को हु परो णाह तुमं कीस अउण्णाण मे सत्ती	Calm down. Who's the angry one? You, my slim beauty. How can one be angry with a stranger? Who's the stranger? You, my lord. How come? I must have done something wrong in a past life.
एहिसि तुमं ति णिमिसं व जग्गिअं जामिणीअ पढमद्धं,सेसं संतावपरव्वसाइ वरिसं व वोलीणं	Thinking that you would come, The wakeful first part of the night went by in a minute. The remainder of the night, Filled with disappointment, Seemed to last a year.
अवलंवह मा संकह ण इमा गहलंघिआ परिब्भमइ,अत्थक्कगज्जिउब्भंतहित्थहिअआ पहिअजाआ	Catch her! No need to be afraid of this woman Running around in circles: She is not possessed by a demon, Just a traveler's wife Startled by a sudden thunderclap.
केसररअविच्छड्डे मअरंदो होइ जेत्तिओ कमले,जइ भमर तेत्तिओ अण्णहिं पि ता सोहसि भमंतो	Bee, Only were you to find in another flower As much nectar as you find inside the pollen-filled lotus Would you be right to hover around it.
पेच्छंति अणिमिसच्छा पहिआ हलिअस्स पिट्ठपंडुरिअं,धूअं दुद्धसमुद्दुत्तरंतलच्छिं विअ सअण्हा	Full of desire, the passers-by halt And stare at the plowman's daughter Who is powdered with flour, Without blinking their eyes, As if they were the gods And she the goddess Laksm≥ ê Rising up from the Ocean of Milk.
कस्स भरसि त्ति भणिए को मे अत्थि त्ति जंपमाणीए,उव्विग्गरोइरीए अम्हे वि रुआविआ तीए	"When we asked her whom she was thinking of She replied: ""No one,"" And began to cry so piteously That we cried with her."
पाअपडिअं अहव्वे किं दाणि ण उट्ठवेसि भत्तारं,एअं चिअ अवसाणं दूरं पि गअस्स पेम्मस्स	Be reasonable! Your husband has fallen at your feet. Why not help him up again? However long your love has lasted, This could be the end.
तडविणिहिअग्गहत्था वारितरंगेहि घोलिरणिअंवा,सालूरी पडिविंवे पुरिसाअंति व्व पडिहाइ	With fingertips clutching the river bank, And hips gently moving with the waves, The female frog, Hanging over her mirror image in the water, Looks like a woman making love On top of her husband.
सिक्करिअमणिअमुहवेविआइ धुअहत्थसिंजिअव्वाइ,सिक्खंतु वोडहीओ कुसुंभ तुम्हं पसाएण	Thanks to you, prickly safflower tree, Young girls will learn to suck in their breath, To moan, To twitch, To flutter their hands And make their bracelets rattle.
जेत्तिअमेत्ता रच्छा णिअंव कह तेत्तिओ ण जाओ सि,जेण छिविज्जइ गुरुअणलज्जोसरिओ वि सो सुहओ	Why, my hips, Have you not grown as wide as the street So that I might touch that lovely man As he tries to escape The awkward scene with my parents?
मरगअसूईविद्धं व मोत्तिअं पिअइ आअअग्गीवो,मोरो पाउसआले तणग्गलग्गं उअअविंदुं	In the rainy season The peacock, Stretching its long neck, Pecks at the raindrop That hangs on the tip of a grass blade Like a pearl pierced by an emerald needle
अज्जाइ णीलकंचुअभरिउव्वरिअं विहाइ थणवट्टं,जलभरिअजलहरंतरदरुग्गअं चंदविंवं व	Her round breast Bulging out of a dark blue blouse Looks like the moon Peering from behind a cloud Heavy with rain.
राअविरुद्धं व कहं पहिओ पहिअस्स साहइ ससंकं,जत्तो अम्वाण दलं तत्तो दरणिग्गअं किं पि	"Cautiously, As if it were a matter of high treason, One traveler said to the other: ""There are shoots on the mango trees. So it can't be long now."""
धण्णा ता महिलाओ जा दइअं सिविणए वि पेच्छंति,णिद्द च्चिअ तेण विणा ण एइ का पेच्छए सिविणं	Happy the women Who at least see their lovers in dream. But without him I cannot sleep Let alone dream.
मज्झण्हपत्थिअस्स वि गिम्हे पहिअस्स हरइ संतावं,हिअअट्ठिअजाआमुहमअंकजोण्हाजलप्पवहो	In the midday heat of summer The mere thought of the refreshing stream of cool moonlight From his wife's round face Restores the traveler.
भण को ण रूसइ जणो पत्थिज्जंतो अदेसआलम्मि,रइवावडा रुवंतं पिअं पि पुत्तं सवइ माआ	Tell me, Would you not get angry When bothered at the wrong time and place? What mother does not curse her little son, dear as he is, If he comes crying while she is busy making love?
एएण च्चिअ कंकेल्लि तुज्झ तं ण त्थि जं ण पज्जत्तं,उवमिज्जइ जं तुह पल्लवेण वरकामिणीहत्थो	O, aóoka tree, There is nothing more for you to achieve: Your leaves have been compared to the hand of a lovely woman
विज्झाविज्जइ जलणो गहवइधूआइ वित्थअसिहो वि,अणुमरणघणालिंगणपिअअमसुहसिज्जिरंगीए	Her body Sweating with the pleasure Of tightly embracing her beloved husband, The landowner's daughter Puts out the flames of his pyre
जारमसाणसमुब्भवभूइसुहप्फंससिज्जिरंगीए,ण समप्पइ णवकावालिणीअ उद्धूलणारंभो	The kapalika novice cannot stop daubing her body With ashes that come from her lover's pyre: The pleasure of touching them Brings her out in a sweat.
एक्को पण्हअइ थणो वीओ पुलएइ णहमुहालिहिओ,पुत्तस्स पिअअमस्स अ मज्झणिसण्णाइ घरिणीअ	One breast oozes milk, The other is covered with nail marks and gooseflesh: Behold the housewife sitting between husband and son.
एत्ताइ च्चिअ मोहं जणेइ वालत्तणे वि वट्टंती,गामणिधुआ विसलअ व्व वड्ढिआ काहिइ अणत्थं	Though still a child, The village headman's daughter Already turns everybody's head. Once she is grown up She will cause real harm, Like a poisonous creeper.
सुप्पउ तइओ वि गओ जामो त्ति सहीउ कीस मं भणह,सेहालिआण गंधो ण देइ सोत्तुं सुअह तुम्हे	"""Go to sleep! It's past three o'clock!"" Dear girls, how can you say that to me? The scent of jasmine makes sleep impossible. Try going to sleep yourselves."
कह सो ण संभरिज्जइ जो मे तह संठिआइ अंगाइं,णिव्वत्तिए वि सुरए णिज्झाअइ सुरअरसिओ व्व	How could I not remember that man Who even after it was over Looked at my limp body As if he felt like doing it again?
सुक्खंतवहलकद्दमघम्मविसूरंतकमढपाढीणं,दिट्ठं अइट्ठउव्वं कालेण तलं तडाअस्स	Summer reveals what was never seen before: The bottom of the pond With turtles and minnows Struggling in the thick, dry mud and heat.
वाहित्ता पडिवअणं ण देइ रूसेइ एक्कमेक्कस्स,असई कज्जेण विणा पलिप्पमाणे णईकच्छे	She does not answer when spoken to And is cross with everyone For no other reason Than that the bush on the river bank is burning.
णिद्दं लहंति कहिअं सुणंति खलिअक्खरं ण जंपंति,जाहि ण दिट्ठो सि तुमं ताओ च्चिअ सुहअ सुहिआओ	My dear, Only women who do not see you Stay happy: They sleep properly, Hear what is said to them, And do not muddle their words.
वालअ तुमाइ दिण्णं कण्णे काऊण वोरसंघाडिं,लज्जालुइणी वि वहू घरं गआ गामरच्छाए	Delighted with the modest pair of berries you gave her, Your wife, though usually so shy, has gone home Down the center of the village street, Wearing them behind her ear.
अह सो विलक्खहिअओ मए अहव्वाइ अगहिआणुणओ,परवज्जणच्चिरीहिं तुम्हेहि उवेक्खिओ णिंतो	When he ran out of the house, Dismayed at my rudely rejecting His attempt at reconciliation, You should have stopped him Instead of laughing at someone else's misfortune
जे लीणभमरभरभग्गगोच्छआ आसि णइअडुच्छंगे,कालेण वंजुला पिअवअस्स ते खण्णुआ जाआ	Remember those vañjula trees on the riverbank Whose blossom was bowed by clusters of bees? Time, dear friend, has turned them to stumps.
खणभंगुरेण पेम्मेण माउआ दूमिअ म्हि एत्ताहे,सिविणअणिहिलंभेण व दिट्ठपणट्ठेण लोअम्मि	Aunt, It pains me now to realize How fragile a thing love is, Like treasure beheld in a dream That vanishes in the light of day
चाओ सहावसरलं विच्छुहइ सरं गुणम्मि णिवडंतं,वंकस्स उज्जुअस्स अ संवंधो किं चिरं होइ	The bow shoots the arrow The moment it touches the string. How long can straight and crooked stay together?
मालइकुसुमाइ कुलुंचिऊण मा जाण णिव्वुओ सिसिरो,काअव्वा अज्ज वि णिग्गुणाण कुंदाण सामिद्धी	Don't think winter is content Merely to wither the summer jasmine. It also has to produce a mass Of worthless winter jasmine.
परिमलणसुहा गरुआ अलद्धविवरा सलक्खणाहरणा,थणआ कव्वालाअ व्व कस्स हिअए ण लग्गंति	Who is not captivated by a woman's breasts, That, like a good poem, Are a pleasure to grasp, Are weighty, compact, and nicely ornamented?
खिप्पइ हारो थणमंडलाहि तरुणीहि रमणपरिरंभे,अच्चिअगुणा वि गुणिणो लहंति लहुअत्तणं काले	In the act of embracing their lovers Young ladies toss the pearl necklaces From their round breasts. Even the praiseworthy Sometimes get treated with disrespect.
अण्णो को वि सहावो वम्महसिहिणो हला हआसस्स,विज्झाइ णीरसाणं हिअए सरसाण पज्जलइ	Friend, The wretched fire of love Is an odd sort of fire: In a sapless heart it goes out, In a sappy one it instantly flares up
तह तस्स माणपरिवड्ढिअस्स चिरपणअवद्धमूलस्स,मामि पडंतस्स सुओ सद्दो वि ण पेम्मरुक्खस्स	Aunt, When the tree of love, Rooted in long affection, Is struck by the axe of pride It falls without a sound.
पाअपडिओ ण गणिओ पिअं भणंतो वि अप्पिअं भणिओ,वच्चंतो वि ण रुद्धो भण कस्स कए कओ माणो	When he spoke affectionately You answered curtly, When he went away You did not try to stop him. Tell me, What exactly do you hope to gain By your pride?
पुसइ खणं धुअइ खणं पप्फोडइ तक्खणं अआणंती,मुद्धवहू थणवट्टे दिण्णं दइएण णक्खवअं	One moment she tried wiping, The next scrubbing, And after that rubbing. The young wife was completely at a loss What to do with the nail mark Her husband had left on her breast
वासारत्ते उण्णअपओहरे जोव्वणे व्व वोलीणे,पढमेक्ककासकुसुमं दीसइ पलिअं व धरणीए	After the rainy season With towering clouds, Like youth with plump breasts, Has spent itself, Plumes of kasa grass, Like the first strands of gray hair, Appear on Mother Earth.
अविरलपडंतणवजलधारारज्जुघडिअं पअत्तेण,अपहुत्तो उक्खिविउं रसइ व मेहो महिं उअह	Hear how that cloud groans with the effort, Yet is unable to lift the earth With ropes of raindrops That fall in unbroken streams
ओ हिअअ ओहिदिअहं तइआ पडिवज्जिऊण दइअस्स,अत्थक्काउल वीसंभघाइ किं तइ समाढत्तं	Heart, At the time When my lover mentioned the date of his return You did not object. So what are you doing now Destroying our belief in his early arrival?
जो वि ण आणइ तस्स वि कहेइ भग्गाइ तेण वलआइं,अइउज्जुआ वराई अहव पिओ से हआसाए	Even to someone who knows nothing about it She tells who it is who has broken her bracelets. Either the poor girl is naïve Or she really loves the man who has made her so unhappy.
सेउल्लिअसव्वंगी गोत्तग्गहणेण तस्स सुहअस्स,दूइं अप्पाहेंती तस्सेअ घरंगणं पत्ता	Sweating all over From just mentioning her lover's name, She was so busy instructing the messenger That she did not notice They had arrived in front of his house.
जम्मंतरे वि चलणे जीएणं मअण तुज्झ अच्चिस्सं,जइ तं पि तेण वाणेण विज्झसे जेण हं विद्धा	Even in my next existence, O God of Love, I will dedicate my life In worship at your feet, If you promise to pierce him With the same arrow As you pierced me with
जाव ण कोसविआसं पावइ ईसीसि मालईकलिआ,मअरंदपाणलोहिल्ल भमर ताव च्चिअ मलेसि	O bee, To get at the jasmine's nectar You have to knead and squeeze long and hard. It does not open by itself.
अकअण्णुअ तुज्झ कए पाउसराईसु जं मए खुण्णं,उप्पेक्खामि अलज्जिर अज्ज वि तं गामचिक्खिल्लं	Even now I can see The mud in that wretched village, Which I squelched through on those dark nights In the rainy season Just to please you. And what did I get out of it, You shameless man?
रेहइ गलंतकेसक्खलंतकुंडलललंतहारलआ,अद्धुप्पइआ विज्जाहरि व्व पुरिसाइरी वाला	The girl on top of her lover, Her hair hanging loose, Her earrings swinging And her pearl necklace hovering, Looks just like a vidyadhare Who is about to fly away
गामणिणो सव्वासु वि पिआसु अणुमरणगहिअवेसासु,मम्मच्छेएसु वि वल्लहाइ उवरिं वलइ दिट्ठी	All the village headman's wives Are dressed in readiness to follow him on the pyre, Yet even at this heartrending moment His eyes fall upon his favorite.
मामि सरिसक्खराण वि अत्थि विसेसो पअंपिअव्वाणं,णेहमइआणम् अण्णो अण्णो उवरोहमइआणं	Aunt, The words may be the same But they sound quite different Depending on whether they are said with affection Or with reserve
हिअआहिंतो पसरंति जाइ अण्णाइ ताइ वअणाइ,ओसरसु किं इमेहिं अहरंतरमेत्तभणिएहिं	Words which come from the heart Sound different. Get away with you! I've no time for words That pay mere lip service.
कह सा सोहग्गगुणं मए समं वहइ णिग्घिण तुमम्मि,जीअ हरिज्जइ णामं हरिऊण अ दिज्जए मज्झ	Have you no feelings? How can she enjoy your favor At the same time as me When you rob her of her name And give it to me?
सहि साहसु सब्भावेण पुच्छिमो किं असेसमहिलाणं,वड्ढंति करत्थ च्चिअ वलआ दइए पउत्थम्मि	Friend, tell me honestly, I beg of you, Is it the case with all women That the bracelets grow larger on their wrists When their husband is away
भमइ परिदो विसूरइ उक्खिविउं से करं पसारेइ,करिणो पंकक्खुत्तस्स णेहणिअलाविआ करिणी	Fettered by affection The she-elephant circles around in distress And stretches out her trunk to rescue Her husband who is stuck in the mud.
रइकेलिहिअणिअंसणकरकिसलअरुद्धणअणजुअलस्स,रुद्दस्स तइअणअणं पव्वइपरिउंविअं जअइ	Long live Siva's third eye : Which Paravati covered with kisses While covering his other two eyes with her hands When her skirt slipped off in the heat of love play
धावइ पुरओ पासेसु भमइ दिट्ठीपहम्मि संठाइ,णवलइकरस्स तुह हलिअउत्त दे पहरसु वराइं	As soon as you have a supple twig in your hand She runs across your path, Hovers on either side of you, And happens to be Wherever you are looking. You blockhead, Can't you see the poor girl Desperately wants a good thrashing?
कारिमम् आणंदवडं भामिज्जंतं वहूअ सहिआहिं,पेच्छइ कुमारिजारो हासुम्मीसेहि अच्छीहिं	When her relatives whirled around the sheet Said to be stained with the young bride's blood The virgin's lover looked on with a glint in his eye.
सणिअं सणिअं ललिअंगुलीअ मअणवडलाअणणिहेण,वंधइ धवलव्वणवट्टअं व वणिआहरे तरुणी	Pretending to smear on a salve, The young girl with delicate fingers Applies a white bandage to her wounded lip
उअ संभमविक्खित्तं रमिअव्वअलंपडाइ असईए,णवरंगअं कुडंगे धअं व दिण्णं अविणअस्स	Look! The freshly dyed skirt That the woman hurriedly kicked off In her desire to make love Hangs over the bower Like a banner proclaiming her immodesty
हत्थप्फंसेण जरग्गवी वि पण्हअइ दोहअगुणेण,अवलोइअपण्हुइरिं पुत्तअ पुण्णेहि पाविहिसि	Even an old cow gives milk At the touch of an expert milker. My son, You'll have a hard time finding one That gives milk Merely at a glance.
मसिणं चंकम्मंती पए पए कुणइ कीस मुहभंगं,णूणं से मेहलिआ जहणगअं छिवइ णहवंतिं	She walks about quite smoothly So why pull a face at every step? It must be her girdle Chafing against the nail marks on her hip.
पाअपडणाण मुद्धे रहसवलामोडिचुंविअव्वाणं,दंसणमेत्तपसण्णे चुक्का सि सुहाण वहुआणं	Stupid woman, Because you stopped being angry The moment he stood before you You missed a lot of fun: He would have had to fall at your feet And cover you with hot, impetuous kisses.
णिक्खंधदुरारोहं पुत्तअ मा पाडलिं समारुहसु,आरूढणिवडिआ के इमीअ ण कआ हआसाए	My son, Don't try to climb this trumpetflower tree: It has no branches to hold on to. Name me a man who did not fall When trying to climb this wretched tree.
गामणिघरम्मि अत्ता एक्क च्चिअ पाडला इहग्गामे,वहुपाडलं च सीसं दिअरस्स ण सुंदरं एअं	Mother-in-law, The only trumpetflower tree in the village Is at the headman's house, Yet my brother-in-law's head Is covered with trumpetflowers. How strange
अण्णाण वि होंति मुहे पम्हलधवलाइ दीहकसणाइ,णअणाइ सुंदरीणं तह वि हु दट्ठुं ण आणंति	Long-lashed, dazzling white, black and slanting —There are plenty of other women with eyes like that But that does not mean they know how to look.
दुग्गअघरम्मि घरिणी रक्खंती आउलत्तणं पइणो,पुच्छिअदोहलसद्धा पुणो वि उअअं चिअ कहेइ	"Every time her poor in-laws ask her What she would most like to eat, The pregnant wife, Anxious not to cause embarrassment to her husband, Simply says: ""Water."""
आअंवलोअणाणं ओल्लंसुअपाअडोरुजहणाणं,अवरण्हमज्जिरीणं कएण कामो वहइ चावं	Returning from the late afternoon bath, Their eyes red And their buttocks visible through wet skirts —Love need not carry a bow On behalf of these women
विरहेण मंदरेण व हिअअं दुद्धोअहिं व महिऊण,उम्मूलिआइ अव्वो अम्हं रअणाइ व सुहाइं	Stirring the Ocean of Milk, which is my heart, With the churning stick of separation You have rooted out the pearls of my joys.
उज्जुअरए ण तूसइ वंकम्मि वि आअमं विअप्पेइ,एत्थ अहव्वाइ मए पिए पिअं कह णु काअव्वं	Straightforward pleasure doesn't satisfy him, he says, And if I spice it up, He wonders who taught me that. As I always get it wrong How will I ever make him happy?
वहुविहविलासरसिए सुरए महिलाण को उवज्झाओ,सिक्खइ असिक्खिआइ वि सव्वो णेहाणुवंधेण	In lovemaking, with its manifold and intricate delights, Who is there to instruct women? One can learn anything Simply by being shown some affection.
वण्णवसिए विअत्थसि सच्चं चिअ सो तुए ण संभविओ,ण हु होंति तम्मि दिट्ठे सुत्थावत्थाइ अंगाइं	You look just as you did yesterday, So you must be bragging. In fact you did not see him, For if you had, You would no longer look so well.
आसण्णविवाहदिणे अहिणववहुसंगमुस्सुअमणस्स,पढमघरिणीअ सुरअं वरस्स हिअए ण संठाइ	As the wedding day draws near He can think only of making love With his new bride. The pleasures once shared With his first wife No longer find a place in his heart
जइ लोअणिंदिअं जइ अमंगलं जइ वि मुक्कमज्जाअं,पुप्फवइदंसणं तह वि देइ हिअअस्स णिव्वाणं	Though people condemn it, Though it is highly inauspicious And considered most improper, The sight of a woman during her period Fills the heart with heavenly bliss.
जइ ण छिवसि पुप्फवइं पुरओ ता कीस वारिओ ठासि,छित्तो सि चुलचुलंतेहि धाविऊण ăम्ह हत्थेहि	If you do not want to touch a woman during her period, Why get in my way when you shouldn't? I will touch you with my itchy hands As I push past you.
ण वि तह अइगरुएण वि तम्मइ हिअए भरेण गब्भस्स,जह विवरीअणिहुअणं पिअम्मि सोण्हा अपावंती	Our daughter-in-law is not so much distressed By the very heavy weight in her womb As by the fact that due to it She can no longer make love On top of her husband.
अगणिअजणाववाअं अवहत्थिअगुरुअणं वराईए,तुह गलिअदंसणासाइ तीअ वलिउं चिरं रुण्णं	Not caring what people might say And pushing her parents aside, The poor girl With no hope of ever seeing you again, Lay rolling on the ground crying her heart out.
हिअअं हिअए णिहिअं चित्तालिहिअ व्व तुह मुहे दिट्ठी,आलिंगणरहिआइं णवरं झिज्जंति अंगाइं	My heart is lodged in your heart, My eyes, like eyes in a painting, Are immovably fixed on your face, It is only my body That is wasting away For lack of your embrace
अहअं विओअतणुई दुसहो विरहाणलो चलं जीअं,अप्पाहिज्जउ किं सहि जाणसि तं चेअ जं जुत्तं	"""I have grown thin in your absence."" ""The fire of separation is hard to bear."" ""My life hangs in the balance."" Why am I telling you this, my friend? You know yourself the sort of thing that needs saying."
तुह विरहुज्जागरओ सिविणे वि ण देइ दंसणसुहाइ,वाहेण पहालोअणविणोअणं से हअं तं पि	As she can't sleep when you are away She is deprived of the pleasure of seeing you in her dreams, And her tears spoil the pastime of looking out for you
अण्णावराहकुविओ जह तह कालेण गच्छइ पसाअं,वेसत्तणावराहे कुविअं कह तं पसाएमि	A man who is angry at one's being bossy Can be won round in due course, But someone who is angry at one's being servile How can I appease him?
दीससि पिआइ जंपसि सब्भावो सुहअ एत्तिओ च्चेअ,फालेइऊण हिअअं साहसु को दावए कस्स	You allow me to see you And still speak kindly. But, my dear, is this The way to behave? For who would break a heart And having broken it Still show his face?
उअअं लहिउं उत्ताणिआणणा होंति के वि सविसेसं,रित्ता णमंति सुइरं रहट्टघडिअ व्व कापुरिसा	When full of water, they swing high. When empty, they lie low for a while. —The buckets on a water wheel Behave just like nasty people.
भग्गपिअसंगमं केत्तिअं व जोण्हाजलं णहसरम्मि,चंदअरपणालणिझरणिवहपडंतं ण णिट्ठाइ	How easy it is for the moon To spoil my nightly assignations! For there is no end to the cascade of moonbeams With which it empties itself into the lake of the sky
अइकोवणा वि सासू रुआविआ गअवईअ सोण्हाए,पाअपडनोणआए दोसु वि गलिएसु वलएसु	Even her harsh mother-in-law Was moved to tears when both the girl's bracelets Slipped off as she fell at her feet, So long had her husband been abroad.
रोवंति व्व अरण्णे दूसहरइकिरिणफंससंतत्ता,अइतारझिल्लिविरुएहि पाअवा गिम्हमज्झण्हे	At noon in summer The trees in the deserted forest, Scorched by the unbearable rays of the sun, Seem to cry out with the shrill creak Of crickets
पढमणिलीणमहुरमहुलोहिल्लालिउलवद्धझंकारं,अहिमअरकिरणणिउरुंवचुंविअं दलइ कमलवणं	Bees settle on it, Buzzing wildly, Lusting for its sweet nectar But the lotus opens Only after being kissed by the sun
गोत्तक्खलणं सोऊण पिअअमे अज्ज तीअ छणदिअहे,वज्झमहिसस्स माल व्व मंडणं उअह पडिहाइ	Just look! After her husband had addressed her with his mistress's name The ornaments she had put on for the fair Suddenly appeared like a garland on the head of a buffalo Being led to sacrifice.
महमहइ मलअवाओ अत्ता वारेइ मं घरा णिंतिं,अंकोल्लपरिमलेण वि जो क्खु मुओ सो मुओ च्चेअ	The south wind blows strong, Mother-in-law keeps me locked up indoors, But someone who dies sniffing the scent of aṃkolla Dies all the same.
मुहपेच्छओ पई से सा वि हु सविसेसदंसणुम्मइआ,दो वि कअत्था पुहइं अमहिलपुरिसं व मण्णंति	His eyes are glued to her face, And she is intoxicated at the sight of him. So utterly content are these two, There might not be another man or woman on earth.
खेमं कत्तो खेमं जो सो खुज्जंवओ घरद्दारे,तस्स किर मत्थआओ को वि अणत्थो समुप्पण्णो	"Well? What do you mean, ""Are you well?"" That stunted mango by the front door— They tell me something nasty is coming out of its top."
आउच्छणविच्छाअं जाआइ मुहं णिअच्छमाणेण,पहिएण सोअणिअलाविएण गंतुं चिअ ण इट्ठं	Seeing his wife's face grow pale As he bade her farewell The husband could not bring himself to leave, His feet fettered by affection.
सूईवेहे मुसलं विच्छुहमाणेण डड्ढलोएण,एक्कग्गामे वि पिओ समेहि अच्छीहि वि ण दिट्ठो	Due to these cursed villagers Who brandish a cudgel at a mere pinprick I dare not set eyes on my lover Though we live in the same village.
अज्जं पि दाव एक्कं मा मं वारेहि पिअसहि रुअंतिं,कल्लिं उण तम्मि गए जइ ण मुआ ता ण रोइस्सं	Dear friend, Allow me this one day of crying. Tomorrow, I promise, When he has left And if I'm still alive, I will cry no more.
तुह दंसणे सअण्हा सद्दं सोऊण णिग्गआ जाइं,तइ वोलीणे ताइं पआइ वोढव्वआ जाआ	At the sound of your voice She rushed out of the house In her desire to see you. Once you had passed She had to be carried back again.
ईसामच्छररहिए हि णिव्विआरेहि मामि अच्छीहिं,एण्हिं जणो जणम् मिव णिअच्छए कुह ण झिज्जामो	Without a trace of jealousy or anger, As if I were just anybody. So how can I help growing thin?
वाउद्धअसिचअविहाविओरुदिट्ठेण दंतमग्गेण,वहुमाआ तोसिज्जइ णिहाणकलसस्स व मुहेण	When the wind tossed up the wife's skirt, Exposing the tooth marks on her thighs, Her mother was thrilled, As if she had hit upon the lid of a pot of gold.
हिअअम्मि वससि ण करेसि मण्णुअं तह वि णेहभरिएहिं,संकिज्जसि जुअइसहावगलिअधीरेहि अम्हेहिं	You abide in my heart And never trouble it. Yet, for all my affection, I lose faith, as girls do, And grow suspicious.
अण्णं पि किं पि पाविहिसि मूढ मा तम्म दुक्खमेत्तेण,हिअअ पराहीणजणं महंत तुह केत्तिअं एअं	Foolish heart, Why so distressed? Worse will befall you, Running after a man In thrall to another.
वेसो सि जीअ पंसुल अहिअअरं सा हु वल्लहा तुज्झ,इअ जाणिऊण वि मए ण ईसिअं डड्ढपेम्मस्स	How wayward of you: The more a woman detests you The more you like her. Though I know this all too well There is nothing I can do About this cursed love of mine.
सा आम सुहअ गुणरूअसोहिरी आम णिग्गुणा अहअं,भण तीअ जो ण सरिसो किं सो सव्वो जणो मरउ	I agree, my dear, She is a model of virtue and beauty, And, yes, I am quite worthless. But, tell me, Must everyone not up to her standard Be condemned to death?
संतम् असंतं दुक्खम् सुहं च जाओ घरस्स जाणंति,ता पुत्तअ महिलाओ सेसाउ जरा मणुस्साणं	Those who know what is good for the household And what isn't, Know what it can put up with And what it can't —Those are proper wives. The rest are a drain on men.
उल्लावो मा दिज्जउ लोअविरुद्धं ति णाम काऊण,समुहावडिए को उण वेसे दिट्ठिं ण पाडेइ	We should not be seen talking Because people disapprove. But how can one help setting eyes Even on a person one detests If he happens to cross one's path?
किं रुअसि किं व सोअसि किं कुप्पसि सुअणु एक्कमेक्कस्स,पेम्मं विसं व विसमं साहसु को रुंभिउं तरइ	Why cry, why lament, Why, slender girl, Get angry with each and every one? Love is a lethal poison. And, tell me, Can anyone withstand it?
ते अ जुआणा ता गामसंपआ तं च अम्ह तारुण्णं,अक्खाणअं व लोओ कहेइ अम्हे वि तं सुणिमो	There were the young men, The blessings of village life, And the days of our youth. Now people make a story of it, And we listen.
वाहोहभरिअगंडाहराइ भणिअं विलक्खहसिरीए,अज्ज वि किं रूसिज्जइ सवहावत्थं गअं पेम्मं	"Tears were still running down her cheeks and lips When, with a shy laugh, she said: ""But why am I still angry When our love has reached the stage of swearing fidelity?"""
वण्णग्घअतुप्पमुहिं जो मं अइआअरेण चुंवंतो,एण्हिं सो भूसणभूसिअं पि अलसाअइ छिवंतो	The man who kissed me with such extraordinary care When my face was smeared with red ghee Now hardly cares even to touch me Despite my wearing this lovely jewelry.
सच्चं कलहे कलहे सुरआरंभा पुणो णवा होंति,माणो उण माणंसिणि गरुओ पेम्मं विणासेइ	After every quarrel, it's true, The pleasures of love taste new. But, proud woman, Too much of this pride And his love will be destroyed.
लज्जा चत्ता सीलं च खंडिअं अजसघोसणा दिण्णा,जस्स कएणं पिअसहि सो च्चेअ जणो जणो जाओ	Dear friend, The man for whom I abandoned modesty, Destroyed my character And lost my good name Now treats me just like anyone else.
हसिअं अइट्ठदंतं भमिअम् अणिक्कंतदेहलीदेसं,दिट्टम् अणुक्खित्तमुहं एसो मग्गो कुलवहूणं	Laughing without showing her teeth, Moving around without crossing the threshold, Looking without raising her face: Such is the way of a virtuous wife.
धूलिमइलो वि पंकंकिओ वि तणरइअदेहभरणो वि,तह वि गइंदो गरुअत्तणेण ढक्कं समुव्वहइ	Soiled with dust, Spattered with mud And nourished with grass, Yet, on account of his size, It is the elephant who carries the big drum.
करमरि कीस ण गम्मइ को गव्वो जेण मसिणगमणा सि,अदिट्ठदंतं हसिरीअ जंपिअं चोर जाणिहिसि	"Why aren't you trying to escape? What makes you so confident, That you remain calm? With a smile the bowman's wife replies: ""You will soon find out, kidnapper!"""
थोरंसुएहि रुण्णं सवत्तिवग्गेण पुप्फवइआए,भुअसिहरं पइणो पेच्छिऊण सिरलग्गतुप्पलिअं	His other wives shed large tears As they see smears of red grease From the youngest wife's face On the husband's shoulder.
लोओ जूरइ जूरउ वअणिज्जं होइ होउ तं णाम,एहि णिमज्जसु पासे पुप्फवइ ण एइ मे णिद्दा	"""People will be angry."" Let them be. ""They will disapprove."" Who cares? Come, forget about your period And snuggle down beside me, For I can get no sleep."
जं जं पुलएमि दिसं पुरओ लिहिओ व्व ईससे तत्थ,तुह पडिमापरिवाडिं वहइ व सअलं दिसाचक्कं	In whatever direction I gaze I see your image before me. The whole horizon is like a panorama with paintings of you alone.
ओसरइ धुणइ साहं खोक्खामुहलो पुणो समुल्लिहइ,जंवूफलं ण गेण्हइ भमरो त्ति कई पढमडक्को	The monkey scratches the rose apple with its finger, Jumps away, shakes the branch, screeching loudly, But does not dare to pluck it As it looks like the bee That once stung him.
उप्पहपहाविअजणो पविअंभिअकलअलो पहअतूरो,अव्वो सो च्चेअ छणो तेण विणा गामडाहो व्व	Loud beating of drums: The normal bustle of a festival But oh! without him More like a village fire.
असमत्तगरुअकज्जे एण्हिं पहिए घरं णिअत्तंते,णवपाउसो पिउच्छा हसइ व कुडअट्टहासेहिं	Aunt, As the traveler hastens homewards, His business unfinished, The start of the rainy season, With its white kuṭaja flowers, Seems to mock him with loud laughter.
दट्ठूण उण्णमंते मेहे आमुक्कजीविआसाए,पहिअघरिणीअ डिंभो ओरुण्णमुहीअ सच्चविओ	Seeing clouds piling up in the west The traveler's wife, Who had despaired of her life, Began to decorate her body While tears streamed down her face.
अविहवलक्खणवलअं ठाणं णेंतो पुणो पुणो गलिअं,सहिसत्थो च्चिअ माणंसिणीअ वलआरओ जाओ	To make sure she didn't look like a widow Her friends constantly hitched up The sulking girl's fallen bangle As though they were bangle sellers.
पहिअवहू विवरंतरगलिअजलोल्ले घरे अणोल्लं पि,उद्देसं अविरअवाहसलिलणिवहेण ओल्लेइ	While rain trickled down Through gaps in the thatch The traveler's wife wept And with her ceaseless flow of tears Soaked the last dry spot in the house.
दीसइ ण चूअमउलं अत्ता ण अ वाइ मलअगंधवहो,पत्तं वसंतमासं साहइ उक्कंठिअं चेअ	Mother-in-law! There are no buds on the mango And the south wind does not blow, Yet the yearning in my heart Tells me that spring is on its way.
दइअकरग्गहलुलिओ धम्मिल्लो सीहुगंधिअं वअणं,मअणम्मि एत्तिअं चिअ पसाहणं हरइ तरुणीणं	Loose-hanging hair To take in one's hands And a mouth smelling of wine: That's all young women need To bring with them As allurement in love.
गामतरुणीउ हिअअं हरंति छेआण थणहरिल्लीओ,मअणे कुसुंभराइल्लकंचुआभरणमेत्ताओ	Village girls with swelling bosoms Need only simple saffron yellow blouses To attract the most sophisticated of lovers.
आलोअंत दिसाओ ससंत जंभंत गंत रोअंत,मुच्छंत पडंत खलंत पहिअ किं ते पउत्थेण	Traveler, Why did you ever leave home If all you do is scan the horizon, Sigh, yawn, moan, groan, Faint, trip and stumble?
दट्ठूण तरुणसुरअं विविहविलासेहि करणसोहिल्लं,दीवो वि तग्गअमणो गअं पि तेल्लं ण लक्खेइ	The lamp was so absorbed In looking at the young couple Playfully making love In all sorts of different positions That it did not notice that the oil had run out.
वोडसुणओ विवण्णो अत्ता मत्ता पई वि अण्णत्थो,फडही वि मोडिआ महिसएण को कस्स साहेउ	The nasty dog is dead, Mother-in-law is drunk, My husband is out, And the buffalo has broken the bolt. Who is going to tell on us?
गिरिसोत्तो त्ति भुअंगं महिसो जीहाइ लिहइ संतत्तो,महिसस्स कण्हपत्थरझरो त्ति सप्पो पिअइ लालं	Parched by the heat, the buffalo licks a snake, Taking it for a mountain rivulet, And the snake sips the buffalo's spittle, Taking it for water falling from black rock.
पत्तणिअंवप्फंसा ण्हाणुत्तिण्णाइ सामलंगीए,जलविंदुएहि चिहुरा रुअंति वंधस्स व भएण	Though he had no more work in the fields, The farmer would not go home, To spare himself the pain Of finding it empty Now that his wife was dead
सुप्पं डड्ढं चणआ ण भज्जिआ सो जुआ अइक्कंतो,अत्ता वि घरे कुविआ भूआण व वाइओ वंसो	The soup is burnt, The chickpeas aren't roasted, The young man has gone past, And I am stuck in this house With an angry mother-in-law. It's like playing the flute to phantoms.
पिसुणेंति कामिणीणं जललुक्कपिआवऊहणसुहेल्लिं,कंडइअकवोलुप्फुल्लणिच्चलच्छीइ वअणाइ	By their wide and staring eyes And the gooseflesh on their cheeks These women betray their lovers Who, hidden underwater, Have put their arms around them.
महिसक्खंधविलग्गं घोलइ सिंगाहअं सिमिसिमंतं,आहअवीणाझंकारसद्दमुहलं मसअवुंदं	A swarm of gnats hovers over the buffalo's shoulders. When he hits them with his horn They hum like the plucked strings of a lute.
उअह तरुकोडराओ णिक्कंतं पूसुआण रिंछोलिं,सरए जरिओ व्व दुमो पित्तं व सलोहिअं वमइ	Look at the flock of parrots Flying out of the hole in that tree As though it had an autumn fever And were spitting blood and bile.
ण वि तह अनालवंती हिअअं दूमेइ माणिणी अहिअं,जह दूरविअंभिअगरुअरोसमज्झत्थभणिएहिं	A sulking woman Does not hurt so much by silence As by small talk After overwhelming anger.
गंधं अग्घाअंतअ पिक्ककलंवाण वाहभरिअच्छ,आससु पहिअजुआणअ घरिणिमुहं मा ण पेच्छिहिसि	Sniffing the wayside kadamba blossom, Your eyes full of tears, Take heart, young traveler! You are sure to see the face of your wife again.
गज्ज महं चिअ उवरिं सव्वत्थामेण लोहहिअअस्स,जलहर लंवालइअं मा रे मारेहिसि वराइं	Cloud, Thunder with all your might above me, For I have a heart of iron. But spare my poor girl at home, Who has already loosened her hair, As it would be death to her.
संझाराओत्थइओ दीसइ गअणम्मि पडिवआचंदो,रत्तदुऊलंतरिओ थणणहलेहो व्व णववहूए	The waning moon veiled by the red sky at dawn Looks like the nail mark on the young bride's bosom Showing through her crimson gauze.
अइ दिअर किं ण पेच्छसि आआसं किं मुहा पलोएसि,जाआइ वाहुमूलम्मि अद्धअंदाण परिवाडिं	My dear man, Why scan the sky If it's crescent moons you're after? Try looking at your sister-in-law's shoulder: You'll find a whole row of them there.
वाआइ किं भणिज्जउ केत्तिअमेत्तं व लिक्खए लेहे,तुह विरहे जं दुक्खं तस्स तुमं चेअ गहिअत्थो	How can I put it in words? One can say so little in a letter. But the ache I feel in your absence Is something you know of yourself.
मअणग्गिणो व्व धूमं मोहणपिच्छिं व लोअदिट्ठीए,जोव्वणधअं व मुद्धा वहइ सुअंधं चिउरभारं	The girl's thick, fragrant hair Is like a column of smoke rising from the fire of love, Like a bunch of peacock's tail feathers Waved by the conjuror to distract his audience, Like the victory banner of youth.
रुंदारविंदमंदिरमअरंदाणंदिआलिरिंछोली,झणझणइ कसणमणिमेहल व्व महुमासलच्छीए	The line of bees around the large lotus flower,Feasting loudly on its nectar,Looks like the jingling girdle of sapphires Around the waist of the nymph of spring.
चोरा सभअसतण्हं पुणो पुणो पेसअंति दिट्ठीओ,अहिरक्खिअणिहिकलसे व्व पोढवइआथनुच्छंगे	With fear and with longing The kidnappers repeatedly steal glances At the round breasts of the warrior's wife As if they were pots of gold Guarded by snakes.
केत्तिअमेत्तं होहिइ सोहग्गं पिअअमस्स भमिरस्स,महिलामअणछुहाउलकडक्खविक्खेवघेप्पंतं	How much happiness Can my errant husband get From the sidelong glances Cast by women starved of love?
णिअधणिअं उवऊहसु कुक्कुडसद्देण झत्ति पडिवुद्धो,परवसहिवाससंकिर णिअए वि घरम्मि मा भासु	It's your own wife: You can embrace her. Suddenly awoken by cockcrow, You look around distraught As if you'd spent the night In another man's house, But don't be alarmed: It's your own.
णवपल्लवं विसण्णा पहिआ पेच्छंति चूअरुक्खस्स,कामस्स लोहिउप्पंगराइअं हत्थभल्लं व	In despair The travelers stare at the new shoot on the mango tree, As though it were one of Love's arrows Crimson with a clot of blood.
महिलाणं चिअ दोसो जेण पवासम्मि गव्विआ पुरिसा,दो तिण्णि जाव ण मरंति ता ण विरहा समप्पंति	That their husbands blithely go abroad Is the fault of their wives. The moment one or two of them die There will be no more talk of separation.
वालअ दे वच्च लहुं मरइ वराई अलं विलंवेण,सा तुज्झ दंसणेण वि जीवेज्ज ण एत्थ संदेहो	Hey, you fool, Can't you walk a little faster? The poor girl is dying. Stop dragging your feet. The mere sight of you will revive her. No doubt of it.
तंमिरपसरिअहुअवहजालोलिपलीविए वणाभोए,किंसुअवणं ति कलिऊण मुद्धहरिणो ण णिक्कमइ	While all around the forest is burning, Lines of red flame steadily advancing, The foolish doe does not flee, Imagining herself in a forest of flame trees.
णिहुअणसिप्पं तह सारिआइ उल्लाविअं म्ह गुरुपुरओ,जह तं वेलं माए ण आणिमो कत्थ वच्चामो	The mynah bird has prattled In front of the elders About what we get up to in bed So that, for the moment, I don't know which way to turn.
पच्चग्गुप्फुल्लदलुल्लसंतमअरंदपाणलेहलओ,तं ण त्थि कुंदकलिआइ जं ण भमरो महइ काउं	Eager to taste the fresh nectar That seeps from between the petals At the moment they unfold, There is nothing the bee will not do To the jasmine's closed bud.
सो को वि गुणाइसओ ण आणिमो मामि कुंदलइआए,अच्छीहिं चिअ पाउं अहिलस्सइ जेण भमरेहिं	Aunt, There must be something very special about the early jasmine That we don't know about, Such that all the bees converge on its tiny flowers.
एक्क च्चिअ रूअगुणं गामणिधूआ समुव्वहइ,अणिमिसणअणो सअलो जीए देवीकओ गामो	The village headman's daughter is such a beauty That she has on her own turned all the men of the village into gods By making them unable to blink.
मण्णे आसाओ च्चिअ ण पाविओ पिअअमाहररसस्स,तिअसेहि जेण रअणाअराहि अमअं समुद्धरिअं	That they are churning the ocean To retrieve the nectar of immortality Only shows that the gods have not yet tasted your lips.
आअण्णाअड्ढिअणिसिअभल्लमम्माहआइ हरिणीए,अद्दंसणो पिओ होहिइ त्ति वलिउं चिरं दित्थो	Mortally wounded by a sharp arrow Shot from behind the hunter's ear, The doe, knowing she would not see her mate again, Rolled over and fixed him with a lingering gaze.
मालारी ललिउल्लुलिअवाहुमूलेहि तरुणहिअआइं,उल्लूरइ सज्जुल्लूरिआइ कुसुमाइ दावेंती	Lifting up her lovely arms To display the freshly plucked flowers, The garland seller plucks at The hearts of young men.
मज्झो पिओ कुअंडो पल्लिजुआणा सवत्तीओ,जह जह वड्ढंति थणा तह तह झिज्जंति पंच वाहीए	The fuller the breasts of the hunter's wife The thinner her waist, The thinner her loving husband and his bow, The thinner the youths in her village, And the thinner her husband's other wives.
मालारीए वेल्लहलवाहुमूलावलोअणसअण्हो,अलिअं पि भमइ कुसुमग्घपुच्छिरो पंसुलजुआणो	Eager to feast his eyes On the flower seller's Gorgeous shoulders, The young rake finds an excuse For hanging around By cross-questioning her About her prices.
मंदं पि ण आणइ हलिअणंदणो इह हि डड्ढगामम्मि,गहवइसुआ विवज्जइ अवेज्जए कस्स साहामो	The plowman's son in this damned village Hasn't a clue. The landowner's daughter is dying But with no doctor at hand Whom to tell?
एक्कक्कमपरिरक्खणपहारसमुहे कुरंगमिहुणम्मि,वाहेण मण्णुविअलंतवाहधोअं धणुं मुक्कं	As the stag steps in front of the doe To face the arrow And then the doe steps in front of the stag, The hunter throws away his bow Drenched with tears of distress.
ता सुहअ विलंव खणं भणामि कीअ वि कएण अलम् अहवा,अविआरिअकज्जारंभआरिणी मरउ ण भणिस्सं	Wait a moment, my handsome friend, I've a message from someone. Or perhaps I haven't. She always acts so rashly, She'd be better off dead. No, I've nothing to tell you.
भोइणिदिण्णपहेणअचक्खिअदुस्सिक्खिओ हलिअउत्तो,एत्ताहे अण्णपहेणआण छीवोल्लअं देइ	The plowman is so spoilt by the sweets The tax gatherer's wife has given him to eat That he now turns up his nose at all other sweets.
वाउव्वेल्लिअसाहुलि थएसु फुडदंतमंडलं जहणं,चडुआरअं पइं मा हु पुत्ति जणहासिअं कुणसु	You stupid girl, Don't make a laughingstock Of your doting husband.
गम्मिहिसि तस्स पासं सुंदरि मा तुअर वड्ढउ मिअंको,दुद्धे दुद्धं मिव चंदिआइ को पेच्छइ मुहं दे	You will meet him, No need to hurry, Wait till the moon is full. For no one will tell your face Apart from moonlight Any more than milk from milk.
जइ जूरइ जूरउ णाम मामि परलोअवसणिओ लोओ,तह वि वला गामणिणंदणस्स वअणे वलइ दिट्ठी	Aunt, If these sanctimonious people object, Let them. One can't help it if one's eyes stray Toward the headman's son.
गेहं व वित्तरहिअं णिज्झरकुहरं व सलिलसुण्णइअं,गोहणरहिअं गोट्ठं व तीअ वअणं तुह विओए	Like a house without furnishings, Like the basin of a waterfall without water, Like a cowshed without cattle —Her face without you.
तुह दंसणेण जणिओ इमीअ लज्जाउलाइ अणुराओ,दुग्गअमणोरहो विअ हिअअ च्चिअ जाइ परिणामं	This girl is so shy That the feelings aroused in her By the sight of you, Like a poor man's dreams, find Fulfillment only in the mind.
जं तणुआअइ सा तुह कएण किं जेण पुच्छसि हसंतो,अह गिम्हे मह पअई एव्वं भणिऊण ओरुण्णा	"Since it is due to you That she has grown thin How could you jokingly ask her why? ""I usually do in summer"" was her reply Before she broke down."
अविहत्तसंधिवंधं पढमरसुब्भेअपाणलोहिल्लो,उव्वेल्लिउं ण आणइ खंडइ कलिआमुहं भमरो	The bee is so eager to taste the fresh nectar, He cannot stop to unfold the tight-knit petals But simply pierces the tip of the bud.
दरवेविरोरुजुअलासु मउलिअच्छीसु लुलिअचिहुरासु,पुरिसाइरीसु कामो पिआसु सज्जाउहो होइ	The God of Love strings his bow When women sit astride their husbands, Thighs twitching, Eyes closing And hair tossing around.
जं जं ते ण सुहाअइ तं तं ण करेमि जं मम्ऽ आअत्तं,अहअं चिअ जं ण सुहामि सुहअ तं किं मम्ऽ आअत्तं	I will do my best to avoid Doing the things you don't like, But, my dear, What can I do about the things I don't like?
वावारविसंवाअं सअलावअवाण कुणइ हअलज्जा,सवणाण उणो गुरुसंणिहे वि ण णिरुंझइ णिओअं	Wretched shyness stops her every limb From acting naturally, But even with her parents standing by It cannot force her not to use her ears.
एक्कल्लमओ दिट्ठीअ मइअ तह पुलइओ सअण्हाए,पिअजाअस्स जह धणुं पडिअं वाहस्स हत्थाओ	The doe looked at the solitary stag With such longing That the bow dropped from the hand Of the hunter Whose wife was dear to him.
दोअंगुलअकवालअपिणद्धसविसेसणीलकंचुइआ,दावेइ थणत्थलवण्णिअं व तरुणी जुअजणाणं	The girl has left open her dark blue bodice, Like a door two inches ajar, To show the young men A sample of her breasts.
रक्खेइ पुत्तअं मत्थएण ओच्छोअअं पडिच्छंती,अंसूहि पहिअघरिणी ओल्लिज्जंतं ण लक्खेइ	With her head catching the water That drips from the eaves She protects her little son, But does not notice that he is wet With the tears she sheds For her absent husband.
अब्भंतरसरसाओ उवरिं पव्वाअवद्धपंकाओ,चंकम्मंतम्मि जणे समूससंति व्व रच्छाओ	With a dry crust of mud on the surface But still wet below The village streets seem to sigh heavily As people go to and fro.
तह तेण वि सा दिट्ठा तीअ वि तह तस्स पेसिआ दिट्ठी,जह दोण्ह वि समअं चिअ णिव्वुत्तरआइ जाआइ	He looked at her In such a way, And she at him, That, at the same moment, They both consummated their love.
दुस्सिक्खिअरअणपसिक्खएहि घिट्ठो सि पत्थरे ताव,जा तिलमेत्तं वट्टसि मरगअ का तुज्झ मुल्लकहा	O emerald, A succession of incompetent jewelers Has ground you so long on the stone That you are no bigger than a sesame seed. So what's this talk about being valuable?
जह चिंतेइ परिअणो आसंकइ जह अ तस्स पडिवक्खो,वालेण वि गामणिणंदणेण तह रक्खिआ पल्ली	As his relatives suspected And his enemies feared, The headman's son, Though still very young, Has proved excellent At protecting the village.
गअवहुवेहव्वअरो पुत्तो मे एक्ककंडविणिवाई,तह सोण्हाइ पुलइओ जह कंडवरंडअं वहइ	That daughter-in-law has turned our son Into a trembling wreck: Once he needed just one arrow To make an elephant cow a widow, Now he carries a quiverful.
अप्पाहेइ मरंतो पुत्तं पल्लीवई पअत्तेण,मह णामेण जह तुमं ण लज्जसे तह करेज्जासु	"On his deathbed The headman of the hamlet Earnestly instructs his son: ""Act in such a way As not to be ashamed of my name."""
अणुमरणपत्थिआए पच्चागअजीविए पिअअमम्मि,वेहव्वमंडणं कुलवहूअ सोहग्गअं जाअं	As the good wife prepared To join her beloved on the pyre He came back to life, And her widow's finery Turned to that of married bliss.
महुमच्छिआइ दट्ठं दट्ठूण मुहं पिअस्स सूणोट्ठं,ईसालुई पुलिंदी रुक्खच्छाअं गआ अण्णं	When the Pulinda hunter's wife Saw her husband's lip Swollen by a bee sting, She was stung herself By jealousy And fled To stand in the shade of another tree.
धण्णा वसंति णीसंकमोहणे वहलपत्तलवइम्मि,वाअंदोलणओणविअवेणुगहणे गिरिग्गामे	Lucky are they who live In a mountain village Where one can make love Undisturbed Beneath a leafy hedge Or in deep thickets of reeds That bend and sway in the wind.
तह परिमलिआ गोवेण तेण हत्थं पि जा ण ओल्लेइ,स च्चिअ खडणा एण्हिं पेच्छह कुडदोहिणी जाआ	That froward cow, Which did not even wet the cowherd's hand However much he squeezed her teats— Look how she's now yielding milk By the pail.
धवलो जिअइ तुह कए धवलस्स कए जिअंति गिट्ठीओ,जिअ तंवे अम्ह वि जीविएण गोट्ठं तुमाअत्तं	The bull lives only for you And the heifers only for the bull, So please, dear cow, stay alive For the life of our herd Depends on your life.
अग्घाइ छिवइ चुंवइ ठवेइ हिअअम्मि जणिअरोमंचो,जाआकवोलसरिसं पेच्छह पहिओ महुअपुप्फं	Look how the traveler thrills As he sniffs at the sweetwood flower, Caresses it, kisses it, And presses it against his heart As if it were his wife's pale cheek.
उअ ओल्लिज्जइ मोहं भुअंगकित्तीअ कडअलग्गाइ,ओज्झरधारासद्धालुएण सीसं वणगएण	See how the elephant tries in vain To wet its head beneath a snake's sloughed skin That hangs down from a rocky sill, Mistaking it for a waterfall.
कमलं मुअंत महुअर पिक्ककइत्थाण गंधलोहेण,आलेक्खलड्डुअं पामरो व्व छिविऊण जाणिहिसि	To desert the lotus For the scent of ripe wood-apple— As soon as you touch it, silly bee, You'll find out your mistake, Like the yokel Who reached for a sweetmeat in a painting.
गिज्जंते मंगलगाइआहि वरगोत्तदिण्णअण्णाए,सोउं व णिग्गओ उअह होंतवहुआइ रोमंचो	Look, When the women start singing the wedding songs Goose pimples break out on the bride-to-be As if they too want to hear The bridegroom's name.
मण्णे आअण्णंता आसण्णविवाहमंगलुग्गीअं,तेहि जुआणेहि समं हसंति मं वेअसकुडुंगा	I suspect the reed beds by the river As well as the young men Had a good laugh when they heard The solemn song of blessing On the eve of my wedding.
ण अ दिट्ठिं णेइ मुहं ण अ छिविउं देइ णा लवइ किं पि,तह वि हु किं पि रहस्सं णववहुसंगो पिओ होइ	She does not look at you, Does not allow you to touch her face, Says nothing. Yet, In some mysterious way, Being with a young bride is pure joy.
पुच्छिज्जंती ण भणइ गहिआ पप्फुरइ चुंविआ रुअइ,तुण्हिक्का णववहुआ कआवराहेण उवऊढा	When he asks her a question She does not reply, When he touches her She recoils, When he kisses her She starts to cry, And when he attempts an embrace His young wife's silence Makes him feel like a criminal.
तत्तो च्चिअ होंति कहा विअसंति तहिं तहिं समप्पंति,किं मण्णे माउच्छा एक्कजुआणो इमो गामो	The girl's thick, fragrant hair Is like a column of smoke rising from the fire of love, Like a bunch of peacock's tail-feathers Waved by the conjuror to distract his audience, Like the victory banner of youth.
जाइ वअणाइ अम्हे वि जंपिमो ताइ जंपइ जणो वि,ताइं चिअ तेण पजंपिआइ हिअअं सुहावेंति	Who is not captivated by a woman's breasts, That, like a good poem, Are a pleasure to grasp, Are weighty, compressed, and nicely ornamented?
सव्वाअरेण मग्गह पिअं जणं जइ सुहेण वो कज्जं,जं जस्स हिअअदइअं तं ण सुहं जं तहिं ण त्थि	If you want to be happy Take care in choosing a lover, For what is dear to you Does not bring happiness Unless you are dear to it.
दीसंतो दिट्ठिसुहो चिंतिज्जंत मणवल्लहो अत्ता,उल्लावंत सुइसुहो पिओ जणो णिच्च रमणिज्जो	When one sees him He gives satisfaction to the eyes, When one thinks of him He gives satisfaction to the mind, When he speaks He gives satisfaction to the ears: Dear mother-in-law, My husband is always delightful.
ठाणब्भट्ठा परिगलिअपीणआ उण्णईअ परिचत्ता,अम्हे उण ठेरिपओहर व्व उअरे च्चिअ णिसन्णा	Fallen from our former position, Our abundance wasted away, No longer prominent, We stare at our navels Like an old woman's breasts.
पच्चूसागअ रंजिअदेह पिआलोअ लोअणाणंद,अण्णत्तखविअसव्वरि णहभूसण दिणवइ णमो दे	What a feast for the eyes, When you return at dawn Red all over Having spent the night elsewhere. Ornament of the sky, Lord of the day, We bow before you humbly.
विवरीअसुरअलेहड पुच्छसि मह कीस गब्भसंभूइं,ओअत्ते कुंभमुहे जललवकणिआ वि किं ठाइ	You who like to make love upside down, How can you ask if I am pregnant? Is there a single drop of water left In a jug turned upside down?
अच्चासण्णविवाहे समं जसोआइ तरुणगोवीहिं,वड्ढंते महुमहणे संवंधा णिण्हुविज्जंति	When Kṛṣṇa came of age And the time of his marriage drew near The young cowgirls tried to conceal their family ties With his mother Yaśodā.
दूरंतरिए वि पिए कह वि णिअत्ताइ मज्झ णअणाइ,हिअअं उण तेण समं अज्ज वि अणिवारिअं भमइ	When my lover left for distant lands My eyes found their way back home, But my heart is still beside him Going wherever he goes.
तस्स कहाकंतइए सद्दाअण्णणसमोसरिअकोवे,समुहालोअणकंपिरि उवऊढा किं पवज्जिहिसि	At the mention of his name you bristle; At the sound of his voice your anger melts; Seeing him face to face, you tremble. What will you do when you embrace?
भरणमिअणीलसाहग्गखलिअचलणद्धविहुअवक्खउडा,तरुसिहरेसु विहंगा कह कह वि लहंति संठाणं	With great difficulty Birds find a place to rest In the treetops, Fluttering their wings And shifting their feet At the tips of the dark branches That bend beneath their weight.
कंडंतेण अकंडं पल्लीमज्झम्मि विअडकोअंदं,पइमरणाहि वि अहिअं वाहेण रुआविआ अत्ता	When our hunter In the middle of the village, for everybody to see, Started to cut sections into his gruesome bow Mother-in-law began to cry Louder even than on the day her husband died.
अम्हे उज्जुअसीला पिओ वि पिअसहि विआरपरिओसो,ण हु अण्णा का वि गई वाहोहा कह पुसिज्जंतु	My dear, I am a simple person, While my lover only likes fancy tricks. Tell me, is there some other way of wiping my eyes?
चंचुपुडाहअविअलिअसहआररसेण सित्तदेहस्स,कीरस्स मग्गलग्गं गंधंधं भमइ भमरउलं	A swarm of bees blindly pursues the parrot Whose feathers are spattered with the juice Dripping from the mango it has pecked with its beak.
एत्थ णिमज्जइ एत्ता एत्थ अहं एत्थ परिअणो सअलो,पंथिअ रत्तीअंधअ मा मह सअणे णिमज्जिहिसि	Here's my mother-in-law's bed, Here is mine, And there those of the servants. Traveler, you won't see in the dark, So do be careful not to fall into mine.
परिओससुंदराइं सुरएसु लहंति जाइ सोक्खाइ,ताइं चिअ उण विरहे खाउग्गिण्णाइ कीरंति	The pleasures of love, Which gave the women such complete delight, Are chewed over and endlessly regurgitated Once their husbands have gone abroad.
मग्गं चिअ अलहंतो हारो पीणुण्णआण थणआण,उव्विग्गो भमइ उरे जमुणाणइफेणपुंजो व्व	Finding no way between her full, upcurving breasts, Her necklace of pearls dances upon her chest Like the bubbles of foam on the Yamunā.
जे जे गुणिणो जे जे अ चाइणो जे विअड्ढविण्णाणा,दारिद्द रे विअक्खण ताण तुमं साणुराओ सि	All the worthy people I meet, All the generous and discerning ones Already receive your favors, You clever devil, Poverty.
जइ कोत्तिओ सि सुंदर सअलतिहीचंददंसणसुहाणं,ता मसिणं मोइज्जंतकंचुअं पेक्खसु मुहं से	Handsome man, If you want to enjoy the sight Of every phase of the moon Look at her gentle face As she slowly lifts her bodice Over her head.
समविसमणिव्विसेसा समंतओ मंदमंदसंचारा,अइरा होहिंति पहा मणोरहाणं पि दुल्लंघा	The lie of the land is blurred And everywhere progress gets slower: Soon the roads will be impassable Even for the wheels of his fancy.
अइदीहराइ वहुए सीसे दीसंति वंसवत्ताइ,भणिए भणामि अत्ता तुम्हाण वि पंडरा पुट्ठी	"When she said: ""Daughter-in-law, There are long bamboo leaves in your hair."" I said: ""Mother-in-law, Your back is all white."""
अत्थक्करूसणं खणपसिज्जणं अलिअवअणणिव्वंधो,उम्मच्छरसंतावो पुत्तअ पअवी सिणेहस्स	Sudden outbursts of anger and the next moment calm, Constant pretence as well as agonies of jealousy, Such, my son, is the nature of love.
अइ उज्जुए ण लज्जसि पुच्छिज्जंती पिअस्स चरिआइं,सव्वंगसुरहिणो मरुवअस्स किं कुसुमरिद्धीहि	You simpleton, Shouldn't you be a little more discreet When people ask how your lover behaves? With all its leaves so fragrant, What need has the marjoram for a mass of blooms?
मुद्धे अपत्तिअंती पवालअंकुरअणिद्धलोहिअए,णिद्धोअधाउराए कीस सहत्थे पुणो धुअसि	Foolish girl, Why are you still washing The red powder from your soft palms That are by nature pink As a spray of coral?
पुससु मुहं ता पुत्तिअ वाहोअरणं विसेसरमणिज्जं,मा एअं चिअ मुहमंडणं ति सो काहिइ पुणो वि	Young girl, Wipe away these tears Which make your face look even more attractive, For he might do it again, Thinking how well they suit you.
अवरण्हागअजामाउअस्स विउणेइ मोहणुक्कंठं,वहुआइ घरपलोहरमज्जणपिसुणो वलअसद्दो	The tinkle of bracelets As she took a bath in the backyard of her parents' house Redoubled the passion of her husband Who had arrived in the late afternoon.
जुज्झचवेडामोडिअजज्जरकण्णस्स जुण्णमल्लस्स,कच्छावंधो च्चिअ भीरुमल्लहिअअं समुक्खणइ	The old wrestler With ears mangled by many a fight Has only to gird up his loins For his fearful opponent to lose heart.
आणंदंतेन तुमं पइणो पहएण पडहसद्देण,मल्लि ण लज्जसि णच्चसि दोहग्गे पाअडिज्जंते	Instead of dancing for joy Should you not feel shame? The drum that celebrates your husband's victory In the wrestling match Makes your unhappy marriage Known to all the world.
मा वच्चह वीसंभं इमाण वहुचाडुअम्मणिउणाणं,णिव्वत्तिअकज्जपरम्मुहाण सुणआण व खलाणं	Don't trust those bastards! They're just like dogs: First they fawn But once they've had their way They turn their backs on you.
सच्चं साहसु देअर तह तह चडुआरएण सुणएण,णिव्वत्तिअकज्जपरम्मुहत्तणं सिक्खिअं कत्तो	Tell me, brother-in-law, That dog who fawned on the bitch So persistently, Where did he learn to turn his back on her The moment he'd had his way?
णिप्पण्णसस्सरिद्धी सच्छंदं गाइ पामरो सरए,दलिअणवसालितंडुलधवलमिअंकासु राईसु	In autumn, when the corn is ripe, The farmer would do as he likes If only the moonlit nights weren't bright As the fresh grains of husked rice.
अलिहिज्जइ पंकअले हलालिचलणेण कलमगोवीए,केआरसोअरुंभणतंसट्ठिअकोमलो चलणो	Bees circle round the rice girl's pink foot Placed across the sluice To stop the water flowing Into the paddy field.
दिअहे दिअहे सूसइ संकेअअभंगवड्ढिआसंका,आवंडुरोणअमुही कलमेण समं कलमगोवी	Just like the rice, Each day her head bends lower And her face grows paler —The girl who guards the paddy, As she grows more fearful of the day When her occupation will cease.
दट्ठूण हरिअदीहं गोसे संढाण जूरए हलिओ,असईरहस्समग्गं तुसारधवले तिलच्छेत्ते	When at dawn he sees a long swathe of green Through the frost-white field of sesame —His faithless wife's clandestine trail— The farmer blames himself for letting loose the bulls.
संकेल्लिओ व्व णिज्जइ खंडं खंडं कओ व्व पीओ व्व,वासागमम्मि मग्गो घरहुत्तमुहेण पहिएण	At the approach of the rains The traveler is so intent on getting home That he bundles up the road and takes it with him, That he cuts it into manageable pieces, That he swallows it down in one gulp.
एण्हिं वारेइ जणो तइआ मूइल्लओ कहिं व गओ,जाहे विसं व जाअं सव्वंगपहोलिरं पेम्मं	Nowadays people restrain me But when this love, Which like a poison courses through all my limbs, First began They were mute.
अण्णोण्णकलक्खंतरपेसिअमेलीणदिट्ठिपसराइं,दो च्चिअ मण्णे कअभंडणाइ समअं पहसिआइं	When their surreptitious glances met The couple whom I thought were sulking Both burst out laughing.
धण्णा वहिरंधरआ ते च्चिअ जीअंति माणुसे लोए,ण सुणंति पिसुणवअणं खलाण अद्धिं ण पेक्खंति	Happy are the deaf and the blind! Though they live among humankind They hear not a single word of slander Nor see how the wicked prosper.
गामारुह म्हि गामे वसामि णअरट्ठिइं ण आणामि,णाअरिआणं पइणो हरेमि जा होमि सा होमि	I was born and raised in a village, I live in a village, And with the ways of the town I am not familiar. Still, I attract the husbands of the women in town. I am what I am.
ओसर रोत्तुं चिअ णिम्मिआइ मा पुससु मे हअच्छीइं,दंसणमेत्तुम्मइएहि जेहि सीलं तुह ण णाअं	Be off! Stop wiping away my tears! Crying is what my stupid eyes were made for. For when they tried looking they got distracted And failed to see your true nature.
रणरणअसुण्णहिअओ चिंतंतो विरहदुव्वलं जाअं,अमुणिअणिअवसही सो वोलीणो गाममज्झेण	He was so distracted with worry About his wife not surviving the long separation That, reaching his house, He walked on.
सुअणो णि दीसइ च्चिअ खलबहुल डड्ढजीअलोअम्मि,जह काअसंकुला तह ण हंसपरिवारिआ पुहवी	In this damned world of ours, so full of crooks, A decent man is rarely seen. The earth teems with crows But geese are few and far between.
जं मुच्छिआइ ण सुओ कलंवगंधेण तं गुण पडिअं,इअरा गज्जिअसद्दो जीएण विणा ण वोलंतो	That she did not hear the thunder Because she was swooning from the scent Of the kadamba flower Saved her life. Otherwise the thunder would not have passed by Without taking it.
जं असरणो व्व डड्ढो गामो साहीणवहुजुआणो वि,संभमविसंठुलाणं तं दुच्चरिअं तुह थणाणं	That our village burnt down As though there were no help for it, Despite the number of young men at hand, Is the doing of your wicked breasts Which in the confusion Were swaying about.
अह सुअइ दिण्णपडिवक्खवेअणा पसिढिलेहि अंगेहिं,णिव्वत्तिअसुरअरसाणुवंधसुहणिब्भरं वहुआ	After tasting to the full the pleasures of love The young wife slept soundly, Unaware how her weary limbs Were a torture to her rivals.
जइ तेण तुज्झ वअणं ण कअं मह कारणेण अ हआसे,सा कीस खंडिअतडं णिआहरं दूइ दुम्मेसि	If he does not do what you ask him On my behalf, you useless messenger, Why not give your lips a rest? They are already bruised.
दिट्ठाइ जं ण दिट्ठो सरलसहावाइ जं च णा ऽलविओ,उवआरो जं ण कओ तं चिअ कलिअं छइल्लेहिं	That you did not look at him When he looked at you, That you did not speak to him While you are usually so forthright, That you did not want to show him kindness —Our clever friends have noted it all.
अविरलणिग्गअपुलओ पअडिअकंपो पमुक्कसिक्कारो,हेमंते पहिअजणो सुरआसत्तो व्व पडिहाइ	Covered all over with gooseflesh, Visibly shivering, Sucking in his breath between clenched teeth: The winter wayfarer Looks like a man making love.
सेउल्लणिअंवालग्गसण्हसिचअस्स मग्गम् अलहंतो,सहि मोहघोलिरो अज्ज तस्स हसिओ मए हत्थो	Friend, I had to laugh When his hand fumbled at my thin skirt, Which stuck tight to my sweating thighs.
अमिअमअं चिअ हिअअं हत्था तण्हाहरा सअण्हाणं,चंदमुहि कत्थ णिवसइ अमित्तदहणो तुह पआवो	Your heart is made of nectar, Your hands allay the yearning of those who yearn, Where, O moon-faced girl, Do you produce the heat With which you burn your enemies?
दिट्ठीअ जाव पसरो ताव तुमं सुहअ णिव्वुइं कुणसि,वोलीणदंसणो तह तवेसि जह होउदिट्ठेण	As long as you are within sight My beautiful man, you give pleasure. But as soon as you are out of sight You cause such grief That I never want to see you again.
उण्हो त्ति समत्थिज्जइ डाहेण सरोरुहाण हेमंतो,चरिएहि णज्जइ जणो संगोवंतो वि अप्पाणं	Foolish girl! The clouds thunder, The paths are grass-grown, The rivers are swollen, And still you look down the road For your husband.
उवहारिआइ समअं पिंडारे उअ कहं कुणंतम्मि,णववहुआइ सरोसं सव्व च्चिअ वछआ मुक्का	Lotuses know that winter is hot Because it makes them wilt. However much they try to hide their true nature, People are betrayed by their acts.
पज्जालिऊण अग्गिं मुहेण पुत्तिअ किणो समोसरसि,थणअलसपडिअपडिमा फुरंति ण छिवंति ते जाला	Look! While the cowherd is chatting up the maid His young wife angrily sets all the calves free.
अग्गिं अब्भुत्तंतीअ पुत्ति पडिमागआ कवोलम्मि,कण्णालंविअपल्लवलच्छिं संधेइ ते जाला	You silly girl, Why do you shrink away each time you blow into the fire? These flames reflected on your round breasts Flicker but will not touch you.
कह दे धूमंधारे अब्भुत्तणं अग्गिणो समप्पिहइ,मुहकमलचुंवणालेहडम्मि पासट्ठिए दिअरे	Dear girl, The flames reflected on your cheeks When you kindle the kitchen fire Resemble blossoming twigs Hanging down from your ears.
आअंवच्छं पअलंतवाहम् आवद्धथणहरुक्कंपं,असमत्तं चिअ चिट्ठउ सिहिणो अब्भुत्तणम् इणं ते	How will you ever manage to kindle the fire In the kitchen dark with smoke With your young brother-in-law at your side Trying to kiss the lotus of your mouth?
छणपाहुणिए ऽत्ति किणो अज्ज वि णं भणह अंगसंतावं,जाआ अम्ह घरिल्लअगुणेण घरसामिणि च्चेअ	Look at you: Your eyes are red, Tears flow down your cheeks, And your heavy breasts are shaking. You'd better stop Trying to kindle the kitchen fire.
भिउडीअ पुलोइस्सं णिब्भच्छिस्सं परंमुही होस्सं,जं भणह तं करिस्सं सहीउ जइ तं ण पेच्छिस्सं	The breasts of the huntsman's wife riseAs if to tell the elephant, rhinoceros and ox, The deer, buffalo, tiger and bear That from her husband They have nothing to fear.
जं केअवेण पेम्मं जं च वला जं च अत्थलोहेण,जं उवरोहणिमित्तं णमोणमो तस्स पेम्मस्स	I'll frown at him, I'll abuse him, And I'll turn my back on him. I'll do whatever you say, friends, As long as I don't have to look at him.
कस्स ण सद्धा गरुअत्तणम्मि पइणो पसाअमाणस्स,जइ माणभंजणीओ ण होंति हेमंतराईओ	Love based on pretence, Love based on force, Love based on greed, Love based on compliance —Honor to them all!
अव्वो तहिंतहिं चिअ गअणे भमिऊण वीसमंतेण,वोहित्तवाअसेण व्व हासिआ डड्ढपेम्मेण	Who would not love to be tough on a cringing husband But for the long winter nights That erode one's pride?
दे आ दुमसु तुमं चिय मा परिहर पुत्ति पढमदुमियं ति,किं कुड्डं णिअमुहअंदकंतिदुमिअं ण लक्खेसि	O! What a fool Love has made of me, As when the ship's crow Circles the whole heaven Only to settle on the ship again.
विज्जंति तणुं उवणेंति वेअणं णेयताण खयमग्गे,अब्बो अइट्ठपुव्वो अणंगबाणाण माहप्पो	Hey there, daughter— Keep on whitewashing that wall. Don't stop because you think the job's already done. Can't you see? It's the moonlight of your face That makes it look so white.
आमोडऊण बलाउ हत्थं मज्झं गओ सि भो पहिअ,हिअआउ जइ अ णीहसि सामत्थं तुज्झ जाणिस्सं	They pierce one's body, Cause pain But without making wounds. Ah! Love's arrows are unique.
सद्धा मे तुज्झ पियत्तणस्स अहयं तु तं ण याणामि,दे पसिय तुमं चिय सिक्खवेसु जह ते पिया होमि	Having wrenched yourself from my grip You left for the road, But only when you manage to escape from my heart as well Will I acknowledge your power.
पेम्मुम्मइयाइ मए उवऊढो हलियउत्तबुद्धीए,फंसेमि जाव फरुसो तणपुरिसो गामसीमाए	Blind with love I threw my arms around him, Taking him for a farmer's boy. But when I touched him He was just a spiky scarecrow At the village boundary.
बे मग्गा धरणियले माणिणि माणोण्णयाण पुरिसाण,अहवा पावंति सिरिं अहव भमंता समप्पंति	Proud woman, Here on earth two ways are open To people who are proud and haughty: Either they find a treasure Or they are pilgrims of love For the rest of their lives.
कत्तो कमलाण रई कत्तो कुमुयाण सीअलो चंदो,तह सज्जणाण णेहो ण चलइ दूरट्ठिआणं पि	What has the hot sun, Which makes the lotuses unfold, In common with the cool moon Which makes the water lilies unfold? It's as with a good man's affection, Which does not alter However far away he may be.
ढंखरसेसो वि हु महुअरेण मुक्को ण मालईविडवो,दरवियसियकलियामोयबहलिमं संभरंतेण	Though the twigs were completely bare, The bees clung to the jasmine, Savoring the memory of the scent Which burst from the buds that had been there.
डहिऊण सयलरण्णं अग्गी समविसमलंघणुव्वायो,तडलंबंततणेहिं तिसिय व्व णइं समोसरइ	After burning the entire forest The fire was worn out With crossing hill and plain. So, holding on to the grass that grew on the steep bank, It went down to the river for a drink.
रअणायरस्स साहेमि णम्मए अज्ज मुक्कदक्खिण्णा,वेडिसलयाहरंतेण मिलिया जं सि पूरेण	River-nymph Narmadā, Today I will put discretion aside And tell your husband, the sea, How you had a rendezvous with the stream In a bower of reeds.
तिसिया पियउ त्ति मओ मओ वि तिसिओ मई करेऊण,इय मयमिहुणं तिसियं पियइ ण सलिलं सिणेहेण	The stag thought that she was more thirsty than he And the doe thought that he was more thirsty than she. In this way the thirsty couple Out of consideration for each other Did not drink at all!
णिवडिहिसि सुण्णहियए जलहरजलपंकिलम्मि मग्गम्मि,उप्पेक्खागयपिययमहत्थे हत्थं पसारेंती	Watch out! The path is slippery after today's shower. If you grope for the hand of your lover Whom you imagine is standing beside you, You are bound to fall over.
उच्छंगियाऎ पइणा अहिसारणपंकमलिणपेरंते,आसण्णपरियणो विअ सेअ च्चिय धुवइ से पाए	As soon as her husband took her on his lap Sweat poured from her Like an attentive servant, Washing the mud of last night's assignation From her feet.
अणुसोयइ हलियबहू रइकिरणोलुग्गपंडुरच्छायं,रण्णुंदुरदंतुक्खुत्तविसमवलियं तिलच्छेत्तं	The plowman's wife bemoans the sesame field, Bleached by the rays of the sun And pockmarked by the burrowing of field mice.
कमलायराण उण्हो हेमंतो सीअलो जणवयस्स,को किर भिण्णसहावं जाणइ परमत्थयं लोए	Who needs a blanket, Who needs a fire, And who needs a bedchamber, If he has a wife with warm breasts Lying snug against his chest?
पढमं चिय माहवपट्टयं व घेत्तूण डाहिणो वाओ,अंकोल्लपढमवत्तं पहिंडिओ गामरच्छासु	As though seizing the first sign of spring, The south wind whirls the first aṃkolla leaf Through the village streets.
सो माणो पियमुहअंददंसणे कह थिरो धरिज्जिहइ,अंकोल्लकोरआण वि जो फुट्टमुहाण बीहेइ	How is this pride going to stand its ground At the sight of the beloved's face If it is already alarmed By the burgeoning buds of the aṃkolla?
कारणगहिओ वि मए माणो एमेअ जं समोसरियो,अत्थक्कफुल्ल अंकोल्ल तुज्झ तं मत्थए पडउ	That my sulking mood, Which was completely justified, Disappeared just like that, Is entirely your doing, Aṃkolla plant, As you unexpectedly started to blossom
दूरपइण्णपरिमलं सपल्लवं मुद्धपुप्फपंगुरणं,अंगच्छित्तं पिव वम्महेण दिण्णं महुसिरीए	Spring offers her body With its drifting fragrance, Leafspray fingers, And cloak of tender flowers As a playground To the God of Love.
कारणगहिअं पि इमा माणं मोएइ माणिणिअणस्स,सहयारमंजरी पियसहि व्व कण्णे समल्लीणा	This mango bud Hanging from her ear, Like a dear friend whispering good advice, Succeeds in banishing sulkiness, However justified it may be.
अज्जं चिय छणदिअहो मा पुत्ति रुएहि एहइ पिओ त्ति,सुण्हं आसासंती पडियत्तमुही रुवइ सासू	"""My daughter, stop crying. He will come. For he has never before missed today's fair."" With these empty words She reassured her son's wife, Turning her face away To hide her tears."
गुणसालिणो वि करिणो होहइ जूहाहिवत्तणं कत्तो,णवसालिकवललोहिल्लिआऎ विंझं मुअंतस्स	How can an elephant Ever become leader of the herd If he leaves the Vindhya With its wild rice For the sake of a mouthful of rice From a paddy field?
णक्खमऊहेसु खणं कुसुमेसु खणं खणं किसलएसु,हत्थेसु खणं कुसुमोच्चियाइ लोडाविया भसला	One moment the bees are hovering Over the bright fingernails Of the girl picking flowers, The next over the flowers, The next over the shoots, And the next over the girl's hands.
जीहाइ परं लिब्भइ दंतोट्ठेणं ण तीरए गहिउं,अहरो व्व सव्वणो गोहणेण पढमो तणुच्छेओ	Unable to grip the new blade of grass With its teeth or lips, The cow merely licks it with its tongue As one does a bruised lip.
विलासणिगुरुणिअंवो तीरउ चलणेहि दोहि उव्वहिउं,एआई उण मज्झो थणभारं कइ णु उव्वहि	It takes two feet to support the woman's broad hips. So how can her waist on its own Support her heavy breasts?
वारिज्जंती णवकोमुइ त्ति मा पुत्ति अंगणे सुवसु,मा ते अंवुपिसाओ चंदो त्ति मुहं गसिज्जिहिइ	Daughter, be warned: It's a new moon. So do not sleep in the courtyard tonight Lest the moon-eating demon swallow your face by mistake.
सुव्वंतो आसि परंपराइ कहकह वि दिट्ठिमिलिओ ऽसि,दे सुहअ किं पि जंपसु पिअंतु कण्णाइ मे अमिअं	I have heard so much about you from others And now at last I see you with my own eyes. Please, my dear, say something So that my ears, too, may drink nectar.
रोआविअ म्ह माए अंगणपहिएण दरपसुत्तेण,परिवत्तसु माणिणि माणिणि त्ति सिविणे भणंतेण	"Mother, if you ask me what made me cry, It's that traveler dozing in our courtyard Who in his dream pleaded: ""Stop being angry, Please stop being angry and turn over."""
सरहसविणिग्गआइ वि इच्छाइ तुमं ण तीअ सच्चविओ,सीसाहअवलिअभुअंगवंकरच्छे हअग्गामे	Though she ran out quickly She failed to spot you. In this damned village the street twists Like a snake hit on the head.
सा तुह विरहे णिक्किव संधारिज्जइ सहीहि णिउणाहि,चंडालहत्थगअसउणिअ व्व जीए णिरालंवा	In your absence, cruel man, She is as helpless as a bird in the hands of a fowler And is only kept alive by her understanding friends.
अणुराअरअणभरिअं कंचणकलस व्व तरुणिथणवट्टं,तस्स चिअ मुहम्मि किआ मसिमुद्दा मअणराएण	The girl's breasts Are like golden pots filled with the jewels of affection. In the middle of each King Love has set his dark seal.
गाहाण अ गेआण अ तन्तीसद्दाण पोढमहिलाण,ताणं सो च्चिअ दण्डो जे ताण रसं ण आणंति	Poems, songs, the sound of the lute, And impudent women, To men who have no taste for such things They are a punishment.
लडहविलआण लोअणकडक्खविक्खेवजणिअसंदावा,झिज्जंति महासत्ता चित्तुव्वेअणसहा होंति	The pain inflicted by the sidelong glances Of seductive women —Saints suffer it too But they master their emotions.
अव्वो ण आमि छेत्तं खज्जउ साली वि कीरणिवहेहिं,जाणंता अवि पहिआ पुच्छंति पुणोपुणो मग्गं	I won't go to the field. What do I care if the parrots eat all the paddy. Whenever I'm there Travelers keep asking me the way Which they know perfectly well.
अत्थक्कागअदिट्ठे वहुआ जामादुअम्मि गुरुपुरओ,जूरइ णिवडंताणं हरिसविफंदंतवलआणं	Surprised by her husband's arrival At her parents' house, The girl was annoyed with her bracelets For dancing up and down her arms And threatening to slip off.
एह इमीअ णिअच्छह विम्हिअहिअआ सही पुलोएइ,अद्दाअम्मि कवोलं कवोलपट्टम्मि अद्दाअं	How surprised the girl is To see her friend's cheek in the mirror And the mirror in her cheek.
कइआ जाआ कइआ णु सिक्खिआ माइआ हअकुमारी,तंतं जाणइ सव्वं जंजं महिलाऒ जाणंति	How old is she, This damned girl? And when did she learn it all? She already knows everything That a mature woman knows.
खणपिट्ठधूसरत्थणि महुमअतंबच्छि कुवलआभरणे,कण्णगअचूअमंजरि पुत्ति तुए मंडिओ गामो	Young girl, On this day of Holê —Your breasts dusted with flour, Your eyes red from too much liquor, A lotus stuck in your hair And mango shoots behind your ears— You are a credit to our village.
मग्गिअलद्धे बलमोडिचुंबिए अप्पणेण उवणीदे,एक्कम्मि पिआअहरे अण्णण्णा होंति रसहेआ	One time you get them only after a long search, At another you kiss them after a struggle, At yet another they are freely offered —One pair of lover's lips Is an inexhaustible source of delights.
उप्फुल्ललोअणेणं कवोलबोसट्टमाणसेएणं,अहणंतेण वि भणिआ मुहेण से कज्जणिव्वुत्ती	By her wide open eyes, By the sweat streaming down her cheeks, The woman said without saying a word That her part of the business was fulfilled.
जत्थ ण उज्जागरओ जत्थ ण ईसा विसूरणं माणो,सब्भावचाडुअं जत्थ ण त्थि णेहो तहिं ण त्थि	Where there is no wakefulness, Jealousy, strife, sulking, And good old flattery, There no love is either.
मह पइणा थणजुअले पत्तं लिहिअं ति गव्विआ कीस,आलिहइ महं पि पिओ जइ से कंपो च्चिअ ण होइ	Why so proud About your husband having painted a pattern On your breasts? My husband would have done the same If his hand had not trembled so much.
कण्णे पडिअं हिअए पडिअं चिअ ओ मए अभव्वाए,जामि त्ति तुज्झ वअणं किं व ण सहिअं पवासस्स	"They fell on my ear And struck at my heart —Oh what more can I suffer?— Your parting words: ""I'm off."""
समपंथपत्थिअस्स वि पहिअस्स खलंति पुढमदिअहम्मि,हिअअट्ठिअजाआगुरुणिअंवहारेण व पआइ	On the very first day of his journey The traveler stumbled, Though the path was smooth, As if hampered by the heavy buttocks Of the wife he already missed.
संदेसो वि ण लिहिओ लेहे पहिएण कत्थ घरतत्ती,अणवरअलिहिअगेहिणिगोत्तक्खरपूरिए पत्ते	The traveler had written nothing about himself Nor asked how things were at home. The palm leaf was covered all over with the syllables of his wife's name Endlessly repeated.
जह दिअहविरामो णवसिरीसगंधुद्धुराणिलग्घविओ,पहिअघरिणीअ ण तहा तवेइ तिव्वो वि मज्झण्हो	While her husband was abroad The fierce midday sun Did not torment the lonely wife So much as the evening breeze Wafting the scent of fresh acacia blooms.
चिरपवसिअदइअकहा णिउणाहि सहीहि विरहसहणत्थं,अलिआ अवि अवराहा वहूऎ कमसो कहिज्जंति	To help the young wife bear being parted Her ingenious friends tell her tales Of lovers' long absences, Listing the various ways they cause hurt, Some quite imaginary.
जंजं पउत्थपइआ पिअअमणामक्खरं लिहइ लेहे,तंतं तल्लेहणिआणुसारगलिओ पुसइ सेओ	Each time she tries to write a letter To her husband on his travels The drops of sweat running down her pen Blot out the syllables of his dear name.
अच्छउ णिमीलिअच्छी मा मा वारेह पिअअमासाए,तेण विणा किं पेच्छउ उम्मिल्लेहिं वि अच्छीहिं	Let her sit with eyes closed, Dreaming of her husband. For until he returns What is there for her to look at With her eyes open?
जइ देव्व तुं पसण्णो मा करिहिसि मज्झ माणुसं जम्मं,जइ जम्मं मा पेम्मं जइ पेम्मं मा जणे दुलहे	Fate, Please, don't let me be born as a human again. But if it must be, Then don't let me fall in love. But if it must be, Then don't let me fall in love With a man who is so hard to get.
एक्के अअणे दिअहा वीए रअणीऒ होंति दीहाओ,विरहाअणो अपुव्वो एत्थ दुवे च्चेअ वड्ढंति	For half the year the nights are long, For the other half the days. Separation confuses everything As both its days and nights are long.
चिरजीवित्तणकंखिरि मा तम्म रसाअणेहि अथिरेहि,विरहं पवज्ज जाअंति जेण जुअदीहरा दिअहा	If you want to live long Do not trouble about dubious elixirs. Just arrange for your lover to go away, Then the days grow long as eons.
रुअइ रुअंतीऎ मए ओहिदिणे गणइ झिज्जइ अहं व,पिअविरहे मामि सअज्झिआऎ णेहो च्चिअ अपुव्वो	She shares my tears, Counts off each day, And grows as thin as I do While my husband is away. Aunt, the concern my neighbor shows Is quite extraordinary.
कंठग्गहणेण सअज्झिआऎ अब्भागओवआरेण,वहुआऎ पइम्मि वि आगअम्मि सामं मुहं जाअं	As the woman from next door Threw her arms around him To welcome him home, The wife's face grew dark Despite her husband's return.
दूई ण एइ चंदो वि उग्गओ जामिणी वि बोलेइ,सव्वं सव्वत्थो च्चिअ विसंठुलं कस्स किं भणिमो	The messenger is late, The moon is high, And the night is passing. Everything's awry But to whom can I complain?
सो णा ऽगओ त्ति पेच्छह परिहासुल्लाविरीऎ दूईए,णूमंतीअ पहरिसो ओसट्टइ गंडपासेसु	"""He's not coming,"" Teased the go-between. But look: Despite her feigning, A thrill of excitement Steals over her face."
साहेंती सहि सुहअं खणेखणे दूमिआ सि मज्झ कए,सब्भावणेहकरणिज्जसरिसअं दाव विरइअं तुमए	Addressing my lover again and again. Dear friend, all this trouble for my sake. What you do You seem to do out of true love.
जं तुह कज्जं तं चिअ कज्जं मज्झ त्ति जं सआ भणसि,ओ दूइ सच्चवअणे अज्ज सि पारं गआ तस्स	"You always say: ""Your business is my business,"" But today, dear go-between, You've taken it all too literally And gone too far."
णवलअपहरुत्तत्थाऎ तं कअं हलिअवहुआए,जं अज्ज वि जुवइजणो घरेघरे सिक्खिउं महइ	What the young farmer's wife only does After being threatened with a twig Every young maiden In every household Would love to be taught.
पइपुरओ च्चिअ रभसेण चुंबिओ देवरो अडअणाए,मह वअणं मइरागंधिअं ति हाआ तुहं भणइ	Before her husband's eyes The brazen woman passionately kissed his brother's mouth. She said she did so because he'd said That her mouth smelt of drink.
तह अडअणाऎ रुण्णं पइमरणे बाहरुद्धकंठीए,अणुमरणसंकिणो जह जारस्स वि संकिअं हिअअं	The false woman bewailed her dead husband With such choking sobs That even her lover was afraid She might join him on the pyre.
महुएहि किं व वालअ हरसि णिअंबाहि जइ वि मे सिअअं,साहामि कस्स रण्णे दूरे गामो अहं एक्का	Why waste your time with sweetwood flowers, You silly? Just pull the skirt from my hips. Whom can I call to in this wood? The village is a long way off And I am all by myself.
अव्वो कालस्स गई सो वि जुआ सरसकव्वदुल्ललिओ,पढइ परासरसद्दं अम्हे वि णिअं पइं गमिमो	Oh! the passage of time: This young man, Weary of passionate poems, Now studies law While we. . . We stick to our husbands.
भणभण जंजं पडिहाइ तुज्झ तंतं सहामिमो अम्हे,असहत्तणं च जीअं च वल्लभे दोइ ण घडंति	Say what you like: I can take it. For being touchy And living with the man one loves Are two things that don't go together.
एअं चिअ मह णामं भणभण दे सुहअ किं विलक्खो सि,पडिहाइ जं ण तुज्झ वि ममं पि किं देण णामेण	Is that to be my name? Use it, darling, use it: Don't be embarrassed. If my name doesn't appeal to you What use is it to me?
मा वेलवेसु बहुअं पुत्तअ अलिएहि गोत्तेहिं,एसा वि जाणइ च्चिअ परिहासुम्मिस्सभणिआइं	My son, don't overdo That joke of calling her by another woman's name. Your wife also knows how to be funny.
अइ चंडि किं ण पेच्छसि जइ सो वाहरइ अण्णगोत्तेण,अह दे इच्छइ मच्छरपणच्चिअच्छं मुहं दट्ठुं	Hey! you angry girl, Don't you see That when he calls you by the wrong name It's only because he wants to see your eyes Rolling with jealousy?
वेआरिज्जसि मुद्धे गोत्तक्खलिएहि मा खु तुं रुवसु,किं व ण पेच्छइ अण्णह एद्दहमेत्तेहि अच्छीहिं	Foolish girl, you're in a muddle. His getting your name wrong Is nothing to cry about. What do you think? With those big eyes He could never have made such a mistake.
एक्कसअणम्मि सुमुही विमुही गरुएण माणबंधेण,सिविणकलहम्मि होंती परम्मुही सम्मुही जाआ	Wrapped in her feelings of resentment She turned her lovely face away And fell fast asleep on our bed. But continuing the tiff in dream She turned away again And so came face to face with me.
ण वि तह तक्खणसुअमण्णुदुक्खविअणाऒ वि रुवंति,जह दिट्ठम्मि पिअअमे अणुणिज्जंतीऒ तरुणीऒ	The grief and anger they suffer At the moment they hear about their husbands' lapses Do not make young women cry so loud As when the husbands appear in person And ask to be forgiven.
हिअए रोसुक्खित्तं पाअपहारं सिरेण पत्थंतो,ण हओ दइओ माणंसिणीऎ थोरंसुअं रुण्णं	As her lover begs To be kicked on the head, The angry woman Stops her foot in midair And sheds big tears.
दावंतेण तुह मुहं भुमआभंगम्मि होंतणवसोहं,अकएण उवकअं अज्ज मण्णुणा मज्झ पसिअच्छि	Long-eyed girl, The effect of your anger Was completely annulled By the unusual beauty of your face As you frowned.
अइ पीणत्थणउत्थंभिआणणे सुअणु सुणसु मह वअणं,अथिरम्मि जुज्जइ ण जोव्वणम्मि माणो पिए कादुं	You there, with the big breasts Propping your face up, Pay attention to what I say: Youth does not last forever. So don't look down your nose At your lover.
पडिवक्खस्स वि पुरओ समुहं भणिआ सि तेण पसिअ त्ति,अवलंबिअस्स माणिणि माणस्स अ किं फलं अण्णं	"Face to face and right in front of your rival He begged you: ""Be nice to me again."" What more do you expect From persisting in your anger?"
कज्जं विणा वि कअमाणडंबरा पुलअभिण्णसव्वंगी,उज्जल्लालिंगणसोक्खलालसा पुत्ति मुणिआ सि	This is just a show of anger: There is no cause for it at all. Besides, you're covered with gooseflesh. Anyone can see, silly girl, That what you want is the pleasure Of a passionate embrace.
हंहो किं व ण दिट्ठं हला मए जीविअं धरंतीए,सो मं अणुणेइ पिओ अहं पि अणुणिज्जिमि हआसा	Ah, the horrors I have to witness By staying alive: Him groveling in front of me And my wretched self giving in to it.
ता सोक्खं ताव रई ता रणरणअस्स ण त्थि ओआसो,जा दुक्खेक्कणिहाणे ण होइ बहुवल्लहे पेम्मं	There is pleasure, There is delight, And there is no cause for regret As long as one does not fall in love With a man popular with women. For such a man is one big storehouse of trouble.
माणहरिएहि गंतुं ण तीरए सो णएइ अवराही,को वि अपत्थिअमुणिओ णेज्जं मंतं व आणेज्ज	Those weighed down by the burden of sulking Cannot move And obviously he feels too guilty to come. So I am waiting for someone Who, unasked and of his own accord, Will bring him to me or me to him.
उव्वहइ दइअगहिआ हरोट्ठझिज्जंतकोवगअराअं,पाणोसरंतमइरं व फलिहचसअं मुहं बाला	When he kisses her passionately on the mouth The red flush of anger disappears from her face Like wine draining from a crystal goblet.
तइआ मह गंडत्थलणिमिअं दिट्ठिं ण णेसि अण्णत्तो,एण्हिं स च्चेअ अहं ते अ कवोला ण सा दिट्ठी	Not so long ago your eyes were glued to my cheeks, They could not look away. I am still the same as then, So are the cheeks, Not so your eyes.
अलिअकुविअं पि कअमंतुअं व मं जेसु सुहअ अणुणेंतो,ताण दिअहाण हरणे रुआमि ण उणो अहं कुविआ	If I think again of those days When I acted as though I were hurt And you tried to pacify me As if I were really angry, I have to cry And am unable to become angry.
आम तुह णा ऽवराहो पिअअम मे लोअणाण इह दोसो,माणासहम्मि चडुलेहि वासिओ जेहि हिअअम्मि	No, you are not to blame, my dear, It's the fault of my own fond eyes That let you into my heart, And of my heart That does not know how to sulk.
को सुहअ तुज्झ दोसो हअहिअअं णिट्ठुरं मज्झ,पेच्छसि अणिमिसणअणो जंपसि विणअं ण जंपसे पिट्ठं	How are you to blame? It is my wretched heart that is hard. You always look me straight in the eye, Always speak gently, And never turn your back on me.
वच्च मह च्चिअ एक्काऎ होंतु णीसासरोइअव्वाइ,मा तुज्झ वि तीऎ विणा दक्खिण्णहअस्स जाणीअंतु	Go and leave me To my tears and sighs, Lest you suffer the same as I When she leaves you On account of your showing me Such consideration.
अणुवत्तंतो अम्हारिसं जणं आहिजाईए,चिंतेसि उणो हिअए अणाहिजाई सुहं जअइ	"Doing your best out of politeness To be nice to the likes of us, In your heart you must be thinking ""To hell with politeness."""
हुं णिल्लज्ज समोसर तं चिअ अणुणेसु जीऎ दे एअं,पाअंग्ụट्ठालत्तअरसेण तिलअं विणिम्मविअं	Have you no shame? Get away, go and fawn on the woman Who, with the lac on her toenail, Put this red dot On your forehead.
सा वसइ तुज्झ हिअए स च्चिअ अच्छीसु सा अ सिविणेसु,अम्हारिसाण सुंदर ओआसो कत्थ पावाण	She dwells in your heart, In your eyes and in your dreams, Where then, Mr Handsome, Is there room for a poor wretch like me?
तण्हा मे तुज्झ पिअत्तणस्स कह तं ति णो हि जाणामो,दे सुहअ तुमं चिअ सिक्खवेसु जह दे पिआ होमि	I long to be dear to you But do not know how. Teach me yourself How to be loved.
मलिणवसणाण किअवणिआणं आपंडुगंडपालीणं,पुप्फवइआण कामो अंगेसु कआउहो वसइ	Once in a month The God of Love, fully armed, Resides in women whose clothes are stained, Whose hair is tied in ugly braids, And whose cheeks are pallid.
पुप्फवइअ म्हि बालअ मा चिवसु अदीहराउसो होसि,अज्जं चेअ मरिज्जउ मअच्छि किं कालहरणेण	"""Fool, don't you see I'm having my period. Don't touch me If you value your life."" I am ready to die right away, Deer-eyed woman, So why waste time?"
वाणिअअ हत्थिदंता कत्तो अम्हाण वग्घकत्तीओ,जाव लुलिआलअमुही घरम्मि परिसक्कए सोण्हा	Merchant, How are we to supply elephant tusks And tiger skins While my daughter-in-law walks about the house Waggling her bottom And with her hair hanging loose around her face?
णिअदइअदंसणूसुअ पंथिअ अण्णेण वच्चसु पहेण,घरवइधूआ दुल्लं घवाउरा ठाइ हअगामे	Traveler, If you ever want to see your wife again, You'd better take another road. For here in this wretched village The landowner's daughter In her desperation, Is fishing with a very wide net.
उच्चिणसु पडिअकुसुमं मा धुण सेहालिअं हलिअसुण्हे,एस अवसाणविरसो ससुरेण सुओ वलअसद्दो	Just gather the fallen flowers, (aloud) But do not shake the jasmine bush. Your father-in-law can hear (whispered) The monotonous jingle of your bracelets.
सव्वे जीवा एक्का भावं।	All living beings have the same nature.
अहिंसा परमो धम्मो।	Non-violence is the supreme religion.
सच्चं मेवा।	Truth alone triumphs.
धम्मं सरणं पवज्जामि।	I take refuge in the Dharma.
सव्वं दु:खं।	Everything is suffering.
पाणे भयं न अणुच्छावइ।	Do not inflict fear on living beings.
लोए कज्जं करोइ।	One must perform duties in the world.
तवो सुज्झे, ज्ञाणं पवज्जे।	Through penance, one purifies, and through knowledge, one renounces.
सव्वे खत्ता सुखाय।	All seek happiness.
जिण्णं जीवं।	Life is impermanent.
नत्थि सच्चं परं।	There is no truth beyond truth.
बुद्धं सरणं पवज्जामि।	I take refuge in the enlightened one.
सव्वे संसारं भवति।	All are bound by the cycle of birth.
अण्णं मिच्छामि दुःखं।	I seek forgiveness for my faults.
लोका सव्वेणं इच्छंति।	Everyone desires happiness.
सुहं मणुस्सत्थं।	Blessed is the human birth.
पंचमहाव्रता संकिला।	The five great vows are pure.
सव्वं जिणं सस्स।	Everything is conquerable through detachment.
पराणे न हिंसाय।	Do not harm any living being.
लोए अहिंसा कयालिय।	Non-violence is the foundation of the world.
विज्जा सव्वं दुःखं।	Knowledge is the remover of all suffering.
समणं सव्वं जण्णं।	Renunciation leads to wisdom.
जीवं पिआयं।	Life is dear to all.
सम्मं पंचकारेणं।	Perform all actions with right intention.
वज्जं सव्वेसु खत्तेहि।	The wise avoid all faults.
अण्णं विणा सव्वं दुक्खं।	Without wisdom, all is suffering.
सच्चं जाणइ धम्मेणं।	Truth is realized through Dharma.
लोयत्तं सव्वेणं हवे।	Detachment is the essence of all.
जो मिच्छत्तं जाणइ सो णरो सुद्धो।	He who understands wrong views becomes pure.
पुणो सव्वं अहं जाणेमि।	I will know everything again.
इयं लोए उवसंतो।	Calmness prevails in this world.
मरणं सोहिणी।	Death is the ultimate truth.
पंचव्रती सव्वं जिणं।	He who follows the five vows conquers all.
तवो सुगमं।	Penance is the right path.
जं जाणइ सो सव्वं जाणइ।	What one knows, one knows all.
परमं सच्चं अहिंसा।	The supreme truth is non-violence.
खत्ता जीवा परं भावं।	Beings attain the supreme state.
पाणे जीवं सव्वं जाणइ।	The soul knows all life.
पुणो सव्वं सच्चं जाणेमि।	I will know all truth again.
धम्मेणं पवज्जति सव्वं दुक्खं।	Through Dharma, all suffering is renounced.
सो जाणइ अहिंसा महत्तं।	He understands the greatness of non-violence.
णं दुक्खं परमं जाणेमि।	I know that suffering is ultimate.
सव्वं जीवं मणुस्सत्तं।	All beings desire human life.
वज्जं सव्वं सव्वेसु जाणेमि।	I know the faults in all.
मिच्छत्तं न जाणइ सव्वं।	The wrong views are not to be followed.
अण्णं पवित्तं जाणेमि।	I know purity alone.
अहिंसा सव्वं सुदं।	Non-violence is pure.
सो जाणइ समणं।	He knows renunciation.
लोए सव्वं हवे।	Everything is bound to the world.
सव्वे जाणइ अहिंसा।	Everyone knows non-violence.
धम्मं पवित्तं जाणेमि।	I know the purity of Dharma.
मरणं जाणइ सोहिणी।	He knows that death is ultimate.
सव्वं दुक्खं मिच्छत्तं।	All suffering arises from wrong views.
सव्वं लोए हवे।	Everything is bound to the world.
पवित्तं जाणइ सव्वं।	He knows purity in all.
पंचव्रती सव्वं जाणइ।	The follower of five vows knows all.
मिच्छत्तं सव्वं जाणइ।	He knows all wrong views.
सव्वं जीवं जाणइ।	He knows all life.
लोए जाणइ धम्मं।	The world knows Dharma.
पंचमहाव्रती जाणइ सव्वं।	The one who observes the five great vows knows all.
सव्वं हवे दुक्खं।	All is suffering.
अण्णं धम्मं जाणेमि।	I know the true Dharma.
लोए जाणइ अहिंसा।	The world knows non-violence.
अहिंसा सव्वं हवे।	Non-violence is everything.
पवित्तं सव्वं जाणइ।	He knows all that is pure.
पंचमहाव्रतं सव्वं जाणइ।	The follower of the five great vows knows everything.
धम्मेणं सव्वं जाणइ।	He knows everything through Dharma.
लोए सव्वं हवे।	Everything is bound to the world.
पवित्तं सव्वं हवे।	All is purity.
अहिंसा हवे सव्वं।	Non-violence is everything.
पंचव्रतं जाणइ सव्वं।	The follower of the five vows knows everything.
मिच्छत्तं हवे सव्वं।	Wrong views dominate everything.
पंचव्रतं हवे सव्वं।	The five vows encompass everything.
धम्मं हवे सव्वं।	Dharma is everything.
सव्वं मिच्छत्तं हवे।	All is dominated by wrong views.
पवित्तं हवे सव्वं।	Purity is everything.
पंचमहाव्रतं हवे सव्वं।	The five great vows are everything.
लोए सव्वं जाणइ।	He knows everything in the world.
मिच्छत्तं सव्वं जाणइ।	He knows all wrong views.
सव्वं लोए हवे।	Everything is bound to the world.
मरणं जाणइ सव्वं।	He knows all death.
लोए पंचव्रतं हवे।	In the world, the five vows are everything.,
मरणं जाणइ सव्वं।	He knows all death.,
जीवणं अहिंसा।	Non-violence is the way of life.,
सव्वं जाणइ लोए।	He knows everything in the world.,
लोए सव्वं जाणइ मिच्छत्तं।	In the world, everything is dominated by wrong views.
मिच्छत्तं जाणइ सव्वं।	He knows all wrong views.,
सव्वं हवे पंचव्रतं।	The five vows encompass everything.,
धम्मे सव्वं जाणइ।	Through Dharma, he knows everything.,
जीवं जाणइ सव्वं।	He knows all life.,
पंचव्रतं हवे धम्मं।	The five vows are bound to Dharma.,
धम्मे पंचव्रती जाणइ।	In Dharma, the follower of the five vows knows everything.,
लोए अहिंसा मणुस्सत्तं।	In the world, non-violence is the greatest.,
सव्वं लोके मिच्छत्तं।	In the world, everything is wrong views.,
अण्णं मिच्छत्तं जाणइ।	He knows delusion alone.,
सव्वं पवित्तं जाणइ लोके।	He knows all purity in the world.,
धम्मं पंचव्रती हवे।	Dharma is where the follower of five vows resides.,
जीवं जाणइ अहिंसा।	He knows all life through non-violence.,
अहिंसा सव्वं मणुस्सत्तं।	Non-violence is the greatest human virtue.,
सव्वं जाणइ पंचव्रती।	The follower of five vows knows everything.,
अहिंसा धम्मे जाणइ।	Non-violence is known through Dharma.,
धम्मं मिच्छत्तं जाणइ।	He knows Dharma and wrong views.,
लोके पंचव्रती सव्वं जाणइ।	In the world, the follower of five vows knows everything.,
सव्वं हवे पंचव्रतं अहिंसा।	Non-violence is everything, through the five vows.,
अण्णं जाणइ सव्वं लोके।	He knows everything, alone in the world.,
सव्वं जाणइ मणुस्सत्तं।	He knows everything about the human state.,
धम्मे पंचमहाव्रती हवे।	In Dharma, the observer of the five great vows is present.,
जीवं मणुस्सत्तं जाणइ।	He knows the value of human life.,
लोए सव्वं जाणइ अहिंसा।	In the world, he knows all through non-violence.,
मणुस्सत्तं हवे सव्वं।	Human life is everything.,
सव्वं पंचव्रती हवे।	The follower of five vows knows everything.,
मिच्छत्तं लोके हवे सव्वं।	In the world, wrong views dominate everything.,
सव्वं हवे लोके पंचव्रतं।	In the world, the five vows encompass everything.,
अहिंसा जाणइ सव्वं पंचव्रतं।	He knows non-violence through the five vows.,
लोके सव्वं अहिंसा हवे।	In the world, non-violence is everything.,
धम्मेणं पंचव्रती जाणइ।	Through Dharma, the follower of five vows knows everything.,
सव्वं पंचमहाव्रती जाणइ।	The observer of the five great vows knows everything.,
लोए सव्वं हवे मणुस्सत्तं।	In the world, human life is everything.,
सव्वं लोके मिच्छत्तं जाणइ।	In the world, everything is dominated by wrong views.,
अण्णं सव्वं मणुस्सत्तं।	He knows everything in the human realm.,
लोए सव्वं अहिंसा जाणइ।	In the world, he knows everything through non-violence.,
धम्मं हवे सव्वं मिच्छत्तं।	Dharma is everything, and wrong views exist.,
सव्वं पंचमहाव्रती जाणइ लोके।	In the world, the observer of the five great vows knows everything.,
लोके अहिंसा हवे सव्वं।	In the world, non-violence is everything.,
अण्णं पंचव्रतं हवे सव्वं।	The five vows are everything in the world.,
लोके अहिंसा हवे पंचव्रतं।	In the world, non-violence and the five vows are everything.,
लोके पंचव्रतं जाणइ सव्वं।	He knows everything about the five vows in the world.,
सव्वं पंचमहाव्रती जाणइ धम्मेणं।	The observer of the five great vows knows everything through Dharma.,
सव्वं लोके पंचव्रतं।	The five vows encompass everything in the world.,
अहिंसा जाणइ सव्वं पंचव्रतं।	He knows non-violence and the five vows.,
धम्मं पंचमहाव्रती जाणइ लोके।	The observer of the five great vows knows everything through Dharma.,
लोके सव्वं अहिंसा पंचव्रतं।	In the world, non-violence and the five vows are everything.,
लोके सव्वं जाणइ पंचमहाव्रतं।	In the world, he knows everything through the five great vows.,
लोके अहिंसा सव्वं जाणइ।	In the world, non-violence encompasses everything.,
अण्णं पंचव्रतं सव्वं जाणइ।	He knows everything through the five vows.,
लोके पंचमहाव्रतं जाणइ सव्वं।	He knows everything about the five great vows in the world.,
सव्वं पंचव्रतं धम्मे जाणइ।	"The five vows are known through Dharma."""
अण्णं लोके पंचव्रतं जाणइ।	"In the world, he knows everything through the five vows."""
लोके पंचमहाव्रतं सव्वं जाणइ।	"He knows everything about the five great vows in the world."""
अण्णं पंचव्रतं धम्मे जाणइ।	He knows everything about the five vows
मिच्छत्तं सव्वं जाणइ।	He knows all wrong views.,
अहिंसा धम्मे जाणइ।	Non-violence is known through Dharma.,
जीवं जाणइ पंचव्रतं।	He knows life through the five vows.,
लोए अहिंसा सव्वं जाणइ।	In the world, non-violence is everything.,
सव्वं पंचव्रती जाणइ।	The follower of five vows knows everything.,
धम्मे पंचमहाव्रती हवे।	In Dharma, the observer of the five great vows resides.,
लोए पंचमहाव्रती जाणइ सव्वं।	In the world, the follower of five great vows knows everything.,
अण्णं पंचव्रतं जाणइ।	He knows everything through the five vows.,
लोके पंचव्रतं सव्वं जाणइ।	In the world, he knows everything about the five vows.,
जीवं पंचव्रतं जाणइ लोके।	He knows life and the five vows in the world.,
धम्मे पंचमहाव्रती जाणइ लोके।	The observer of five great vows knows everything in the world.,
सव्वं पंचमहाव्रती हवे धम्मे।	The observer of five great vows resides in Dharma.,
लोके पंचमहाव्रती जाणइ अहिंसा।	In the world, the observer of five great vows knows non-violence.,
लोए सव्वं जाणइ पंचव्रती।	In the world, the follower of five vows knows everything.,
अहिंसा सव्वं जाणइ पंचव्रतं।	Non-violence is everything through the five vows.,
लोके पंचमहाव्रती अहिंसा जाणइ।	In the world, the observer of five great vows knows non-violence.,
जीवं पंचव्रती जाणइ।	The follower of five vows knows life.,
धम्मे पंचमहाव्रती हवे सव्वं।	The observer of five great vows resides in all of Dharma.,
लोके सव्वं पंचमहाव्रती जाणइ।	In the world, the observer of five great vows knows everything.,
लोके अहिंसा पंचव्रतं जाणइ।	In the world, non-violence and the five vows are known.,
धम्मे पंचमहाव्रतं जाणइ सव्वं।	Through Dharma, everything about the five great vows is known.,
लोए सव्वं पंचव्रती जाणइ।	In the world, the follower of five vows knows everything.,
जीवं पंचव्रती सव्वं जाणइ।	The follower of five vows knows all life.,
लोके पंचमहाव्रती अहिंसा जाणइ।	In the world, the observer of five great vows knows non-violence.,
अहिंसा पंचव्रती सव्वं जाणइ।	The follower of five vows knows all non-violence.,
कम्मं पुण्णं जाणइ।	He knows good karma.,
असणं भवित्तं जाणइ।	He knows what is to be eaten.,
विज्जा सब्बं जाणइ।	He knows all knowledge.,
धम्मे सव्वं मेत्तं जाणइ।	He knows all loving-kindness in Dharma.,
जीवं पवत्तं जाणइ।	He knows the flow of life.,
सत्थं अविरुद्धं जाणइ।	He knows the unopposed weapon.,
सव्वं लोके परं जाणइ।	He knows the other in all worlds.,
जीवं मुणी जाणइ।	The sage knows life.,
विसेसं अणु जाणइ।	He knows the subtlety of difference.,
वाग्दंडं सव्वं जाणइ।	He knows all restraint in speech.,
महत्तं पज्जस्स जाणइ।	He knows the greatness of glory.,
असव्वं अपवत्तं जाणइ।	He knows non-existence and non-activity.,
धम्मे अप्पणं जाणइ।	He knows the soul in Dharma.,
लोए अविरुद्धं जाणइ।	He knows the non-opposed in the world.,
कप्पं संखणं जाणइ।	He knows the eon and its count.,
माणवं सव्वं जाणइ।	He knows all human beings.,
विज्जा परं जाणइ।	He knows the highest knowledge.,
महत्तं सव्वं जाणइ।	He knows all greatness.,
सत्थं अहिंसा जाणइ।	He knows the weapon of non-violence.,
धम्मे परमं जाणइ।	He knows the supreme in Dharma.,
लोए अविरुद्धं धम्मं जाणइ।	He knows the non-opposed Dharma in the world.,
सव्वं अहिंसा जाणइ।	He knows all non-violence.,
जीवं महत्तं जाणइ।	He knows the greatness of life.,
सव्वं विज्जा जाणइ।	He knows all knowledge.,
विज्जा परमं जाणइ।	He knows the highest knowledge.,
धम्मे सव्वं लोके जाणइ।	He knows all Dharma in the world.,
सव्वं कम्मं जाणइ।	He knows all karma.,
विज्जा परमं परं जाणइ।	He knows the ultimate supreme knowledge.,
लोए सव्वं विज्जा जाणइ।	He knows all knowledge in the world.,
धम्मे अविरुद्धं जाणइ।	He knows the non-opposed in Dharma.,
सव्वं परमं लोके जाणइ।	He knows the ultimate in the world.,
जीवं सव्वं धम्मे जाणइ।	He knows all life in Dharma.,
सव्वं अहिंसा धम्मं जाणइ।	He knows all non-violence in Dharma.,
लोके विज्जा सव्वं जाणइ।	He knows all knowledge in the world.,
सव्वं कम्मं परं जाणइ।	He knows the ultimate karma.,
धम्मे अहिंसा विज्जा जाणइ।	He knows non-violence and knowledge in Dharma.,
सव्वं विज्जा धम्मं जाणइ।	He knows all knowledge in Dharma.,
अविरुद्धं विज्जा जाणइ।	He knows the unopposed knowledge.,
जीवं सव्वं अहिंसा जाणइ।	He knows all life through non-violence.,
सव्वं विज्जा धम्मे जाणइ।	He knows all knowledge in Dharma.,
लोए महत्तं विज्जा जाणइ।	He knows the greatness of knowledge in the world.,
विज्जा सव्वं महत्तं जाणइ।	He knows all greatness of knowledge.,
धम्मे सव्वं माणवं जाणइ।	He knows all humanity in Dharma.,
सव्वं विज्जा परं जाणइ।	He knows the supreme in all knowledge.,
लोए विज्जा अहिंसा जाणइ।	He knows non-violence in all knowledge in the world.
कम्मं पुण्णं जाणइ।	He knows good karma.,
असणं भवित्तं जाणइ।	He knows what is to be eaten.,
विज्जा सब्बं जाणइ।	He knows all knowledge.,
धम्मे सव्वं मेत्तं जाणइ।	He knows all loving-kindness in Dharma.,
जीवं पवत्तं जाणइ।	He knows the flow of life.,
सत्थं अविरुद्धं जाणइ।	He knows the unopposed weapon.,
लोए पंचव्रतं सव्वं जाणइ।	In the world, he knows everything about the five vows.,
जीवं पंचव्रतं जाणइ लोके।	He knows life and the five vows in the world.,
धम्मे पंचमहाव्रती जाणइ लोके।	The observer of five great vows knows everything in the world.,
सव्वं पंचमहाव्रती हवे धम्मे।	The observer of five great vows resides in Dharma.,
लोके पंचमहाव्रती जाणइ अहिंसा।	In the world, the observer of five great vows knows non-violence.,
लोए सव्वं जाणइ पंचव्रती।	In the world, the follower of five vows knows everything.,
अहिंसा सव्वं जाणइ पंचव्रतं।	Non-violence is everything through the five vows.,
लोके पंचमहाव्रती अहिंसा जाणइ।	In the world, the observer of five great vows knows non-violence.,
जीवं पंचव्रती जाणइ।	The follower of five vows knows life.,
धम्मे पंचमहाव्रती हवे सव्वं।	The observer of five great vows resides in all of Dharma.,
लोके सव्वं पंचमहाव्रती जाणइ।	In the world, the observer of five great vows knows everything.,
लोके अहिंसा पंचव्रतं जाणइ।	In the world, non-violence and the five vows are known.,
धम्मे पंचमहाव्रतं जाणइ सव्वं।	Through Dharma, everything about the five great vows is known.,
लोए सव्वं पंचव्रती जाणइ।	In the world, the follower of five vows knows everything.,
जीवं पंचव्रती सव्वं जाणइ।	The follower of five vows knows all life.,
लोके पंचमहाव्रती अहिंसा जाणइ।	In the world, the observer of five great vows knows non-violence.,
अहिंसा पंचव्रती सव्वं जाणइ।	The follower of five vows knows all non-violence.,
लोए पंचमहाव्रती धम्मं जाणइ।	In the world, the observer of five great vows knows Dharma.,
सव्वं पंचव्रतं हवे लोके।	The five vows are everything in the world.,
जीवं अहिंसा पंचव्रतं जाणइ।	He knows life, non-violence, and the five vows.,
लोके पंचमहाव्रतं धम्मं जाणइ।	In the world, the observer of five great vows knows Dharma.,
धम्मे पंचव्रती सव्वं जाणइ।	The follower of five vows knows everything through Dharma.,
कम्मं पुण्णं जाणइ।	He knows good karma.,
असणं भवित्तं जाणइ।	He knows what is to be eaten.,
विज्जा सब्बं जाणइ।	He knows all knowledge.,
धम्मे सव्वं मेत्तं जाणइ।	He knows all loving-kindness in Dharma.,
जीवं पवत्तं जाणइ।	He knows the flow of life.,
सत्थं अविरुद्धं जाणइ।	He knows the unopposed weapon.,
लोए पंचव्रतं सव्वं जाणइ।	In the world, he knows everything about the five vows.,
जीवं पंचव्रतं जाणइ लोके।	He knows life and the five vows in the world.,
धम्मे पंचमहाव्रती जाणइ लोके।	The observer of five great vows knows everything in the world.,
सव्वं पंचमहाव्रती हवे धम्मे।	The observer of five great vows resides in Dharma.,
लोके पंचमहाव्रती जाणइ अहिंसा।	In the world, the observer of five great vows knows non-violence.,
लोए सव्वं जाणइ पंचव्रती।	In the world, the follower of five vows knows everything.,
अहिंसा सव्वं जाणइ पंचव्रतं।	Non-violence is everything through the five vows.,
लोके पंचमहाव्रती अहिंसा जाणइ।	In the world, the observer of five great vows knows non-violence.,
जीवं पंचव्रती जाणइ।	The follower of five vows knows life.,
धम्मे पंचमहाव्रती हवे सव्वं।	The observer of five great vows resides in all of Dharma.,
लोके सव्वं पंचमहाव्रती जाणइ।	In the world, the observer of five great vows knows everything.,
लोके अहिंसा पंचव्रतं जाणइ।	In the world, non-violence and the five vows are known.,
धम्मे पंचमहाव्रतं जाणइ सव्वं।	Through Dharma, everything about the five great vows is known.,
लोए सव्वं पंचव्रती जाणइ।	In the world, the follower of five vows knows everything.,
जीवं पंचव्रती सव्वं जाणइ।	The follower of five vows knows all life.,
लोके पंचमहाव्रती अहिंसा जाणइ।	In the world, the observer of five great vows knows non-violence.,
अहिंसा पंचव्रती सव्वं जाणइ।	The follower of five vows knows all non-violence.,
लोए पंचमहाव्रती धम्मं जाणइ।	In the world, the observer of five great vows knows Dharma.,
सव्वं पंचव्रतं हवे लोके।	The five vows are everything in the world.,
जीवं अहिंसा पंचव्रतं जाणइ।	He knows life, non-violence, and the five vows.,
लोके पंचमहाव्रतं धम्मं जाणइ।	In the world, the observer of five great vows knows Dharma.,
धम्मे पंचव्रती सव्वं जाणइ।	The follower of five vows knows everything through Dharma.,
लोके पंचमहाव्रती जाणइ धम्मं।	In the world, the observer of five great vows knows Dharma.,
अहिंसा पंचव्रती जाणइ धम्मं।	The follower of five vows knows non-violence through Dharma.,
जीवं अहिंसा जाणइ पंचमहाव्रतं।	He knows life and non-violence through the five great vows.,
लोके पंचमहाव्रती जाणइ सव्वं।	In the world, the observer of five great vows knows everything.,
सव्वं धम्मे पंचमहाव्रतं जाणइ।	Everything is known in Dharma through the five great vows.,
लोए पंचमहाव्रती धम्मं जाणइ।	In the world, the observer of five great vows knows Dharma.,
जीवं सव्वं जाणइ पंचव्रतं।	He knows all life through the five vows.,
धम्मे पंचमहाव्रती जाणइ सव्वं।	The observer of five great vows knows everything through Dharma.,
लोए सव्वं जाणइ पंचव्रतं।	In the world, everything is known through the five vows.,
अहिंसा पंचव्रती जाणइ धम्मं।	The follower of five vows knows non-violence in Dharma.,
धम्मे पंचमहाव्रतं जाणइ सव्वं।	Everything is known through the five great vows in Dharma.,
लोए पंचव्रती धम्मं जाणइ।	In the world, the follower of five vows knows Dharma.,
जीवं अहिंसा पंचमहाव्रतं जाणइ।	He knows life and non-violence through the five great vows.,
धम्मे पंचमहाव्रती जाणइ सव्वं।	The observer of five great vows knows everything in Dharma.,
अम्हे सव्वे मणुस्सा समाणा, किं तु अम्हाणं कम्माइं विविहाइं।	We are all equal as human beings, but our actions are diverse.,
जीवणे बहुइं दुक्खाइं होंति, परं सुक्खस्स अणुहवो वि होइ।	Life has many sorrows, but there are also experiences of happiness.,
पयडी अम्हाणं माया, तीए रक्खणं कायव्वं सदा।	Nature is our mother, and we must always protect her.,
विज्जा धणं सव्वुत्तमं, जं कयावि ण णस्सइ।	Knowledge is the supreme wealth that can never be lost.,
जेण जेण संजोएण जं जं कम्मं समारद्धं, तं तं पावेइ णियमा।	Whatever action is begun with whatever intention, it surely bears that fruit.,
अहिंसा परमो धम्मो, तस्स पालणं कायव्वं सव्वेहिं।	Non-violence is the supreme dharma, it should be practiced by all.,
सव्वेसिं जीवाणं रक्खणं कायव्वं, ण केवलं मणुस्साणं।	Protection should be given to all living beings, not just humans.,
णाणं च कम्मं च दोण्णि वि महत्तराइं, एएहिं विणा जीवणं णिरत्थयं।	Both knowledge and action are important, life is meaningless without them.,
सव्वे जणा सुहिणो होंतु, सव्वे संतु णिरामया।	May all people be happy, may all be free from illness.,
जहा बीयं तहा फलं, जहा कम्मं तहा फलं।	As the seed, so the fruit; as the action, so the result.,
दाणं देंतो वि लहेइ, परोवयारो परमं सुहं।	One who gives also receives, helping others is the highest happiness.,
सव्वं अणिच्चं, परं णाणं णिच्चं।	Everything is impermanent, but knowledge is eternal.,
जीवणस्स सारो मित्तया, धणेण विणा वि जीविदुं सक्कं।	Friendship is the essence of life, one can live without wealth.,
कोहो दुक्खस्स मूलं, खमा सुहस्स कारणं।	Anger is the root of sorrow, forgiveness is the cause of happiness.,
सव्वं लोयं वसुहा कुडुंबयं, परस्परं रक्खणं कायव्वं।	The whole world is one family, we should protect each other.,
जं किंचि करेमो, तं सव्वं पयडीए अणुकूलं होउ।	Whatever we do, may it all be in harmony with nature.,
सव्वेसिं सुहं इच्छामो, तेण अम्हे वि सुहिणो होमो।	We wish happiness for all, thus we too become happy.,
जीवणं अच्चंतं चंचलं, तेण सदा सच्चं आयरियव्वं।	Life is extremely uncertain, therefore always practice truth.,
जहिं सच्चं तहिं धम्मो, जहिं धम्मो तहिं जओ।	Where there is truth, there is dharma; where there is dharma, there is victory.,
जं किंचि दिस्सइ तं णस्सइ, जं ण दिस्सइ तं सस्सयं।	Whatever is seen perishes, what is unseen is eternal.,
सव्वं दुक्खं सहियव्वं, सव्वं सुक्खं पत्थियव्वं।	All sorrow should be endured, all happiness should be wished for.,
जो सयं पडइ सो सयं उट्ठेइ, परस्स सहाओ ण अपेक्खियव्वो।	One who falls by oneself gets up by oneself, one shouldn't expect help from others.,
जहा चित्तं तहा वाया, जहा वाया तहा किया।	As the mind, so the speech; as the speech, so the action.,
सव्वेसु भूएसु दया कायव्वा, एसो धम्मो सणंतणो।	Compassion should be shown to all beings, this is the eternal dharma.,
जं मणे तं वाए, जं वाए तं कम्मे।	What's in the mind should be in speech, what's in speech should be in action.,
सव्वे जणा सुहिणो होंतु, सव्वे संतु णिरामया।	May all people be happy, may all be free from illness.,
जेण जेण विहीणा तं तं इच्छंति मणुया।	Whatever people lack, that they desire.,
अप्पाणं णिंदसु मा परं, एसो मग्गो विसुद्धीए।	Criticize yourself, not others; this is the path to purity.,
जो धम्मं रक्खइ सो धम्मेण रक्खिज्जइ।	One who protects dharma is protected by dharma.,
सव्वं परवसं दुक्खं, सव्वं अत्तवसं सुहं।	Everything dependent on others is sorrow, everything under one's control is happiness.,
जहा बीयं वुत्तं तहा फलं लब्भइ।	As the seed is sown, so is the fruit obtained.,
सच्चं अमया वाणी, अलियं विसमया वाणी।	Truth is nectar-like speech, falsehood is poison-like speech.,
सव्वेसिं मित्ताइं होंतु, वेराइं केणइ ण होंतु।	May all have friends, may no one have enemies.,
सव्वे जणा सुहिणो होंतु, दुक्खिणो मा होंतु केइ।	May all people be happy, may no one be sorrowful.,
सव्वेसिं कल्लाणं भवतु, सव्वेसिं स्वस्ति भवतु।	May there be well-being for all, may there be prosperity for all.,
जो धम्मं पालेइ सो रक्खिज्जइ।	One who observes dharma is protected.,
जं किंचि करेसि तं सव्वं पेम्मेण कुणसु, एसो जीवणस्स सारो।	Whatever you do, do it all with love; this is the essence of life.,
सव्वेसिं जीवाणं रक्खणं कायव्वं, एसो परमो धम्मो।	Protection of all living beings should be done; this is the highest dharma.,
अप्पसुएण बहुं जाणइ, बहुसुएण अप्पं जाणइ।	With little learning one knows much, with much learning one knows little.,
जो अप्पाणं जिणइ सो सव्वं जिणइ, एसो परमो विजओ।	One who conquers oneself conquers all; this is the supreme victory.,
सव्वं दुक्खं सहियव्वं, सव्वं सुक्खं वंदियव्वं।	All sorrow should be endured, all happiness should be welcomed.,
जहिं सच्चं तहिं धम्मो, जहिं धम्मो तहिं सच्चं।	Where there is truth, there is dharma; where there is dharma, there is truth.,
सव्वेसिं मित्तत्तं इच्छामो, केणइ सह वेरं ण कुणमो।	We desire friendship with all, we make enmity with none.,
जं मणे तं वाए, जं वाए तं कम्मे, एसो सुजणाणं गुणो।	What's in mind should be in speech, what's in speech should be in action; this is the virtue of good people.,
सव्वं लोयं वसुहा कुडुंबयं, परस्परं पेम्मं कायव्वं।	The whole world is one family, mutual love should be practiced.,
जो पयडीए मित्तं सो मणुस्साणं मित्तं, एसो सच्चो पयडीवाओ।	One who is a friend of nature is a friend of humans; this is true environmentalism.,
सव्वेसिं सुहं इच्छंतो सयं सुहं लहइ, एसो कम्मस्स णियमो।	One who wishes happiness for all attains happiness oneself; this is the law of karma.,
जं किंचि दिस्सइ तं णस्सइ, जं ण दिस्सइ तं सस्सयं।	Whatever is seen perishes, what is unseen is eternal.,
सव्वेसु भूएसु दया कायव्वा, एसो धम्मो सणंतणो।	Compassion should be shown to all beings; this is the eternal dharma.,
जहा बीयं तहा रुक्खो, जहा रुक्खो तहा फलं।	As the seed, so the tree; as the tree, so the fruit.,
सव्वं अणिच्चं, परं णाणं णिच्चं, एसो परमो सिद्धंतो।	Everything is impermanent, but knowledge is eternal; this is the supreme principle.,
जो सयं पडइ सो सयं उट्ठेइ, परोवयारं मा अपेक्खसु।	One who falls by oneself rises by oneself; don't expect help from others.,
जेण जेण संजोएण जं जं कम्मं समारद्धं, तं तं पावेइ णियमा।	Whatever action is begun with whatever intention, it surely bears that fruit.,
सव्वं परवसं दुक्खं, सव्वं अत्तवसं सुहं, एसो जीवणस्स सारो।	Everything dependent on others is sorrow, everything under one's control is happiness; this is the essence of life.,
जो धम्मं रक्खइ सो धम्मेण रक्खिज्जइ, एसो धम्मस्स महिमा।	One who protects dharma is protected by dharma; this is the glory of dharma.,
सच्चं अमया वाणी, अलियं विसमया वाणी, सच्चमेव जयइ।	Truth is nectar-like speech, falsehood is poison-like speech; truth alone triumphs.,
जं मणे तं वाए, जं वाए तं कम्मे, एसो उत्तमो आयारो।	What's in mind should be in speech, what's in speech should be in action; this is the best conduct.,
सव्वेसिं मित्ताइं होंतु, वेराइं केणइ ण होंतु, एसो मंगलवाओ।	May all have friends, may no one have enemies; this is an auspicious saying.,
सव्वे जणा सुहिणो होंतु, दुक्खिणो मा होंतु केइ, एसो करुणाभावो।	May all people be happy, may no one be sorrowful; this is the feeling of compassion.,
सव्वेसिं कल्लाणं भवतु, सव्वेसिं स्वस्ति भवतु, एसो सव्वहियत्थो।	May there be well-being for all, may there be prosperity for all; this is for the benefit of all.,
जो धम्मं पालेइ सो रक्खिज्जइ, एसो धम्मस्स फलं।	One who observes dharma is protected; this is the fruit of dharma.,
जो अप्पाणं विणेइ सो लोयं विणेइ, एसो णाणस्स सारो।	One who disciplines oneself disciplines the world; this is the essence of wisdom.,
सव्वं जगं मित्तं मे, ण कोइ सत्तू मे अत्थि।	The whole world is my friend, I have no enemies.,
जहा कम्मं तहा फलं, एसो कम्मस्स सिद्धंतो।	As the action, so the result; this is the principle of karma.,
सव्वेसिं जीवाणं रक्खणं कायव्वं, एसो परमो धम्मो।	Protection of all living beings should be done; this is the highest dharma.,
जं किंचि करेमो, तं सव्वं पयडीए अणुकूलं होउ।	Whatever we do, may it all be in harmony with nature.,
सव्वेसिं सुहं इच्छामो, तेण अम्हे वि सुहिणो होमो।	We wish happiness for all, thus we too become happy.,
जीवणं अच्चंतं चंचलं, तेण सदा सच्चं आयरियव्वं।	Life is extremely uncertain, therefore always practice truth.,
जहिं सच्चं तहिं धम्मो, जहिं धम्मो तहिं जओ।	Where there is truth, there is dharma; where there is dharma, there is victory.,
जं किंचि दिस्सइ तं णस्सइ, जं ण दिस्सइ तं सस्सयं।	Whatever is seen perishes, what is unseen is eternal.,
सव्वं दुक्खं सहियव्वं, सव्वं सुक्खं पत्थियव्वं।	All sorrow should be endured, all happiness should be wished for.,
जो सयं पडइ सो सयं उट्ठेइ, परस्स सहाओ ण अपेक्खियव्वो।	One who falls by oneself gets up by oneself, one shouldn't expect help from others.,
जहा चित्तं तहा वाया, जहा वाया तहा किया।	As the mind, so the speech; as the speech, so the action.
सच्चं बोल्लह, मा अलियं वयह।	Speak the truth, do not lie.,
जहा बीयं तहा फलं।	As the seed, so the fruit.,
सव्वेसिं मित्तो होहि, केणावि सह वेरं मा कुणसु।	Be a friend to all, make enemy of none.,
अप्पाणं जाणह, लोयं जाणह।	Know thyself, know the world.,
खमा वीरस्स भूसणं।	Forgiveness is the ornament of the brave.,
पयडीए रक्खणं कुणह।	Protect nature.,
अहिंसा परमो धम्मो।	Non-violence is the supreme dharma.,
अप्पं भणाहि, बहुं सुणाहि।	Speak little, listen much.,
जहा चिंता तहा वाया।	As the thought, so the speech.,
सव्वं दुक्खं सहियव्वं।	All sorrow should be endured.,
णाणं परमं बलं।	Knowledge is supreme strength.,
कम्मं चेव कारणं।	Action alone is the cause.,
सव्वे जणा सुहिणो होंतु।	May all people be happy.,
सच्चमेव जयइ।	Truth alone triumphs.,
अप्पाणं णिंदसु मा परं।	Criticize yourself, not others.,
सव्वं अणिच्चं, णाणं णिच्चं।	Everything is impermanent, knowledge is permanent.,
जहा मणो तहा वाणी।	As the mind, so the speech.,
सव्वेसिं मित्ताइं होंतु।	May all have friends.,
पेम्मेण सव्वं जयइ।	Love conquers all.,
अप्पसंतोसो महादोसो।	Discontent is a great fault.,
सव्वं परवसं दुक्खं।	All dependence is sorrow.,
जो धम्मं रक्खइ सो रक्खिज्जइ।	One who protects dharma is protected.,
सुहस्स मूलं संतोसो।	Contentment is the root of happiness.,
जहा रूवं तहा गुणो।	As the form, so the quality.,
अप्पाणं जिणह।	Conquer yourself.,
पयडी अम्हाणं माया।	Nature is our mother.,
विज्जा धणं सव्वुत्तमं।	Knowledge is the supreme wealth.,
जेण संतोसो तेण धणं।	One who is content is wealthy.,
सव्वेसु भूएसु दया कायव्वा।	Compassion should be shown to all beings.,
जहा कम्मं तहा फलं।	As the action, so the result.,
जो अप्पाणं जिणइ सो सव्वं जिणइ।	One who conquers oneself conquers all.,
सव्वं लोयं वसुहा कुडुंबयं।	The whole world is one family.,
जं मणे तं वाए।	What's in mind should be in speech.,
सव्वेसिं सुहं इच्छामो।	We wish happiness for all.,
जो पयडीए मित्तं सो मणुस्साणं मित्तं।	Friend of nature is friend of humans.,
सव्वं अणिच्चं, परं णाणं णिच्चं।	Everything is impermanent, but knowledge is eternal.,
जीवणं अच्चंतं चंचलं।	Life is extremely uncertain.,
सव्वेसिं जीवाणं रक्खणं कायव्वं।	Protection of all living beings should be done.,
जहा बीयं वुत्तं तहा फलं लब्भइ।	As the seed is sown, so is the fruit obtained.,
सच्चं अमया वाणी।	Truth is nectar-like speech.,
सव्वेसिं मित्ताइं होंतु, वेराइं केणइ ण होंतु।	May all have friends, may no one have enemies.,
सच्चं बोल्लह, मा अलियं वयह।	Speak the truth, do not lie.,
जहा बीयं तहा फलं।	As the seed, so the fruit.,
सव्वेसिं मित्तो होहि, केणावि सह वेरं मा कुणसु।	Be a friend to all, make enemy of none.,
अप्पाणं जाणह, लोयं जाणह।	Know thyself, know the world.,
खमा वीरस्स भूसणं।	Forgiveness is the ornament of the brave.,
पयडीए रक्खणं कुणह।	Protect nature.,
अहिंसा परमो धम्मो।	Non-violence is the supreme dharma.,
अप्पं भणाहि, बहुं सुणाहि।	Speak little, listen much.,
जहा चिंता तहा वाया।	As the thought, so the speech.,
सव्वं दुक्खं सहियव्वं।	All sorrow should be endured.,
णाणं परमं बलं।	Knowledge is supreme strength.,
कम्मं चेव कारणं।	Action alone is the cause.,
सव्वे जणा सुहिणो होंतु।	May all people be happy.,
सच्चमेव जयइ।	Truth alone triumphs.,
अप्पाणं णिंदसु मा परं।	Criticize yourself, not others.,
सव्वं अणिच्चं, णाणं णिच्चं।	Everything is impermanent, knowledge is permanent.,
जहा मणो तहा वाणी।	As the mind, so the speech.,
सव्वेसिं मित्ताइं होंतु।	May all have friends.,
पेम्मेण सव्वं जयइ।	Love conquers all.,
अप्पसंतोसो महादोसो।	Discontent is a great fault.,
सव्वं परवसं दुक्खं।	All dependence is sorrow.,
जो धम्मं रक्खइ सो रक्खिज्जइ।	One who protects dharma is protected.,
सुहस्स मूलं संतोसो।	Contentment is the root of happiness.,
जहा रूवं तहा गुणो।	As the form, so the quality.,
अप्पाणं जिणह।	Conquer yourself.,
पयडी अम्हाणं माया।	Nature is our mother.,
विज्जा धणं सव्वुत्तमं।	Knowledge is the supreme wealth.,
जेण संतोसो तेण धणं।	One who is content is wealthy.,
सव्वेसु भूएसु दया कायव्वा।	Compassion should be shown to all beings.,
जहा कम्मं तहा फलं।	As the action, so the result.,
जो अप्पाणं जिणइ सो सव्वं जिणइ।	One who conquers oneself conquers all.,
सव्वं लोयं वसुहा कुडुंबयं।	The whole world is one family.,
जं मणे तं वाए।	What's in mind should be in speech.,
सव्वेसिं सुहं इच्छामो।	We wish happiness for all.,
जो पयडीए मित्तं सो मणुस्साणं मित्तं।	Friend of nature is friend of humans.,
सव्वं अणिच्चं, परं णाणं णिच्चं।	Everything is impermanent, but knowledge is eternal.,
जीवणं अच्चंतं चंचलं।	Life is extremely uncertain.,
सव्वेसिं जीवाणं रक्खणं कायव्वं।	Protection of all living beings should be done.,
जहा बीयं वुत्तं तहा फलं लब्भइ।	As the seed is sown, so is the fruit obtained.,
सच्चं अमया वाणी।	Truth is nectar-like speech.,
सव्वेसिं मित्ताइं होंतु, वेराइं केणइ ण होंतु।	May all have friends, may no one have enemies.,
अप्पसुएण बहुं जाणइ।	With little learning, one knows much.,
जो सयं पडइ सो सयं उट्ठेइ।	One who falls by oneself rises by oneself.,
जहा चित्तं तहा वाया।	As the mind, so the speech.,
जेण जेण विहीणा तं तं इच्छंति।	Whatever people lack, that they desire.,
जो धम्मं पालेइ सो रक्खिज्जइ।	One who observes dharma is protected.,
जो अप्पाणं विणेइ सो लोयं विणेइ।	One who disciplines oneself disciplines the world.,
सव्वं जगं मित्तं मे।	The whole world is my friend.,
जहिं सच्चं तहिं धम्मो।	Where there is truth, there is dharma.,
जं किंचि दिस्सइ तं णस्सइ।	Whatever is seen perishes.,
जो सच्चं रक्खइ तं सच्चं रक्खइ।	One who protects truth is protected by truth.,
सव्वेसिं दुक्खाणं खया होंतु।	May all sorrows be destroyed.,
जहिं पेम्मं तहिं धम्मो।	Where there is love, there is dharma.,
अप्पाणं उज्जोएहि।	Illuminate yourself.,
जेण संतुट्ठो तेण धणवंतो।	One who is satisfied is wealthy.,
सव्वेसिं सुहाइं वड्ढंतु।	May the happiness of all increase.,
जो मित्तं रक्खइ सो अप्पाणं रक्खइ।	One who protects a friend protects oneself.,
पयडीए सेवा मणुस्सस्स सेवा।	Service to nature is service to humanity.,
जहिं दया तहिं धम्मो।	Where there is compassion, there is dharma.,
अप्पाणं सोहेहि।	Purify yourself.,
जो विज्जं रक्खइ सो धम्मं रक्खइ।	One who protects knowledge protects dharma.,
सव्वेसिं सुक्खाइं वड्ढंतु।	May the joys of all increase.,
जहिं सच्चं तहिं जओ।	Where there is truth, there is victory.,
अप्पाणं परिच्चयह।	Sacrifice yourself.,
जो सेवइ सो सेविज्जइ।	One who serves is served.,
सव्वेसिं मंगलं होउ।	May there be auspiciousness for all.,
जहिं णाणं तहिं मोक्खो।	Where there is knowledge, there is liberation.,
अप्पाणं समाहिं कुणह।	Meditate on yourself.,
जो दयं करेइ सो दयं लहेइ।	One who shows mercy receives mercy.,
सव्वेसिं विज्जा वड्ढउ।	May the knowledge of all increase.,
जहिं धम्मो तहिं सुक्खं।	Where there is dharma, there is happiness.,
अप्पाणं णिग्गहं कुणह।	Control yourself.,
जो सच्चं वयइ सो सच्चं लहेइ।	One who speaks truth finds truth.,
सव्वेसिं बुद्धी वड्ढउ।	May the wisdom of all increase.,
अप्पाणं उद्धरह।	Uplift yourself.,
जो सेवइ सो सुहं लहेइ।	One who serves attains happiness.,
सव्वेसिं सद्धा वड्ढउ।	May the faith of all increase.,
जहिं सच्चं तहिं सुक्खं।	Where there is truth, there is happiness.,
अप्पाणं जागरह।	Awaken yourself.,
सव्वेसिं वीरिया वड्ढउ।	May the energy of all increase.,
जहिं धम्मो तहिं जओ।	Where there is dharma, there is victory.,
अप्पाणं समं कुणह।	Equalize yourself.,
जो खमइ सो जयइ।	One who forgives wins.,
सव्वेसिं सती वड्ढउ।	May the mindfulness of all increase.,
अप्पाणं मुंचह।	Free yourself.,
जो सिक्खइ सो जाणइ।	One who learns knows.,
सव्वेसिं समाही वड्ढउ।	May the concentration of all increase.,
जहिं करुणा तहिं धम्मो।	Where there is compassion, there is dharma.,
अप्पाणं बोहेहि।	Enlighten yourself.,
जो सेवइ सो सेविज्जइ।	One who serves is served.,
सव्वेसिं पञ्ञा वड्ढउ।	May the wisdom of all increase.,
जहिं सच्चं तहिं बलं।	Where there is truth, there is strength.,
अप्पाणं णिब्बुयं कुणह।	Make yourself peaceful.,
जो मित्तं लहेइ सो धणं लहेइ।	One who finds a friend finds wealth.,
सव्वेसिं खंती वड्ढउ।	May the patience of all increase.,
जहिं धम्मो तहिं सच्चं।	Where there is dharma, there is truth.,
अप्पाणं सुद्धं कुणह।	Purify yourself.,
जो सेवइ सो सिक्खइ।	One who serves learns.,
सव्वेसिं मेत्ती वड्ढउ।	May the friendliness of all increase.,
जहिं पेम्मं तहिं सच्चं।	Where there is love, there is truth.,
जो दयं करेइ सो सुहं लहेइ।	One who shows compassion attains happiness.,
सव्वेसिं करुणा वड्ढउ।	May the compassion of all increase.,
सच्चं बोल्लह, मा अलियं वयह।	Speak the truth, do not lie.,
जहा बीयं तहा फलं।	As the seed, so the fruit.,
सव्वेसिं मित्तो होहि, केणावि सह वेरं मा कुणसु।	Be a friend to all, make enemy of none.,
अप्पाणं जाणह, लोयं जाणह।	Know thyself, know the world.,
खमा वीरस्स भूसणं।	Forgiveness is the ornament of the brave.,
पयडीए रक्खणं कुणह।	Protect nature.,
अहिंसा परमो धम्मो।	Non-violence is the supreme dharma.,
अप्पं भणाहि, बहुं सुणाहि।	Speak little, listen much.,
जहा चिंता तहा वाया, जहा वाया तहा किरिया।	As the thought, so the speech; as the speech, so the action.,
सव्वं दुक्खं सहियव्वं, सव्वं सुक्खं पत्थियव्वं।	All sorrow should be endured, all happiness should be wished for.,
णाणं परमं बलं, अण्णाणं परमं दुब्बलत्तं।	Knowledge is supreme strength, ignorance is supreme weakness.,
कम्मं चेव कारणं, फलं तस्स अणुरूवं।	Action alone is the cause, the fruit is according to it.,
सव्वे जणा सुहिणो होंतु, दुक्खिणो मा होंतु केइ।	May all people be happy, may no one be sorrowful.,
सच्चमेव जयइ णाणृतं, सच्चेण पंथो विततो देवयाणः।	Truth alone triumphs, not falsehood; by truth the divine path is spread.,
अप्पाणं णिंदसु मा परं, एसो मग्गो विसुद्धीए।	Criticize yourself, not others; this is the path to purity.,
सव्वं अणिच्चं, णाणं णिच्चं, एसो परमो सिद्धंतो।	Everything is impermanent, knowledge is permanent; this is the supreme principle.,
जहा मणो तहा वाणी, जहा वाणी तहा करणं।	As the mind, so the speech; as the speech, so the action.,
सव्वेसिं मित्ताइं होंतु, वेराइं केणइ ण होंतु।	May all have friends, may no one have enemies.,
पेम्मेण सव्वं जयइ, दोसेण सव्वं णस्सइ।	Love conquers all, hatred destroys all.,
अप्पसंतोसो महादोसो, संतोसो परमं सुहं।	Discontent is a great fault, contentment is the highest happiness.,
सव्वं परवसं दुक्खं, सव्वं अत्तवसं सुहं।	All dependence is sorrow, all self-control is happiness.,
जो धम्मं रक्खइ सो रक्खिज्जइ, एसो धम्मस्स महिमा।	One who protects dharma is protected; this is the glory of dharma.,
सुहस्स मूलं संतोसो, दुक्खस्स मूलं लोभो।	Contentment is the root of happiness, greed is the root of sorrow.,
जहा रूवं तहा गुणो, जहा गुणो तहा फलं।	As the form, so the quality; as the quality, so the fruit.,
सव्वेसिं संति होउ, सव्वेसिं सुहं होउ।	May there be peace for all, may there be happiness for all.,
अप्पाणं जिणह, तेण सव्वं जिणिस्ससि।	Conquer yourself, by that you will conquer all.,
पयडी अम्हाणं माया, तीए रक्खणं कायव्वं सदा।	Nature is our mother, we must always protect her.,
विज्जा धणं सव्वुत्तमं, जं कयावि ण णस्सइ।	Knowledge is the supreme wealth that can never be lost.,
जेण संतोसो तेण धणं, असंतुट्ठो सया दलिद्दो।	One who is content is wealthy, the discontented is always poor.,
सव्वेसु भूएसु दया कायव्वा, एसो धम्मो सणंतणो।	Compassion should be shown to all beings; this is the eternal dharma.,
जहा कम्मं तहा फलं, एसो कम्मस्स सिद्धंतो।	As the action, so the result; this is the principle of karma.,
जो अप्पाणं जिणइ सो सव्वं जिणइ, एसो परमो विजओ।	One who conquers oneself conquers all; this is the supreme victory.,
सव्वं लोयं वसुहा कुडुंबयं, परस्परं रक्खणं कायव्वं।	The whole world is one family; we should protect each other.,
जं मणे तं वाए, जं वाए तं कम्मे।	What's in mind should be in speech, what's in speech should be in action.,
सव्वेसिं सुहं इच्छामो, तेण अम्हे वि सुहिणो होमो।	We wish happiness for all, thus we too become happy.,
जो पयडीए मित्तं सो मणुस्साणं मित्तं, एसो सच्चो पयडीवाओ।	Friend of nature is friend of humans; this is true environmentalism.,
सव्वं अणिच्चं, परं णाणं णिच्चं, एसो परमो सिद्धंतो।	Everything is impermanent, but knowledge is eternal; this is the supreme principle.,
जीवणं अच्चंतं चंचलं, तेण सदा सच्चं आयरियव्वं।	Life is extremely uncertain, therefore always practice truth.,
सव्वेसिं जीवाणं रक्खणं कायव्वं, एसो परमो धम्मो।	Protection of all living beings should be done; this is the highest dharma.,
जहा बीयं वुत्तं तहा फलं लब्भइ, एसो पयडीए णियमो।	As the seed is sown, so is the fruit obtained; this is nature's law.,
सच्चं अमया वाणी, अलियं विसमया वाणी।	Truth is nectar-like speech, falsehood is poison-like speech.,
सव्वेसिं मित्ताइं होंतु, वेराइं केणइ ण होंतु, एसो मंगलवाओ।	May all have friends, may no one have enemies; this is an auspicious saying.,
अप्पसुएण बहुं जाणइ, बहुसुएण अप्पं जाणइ।	With little learning one knows much, with much learning one knows little.,
जो सयं पडइ सो सयं उट्ठेइ, परस्स सहाओ ण अपेक्खियव्वो।	One who falls by oneself rises by oneself; one shouldn't expect help from others.,
जहा चित्तं तहा वाया, जहा वाया तहा किया।	As the mind, so the speech; as the speech, so the action.,
जेण जेण विहीणा तं तं इच्छंति मणुया।	Whatever people lack, that they desire.,
जो धम्मं पालेइ सो रक्खिज्जइ, एसो धम्मस्स फलं।	One who observes dharma is protected; this is the fruit of dharma.,
जो अप्पाणं विणेइ सो लोयं विणेइ, एसो णाणस्स सारो।	One who disciplines oneself disciplines the world; this is the essence of wisdom.,
सव्वं जगं मित्तं मे, ण कोइ सत्तू मे अत्थि।	The whole world is my friend, I have no enemies.,
जहिं सच्चं तहिं धम्मो, जहिं धम्मो तहिं जओ।	Where there is truth, there is dharma; where there is dharma, there is victory.,
जं किंचि दिस्सइ तं णस्सइ, जं ण दिस्सइ तं सस्सयं।	Whatever is seen perishes, what is unseen is eternal.,
जो सच्चं रक्खइ तं सच्चं रक्खइ, एसो सच्चस्स महिमा।	One who protects truth is protected by truth; this is the glory of truth.,
सव्वेसिं दुक्खाणं खया होंतु, सव्वेसिं सुहाणं वुड्ढी होउ।	May all sorrows be destroyed, may all happiness increase.,
जहिं पेम्मं तहिं धम्मो, जहिं धम्मो तहिं पेम्मं।	Where there is love, there is dharma; where there is dharma, there is love.,
अप्पाणं उज्जोएहि, तेण लोओ उज्जोइज्जिस्सइ।	Illuminate yourself, by that the world will be illuminated.,
जेण संतुट्ठो तेण धणवंतो, असंतुट्ठो णिच्चं दरिद्दो।	One who is satisfied is wealthy, the unsatisfied is always poor.,
सव्वेसिं सुहाइं वड्ढंतु, दुक्खाइं विणस्संतु।	May the happiness of all increase, may sorrows be destroyed.,
जो मित्तं रक्खइ सो अप्पाणं रक्खइ, मित्तं परमं रक्खणं।	One who protects a friend protects oneself; a friend is the supreme protection.,
पयडीए सेवा मणुस्सस्स सेवा, पयडी अम्हाणं जणणी।	Service to nature is service to humanity; nature is our mother.,
जहिं दया तहिं धम्मो, जहिं धम्मो तहिं मोक्खो।	Where there is compassion, there is dharma; where there is dharma, there is liberation.,
सव्वे जीवा कम्म-बद्धा।	All souls are bound by karma.,
अहिंसा परमो धम्मो।	Non-violence is the highest dharma.,
सच्चं भणे, मिच्छं ण भणे।	Speak the truth, do not speak falsehood.,
अप्पाणं पि पियं मण्णे।	Consider oneself as dear.,
सव्वेसिं भूयाणं दया कायव्वा।	Compassion should be shown to all beings.,
णाणेण सव्वं पयासइ।	Everything is illuminated by knowledge.,
कम्मं खवेइ सुद्धप्पा।	The pure soul destroys karma.,
संसारो दुक्खमूलो।	The cycle of rebirth is the root of suffering.,
मोक्खो परमं सुक्खं।	Liberation is the highest happiness.
सव्वे जीवा कम्म-बद्धा।	All souls are bound by karma.,
अहिंसा परमो धम्मो।	Non-violence is the highest dharma.,
सच्चं भणे, मिच्छं ण भणे।	Speak the truth, do not speak falsehood.,
अप्पाणं पि पियं मण्णे।	Consider oneself as dear.,
सव्वेसिं भूयाणं दया कायव्वा।	Compassion should be shown to all beings.,
णाणेण सव्वं पयासइ।	Everything is illuminated by knowledge.,
कम्मं खवेइ सुद्धप्पा।	The pure soul destroys karma.,
संसारो दुक्खमूलो।	The cycle of rebirth is the root of suffering.,
मोक्खो परमं सुक्खं।	Liberation is the highest happiness.,
जीवो अणंतणाणी।	The soul has infinite knowledge.,
कम्मं जीवस्स वेरी।	Karma is the enemy of the soul.,
सम्मत्तं मोक्खमग्गो।	Right belief is the path to liberation.,
अप्पा सो परमप्पा।	The self is the supreme self.,
सव्वे जीवा समाणा।	All souls are equal.,
णाणं परमं बलं।	Knowledge is the supreme power.,
अहिंसा सव्वधम्माणं मूलं।	Non-violence is the root of all dharmas.,
लोभो पावस्स कारणं।	Greed is the cause of sin.,
तवसा किलिस्सइ अप्पा।	The soul is purified through penance.,
सम्मदंसण-णाण-चरित्ताणि मोक्खमग्गो।	Right vision, knowledge, and conduct are the path to liberation.,
इंदियाणि जेइ जो, सो जिणो।	One who conquers the senses is a conqueror.,
जीवो अमरो।	The soul is immortal.,
कोहो महा-विसं।	Anger is a great poison.,
माणो दुक्खस्स मूलं।	Pride is the root of suffering.,
माया पावस्स जणणी।	Deceit is the mother of sin.,
खमा वीरस्स भूसणं।	Forgiveness is the ornament of the brave.,
दाणं परमं बलं।	Charity is the supreme strength.,
सव्वे जीवा कम्म-बद्धा।	All souls are bound by karma.,
अहिंसा परमो धम्मो।	Non-violence is the highest dharma.,
सच्चं भणे, मिच्छं ण भणे।	Speak the truth, do not speak falsehood.,
अप्पाणं पि पियं मण्णे।	Consider oneself as dear.,
सव्वेसिं भूयाणं दया कायव्वा।	Compassion should be shown to all beings.,
णाणेण सव्वं पयासइ।	Everything is illuminated by knowledge.,
कम्मं खवेइ सुद्धप्पा।	The pure soul destroys karma.,
संसारो दुक्खमूलो।	The cycle of rebirth is the root of suffering.,
मोक्खो परमं सुक्खं।	Liberation is the highest happiness.
सव्वे जीवा कम्म-बद्धा।	All souls are bound by karma.,
अहिंसा परमो धम्मो।	Non-violence is the highest dharma.,
सच्चं भणे, मिच्छं ण भणे।	Speak the truth, do not speak falsehood.,
अप्पाणं पि पियं मण्णे।	Consider oneself as dear.,
सव्वेसिं भूयाणं दया कायव्वा।	Compassion should be shown to all beings.,
णाणेण सव्वं पयासइ।	Everything is illuminated by knowledge.,
कम्मं खवेइ सुद्धप्पा।	The pure soul destroys karma.,
संसारो दुक्खमूलो।	The cycle of rebirth is the root of suffering.,
मोक्खो परमं सुक्खं।	Liberation is the highest happiness.,
जीवो अणंतणाणी।	The soul has infinite knowledge.,
कम्मं जीवस्स वेरी।	Karma is the enemy of the soul.,
सम्मत्तं मोक्खमग्गो।	Right belief is the path to liberation.,
अप्पा सो परमप्पा।	The self is the supreme self.,
सव्वे जीवा समाणा।	All souls are equal.,
णाणं परमं बलं।	Knowledge is the supreme power.,
अहिंसा सव्वधम्माणं मूलं।	Non-violence is the root of all dharmas.,
लोभो पावस्स कारणं।	Greed is the cause of sin.,
तवसा किलिस्सइ अप्पा।	The soul is purified through penance.,
सम्मदंसण-णाण-चरित्ताणि मोक्खमग्गो।	Right vision, knowledge, and conduct are the path to liberation.,
इंदियाणि जेइ जो, सो जिणो।	One who conquers the senses is a conqueror.,
जीवो अमरो।	The soul is immortal.,
कोहो महा-विसं।	Anger is a great poison.,
माणो दुक्खस्स मूलं।	Pride is the root of suffering.,
माया पावस्स जणणी।	Deceit is the mother of sin.,
खमा वीरस्स भूसणं।	Forgiveness is the ornament of the brave.,
दाणं परमं बलं।	Charity is the supreme strength.,
लोए पंचव्रतं हवे।	In the world, the five vows are everything.,
मरणं जाणइ सव्वं।	He knows all death.,
सव्वं अहिंसा जाणइ।	Non-violence is everything.,
धम्मे सव्वं जाणइ।	In Dharma, all is known.,
जीवं पवत्तं जाणइ।	He knows the flow of life.,
सव्वं जीवं जाणइ।	He knows all living beings.,
मग्गं सव्वं जाणइ।	He knows the path to everything.,
अहिंसा लोए जाणइ।	Non-violence is known in the world.,
धम्मे लोए पंचव्रतं जाणइ।	He knows the five vows of Dharma in the world.,
जीवं पंचव्रतं जाणइ।	He knows life through the five vows.,
अहिंसा पंचव्रतं जाणइ।	Non-violence is known through the five vows.,
लोके पंचमहाव्रतं जाणइ।	He knows the five great vows in the world.,
सव्वं पंचमहाव्रती जाणइ।	The observer of the five great vows knows everything.,
लोए पंचमहाव्रती जाणइ।	He knows everything in the world through the five great vows.,
लोए सव्वं जाणइ पंचव्रतं।	In the world, he knows everything through the five vows.,
जीवं पंचमहाव्रती जाणइ।	He knows life through the five great vows.,
धम्मे पंचव्रतं जाणइ।	He knows everything through Dharma's five vows.,
जीवं अहिंसा जाणइ पंचव्रतं।	Life and non-violence are known through the five vows.,
धम्मे अहिंसा पंचमहाव्रतं जाणइ।	Non-violence is known in Dharma through the five great vows.,
लोके पंचमहाव्रतं जाणइ अहिंसा।	In the world, non-violence is known through the five great vows.,
धम्मे पंचमहाव्रती जाणइ लोए।	The observer of the five great vows knows everything in Dharma.,
जीवं पंचमहाव्रतं जाणइ सव्वं।	He knows life and everything through the five great vows.,
लोए पंचमहाव्रतं जाणइ धम्मं।	In the world, the five great vows and Dharma are known.,
धम्मे पंचव्रतं जाणइ सव्वं।	Everything is known through the five vows in Dharma.,
लोके पंचमहाव्रती जाणइ धम्मं।	The observer of the five great vows knows Dharma in the world.,
धम्मे सव्वं जाणइ पंचमहाव्रतं।	Everything is known in Dharma through the five great vows.,
अज्जए विय ममस्सं सुहस्स संपत्तिओ	Today my heart overflows with joy.
