prakrit	english
जाइसराइं मन्ने इमाइं नयणाइं सयललोयस्स,वियसन्ति पिये दिट्ठे अव्वो! मउलिन्ति वेसम्मि	"Jayserai, these women are so innocent that they do not drink at all! Behold the prostitutes frolicking in silence!
ता भवियव्वं इमिणा नवरं अइदुग्घडम्ह पडिहाइ,जं सा रायसुएणं वरिया कह मज्ज होहित्ति?	How can it be, my dear, That I have to kneel on either side of your husband While he is making love?
एवं विचिन्तिऊणं तम्बोलपयाणपुव्वयं भणिया,जं किञ्चि एत्थ होही दीसिस्सइ तं सयं अम्बे!	And think about it," said the girl at the foot of the tent, "If you see anything like that here, come with me!
भणियं सोमलयाए एवं एयन्ति नत्थि सन्देहो,तत्तो विहियपणामा उट्ठियसट्ठाणमणुपत्ता	"The land is barren and there are no more doubts, So get up early in the morning And take a bath" "is the popular saying.
अह भणइ भाणुवेगो पुव्विं दिट्ठस्स तस्स सुमिणस्स,लेसेण कोवि अत्थो 'वधारिओ ताव तं सुणसु	Ah! the breasts of the huntsman's wife! When he sees the maiden, He gives satisfaction to him. But let me tell you the truth:" "Listen to him while he kills!"
एसा हु कणगमाला माला होहित्ति,तीए जो रागो,तग्गहणं तं जाणसु वरणं पुण तीए अपत्ती	Such is the garland of lotuses; the anger she causes, the humility she shows, she knows how to describe it all again.
एत्तियमेत्तो अत्थो परिप्फुडो ताव जाणिओ हु मए,सेसम्पि हु अव्वत्तं वियाणियं किञ्चि तं सुणसु	I have grown so thin in the past That I know I can do anything, But listen to what I have to say next.
कोवि उवाएण इमं अप्पिस्सइ तुज्झ सा पुणो कहवि,भट्ठा तुह हत्थाओ पाविस्सइ आवइ गरुइं	Because you refused to bow before me again, I will repeat what you said:" "Your hands are now too heavy for my feet."
तत्तो रक्खिय कोवि हु ̣धोइस्सइ तुज्झ तेण पज्जन्तो,सुविणस्स सुन्दरो इय विणिच्छिओ सुविणसब्भावो	Protect her, I beg of you, She is beautiful without a trace of pretence.
तं सोउं मए भणियं सम्मं हि विणिच्छियं तुमे सुयणु!,घडइ जओ एसत्थो नवरं अइदुग्घडो लाहो	Go to sleep, I beg of you, As long as you sleep! Maybe it's time to get a new one, Lou."
तो भणइ भाणुवेगो वत्थुं न तं अत्थि एत्थ लोगम्मि,अणुकूलस्स उ विहिणो जं मन्ने दुग्घडं होइ	"So tell me, brother - in - law! There is no room for that sort of thing here and there, For it is quite impossible for a man to be so cruel.
भो सुप्पइट्ठ! एवं पइदियहं तक्कहाविणोएण,तप्पावणआसाए वोलीणा वासरा कइवि	"Go to sleep!" "And when the hunter has caught hold of me, One can make out that the calf has slipped away While trying to escape.
आसन्नमागयं अह लग्गदिणं ताहि खयरपरियरिओ,महया विच्छड्डेणं बन्धुजणसमन्निओ तत्थ	Anxious about the prospect of meeting you again, Dear friends, Let me explain to you the situation in front of your friends.
वीवाहत्थं तीए नहवाहणखयररायअङ्गरुहो,सम्पत्तो अह पत्ता कमेण सा पञ्चमितिहीवि	By marriage she means one who has acquired wealth By doling out lavish favors - five of them in a row.
तत्तो 'वरण्हसमए मज्झ विगप्पो मणम्मि उप्पन्नो,अव्वो! किं तं अलियं होही इह देवयावयणं?	"Well, I suppose you could say,'At the time of the rainy season My wife threw up your hands And said,'Who is it?'But isn't it obvious that this is God's doing?
अहव न दीसइ किञ्चिवि अणुरूवं तस्स तेण मन्नामि,सोमलयावज्जरियं सव्वमलीगं हि सञ्जायं	I will not allow you to harm me by any means, for I will defend you against all attacks from the Somalis.
एमाइबहुविगप्पं चिन्तेन्तो रणरणेण गहिओ हं,कत्थवि धिइमलहन्तो नीहरिओ ताओ नयराओ	If you think of the many flowers in a tree, You are bound to run away; But if you dream of a lotuses, They are useless.
पत्तो य तमुज्जाणं सच्चविया जत्थ सा मए पुव्विं,अन्दोलणतरुहिट्ठे गन्तुमहं ताहि उवविट्ठो	As soon as I see your face, dear girl, I will take you with me On the way.
अह चिन्तिउं पयत्तो इण्हिं किं मज्झ काउमुचियं तु,परहत्थं सम्पत्ता ताव पिया मह नियन्तस्स	Oh, think about it, I beg of you, How can you fool me now? But, my dear, You have control over my affairs.
देवयवयणासाए नेव उवाओवि चिन्तिओ कोवि,इण्हिं पुण नो सक्कं किम्पि उवायन्तरं काउं	In God's absence," thought the cowgirl, "we shall never again be able to conceal our true nature.
एसोवि हु अणुरागो एवम्पि गए न तुट्टए कहवि,पइसमयं च पवड्ढइ सन्तावो विरहसञ्जणिओ	Never have I been so consumed with anger That I do not want to break down And in due course discover my faults.
अविय दुल्लहलम्भम्मि जणे जस्सिह पुरिसस्स होइ अणुरागो,छिल्लरयपाणिएणव अणुदियहं तेण सुसियव्वं	Aunt, If you want to be like that man In this damned world You'd better take a rest.
गरुयपियसङ्गमासाभंससमुच्छलियरणरणाइन्नं,न य जाणे कहव इमं नियहिययं सण्ठवामित्ति?	I suppose you have never felt the need to kneel before me Beforehand, Or do you know that I can do it in silence?
ता किं करेमिं इण्हिं अहवा किं एत्थ बहुविगप्पेहिं,गुरुविरहदुक्खसमणो पाणच्चाओ परं जुत्तो	So what do I do, my dear, or why so many different people? The ache and the embarrassment of being head over heels for my husband?
जइवि न जुज्जइ एसो विवेयजुत्ताण उत्तमनराण,तीए विरहे तहवि हु सक्केमि न जीवियं धरिउं	If I can't fight it, It's because I have a brilliant mind. But if I can, I won't survive."
ता एत्थेव तरुवरे तीए अन्दोलणेण सुपवित्ते,उबन्धिय अप्पाणं पाणच्चायं करेमित्ति	Then, as soon as she was here, she went on with her agitation, fettered herself with water, and so on.
एवं विचिन्तिऊणं आरụधो तम्मि तरुवरे अहयं,दाउं गलए पासं अह एवं भणिउमाढत्तो	And think again." "With these words he shook his head:" "Right now I am standing at your feet And you are lying on your back.
रे दिव्व! अन्नजन्मे दुल्लहलम्भम्मि माणसे नेहं,मा मह करिज्ज एसा हु पत्थणा तुह मए विहिया	O divine being! I am not the only one who stares at food. Please, do let me have a look At your heart That is covered with gooseflesh."
अन्नं च केवलिणो तं वयणं,सा वाया देवियावि,तं सुविणं,आसानिबन्धणं मज्झ दिव्व! सव्वं कयं अलियं	Food is the only medicine for him, it is a goddess's medicine, and it is an easy - to - use medicine! Everything is alien to me."
एवं भणिऊण मए मुक्को अप्पा अहोमुहो झति,ताहे गạ̄धीभूए पासम्मि सरीरभारेण	And he said," "I have a heart of iron." "And I shook my head.
रूद्धं गलयं आकुञ्चियाओ धमणीओ पसरिया वियणा,भग्गं लोयणजुयलं रुद्धो पवणस्स सञ्चारो	"The streets are choked, The arteries are clogged, Sweating rises, And the streets are deserted.
उव्वेल्लियमङ्गेहिं जायं उदरं च पवणपडिहत्थं,करणाइं घाइयाइं जाया अह वेयणा मन्दा	To make women flaunt their breasts, To cover their bellies and buttocks With their hands And feet Is an odd thing to do.
भो सुप्पइट्ठ! एवं वियणापरिमन्दइन्दिएण मए,एत्थन्तरम्मि निसुओ सद्दो अपणट्ठचित्तेण	"Go to sleep! And while the fire of love is burning, The fire of silence sighs without ceasing.
मा साहस मा साहसमेयं काउरिसजणसमाइण्णं,आयरिय देवदुल्लहनियरुवं भद्द! नासेसु	Don't be so bold: I'm offended by the way my wife acts, Like a demon possessed by a demon!
एत्थन्तरम्मि केणवि लम्बन्तं उक्खिवित्तु मह देहं,लहु च्छिन्दिऊण पासं विहिओ मिउसीयलो पवणो	Somebody will yank at my body from here for a long time, Or will sit beside me sniffing the fresh air.
तत्तो तुसारसीयलसारमिनीरच्छडाहिं संसित्तो,उल्हासिऊण हिययं अङ्गं संवाहियं सव्वं	There you are, Thinking of the crimson line of your skirt, Laughing through all the vessels of your body.
मुच्छानिमीलियच्छो सव्वं सुविणंव तं विमन्नन्तो,कोमलकिसलयरइए सत्थरए सोविओ तेण	Everything I hear about you is from him," she said, "and he's asleep beside her, Like a sheet of lotus.
पुणरुत्तपवणकरणाइयाहिं नाणाविहाहिं चिट्ठाहिं,गयवेयणेण तत्तो खणन्तरा चेयणा लद्धा	I have written a letter to you in coin for the purpose of renewing my vows. The ship has already begun to make love there
उम्मीलियलोयणजुयलएण दिठ्ठो विसिट्ठसण्ठाणो,नवजोव्वणो जुवाणो पच्चक्खं पञ्चबाणोव्व	A youthful look at a tender shoot, A calm sigh of relief, A youth with five eyelashes.
भणियं च तेण किं भद्द! बाहए,दंसियं मए गलयं,अह संवाहणविहिणा तम्पि हु सत्थं कयं तेण	"Brother, what's wrong with that? Come on, you dimwit, Get in my way! I have a brother who is out of touch. How come you're so touchy?
विगयसयलपीडो सत्थदेहो तया हं,किसलयरइयम्मी सत्थरे संनिविट्ठो,विरहविहुरियङ्गो दीहनीसासखिन्नो अहिलसियपय-त्था 'साहणुव्विन्नचित्तो	A widow's pain is but a third of a second, A wife's longing for her lover Lasts only for a third."
एसोवि परिसमप्पइ पासगपरिमोयणॊत्ति नामेण,सुरसुन्दरिनामाए कहाए तुरिओ परिच्छेओ १०००	Eesowy parisampai pasagaparimoyanotti naamen, surasundarrinamae kahaane turio parichayo 1000
अह सो दठ्ठूण ममं विद्दाणमुहं गलन्तनयणिल्लं,करयलनिमियकवोलं एवं भणिउं समाढत्तो	Oh! when he saw me face to face, He did not muddle up, but took me by the hand And said," "I am fine."
सुन्दर! तुह सरिसाणं उत्तमपुरिसाण जुज्जइ न काउं,अहमजणसमाइन्नो अप्पवहो कुगइसञ्जणणो	Lovely! You have nothing in common with a good man. But if you have something in common With a gentleman, You are bound to get it wrong."
अन्नं च को सि तुमं कस्स कओ केण व कज्जेण एयमायरियं?,कीस ससोगो सुन्दर! अविरलथूलंसुऐ मुयसि?	"Who are you, Anna, And why do you have to work so hard every day? How come you're so damned handsome! You constantly spit in my face?
दीहं नीससिऊणं तत्तो य मए तया इमं भणियं,किं कहियाए इमाए विहलाए सुयणु! वत्ताए?	If I speak to her while she is asleep, how can she say that I slept when I was away? It's true!"
कहिएण जेण लब्भइ कोवि गुणो,तमिह साहिउं जुत्तं,अन्नह पुण तुसखण्डणसरिसेणं किं नु कहिएणं?	Whatever virtue one may display by saying it, That too with straightforward words, Then why should I not speak of it again In the army of your fragmentary wives?
अविय वोलीणपायकज्जे साहारो कोवि नत्थि कहिएण,गयपाणियम्मि पालीइ बन्धणं कं गुणं लहउ?	Aviya, tell me you can't walk on the riverbank, Can't you see the petals stick to the water?"
दुस्सहदुक्खसमुच्छेयणम्मि उज्जुत्तमाणसस्स तुमे,कीस कयं मह विग्धं पाणच्चायं करेन्तस्स?	You, my brilliant soul, with a whole host of sorrows and aches and pains, Why do you ever want to make me drink poison?
ता मा काहिसि इण्हिम्पि मज्झ विग्घन्ति,ताहि सो भणइ,मा भद्द! कुणसु एवं साहसु मह कारण ताव	Then he says," "Don't be nasty! Be nice and brave - That's my reason."
विन्नायम्मि सरूवे जेण उवाओवि लब्भए कोवि,तत्तो य मए कहिया नीसेसा पुव्ववत्ता से	The more a woman's face looks like a waterfall, the thinner will be my tears.
उल्लम्बणअवसाणा तं सोउं सुप्पइट्ठ! तेणाहं,भणिओ जुवईए कए न हु जुत्तं उत्तमनराण	"Go to sleep, you fool!" "They said." "The jujube is not the only one with a good mind.
एरिसमायरिउं भो! विसेसओ तुम्ह नीइकुसलाण,जीवन्ता जेण नरा कल्लाणपरं परमुविन्ति	"Ah, what a cruel man! You're a disgrace, my dear. If you stay alive, don't worry about the stone because it will ruin your life.
किञ्च धन्नो सि तुमं जस्सत्थि ताव अन्नोन्नवयणसञ्चारो,तह देवयाए वयणं आसाए निबन्धणं अत्थि	How rich can you be When everyone around you is busy inventing new things? God always has a plan for your future.
तह एगनगरवासो अवरोप्परभावजणणसङ्गब्भो,ता कीस कुणसि सोयं,धन्नो तं पुन्नवन्तो य	You simpleton, How can you be so touchy When people from other cities come calling? It's the wealth of your husband."
मह पुण पुन्नविहूणस्स कहवि तद्दंसणम्मि जा आसा,तीएवि हु दालिद्दं तहवि हु धारेमि नियपाणे	When my husband returns home, I hope to see him again. I will arrange for him to stay there until I return."
कित्तियमित्तं दुक्खं हॊन्ते वयणक्कमम्मि तुह भद्द!?,जं मह मणदइयाए ठाणाइं अयाणमाणस्स	How much grief can I bear in front of you!?," That my heart sighs as I place it before your eyes.
तत्तो य मए भणियं साहसु मह ताव निययवुत्तन्तं,ठाणम्पि नेय जाणसि कह णु तुमं नियदइयाए?	So tell me, brother - in - law, When did you decide on your own, And when did you know you were destined?
कम्मि पुरे तुह वासो केणव कज्जेण आगओ एत्थ?,तत्तो य तेण भणियं एगमणो भो! निसामेहि	Are you sure you want to stay here for some reason?, Then tell me," "I'm going to leave in a minute!"
एत्थेव अत्थि सेले बहुविज्जाहरपुरोहपरिकलिए,सुविभत्ततियचउक्कं नाणाउज्जाणरमणीयं	On this day, when thousands of pilgrims gather here to worship the gods, we bow before them in honor of our patron saint."
सुविसालसालकलियं सक्कन्दणपुरवरस्स सारिच्छं,उत्तरसẹ̄धीए पुरं पवरं सुरनन्दणं नाम	Suvisala saṃkalakaliyam is performed on all auspicious days; in the north, the auspicious name" "Suranandana."
साहीणसयलविज्जो विज्जाहरनियरपणयपयकमलो,कमलदलतुल्लनयणो नयणमणाणन्दणो सूरो	A lotus is like a mirror in the sky, Like the lotus on a lotus, Like a mirror illuminated by the rays of the sun
सूरोव्व निहयतेयस्सितेयनिवहो अखण्डियपयावो,दप्पिट्ठवइरिवारणनिवारणे सीहपोयसमो	The sun does not rise, For it is the breath of the sky That keeps the sun from rising.
विज्जाहराण राया सुपसिद्धो चेव सव्वखयराण,पसरन्तविमलकित्ती आसी हरिचन्दनामॊत्ति	"Knowledge is the root of prosperity, Service is the remover of all faults," "goes the saying of the sage who walked on the moonlit night.
सरसिरुहसरिसवयणा नीलुप्पलदलविसालवरनयणा,कमलोयररुइदेहा रयणवई नाम से महिला	A woman named Rayanvayi is born from a lotus root."
सयलोरोहपहाणाए तीए पाणप्पियाए देवीए,समयं तिवग्गसारं विसयसुहं अणुहवन्तस्स	Time is fleeting," whispered the goddess, "And the pleasures of love, like wine, find Fulfillment in her joys.
देवकुमारसरिच्छो अह तीए दारओ समुप्पन्नो,उचियसमए य तेहिं पहञ्जणो नाम से विहियं	Because I see the Son of God standing at the door and closing it, At that very moment I heard a voice calling out"
धूया य बन्धुसुन्दरिनामा असमाणरुवलावन्ना,दोन्निवि ताइं कमसो पत्ताइं जोव्वणं पढमं	Dhuya ya bandhu sundarinaama asamanruvalavanna, both of them have at least read The Leaf of Youth.
अह अन्नया कयाइवि अवरोप्परनेहगरुयभावाणं,एगन्तम्मि ठियाणं उल्लावो तेसिं सञ्जाओ	Oh! my! How strange it is That at every step of the way You seem to be embracing one another.
भणियं पहञ्जणेणं पढमं तुह होइ किञ्चिजमवच्चं,धूया वा तणओ वा तं मह तणयस्स दायव्वं	I suppose you had better wash, dry, or brush your teeth beforehand, or else I might as well brush them away.
अविय तुज्झ महं वा जं होज्ज किम्पि इह पढमगं तु डिम्भरुयं,अवरोप्परसम्बन्धो ताणं अम्हेहिं कायव्वो	"Are you my lover or whatever it is That makes me feel this way Every time you touch me You are acting as if I were your lover.
ता बन्धुसुन्दरीए तहत्ति बहु मन्नियं तयं वयणं,गरुयसहोयरसब्भावनेहअक्खित्तचित्ताए	That her friends are so nice And she gives so much recognition To those with whom she shares a close friendship Makes sense."
एत्तो य अत्थिनयरं वेयड̣धे उत्तराए सẹ̄धीए,सव्वोउयतरुवणसण्डमण्डियं चमरचञ्चन्ति	It is only after this that the hunter's wife replies:" "All the trees in the forest are covered with bees."
तत्थ य खयरनरीसो भाणुगइ नाम अतुल्लसामत्थो,निज्जियअणङ्गरुवो कामिणिजणमाणसाणन्दो	Then the poor girl will say," "My name is Athullasamatho." "With a trembling voice her lover will acknowledge her faults.
हरिचन्दखयरपवरेण नियसुया बन्धुसुन्दरी तस्स,दिन्ना वरपीईए विवाहिआ सायरं तेण	A friend's daughter is nectar - filled with the fragrance of turmeric flowers, And the bridegroom's wife is given to him as a wedding present.
तीइ सुतणूइ समयं अणुहवमाणो उ गरुयपीईए,पञ्चपयारे विसए भाणुगई भुञ्जइ रज्जं	It is only a matter of time before she falls asleep, Tears flow down her cheeks, And starts to twitch."
वच्चन्तेसु दिणेसुं तीए देवीए दारिया जाया,उज्जोइयदिसिवलया उ चित्तलेहत्ति नामेण	The wretched day dawned For her through the streets of Vraja, Which were illuminated by the rays of the sun With the name of Chitta Lehti.
तयणन्तरं च देवी सुन्दरसुविणेहिं सूइय तणयं,सूया सुहतिहिरिक्खे चित्तगइ नाम से विहियं	After the setting sun, The goddess hands over the golden lotus to her husband, Whom she calls by the name of" "Sweetheart."
हरिचन्दोवि हु राया चारणसमणस्स सुमुहनामस्स,पयमूले सोऊणं जिणधम्मं सिद्धिसुहहेउं	I suppose the winter solstice will satisfy my yearning, For when the moon is full It will allow me to enjoy the pleasures Of true love.
निययपए ठविऊणं पहञ्जणं नियसुयं विणिक्खन्तो,संसारवासभीओ निव्विन्नो कामभोगाण	"Destroy yourself, Stop your pretentiousness, Get dressed regularly, And live forever." "- The Creator of Love
सामन्नं काऊणं पयमूले चारणस्स सुमुहस्स,निट्ठवियकम्मजालो,अन्तगडो केवली जाओ	Calm down, silly girl, Just go to the forest, Keep calm, For all the pastures are empty.
जो पहञ्जणोवि हु विज्जाहरनरवई पयाविल्लो,भुञ्जइ जणयविइण्णं रज्जं गयसयलआसङ्को	The dress I am wearing Is like a banner proclaiming victory, Like the bracelet on a woman's thighs That has fallen from grace.
तस्सय सयलन्तेउरपवराओ दुन्नि अग्गमहिसीओ,कलहंसी मञ्जूसा उत्तमवंसप्पसूयाओ	There are clouds of smoke rising from the fire, Mistakes being made for fire, And the midday sun shining brightly.
कलहंसीए जाओ पुत्तो जलणप्पहॊत्ति नामेण,मञ्जूसाए लहुओ पुत्तो कणगप्पहो नामो	Go to quarrels, my son, For the name of the burning chalice may be familiar, But as for me, My son, My name is Kanagappa.
निययसहोयरवयणं सुमरन्ती बन्धुसुन्दरी देवी,नाऊण चित्तलेहं नियधूयं जोव्वणं पत्तं	"Destroyed by fate The goddess of beauty's daughter - in - law, Friendly beauty, Now only a leaf of youth Is to be plucked from the heart.
अह तं भाउयवयणं साहइ दइयस्स भाणुगइणो सा,तत्तो य भाणुगइणा नियधूया चित्तलेहा सा	Oh! the compassionate brother - in - law will help you out, For when he leaves, It's as if he had set his heart on her.
दिन्ना खयरपहञ्जणसुयस्स जेट्ठस्स रूवजुतस्स,जलणपहस्स,तेणवि परिणीया परमपीईए	Dinna khyarapahajan suyas, Jethas ruvajutasa, Jalanapahasa, The third parinaya is the ultimate drink."
सुरनन्दणम्मि नयरे नीया अह तीए नेहसहियाए,सह विसए भुञ्जन्तो चिट्ठइ देवोव्व दियलोए	Surendranammi nayare neeya ah, she is so helpless. With her wiles, Bhunjanto chhitte devoove diyalo
अह अन्नया कयाइवि खयराहिवई पहञ्जणो दट्ठुं,गयणे ससङ्कधवलं देवउलगोरयं गेहं	Oh! what a cruel man you are, Seeing him dressed in such a way As to offend the gods.
अह चिन्तिउं पयत्तो मणोहरो हन्दि! एस आगारो,एयागिईए ता हं कारेमि जिणालयं रम्मं	"Ah, think of it, my poor hand! It's early morning, so I've got to get to work to make sure I win.
मणिकुट्टिमम्मि तत्तो आलिहिउं उज्जओ जया राया,ताव य झत्ति विलीणो पवणहओ जलहरो सव्वो	Manikuttimammi, When Jaya Raya flashed by, Suddenly the rivers merged And the streams were all water.
दठ्ठूणं तं विलीणं खणेण राया विचिन्तए एवं,एवंविहा नराणं लच्छीओ चवलरूवाओ	When he saw her, He could not help thinking:" "She looks just like Raya and behaves as if she were one of his lucky lovers."
जह एसो अब्भलवो खणेण दिट्ठो पुणो पणट्ठॊत्ति,तह सव्वेवि पयत्था खणमित्ताणन्दसञ्जणणा	As this man was brilliant when he saw it and will be again when he sees it, so must everyone else have experienced the pleasure of seeing him.
रूवं च जीवियं जोव्वणं च सव्वेवि बन्धुसम्बन्धा,एवमणिच्चा अव्वो! धिरत्थु संसारवासस्स	Beauty, long life, and youth are all bonds of friendship; this is the way to be! Only by staying in the world."
पच्चक्खं हि अणिच्चं नाऊणवि जं थिरंव मन्नन्ति,विसया ' 'सत्ता सत्ता,एयं अविवेयसामत्थं	The dogma is the same as the adage" "Whatever you desire, have faith." "'Power is power; this is inseparable.
नाऊणवि जिणवयणं आरम्भपरिग्गहेसु वट्टन्ति,कामासत्ता जं पुण अहो! महामोहमाहप्पं	"In the early part of her life She has already conquered many things, But love, Once it's begun, Is something entirely new! It's been a long road.
ता 'लं मम रज्जेणं संसारनिवासहेउभूएण,जाणियजिणिन्दवयणस्स हन्दि! गुरुदुक्खमूलेण	Then my anger will settle, as if it were the only way to live in the world: By sacrificing one's life! The root of all suffering."
ता सावज्जं वज्जिय पव्वज्जाउज्जमं करेमि लहुं,किं मह इमिणा दुग्गइनिबन्धणासाररज्जेण?	Well, I suppose I should decorate the bower in the south, but should I decorate it with bracelets like these?
अन्नं च मज्झ वंसे रज्जं दाऊण निययपुत्ताण,बहवे कयसामन्ना रायाणो पाविया सुगइं	"My husband and I are bound by a tight rope, Destroyed by fate, But when things go wrong It's as if the gods have already ruled.
तव्वंसपसूएण मएवि कायव्वयं इमं तम्हा,इय चिन्तिऊण राया संसइ संनिहियखयराणं	If you think about it, That I can make you happy at least once in my life - That's what love is all about."
एत्थन्तरे सुघोसो चउनाणी चारणो मुणी तत्थ,विरहन्तो सम्पत्तो भवियाण विबोहणट्ठाए	Here are sage's daughters - in - law bathing, There is the sage of pasture, And when separated, Wealth begets imaginary visions of fate.
राया पहञ्जणो अह सुयस्स जलणप्पहस्स अह रज्जं,दाऊण तहा कणगप्पहस्स पन्नत्तिवरविज्जं	The king's wife is wearing a garland of jewels, A flame of fire is burning, And a sheet of emerald smoke rises from her husband's cupped hand.
तत्तो य विणिक्खन्तो सुघोससाहुस्स पायमूलम्मि,अवहाय रायलच्छिं पहञ्जणो खयररायत्ति	That's when Vinikhant, with a pleasant sigh, Stealthily stepped on to my feet, Carefully putting on his royal robes.
जलणप्पहोवि भुञ्जइ रायसिरिं खयरनियरपरिकिन्नो,सयलोरोहपहाणाइ चित्तलेहाइ समयन्ति	The fire that burns is roasted with rice flour, Like the grains of husked rice. When the sky is full of rain clouds It's time for paintings
कणगप्पहोवि साहिय विज्जं पन्नत्तिनामियं विहिणा,विज्जापभावसञ्जायगरुयसामत्थवित्थारो	Through the mud of mud and mud, Through wisdom and the arrow of the God of Love, Together they unravel.
उज्झिय नियवंसकमं अणविक्खिय अयसपडहयं लोए,बहुमन्निय अविवेयं अवियारिय दोग्गइगमणं	In a world dominated by the ignorant, Anxious and uncaring people, Pretending to be ignorant and dishonest.
अणवेक्खिय गुरुभावं अङ्गीकाऊण तह अदक्खिन्नं,रायसिरिलोलुएणं विज्जाबलदप्पभरिएण	To embrace an unseen masterpiece Is to lose sight of what is incomprehensible, Like being struck by a lightning bolt While dancing in the rain.
जलणप्पहस्स जिट्ठस्स भाउणो पिउविदिन्नरज्जपयं,उद्दालियं तु कणगप्पहेण विज्जापभावाओ	Jealousy is the essence of love, But greed is the enemy of wisdom.
तत्तो अहिट्ठियं तं रज्जं सव्वम्पि उग्गतेएण,सामाइणा सव्वो वसीकओ खयरनिउरम्बो	So here we are, with the ropes stretched all the way around us, Doing our best to avoid falling over."
नीसारिओ सभूमीओ ताहि जलणप्पहो कणिट्ठेण,नयरम्मि चमरचञ्चे समागओ ससुरपासम्मि	"Everyone is poor, So do not burn yourselves with the kitchen fire. The fire of love gathers around your father - in - law's bedchamber.
बहुमाणपुव्वयं सो पवेसिओ नियपुरम्मि ससुरेण,भाणुगइराइणा अह समयं चिय चित्तलेहाए	With great difficulty he reached his mother - in - law's house, Who in her spare time distracted herself with gossip."
अह परमपमोएणं तहिं वसन्तस्स सुरनयरम्मि,भो चित्तवेग! तस्स उ वोलीणा वासरा कइवि	"Oh, my dear, The spring is so fragrant By the way, And so is the spirit! Once there it will wilt. So will all the other flowers.
अह अन्नया कयाइवि जलणपहो सालएण सञ्जुत्तो,चित्तगइनामएणं नीहरिओ ताओ नयराओ	Ah! the fire that burns in the forest Is quenched by the rain, And the blue sky is absent from my mind.
पेच्छन्तो बहुविहउववणांइ रमणीयतरुसणाहाइं,भारण्डचक्कमण्डियपसन्नजलदीहियानिवहं	You will see them all decked out in beautiful robes, Like a river in spate When full of water Circles the earth.
पसरियसियभासाइं पेच्छन्तो गिरिवरस्स सिहराइं,किन्नरमिहुणसुसङ्गकयलीहरविहियसोहम्मि	The hunter's wife looks down at the hillside So that he can see the heights of the mountain, While the eunuchs rejoice At the sight of their beloved wife.
अइकलकूइयकलयण्ठिलट्ठकोलाहलाभिरमणीए,परिभमिरभमरनिउरम्बगरुयझङ्कारमहुरम्मि	With a trembling voice, Like the echo of a clap of thunder, I bow before you, Surrounded by clouds of fire.
एगम्मि वणनिगुञ्जे फलभरविणमन्तदुमसयाइन्ने,पत्तो सकोउगेणं समयं चिय चित्तगइणा उ	It is time for the trees to blossom, For the shrubs to sprout new shoots, And the flowers to bear fruit.
वायन्तमउयमारुयहल्लन्तसुपल्लवोहसोहिल्लं,पेच्छइ रत्तासोयं महुयरिगणविहियहलबोलं	The wind stirs the sky, Loud with the rays of the sun, And the moon looks on, Like a mass of bees thronging the sky.
तस्स य अहे निविट्ठो कञ्चणपउमम्मि मुणिवरो दिट्ठो,विज्जाहरनरकिन्नरसुरविसरेणं नमिज्जन्तो	There you are, staring at your dead mother - in - law's face Which is blackened by the sun's rays Which trickle down from the night sky."
उप्पन्नविमलकेवलनाणो अह सुरवरेहिं थुव्वन्तो,आसन्ने उण जलणप्पहेण सो पच्चभिन्नाओ	A swarm of gnats hovers over him, Sucking in his breath between clenched teeth: As if he'd had a heart attack.
सो एसो मज्झ पिया पहञ्जणो नाम मुणिवरो एवं,सिट्ठम्मि चित्तगइणो तत्तो ते दोवि हरिसेण	So, my dear, the name of the couple is Munivar and they both look so happy when they sit down and sing."
ति पइक्खिणिउं सम्मं हरिसवसुट्ठन्तबहलरोमञ्चा,पणमियकेवलिचलणा विणिविट्ठा धरणिवट्ठम्मि	The earth teems with bees, Crested on the rocky face of the mountain, Running smoothly until it bursts open.
निज्जियसनीरजीमूयघोसगम्भीरभारईए तओ,तीइ परिसाइ भयवं पारद्धो देसणं काउं	In this wretched world of ours, So heavy is the burden of grief, And so frightening is the fate of the earth.
अविय गयकलहकन्नचवला लच्छी मणुयाणमाउमणिच्चं,जोव्वणमवि मणुयाणं सहसत्ति जरा अभिद्दवइ	Aunt, A man with a long necklace Looks like a woman with plump breasts. The youthful woman shows her a hundredfold."
रोगसयपीडियं तम्पि जोव्वणं जाइ जीवलोगम्मि,इट्ठवियोगा 'णिट्ठप्पओगदुक्खेहिं केसिञ्चि	Illness, brother, As long as you are young Your life goes on Like this:" "Stop being angry, It can't get any worse."
अइपरिमियम्मि चवले रोगजरासोगवाहिपउरम्मि,जीवाण जोव्वणे एरिसम्मि को नाम पडिबन्धो?	My dear, Who would like to be called a pathologist If his illness is contagious, Because he has contracted the virus While still young?
विसया कुगइनिमित्तं उवभुत्ता तुच्छगा तहा तेवि,विरसा सइ अवसाणे तेसु तओ को व पडिबन्धो?	If he despises you on account of your wretchedness, then, inasmuch as you despise him, who is going to forgive you for being so indifferent?
इय संसारे सारं जं किर पडिहासए विवज्जासा,तम्पि हु दुहसयहेउत्ति जाणिउं कुणह जिणधम्मं	In this world, whatever you do, Be discreet, brother, As long as you are polite, And know how to live."
जं दुलहा सामग्गी एसा तुब्भेहिं भवसमुद्दम्मि,पत्ता अपत्तपुव्वा ता मा तं निप्फलं नेह	When the bridegroom has offered her husband such a thing, Never mind the consequences."
एसा हु पुणो दुलहा जाईलक्खोहसङ्कुलभवम्मि,हिण्डन्ताणं ताणं न य अन्नं जिणमयं मोत्तुं	This is how the young bridegroom will feel when he returns: There is nothing left for him to eat But death itself.
तम्हा जिणेहिं भणियं दिक्खं घेत्तूण सञ्जमं काउं,उज्झिय तो संसार पावह सिद्धीए पवरसुहं	If you look at my brother - in - law, He will find a way into my heart, Then I will rejoice, Having accomplished so much in this world.
एवं मुणिणा धम्मम्मि साहिए केवि तत्थ पव्वइया,जाया उवासया तह अन्ने सम्मं पवन्नत्ति	And how can one travel so far without touching the sacred thread? If one travels so far, one can reach it only by bathing.
एत्थन्तरम्मि पणमिय जलणपहो विन्नवेइ नियपियरं,भयवं! पुणरवि रज्जं किं तं मह होज्ज नो अहवा?	The fire that burns in my heart Sounds like a miracle, But fear not! Will the king have it again, My lord?"
अह केवलिणा भणियं होही,तं कइय,पुच्छियमणेण,तो भणइ मुणिवरिन्दो केवलविन्नायपरमत्थो	"Oh! only good friends? Ask them anything and they will reply :'Only bad people talk '.
भाणुगइदिन्नरोहिणिविज्जाए साहियाए ते भद्द!,होही पुणरवि खयराहिवत्तणं नत्थि सन्देहो	Foolish of them all! When angry women rush to help them, There can be no longer any doubt."
एवं मुणिणा भणिए पहसियवयणेहिं वन्दिओ भयवं,एत्थन्तरम्मि परिसा जहागयं पडिगया सव्वा	And the sage said," "With great fear I will betray you to your enemies. So now the whole parish is lying in wait."
तत्तो ते दोवि जणा समागया झत्ति निययनयरम्मि,चित्तगइणा य कहियं केवलिवयणं तु नियपिउणो	So the two of them got together, and immediately made up their minds as to which of them you should appoint."
तत्तो य भाणुगइणा सोहणरिक्खम्मि रोहिणी विज्जा,जामाउयतणयाणं दोण्हवि समयं विदिन्नति	"By the way, my dear, Rohini Vijja is wearing a pink blouse now. Time has passed for both of us to gather together.
भणिया य पुव्वसेवं करजावविहाणओ कुणह सम्मं,वसिमम्मि ठिया समयं छम्मासं जाव तो पच्छा	Tell me, is it in service to the flower, Is it in discharge of one's debts, Or until the time is ripe For your husband to go abroad?
उत्तरसेवा उग्गा कायव्वा एगगेहिं अडवीए,बीएण पुणो उत्तरसाहगरूवेण होयव्वं	Answer, service, Ugga kayavva, if you ever try again, You'll find another answer.
अन्नं च भीसणासुवि विभीसियासुं मणं न दायव्वं,पुन्ने सत्तममासे देस्सइ अह दंसणं विज्जा	Do not burden me with thoughts of hunger and thirst; I will return in seven months," is the wisdom of this passage.
एवं रन्ना भणिया दोन्निवि पणमित्तु तस्स पयकमलं,पारद्धा तं काउं छम्मासा जाव पुन्नत्ति	And the bird ran away, And the lotus grew on her other two breasts, So that the bird was never seen again."
अह सत्तम्मि मासे गन्तुं अडवीए तव्विही सव्वो,जलणप्पहेण पुव्विं पारद्धो जावहोमाई	Ah! the passage of seven months, All three of you! With a burning flame of fire You have crossed the skies."
वसुनन्दयखग्गकरो चित्तगई तस्स रक्खओ जाओ,सोवि हु अणन्नचित्तो पारद्धो तं विहिं काउं	Go and save him if he wants to. I will spare him the thought of crossing the Vindhya."
अन्नदिवसम्मि तुरियं आगच्छन्ती पकम्पमाणतणू,दिट्ठा उ चित्तलेहा भयभीया तम्मि ठाणम्मि	The trumpet is blowing during the day When she sees the trumpetflowers blossom, And when she sees them she is afraid of the thunder.
तं दट्ठुं नियभगिणिं चित्तगई भणइ कत्थ तं भद्दे!,आया सुभीसणाए एक्कल्ला एत्थ अडवीए?	When did you see him And realize that he was angry with you? How is it then, my poor boy! That you are sitting here alone In the presence of good people?
कस्स व भएण गाढं कम्पसि तं भगिणि! ताहि सा भणइ,नयराउ निग्गया हं परियरिया दासचेडीहिं	"You fool, What makes you tremble so much!" "She tells him," "I am running away now Because I am following the trail of a familiar slave.
पत्ता उज्जाणम्मी तत्थ मए पूइओ कुसुमबाणो,नियगिहमागच्छन्ती विमोहिया झत्ति केणावि	Leaf is bright, Then my flowers will bloom, Destroyed by fate, And suddenly someone will appear.
मोत्तूणं परियणं तं पलायमाणी समागया एत्थ,अडवीए ताव मए दिट्ठो कणगप्पहो सहसा	It's my turn to flee, My dear, That all too sudden I see a flock of parrots Running towards me.
पावेण तेण भणियं इच्छ ममं ताहि गाढकुद्धाए,अक्कोसिओ स बहुहा निट्ठुरवयणेहिं मे ताहे	Because he wants to share his passion, I cover him with thick hair, but he is in a state of deep remorse.
उग्गीरिऊण खग्गं भणिया हं तेण इच्छसु ममन्ति,अह नवि,तो ते सीसं छिन्दामि इमेण खग्गेण	I want you to say, my dear, It's a nail on the head, So I'm going to pierce it with this nail.
एवं च तेण भणिया पलायमाणी भएण कम्पन्ती,पत्ता तुम्ह समीवे रक्ख ममं ताओ पावाओ	And because she was shivering when he ran away, you protected her at the same time and she protected you.
एवं भणमाणिं तं सहसा आगम्म गिण्हिउं हत्थे,उप्पइओ कणगपहो तमालदलसामलं गयणं	And as I was about to say it, he suddenly reached for my hand and kissed it."
हा! रक्ख रक्ख भाउय! हा वल्लह! कुणसु मह परित्तत्तिं,एमाइ विलवमाणिं हीरन्तिं दट्ठु नियभगिणिं	"Ha! Rakha rakha bhaiyya! Ha wallah! Please forgive me, these are the arrows of the God of Love Which pierced my heart With their sharp arrows.
नियकुलकलङ्ककारय! कत्थ ममं जीसि दिट्ठिपहपडिओ?,पुरिसो भव एस तुहं सीसच्छेयं करेमित्ति	"What do you mean you're klunking! When did you see your mother again?" "- You fool, that's what you used to do in a dream.
एमाइ वाहरन्तो चित्तगई गहियनिसियकरवालो,अणुमग्गेणुप्पइओ भगिणिए विमोयणट्ठाए	I will never forget how my brothers and sisters tried to escape from my inebriated state But failed miserably.
अह तं विमोहयन्तो कणगपहो आगओ नियनयरे,चित्तगईवि खयरो अणुमग्गं तस्स सम्पत्तो	Ah! the fire of love, Which rages in the forest, Is a treasure in itself, Like a treasure chest on the river bank.
तत्तो विमोहणीए विज्जाए मोहिऊण चिन्त्तगइं,सुरनन्दणे पविट्ठो कणगपहो निययनयरम्मि	Then the woman was captivated by the thought of the fragrant flowers in her ecstasy, And when she sang the song of praise the sacred shoots appeared in her destiny."
अह सो मोहियचित्तो चित्तगई तत्थ वाहिरुज्जाणे,वीसरियभगिणिहरणो अवयरिओ कोउहल्लेण	Oh! he is so captivated By the outward signs Then, due to the irresistible anger He feels Towards his wife Who is abroad,
दट्ठुं जणसन्दोहं उसभजिणिन्दस्स पवरभवणम्मि,जत्तासमए मिलियं विचित्तनेवत्थसच्छायं	When you see the crowd, You sense the energy of the fire, When you meet it, It's like seeing a shadow cast by a stranger.
पविसिय जिणिन्दभवणं वन्दिय भत्तीइ पढमजिणनाहं,उवविट्ठो चित्तगई विज्जाहरनियरमज्झम्मि	"Traveler, If you want to enjoy the pleasures of love, You have to travel by train, By air, By plane, In the middle of the night.
पत्तो खणन्तराओ जलणप्पहपेसिओ नरो एगो,पुच्छन्तो चित्तगइं दमघोसो नाम जिणभवणे	If you are suffering from nausea or vomiting, ask me how I am And I will explain.
दट्ठूण य चित्तगइं पणमिय नेऊण ताहि एगन्ते,दमघोसो भणइ तओ भगिणीए विमोयणट्ठाए	When he sees me his angry wife tells him not to, And when he has trouble breathing She frees him."
उप्पइओ ताव तुमं,जलणपहो पिच्छिउम्पि तं सव्वं,अक्खुहियमणो सम्मं नवि चलिओ निययकिरियाओ	Get away from me! You're the one who set fire to everything I hold dear. Never again will you set foot on top of me, ever again.
निच्चलचित्तं दट्ठुं जलणपहं मन्तजाववावारं,अह सा रोहिणिविज्जा पच्चक्खा झत्ति सञ्जाया	Suddenly I saw her flushed with excitement," "She's been painting the surface of her eyes all day."
भणियं तीए पुत्तय! अणन्नसरिसं हि सुट्ठु धीरत्तं,ता सिद्धा तुज्झ अहं भणसु य जं मज्झ कायव्वं?	Tell me, my son, If you promise to be patient while I am busy telling you the truth, How can I help you?"
भणियं जलप्पहेणं अवहरिया मज्झ भारिया जा सा,कणगप्पहेणं,तं ताव सिग्घमाणेह मह पासं	"My brother, If you want to take me for a drink of water, You'd better come to me quickly, Sweetwood.
भणियं विज्जाइ तओ सुणसु इमं ताव वइयरं पुत्त!,केवलिवयणाईओ सव्वोवि हु वइयरो तस्स	"My son, listen to this! You're the only one who can explain it!" "were the words of one of his wives.
पन्नत्तीए कहिओ तत्तो सो आगओ तुह समीवे,खोहणहेउं सव्वं मायाए कयं इमं तेण	Tell me, darling, When he comes to you He will destroy all my affection For what reason?"
तुह महिला नियगेहे अच्छइ निरुवद्दवा सुहेणं तु,चित्तगई पुण तेणं विमोहिओ मोहणिपभावा	You have a good wife, You are forthright, And she is pleasant to deal with. So do be careful not to fall in love again.
सुरनन्दणम्मि नयरे जिणिन्दभवणम्मि अच्छइ निविट्ठो,ता मा काहिसि किञ्चिवि एत्थत्थे पुत्त! उव्वेवं	It is better not to sleep than to wake up again, my son, for there is something here for you to do!
एवं भणिउं विज्जा अदंसणं झत्ति उवगया ताहे,अहयं जलणपहेणं पट्ठविओ तुम्ह पासम्मि	And say,'Suddenly you will see the incompetence of science; now, dear girl, I have a burning passion for you.
एवं च तेण भणिओ दमघोसेणं अमूढचित्तो सो,चित्तगई सञ्जाओ चलिओ सह तेण नियठाणं	And he said," "Because you despaired of being choked, I will accompany you on your journey."
एत्थन्तरम्मि न्हवणे वित्तप्पायम्मि जिणवरिन्दस्स,पविसइ नयरे लोगो नाणाविहवाहणारụ̄धो	In the meantime, take a bath, Finances will increase, And in the near future, The traveler's wife will bring him money."
अविय कोवि हु सिबियारụ̄धो आरụ̄धो रहवरेसु चित्तेसु,हयगयअस्सतरेसुं डोलियजुगेसु विविहेसु	Nowadays people think one thing: While the rivers are swollen, The rivers are in spate, And the streams of water are abundant."
एत्थन्तरम्मि हत्थी कणगप्पहसन्तिओ महाकाओ,मयमत्तो उम्मिट्ठो नीहरिओ ताओ नयराओ	The elephant is standing here, The snake is standing there, And the peacock is standing beside me. Yet you do not see him.
भञ्जन्तो गिहदारे उड̣धोसेन्तो वरण्डए बहुसो,मारिन्तो जणनियरं अच्छोलिन्तो रहे विविहे	They roam about in thickets, Flying with the sharpest arrows Through thickets of reeds, And kill many a man In as many different ways As they can find in one spot.
अह तं कयन्तसरिसं उड̣धीकयगुरुकरं सुघोरमुहं,दट्ठुं नट्ठो लोओ दिसो दिसिं मरणभयभीओ	Oh! the way you look at him, That proud face of your master, That man is so afraid of death That he does not look at you.
सोवि हु पवहणनिवहं भञ्जन्तो दन्तपायघाएहिं,उच्छोलिन्तो सुण्डाइ हिण्डए सव्वओ तत्थ	I am so full of love That I smear my teeth with it, Throw it all away And cover it all with my hands.
कोऊहलेण गयणे परिट्ठिओ पुलोइउं पयत्तो सो,चित्तगई मत्तकरिं कयन्तवयणंव दुप्पिच्छं	When a man sings a song without singing it, It is as if he were singing it while intoxicated."
एत्थन्तरम्मि एगम्मि रहवरे पढमजोव्वणारम्भा,जुवई अणन्नरूवा बहुविहवरभूसणाइन्ना	From now on it will be like being pregnant for the first time, Like a young man deprived of his many pleasures.
उम्मग्गपयट्टेहिं जच्चतुरङ्गेहिं हत्थितट्ठेहिं,भग्गम्मि रहे भूमीइ निवडिया विगयजीयव्व	Because the earth teems with bees, Birds gather in clusters, And bees crowd the ground To find new seeds of happiness.
नवनीलुप्पलसच्छहविसाललोलन्तलोयणा वरई,सम्भग्गकन्नकुण्डलविलुलियवरकुन्तलकलावा	The bridegroom is wearing a garland of lotuses Placed on top of the navel To welcome in his bride, Who is covered with gooseflesh.
विच्छिन्नकणयखिङ्खिणिनियरपलम्बन्तमेहलादामा,ईसीसिहारपच्छन्नथणहरा गलियसिरकुसुमा	A lotus blossoms on the face of the hunter Who is plucking at the tips of the branches That bend beneath his weight.
विहडियअङ्गयजुयला निवडियकडया पणट्ठगेविज्जा,तुट्टगुणहारवियलियमुत्ताहलसोहियसरीरा	"Young girl, Once you've had your period, You've got to sort of embrace it all!" "With a broad smile on your face You're sure to please.
सम्भग्गनेउरजुया मुसुमूरियरयणमालियानियरा,भूमितललुलियदेहा अह दिट्ठा तेण सा करिणा	Young girls, Smiling lotuses, Lovely gods of the earth: That's the way they see it."
तत्तो उज्झियहत्थो तीइ वहट्ठाइ करिवरो चलिओ,तं दट्ठु परियरेण गरुओ हाहारवो विहिओ	There she is, clutching at the palm of her hand As if it were a doe's pail; At the sight of her you can almost make out her face."
सुसिलिट्ठअङ्गुवङ्गं अह तं पडिपुन्नचन्दसमवयणं,करगिज्झमज्झभागं वियडनियम्बत्थलिं जुवइं	"Hanging on by the hairpin bend, Seeing him face to face with the setting moon, I've put my arms around him Since he's wont to bend Under the weight of his own thighs.
दट्ठुम्पि समासन्नं नागं,गन्तुं अचायमाणिं तु,मरणभयाओ गाढं वेवन्तसरीरयं खुद्धं	You stubborn cobra, Afraid you'll crash to the ground And your body will collapse Under the weight of death.
तायारमपिक्खन्तिं सतरलतारं दिसो नियच्छन्तिं,दट्ठूणं चितगई गयणत्थो चिन्तए एवं	When they see the clouds rising in the sky They are afraid of the clouds And when they see them they become afraid
हा! हा! कामनिहाणं महिलारयणं विणस्सइ लग्गं,ओयरिऊणं गयणाउ ताहि अङ्कम्मि सा गहिआ	"Ha! ha! Long - eyed woman, Laying bare the bare bones of her husband's longing." "She shook her head At the sound of his voice.
घित्तूण सयं सहसा ठाणे निरुवद्दवम्मि नेऊण,सीयलतरुछायाए निवेसिया कुट्टिमुच्छङ्गे	Suddenly he stopped, Taking hold of my thin skirt, And I turned my back on him."
तत्तो य उत्तरीयमिउपवणा ' 'सासियाए सो तीए,लज्जासज्झसमउलियनयणेहिं पुलोइओ तत्तो	"That's the way of the northern woman." "Her mother - in - law replies:" "There she is, pulling a tightrope around her shy husband.
चियपरिचियंव दट्ठुं तं तरुणं गरुयनेहसब्भावा,अमएणव संसित्ता जाया अह वियसियकवोला	When you see him young and attractive, You rejoice, For he is so affectionate That he does not want to be seen again.
चित्तगईवि य तीए दठ्ठूण अणोवमं तयं रूवं,तव्वयणनिसियनिप्फन्दलोयणो चिट्ठई जाव	If you look at her face you will see that she has a face," was the cry of one of your lovers.
ताव य तीए धाई कइवयजुवईहिं परिगया झत्ति,आगन्तुं उवविट्ठा भणइ तयं महुरवाणीए	So when her midwife notices that some young men are coming over, she welcomes them all with her mouth."
परकज्जकरणनिरया हवन्ति किर सज्जणत्ति सच्चवियं,कन्नगमेयं मोयन्तएण तुमए गइन्दाओ	Because you are so forthright About what should be shown to you, That you have introduced me to your lover, You dishonest man.
ता निक्कारणवच्छल! तुज्झ पभावाओ जीविया एसा,एमाइ बहुविगप्पं अभिनन्दिय सा पुणो भणइ	That's nirvana! You're brilliant! Life goes on, my dear. Many congratulations," She repeated.
गच्छामि अम्ह गेहं उस्सूरं वट्टए जओ इण्हिं,भणियं च चित्तगइणा एवं कुणहत्ति तत्तो य	I will go," he said, "" but only if I manage to pacify him with a sharp arrow, one that pierces through his ear, and one that touches his heart.
नियनयराभिमुहाणं ताणं चलियाण तीए कन्नाए,चित्तगइकरयलओ मुद्दारयणं लहुं गहियं	She walks with a straight face, But when she walks with her hands clutching at her anklets She finds it difficult to move."
निययकरसण्ठियं पुण समप्पियं तस्स ताण पच्छन्नं,अह सा सज्झसवेविरदेहा गन्तुं पयट्टत्ति	Destroyed by fate And buried by fate, She is on the verge of disappearing without a trace
वलियग्गीवं तीए अइगुरुअणुरायपिसुणदिट्टीए,निज्झाइओ तहासो जह जाओ कुसुमसरविसओ	Valiyagigavam is like a tender mango shoot pierced by an emerald blossom, Wherever you look there is a shower of jasmine.
अह सा सहियणसहिया कमेण नियपुरवरं पविट्ठत्ति,चित्तगईवि य तीए जोव्वणरूवेहिं हयहियओ	Oh! the patience with which she puts up with it, Constant pretence at her errands, Such is the way of a singer in her youth.
चित्तलिहिउव्व जाओ खणन्तरं विगयअन्नवावारो,तं दट्ठुं दमघोसो सविणयमेवं समुल्लवइ	When you look at him He sniffs at you, Tears flow down his cheeks, And whispers loudly."
अत्थ गिरिसिहरमणुसरइ दिणयरो एस वियलियपयावो,ता गम्मउ नियठाणे कुमार! किमिणा विलम्बेण?	That's a long day, my dear: It only takes one day to knead and knead. Stop it, Kumar! Why the delay?"
तव्वयणं सोऊणं काउं आगारसंवरं भणइ,एवं करेमु नवरं कारणमेयं विलम्बस्स	When you go to bed, I promise I'll be right back, And if I don't, I will be late again.
मह हत्थाओ पडियं मुद्दारयणं तु एत्थ कत्थवि य,तं गविसिउं पभाए झडत्ति अहमागमिस्सामि	Here are your poems:" "I have written many poems, But now I must sing them out of my heart."
तं पुण गच्छसु सिग्धं कहेज्ज जलणप्पहस्स वुत्तन्तं,ईसि हसिऊण तओ दमघोसो एवमुल्लवइ १६६	Go and straighten it out," I told him, laughing, "Because laughing at you takes all the energy in 166.
पच्चक्खम्मिवि दिट्ठे कुमार! किं एत्थ वङ्कभणिएएहिं?,किं नवि दिट्ठा कन्ना तुह हत्था तं पगिण्हन्ती	You dimwit, little girl! Why are you standing here talking like that? You fool, can't you see? Your hands are touching her feet."
ता कवडं मोत्तूणं जहट्ठियं चेव साहिउं जुत्तं,कन्नाए मूलसुद्धिं उवलभिउं आगमिस्सामि	"So put on your pearl necklaces, Take care of your feet, They will grow smooth From the roots of your ears And I will come.
एवं च तेण भणिओ चित्तगई विहसिऊण वज्जरइ,सम्मं वियाणियं ते मणोगयं मज्झ दमघोस!	And he said," "Because my heart is beating so hard, I can't even breathe!"
अह सो कयप्पणामो उप्पइओ पाविओ नियं ठाणं,चित्तगईवि पविट्ठो जुगाइजिणमन्दिरे रम्मे	"Oh! I suppose you have done something wrong," "Said the doe." "The holy cow is at rest in the sacred Jugaijin temple.
वन्दियजिणिन्दबिम्बो जिणउग्गहवज्जियम्मि एगन्ते,गन्तूणं उवविट्ठो समागया ताव रयणीवि	A flock of parrots flies up from the bushes by the river, Like a banner proclaiming victory."
अह चिन्तिउं पयत्तो किं मन्ने तीइ मज्झ हत्थाओ,गहिउं मुद्दारयणं किंवा मह ̣धोइयं निययं?	Oh, think about it, you mean she hit me with her hands, kicked me around, or set me on fire?
कण णु मए नायव्वं तीए कुलं कहव सा वरेयव्वा,जइ सा हविज्ज महिला हविज्ज तो जीवियं सहलं	Tell me, family member, How can she go on for so long? If she's still a healthy woman, Life goes on."
तारिसरूवजुयाए समयं इह विसयसेवणं जुत्तं,तदभावे विसयासा विडम्बणा मज्झ पजिहाइ	When your lover is young, it's time to make use of your talents; when he's old, your talents are useless.
सो य कयत्थो पुरिसो लग्गिज्जा जस्स करयले बाला,रम्भागब्भसुकोमलबाहुलया हंसगइगमणा	So what are men supposed to do When their hair is tied in such a way That it makes them laugh Because they are jealous of their husbands?
धन्नो हमित्तिएणं गहिया अङ्कम्मि सा मए सुतणू,अवगूहिया य गाढं जं न मए वञ्चिओ तं तु	"Happy are you who can hide your feelings From my dark breasts, That I sleep soundly, And you cannot escape my wretched breasts.
पुणरवि हविज्ज जत्ता हत्थिभए भूमिनिवडिया तह सा,घित्तूण जेण सहसा अवयासेज्जा तयं गाढं	Once more the land is bare, Like an elephant's trunk So thick is the grass on the earth That it is bound to collapse Under the weight of its limbs.
एमाइ बहुविगप्पं विचितयन्तस्स तग्गयमणस्स,निद्दाए समं राई खयं गया,उग्गओ सूरो	"I have grown very thin, My mind is made up of various tricks, Like sleeping on grass. Get up, sunshine!
अह सो पहायसमए विहिणा वन्दित्तु जिणवरं पढमं,चलिओ कन्ना कुलहरवियाणणत्थं पुराभिमुहो	Ah, the first time I saw you, Friend, The first thing I saw was you sitting on the veranda And thinking how you would manage to escape
पत्तो य पुरं पिच्छइ जणरहियं सुन्नसयलधवलहरं,पुरलच्छिविप्पमुक्कं उव्वसियं अडविपडिरुवं	A flock of parrots flies up from the bushes by the river, Whose branches are prickly, Their beaks bowed, And their feet bowed.
अह पिच्छिऊण तं सो विम्हियहियओ मणेण चिन्तेइ,कत्तो हन्त! अकण्डे पुरमेयं उव्वसं जायं?	"Hey, you dimwit," "She thought as she pushed him aside." "What the hell! Should one of them ever wake up in the middle of the night?
किं होज्ज इन्दयालं अहवा सच्चं हि उव्वसं एयं,किं कुविएण सुरेणं अवहरियमिमाओ ठाणाओ	How can you be so sure it's the truth? What makes you so angry, That you forsake your rivals?
अहवा भयाओ कस्सवि नट्ठो लोगो इमाओ नयराओ,एवं विचिन्तयन्तो चित्तगई पविसई जाव	Fear not, my dear; these are empty words; go to sleep, thinking of things to come.
तावय समुहमिन्तो एगो पुरिसो पुलोइओ तेण,उवयारपुव्वयं सो महुरगिराए इमं भणिओ	That your husband is out of the house, That his wife is at hand," Said the beekeeper, with a broad smile on his face.
भद्दमुह! किंनिमित्तं उव्वसियं पुरवरं इमं सहसा,तत्तो य तेण भणियं साहिज्जन्तं निसामेहि	"Fool! Why so stubborn About this town coming down the road At the same time as your brother - in - law's silence?
ताव सुपसिद्धमेयं विज्जापन्नत्तिगव्विओ सूरो,पालइ पुरवरमेयं कणगपहो खयररायत्ति	So the sun rises on a sunny day, Gives pleasure, And casts a shadow on the horizon With its bright rays.
जलणप्पहस्स जेट्ठस्स भाउणो पिउविदिन्नरज्जपयं,उद्दालिऊण जेणिह अहिट्ठियं अप्पणा चेव	Jealous brother, If you want to enjoy your lover's affection You have to kneel before him On either side of the fire.
नीसारिओ य भाया जिट्ठो ससुरस्स सो गओ नयरे,एसोवि इमम्मि पुरे अच्छइ रज्जं अणुहवन्तो	Poor girl, The more your father - in - law says, the thinner he gets."
ससुरेण भाणुगइणा किल विज्जा रोहिणी उ से दिन्ना,सो साहिउं पयत्तो सिट्ठं च इमस्स विज्जाए	Mother - in - law gave me this poison, Which Rohini blew out of the fire of love, And I poured it out of my heart."
तत्तो तव्विग्घट्ठा राया कणगप्पहो गओ तत्थ,न य खोभिओ स तेणं मणेण भीओ तओ एसो	There you will meet your lover, He will arrange for you a bedchamber, But do not worry, for he will come thinking of you.
नियनयराभिमुहेणं आगच्छन्तेण अन्नचित्तेण,कहवि हु पमायवसओ जिणभवणं लङ्घियमणेण	They come with their eyes closed, With their eyes fixed on the horizon, As if they had nothing to fear But were led astray by their passions.
पुव्वं धरणिन्देणं एसो समओ कओ नहयराण,जिणभवणसाहुपडिमाणं लङ्घणं एत्थ जो काही	The whole earth teems with rain clouds, And the rivers with their streams of water: Here's what it takes To shake off the burdens of existence."
तस्स खयराहमस्स ओ विज्जाच्छेओ भविस्सई सहसा,एवं वेयड्ढनगे अइविदियं सयलखयराण	Suddenly she senses a storm of thunder and lightning, And suddenly she sees a long line of birds Flying past."
तत्तो इमस्स रन्नो जिनभवणं लङ्घियन्ति रुट्ठेण,धरणेण तक्खणिच्चिय विज्जाच्छेओ कओ भद्द!	So what a cruel man he is, Running after buildings That are shaking with anger And smearing them with mud!
जलणप्पहस्स विज्जा सिद्धत्ति वियाणिऊण कणगपहो,विज्जारहिओ इहयं ठाउमसत्तोति अह नट्ठो	Because knowledge is the essence of wisdom, Learn how to weep and wail, For with knowledge come patience and perseverance.
गङ्गावत्तम्मि गओ भयभीओ दक्खिणाए सẹ̄धीए,सिरिगन्धवाहणस्स ओ सरणं सह नाइवग्गेणं	Be afraid of the river Ganges, Be wary of the rivers of the south; For there is a God of fragrance in the rivers, And with the streams there is the victory of good and evil.
नाऊण वइयरमिणं खुहिओ सव्वोवि नायरो लोगो,पहुरहिओ भयभीओ अवरोप्परमेवमुल्लवइ	Nowadays people are very nice. Everyone is nice to me, I am polite, And everyone is scared. Above and below I am completely harmless.
अम्हाण पहू नट्ठो न य सक्कइ वासिउं पुरं एयं,तेण विणा ता अम्हं न जुत्तमिह अच्छिउं इण्हिं	Our daughter - in - law has not reached the fullness of her soul, and without her we have no more work to do.
को कुणइ अम्ह रक्खं एत्थ वसन्ताण नाहरहियाण,सव्वेसिं तेण उचियं पुरमेयं उज्झिउं सिग्घं	Who's going to protect us here in springtime? Everyone is going to be blown away by that fire!"
एवं विणिच्छियम्मी नयरमहन्तेहिं मन्तकुसलेहिं,सव्वोवि जणो नट्ठो जायं अह सुन्नयं नयरं	And all the people groaned as they heard the crashing sound Of the lute."
आसज्ज कारणमिणं उव्वसियं तेण पुरवरं एयं,चित्तगई भणइ तओ कत्थ गओ सो जण भद्द!?	I hope you didn't mean it, because if you ask me where he is now, I'll tell you that he's a criminal!?
तत्तो य तेण भणियं कोवि जणो गयणवल्लहे नयरे,कोवि गओ विजयपुरे कोवि हु इह वेजयन्तम्मि	Well, then, my dear, Not many people know how to sing, For somewhere along the line of victory There must be someone who knows how to croon.
सत्तुञ्जयम्मि कोवि हु अरिञ्जए कोवि तह गओ लोओ,अन्नो नन्दणनयरे अवरो विमलम्मि नयरम्मि	Sattunjayammi kavi hu arinjaye kavi tha gao lo, anno nandhananyare avarom vimalammi nayarmi
रहनेउरम्मि कोवि हु आणन्दपुरम्मि अरिजए कोवि,सगडामुहम्मि कोवि हु पुरीए तह वेजयन्तीए	There is a cow in the living room, There is rice in the courtyard, And there is paddy in the kitchen.
कोवि हु रयणपुरम्मि सिरिनयरे रयणसञ्चयं कोवि,नयरम्मि जलावत्ते कोवि गओ सङ्खनाभम्मि	Cowie, Ryanpurammy, Sirinyere, There is a river in the lake, But the fire that burns in the pond Is from the stream In the lake.
अवरावरनयरेसुं पडिवक्खसमासएण पुरलोओ,सव्वोवि हु विक्खिरिओ सत्तुयपुञ्जोव्व वायहओ	Because of the abundance of water in the open air, Birds of a feather flock around one another, And wind blows with the same force Every day.
एवं भणिऊण नरो विहियपणामो स गन्तुमारद्धो,चित्तगईवि य ताहे सोच्चा तव्वयणं सहसा	And he said," "I have no idea what you are talking about; I suppose you have already thought it over."
पहउव्व मोग्गरेणं गिलिओ इव रक्खसेण खुहिएण,वज्जेण ताडिओ इव दुक्खं अइदूसहं पत्तो	One can swallow a sweetwood flower, One can muddle a mouthful of nectar, And play the flute to one's delight.
अह चिन्तिउं पयत्तो दट्ठव्वा कत्थ सा मए बाला,मह हिययकयाणन्दा एवं विहियम्मि हयविहिणा?	Oh, think about it, Paitho dhartavva, where was I when I was a child, Living in poverty With my own eyes And my own body?
इत्थवि नयरे तीए कुलकोडिसमाउलम्मि विउलम्मि,दंसणमवि अइदुलहं अवियाणियकुलहराए उ	While making love to her lover She covered the whole body with gooseflesh, And when she tried to kiss his cheek He could not help laughing.
इण्हिं पुण नाणाविहनयरेसुं पवसियम्मि लोयम्मि,दइयाए पउत्तीयवि वियाणणे सम्भवो नत्थि	In this wretched world of ours, so full of crooks, It is impossible for me to arrange a decent marriage.
ता किं करेमि इण्हिं हयविहिणा विहडियम्मि एयम्मि,लब्भिज्ज कह पउत्ती कहवा मह दंसणं होज्जा?	So what am I to do, Sitting here in the middle of the street Wearing only my wedding dress? Tell me, am I supposed to look at you?
को पुच्छिज्जउ नामं को मह साहिज्ज कुलहरं तीए?,जत्थ गया मम दइया अक्खिज्जा पुरवरं को तं?	Whom do you ask, My handsome husker?, Where did you go, My kind, And who is this gentleman on the street?
कहव तुडिजोगओ सा दिट्ठा अम्हेहिं हयविहिनिओगा,इण्हिं पुण दट्ठव्वा को जाणइ कत्थव नवत्ति?	When will we see each other again, As if we have just seen each other Before?
तीए नामक्खराइं विरहपिसायस्स मन्तभूयाइं,सुइगोयरं गयाइं न मज्झ हा! कत्थ वच्चामि?	Those empty words, Sounding like parting words, Aren't they true! Where have I got them?"
हा! हियय! कास झूरसि निब्बन्धं मुञ्च तम्मि लोयम्मि,अज्जवि का तुह आसा ठाणम्पि अयाणमाणस्स	"Ha! hey! How are you going to manage in this damned world? One day you'll have to wait For me to come to you.
अविय जइ डज्झसि ता डज्झसु कुट्टसि हे हियय! न हु निवारेमि,दइयाए जं पउत्तीवि दुल्लहा सम्पयं जाया	"Ah, what a cruel man you are, You stupid boy! I will not escape, For as long as my husband is away A miser's wealth will not be lost.
अहवा किं इमिणा चिन्तिएण अइगरुयविसायगब्भेण,अवलम्बिय धीरत्तं किञ्चि उवायं विचिन्तेमि	Ah, but why am I so anxious About my wretchedness, Which I suppose has left me with no more patience?
जेण उवायपयट्टा पुरिसा पाविन्ति इच्छियं अत्थं,सुम्मइ लोयम्मि जओ लब्भइ सुविणं सुयन्तेहिं	As soon as a man utters a supplicant's wish, It's as if he has fallen asleep, Just like that which appears in a painting."
एसो य इह उवाओ भमामि सव्वेसु खयरनयरेसु,मा कहय कोवि कत्थवि तीए पउत्तिम्पि साहिज्जा	Come, you fool, I beg of you, All the good people are waiting for you. Tell me, is there some other way of putting it?
दासिज्ज अहव सक्खा परिब्भमन्तेहि कम्मिवि पुरम्मि,चन्दमुही सा बाला,तहा य अइसुन्दरं चेव	A maidservant, Full of compassion and kindness, Is a child of the moon; Such is the way of beauty.
एवं विणिच्छियत्थो सो हं भो चित्तवेग! चित्तगई,दइयाविओयगुरुदुक्खवज्जनिद्दलियमणसेलो	And when he lies down, I forget what it is to be in a trance! My heart has gone out, Like a compassionate servant As though it were one of the painful wounds Of old age.
परिचत्तबन्धुवग्गो अह गुरुअणुरायपरवसो तत्तो,एगागी वेयड̣धे उत्तरसẹ̄धीए नयरेसु	Friend, It is only after your guru has answered your question that you begin to see the world from the outside.
सव्वेसुवि परिभमिओ न य लद्धा तीए कत्थवि पउत्ती,तत्तो य दक्खिणाए सेणीए आगओ अहयं	Not everyone can travel or fight, for that matter, unless you are in the army of the South.
तत्थवि पुरेसु केसुवि आहिण्डिय इच्छियं अपाविन्तो,अज्ज पुणो इह पत्तो तुह नयरं कुञ्जरावत्ते	Anyway, Kesuvi, If you want to come here again, I will spare you the embarrassment of seeing this leaf again today.
एयम्मि य उज्जाणे मह पविस्सन्तस्स सोहणो सउणो,सञ्जाओ तह फुरिया दाहिणबाहू तहा नयणं	This is how I feel When you kiss my lover's cheek. Don't touch me if you don't want to
तत्तो वियप्पियं मे अवस्समज्जेव होहिई तीए,दइयाए दंसणं,अहव किञ्चि अइसोहणं अन्नं	Then, in a little while, I realized that she was intoxicated, That her eyes were burning, That something was wrong with her, And that something was the food.
एवं विचिन्तयन्तो पत्तो हं एत्थ कयलिगेहम्मि,काऊण पायसोयं उवविट्ठो कुट्टिमुच्छङ्गे	And just like that, I'm going to hang in here for a while, Because I see a kitten standing here For a fee.
ताव य खणन्तराओ समागया सुयणु! मज्झ निद्दत्ति,सोऊण तुज्झ सद्दं झत्ति पबुद्धो अहं तत्तो	"Well, you sleep well, my dear! I slept well, so I've learned a lot since you left me.
केण इमं उल्लवियन्ति चिन्तिउं जा दिसाओ पुलएमि,ताव य तुमं हि दिट्ठो पलम्बमाणो तरुलयाए	Who would believe that I looked at you in the mirror If I saw you staring at me While the lamp was burning?
हा! हा! अणङ्गरूवो कह णु जुवाणो विणस्सए लग्गो?,एवं विचिन्तिऊणं हाहासद्दं करेमाणो	Ha! ha! Ungrateful man, How can a young man embrace a naked woman?, And to think that he must be making love With her?
पत्तो तुज्झ समीवे छिन्नो अह पासओ मए सहसा,भो चित्तवेग! सेसं पच्चक्खं चेव तुह सव्वं	Get away from me! Soon I will be right next door to you. It will blow your mind! Everything will be fine with you."
तं जं तुमए पुट्ठं कह णु तुमं भद्द! निययदइयाए,ठाणम्पि नेय जाणसि तं सव्वं साहियं एयं	You fool, son, you told me that! But if I tell you the truth, you'll never know. All the help is from me."
तो दुलहं मणुयत्तं दट्ठूणं रूवजोव्वणसमेयं,महिलामित्तस्स कए न हु मरणं होइ कायव्वं	So, when the bridegroom sees her man and his beautiful young wife, you would not wish to die for your wife's sake."
भो चित्तवेग! जइवि हु पियविरहे दूसहं हवइ दुक्खं,उत्तमकुलप्पसूयाण तहवि एयं न जुत्तन्ति	"Be reasonable! If I am separated from my lover It is only because I suffer grief. Even the most virtuous people Do not like such things.
जाणामि अहम्पि इमं मणवल्लहमाणुसस्स विरहम्मि,नरए नेरइयस्सव उप्पज्जइ दारुणं दुक्खं	I know that separation from my husband is an awful thing, For it is a very hard thing for a man to bear
तहवि हु न होइ जुत्तो अप्पवहो किन्तु कोवि हु उवाओ,चिन्तेयव्वो जह सा पाविज्जइ हिययवल्लहिया	There is no room for anger there, but there is room for compassion," he said, "and I can think of many ways in which I might be hurt.
भो सुप्पइट्ठ! एवं वज्जरिए तेण चित्तगइणा ओ,दीहं नीससिऊणं एवं हि मए समुल्लवियं	"Go to sleep!" "And when he returns, she is distracted." "I am exhausted now, And I am completely exhausted.
वोलीणा तीइ कहा न हु इण्हिं अत्थि कोवि उवाओ,अज्जेव य रयणीए जं होही तीइ विवाहो	I will never forget how she fell at his feet, How stubborn he was, And how, for all her anger, She refused to marry him.
चित्तगई भणइ तओ एक्कोवि य तीए पावणोवाओ,मह फुरइ माणसम्मी जइ तुह पडिहासए सुयणु!	If you tell me the reason why she is so angry, I will punish you, man, if you lie down to sleep!
भणियं च मए को सो तत्तो सो भणइ भद्द! निसुणेसु,किल एसो कुलायारो दक्खिणसẹ̄धीए खयराण	"Tell me, brother - in - law, Who is so touchy And who speaks nasty!" "Calm down.
कन्नाविवाहसमए एकल्ला पूयए कुसुमबाणं,नियकुलकमागयं अह परिणिज्जइ सा तओ पच्छा	When the bridegroom is alone at the wedding feast, Take heart, for when he has made her his mistress she is sure to follow him.
तं कममणुपालिन्ती सा एही मयणपूयणनिमित्तं,अम्हे पुण दोवि जणा पुव्वं चिय इत्थ पविसामो	That girl's gotta do this for my pleasure, and I'm going to do it again, because I love these two women so much.
अह तीए आगयाए नेवत्थं तीए सन्तयं अहयं,घित्तूण इत्थिरूवो गच्छिस्सं वरयपासम्मि	Oh! she has come," said the girl, "and now her husband has come.
घितूण कणगमालं तं पुण नासिज्ज तक्खणा चेव,अहयम्पि उवाएणं नासिस्सं लद्धपत्थावो	Take it and shake it again. This time I'll toss it up In the air, And there you will find it hidden beneath my nose."
एवं हि कए तीए सम्पत्ती अत्थि,नन्नहा भद्द!,तह देवयाए वयणं होज्जा एवं च सच्चन्ति	And by the way, she has a lot of wealth, nonsense!, So the gods must have had their way and were faithful."
किञ्च पुरिसेण पुरिसयारो कायव्वो ताव इच्छियत्थम्मि,विहिणो निओगओ पुण हवइ हु कज्जस्स निप्फत्ती	With a few men You can make a man out of a woman Anything you want, But with the right attitude You'll find a way Back into his life.
एवं च तेण कहिए उचिए उवाए आगामियं गरुयदुक्खमचिन्तिऊण,भो सुप्पइट्ठ! वयणं पडिवन्नयं से तिव्वाणुरागपरिमोहियमाणसेण	And he said," "Come, go - between! Thinking how wretched it is To be pregnant again! It's as if you had slept in love With the man who made love to you As long as you were pregnant."
एसोवि कणगमालापावणउवएससूयगो भणिओ,सुरसुन्दरीकहाए पञ्चमओ वरं परिच्छेओ १२५०	"This is what the God of Love says :'Beautify yourself, beautiful woman!" "- The fifth blessing, paragraph 1250
इत्थन्तरम्मि सूरो भमिऊणं गयणमण्डलमसेसं,अवरसमुद्दं पत्तो पहखिन्नो मज्जंणत्थवं	After this the sun will rise, returning to the plane of the sky, And the moon will cover the whole face of the festival
भणियं च चित्तगइणा अन्नाया एव एत्थ पविसामो,मयणस्स गिहे सम्पइ पत्थुअअत्थस्स हेउम्मि	"My brother and I are at loggerheads, But here we are at peace. In my heart I can feel the heat From the kitchen fire.
तत्तो य मए भणियं एवं होउत्ति उट्ठिया दोवि,उच्चिणिय कइवयाइं पुप्फाइं तत्थ उज्जाणे	So I got up, both my brother and myself, and took a deep breath.
पविसिय मयणस्स गिहे पूइय मयणं च एवमुल्लवियं,भयवं! तुह प्पसाया सम्पज्जओ इच्छियं अम्ह	"Fear not, my dear: My husband is dead, And I am unable to conceal my feelings from you. I crave your forgiveness.
एवं भणिऊण तओ दोवि निलुक्का अणङ्गपट्ठीए,रयणीए जाममित्ते बोलीणे,किञ्चिअहियम्मि	And he said," "You two are out of touch. The queen has spoken in jest. Something needs to be said."
बहुपरियणपरियरिया गिज्जन्ता पवरमङ्गलसएहिं,वज्जन्तेण य विविहं नाणाविहतूरनिवहेण	Many a lover's lover is possessed by a powerful demon, Or else he may steal away with a variety of coins.
नियसहियणेण सहिया आरụ̄धा उत्तिमाए सिबियाए,कयमङ्गलोवयारा सियभूसणभूसियसरीरा	"Friendship with a helpless woman Is difficult, But faith in oneself Makes one wretched." "- The landowner's daughter is doomed to suffer the same fate As her husband.
सियवसणपाउयङ्गी आबद्धसुगन्धकुसुमआमेला,पत्ता ओ कणगमाला दारे अह कामगेहस्स	The fragrant nectar of jasmine, Stirred by the fragrance of mustard seeds, Is the only source of libation in the world
उत्तिन्ना सिवियाओ पूयणउवगरणयं गहेऊण,धरिऊण दारदेसे सयलं नियपरियणं ताहे	Get up, go to your husband's house, and lay hold of him while he sorts out things at the door.
एगागिणी पविट्ठा मयरद्धयबिम्बपूयणनिमित्तं,पविसित्तु भवणदारं अग्गलियं ताए बालाए	The fire was kindled by the fire of love, For the worship of the image of the Blessed One.
सम्पूइऊण कामं अह सा निवडेवि तस्स चलणेसु,दीहं नीससिऊणं गलन्तथूलंसुनयणिल्ला	"Go ahead, whatever you choose, for the day will tell," "Wasn't it just a matter of finding a job and hanging on to it?
लहुसद्देणं एयं सोवालम्भं सगग्गरं भणइ,निज्जियसुरमणुओवि हु पहरसि इत्थीण किं भयवं!?	This swarm of gnats speaks volumes about itself," "Why am I so afraid of this man Who keeps watch on my delicate self!?"
जइ मज्झ तम्मि लोए भयवं! गरुओ कओ हु अणुराओ,ता कीस तं पमोत्तुं घडसि ममं अन्नलोएणं?	I fear for my life! I have grown thin on your account, so how can you trick me into thinking you are his lover?"
अन्नं च सुम्मन्ति इत्थ लोए पञ्चेव सिलीमुहा ओ किल तुज्झ,नवरं ममं पडुच्चा सहस्सबाणोव्व तं जाओ	There is no food in this empty world, Only five people, Silly face, Kill them all! The new bridegroom has put his arms around me And I will help him."
जइ जाव मज्झ पहरसि पहरसु को तं निवारेइ भयवं!,नवरं तह मह पहरसु कयन्तभवणे जह वयामि	If my husband is there to protect me, Who is going to stop him? I am afraid he will kill me!, And if I am, How will I ever make him happy?"
तुमए पुण तह पहया जह न मया नेय जीविया अहयं,ता किं भणामि इण्हिं सरणम्मि समागया तुज्झ?	You've got a long way to go before I'm alive again, so how can I tell if you had a good time?
दड्ढस्स हुयवहेणं सो चेव जहोसहं तु लोयस्स,तुमए पीडियदेहा तह सरणं तुज्झ अल्लीणा	"You are Lois's lover, With whom I shared my griefs And your sorrows I will never forget.
जइ मज्झ तुमं तुट्ठो देहि वरं पत्थिओ मए एयं,मा मह हविज्ज एरिसविडम्बणा अन्नजम्मेवि	If I kill you, My body will break down, But don't touch me If you mean to hurt me."
ताव इमो मह जम्मो पियजणआसाए वोलिओ अहलो,तं चिय दइयं दिज्जसु भयवं! मह अन्नजम्मेवि	"So imo, I suppose you're afraid I might get drunk And tell me, oh boy, can you give me compassion? I'm going to eat your fill of rice!
भो सुप्पइट्ठ! एवं भणिऊणं ताहि कणगमालाए,विअलन्तथूलअंसुयपवाहसंसित्तसिहिणाए	"Go to sleep!" "And she said," "It's like a bunch of peacock's tail - feathers Waved by the God of Love.
नाणाविहरयणविणिम्मियम्मि पसरन्तविमलकिरणम्मि,गब्भहरदारनिहिए रम्मे अह तोरणे तीए	In a sapless woman Stretching her forehead Like the rays of a lotus, In a tangle of gooseflesh Lying around her neck, She brandishes a bow.
बद्धो निउत्तरीएण पासओ ताहि सा पुणो भणइ,एसा मरामि सम्पइ कुसुमाउह! तुज्झ पुरओ हं	"Close, close, close the fence. She tells me again :'I've had enough of this! It's Kusuma's husband! You're perfect.
मा मह भणिज्ज कोवि हु विहियमजुत्तन्ति कणगमालाए,एत्तियमित्तं कालं विमालियं जेण आसाए	Don't tell me you are pregnant, sweetwood tree, Because there is still time For it To blossom Into a flower
इण्हिं पुण न हु सक्का काउं भङ्गं तु नियपइन्नाए,तं मोत्तुं हिययदइयं न लग्गए मह करे अन्नो	You have not broken my resolve, you have not destroyed my character. So do not try to take me in your arms again.
अन्नं च देवयाओ! अलियं जम्पन्ति नेय कइयावि,तम्पि हु अन्नह जायं मज्झ अउन्नेहिं पावाए	"O god of food! Alas, they have nothing to say. My brother, I must bring some food So that my wife may eat it too.
अहव कवडेण केणवि पिसायरूवेण वञ्चिया तइया,नहवाहणभत्तेणं अहवा खयरेण केणावि	Either by covering your face with a blanket, Or by piercing someone's back, Or else by dragging your feet.
ता सम्पयंमि मा होज्ज मज्झ अभिवञ्छियत्थवाघाओ,भयवं! तुह प्पसाया सिज्झउ मरणं अविग्घेण	I beg of you, do not be afraid! I am afraid you will suffer the death you so desperately seek."
पियविरहगरुयमोग्गरजज्जरियमणाए मज्झ पावाए,मरणं होज्ज न होज्ज व अज्जवि आसङ्कए हिययं?	How can I help falling in love With a man who is so demanding on me That he refuses to die And is still hopeful?
पियविरहदुक्खसमणं लब्भइ मरणम्पि गरुयपुन्नेहिं,तं जइ हविज्ज इण्हिं सुकयत्था होज्ज ता अहयं	The moment one sees the painful scene of separation One is condemned to die, but if one wishes one day one can be as dry as this one.
एवं भणियं तीए मुक्को अप्पा अहोमुहो झत्ति,तुरियं गन्तूण मए छिन्नो अह पासओ तीए	"And by the way, she's got a fist, you fool, and I'm off," "He sniffed.
गहिऊण तयं अङ्के ताहे सणियं मए इमं भणिया,निज्जियसुरासुरिन्दो तुट्ठो तुह सुयणु! रइनाहो	"Go and sleep for a while," "I whispered to her." "Your fragrant breath has made you sleepy! Don't cry!
असरिससाहसआवज्जिएण मयरद्धएण तुह सुयणु!,एयम्मि चेव जम्मे उवणीओ सो जणो एसो	Please, my dear, I beg of you, To sleep peacefully, For all the people here would agree That he is coming.
किज्जउ कण्ठग्गहणं गाढं उक्कण्ठिओ जणो तुज्झ,एवं भणिया बाला लज्जाए अहोमुही जाया	Kijju, you have grown so thin on my neck That you are beyond reproach, And I am beyond embarrassed."
चित्तगईवि य ताहे समागओ तम्मि चेव ठाणम्मि,तत्तो य मए भणियं वरमित्तो एस मह सुयणु!	I suppose you have heard that song before, and you know that it is my favorite song. So please, brother - in - law, take me to bed!
तुज्झ विओए सुन्दरि! अप्पवहे उज्जओ अहमिमेण,विणिवारिओ अकारणवच्छल्लजुएण धीरेण	You fool, my dear! She is so beautiful! She looks so bright with her eyes, So thin with youth That they seem to knit without reason."
तुह पावणे उवाओ एसो मह साहिओ इमेणेव,एएण सहाएणं सिज्झिस्सइ इच्छियं अम्ह	This is my helper, Imenev, at your feet. I want you to help me in this way.
कन्नासहावसुलहं उज्झित्ता सज्झसं सुयणु! तम्हा,नियनेवत्थं सव्वं झत्ति समुप्पेसु एयस्स	The pleasure of kissing makes one fall asleep quickly! So, hurry up and gather everything you need for a good night's sleep!"
काऊण तुज्झ रूवं जेण इमो सुयणु! वच्चए बाहिं,परियणविमोहणट्ठा परकज्जसमुज्जओ धीरो	"What makes you look like a woman Whose face is smeared with red ghee?" "With a trembling arm, Your face opens to reveal a whole other world.
एवं च मए भणिया सहरिसहियया करेइ तं सव्वं,अह दोवि निलुक्काइं पुणरवि मयणस्स पट्ठीए	And I will do it all with the help of my brother - in - law's help; again, I will reward you with two quarts of water.
चित्तगईवि य तीए नीसेसं निविसिऊण नेवत्थं,उग्धाडिउं दुवारं आरụ̄धो झत्ति सिवियाए	It is as if she had been seduced into silence By the fire of love, Which burst forth from the doorway And instantly silenced her."
अह तम्मि गइ लोए नीसद्दं जाणिऊण तं भवणं,भणिया य मए एसा सुन्दरि! किं इण्हि कायव्वं?	"Oh, what a beauty it is That I should let you know how unhappy I am And tell you what I need to know! Is this the way to do it?
ओणयंमुहीए तीए सज्झसवसकम्पमाणगत्ताए,कहकहवि हु उल्लविओ खलन्तअव्वत्तवाणीए	When she turned her face away She was overcome with trembling, When, with a loud voice, she muttered," "I am innocent.
गुरुविरहपीडियाए पिययम! तं पाविओ तुडिवसेण,कुणसु सयं जं जुत्तं सरणम्मि समागया तुज्झ	Dear friend, Guru Virahapedia! You have fallen into disrepair. But keep in mind that the string of shoes you wore With him Is from you."
एवं तीए भणिए गन्धव्वविहीए सा मए बाला,परिणीया तं मयणं देवं काऊण सक्खिणयं	And she said," "I have a child by the scent of my fragrance; Parinaya can make a god out of him."
अवणित्तु कमेण तओ सज्झसमेईइ विविहवयणेहिं,खणमेगं रमिऊणं सुत्तो आलिङ्गिऊण तयं	Because you sleep well, You sleep soundly, Make love freely, And embrace each other.
निद्दाविगमे य मए वज्जरियं सुयणु! वच्चिमो इण्हिं,एरिसमायरिऊणं न हु जुत्तं अच्छिउं एत्थ	"I'm off to sleep, darling! Just wake me up, honey. Don't look down your nose at me If you don't want to fall asleep.
दीहं नीससिएणं अह भणियं तीई हिययदइयाए,हा अज्जउत्त! जुत्तं कमपत्तं आसि मह मरणं	"It's past three o'clock!" "With great difficulty he released himself from my arms." "If I fail, it is death to me.
मज्झ निमित्ते पाविसि सामिय! जं गरुयआवइं इण्हिं,नहवाहणो पयण्डो विज्जाबलदप्पिओ तहय	"Come to me, Sammy! For all the pride I have in my heart, Drunk on water with a lightning bolt, You shameless man!
नासन्ताणवि अम्हं न नाह! सरणं तु विज्जए किञ्चि,ता तुह वइरिणिरूवा जाया परमत्थओ अहयं	No, I am not! You have no idea what science is all about, so please, my dear, do help me find a way around it."
तुहविरहतावियाए न आसि मह सामि! तारिसं दुक्खं,जं तुह नाह! विवत्तिं सम्भाविय इण्हि सञ्जायं	I hope not to come to you in anger! Your sorrow, which is not yours! Perhaps such a thing has happened."
लद्धोवि नाह! कहवि हु मज्झ अउन्नाए होसि न हु इण्हिं,पुन्नरहियाण अहवा पत्तम्पि हु विहडए सहसा	Don't fight! When I come home I will tell you, not again, Not again. But straight away I will."
भो सुप्पइट्ठ! एवं भणिउं अवलम्बिऊण मह कण्ठे,गुरुदुक्खनिब्भराए रुन्नं अह तीए बालाए	"Go to sleep!" "and saying," "Hold on to my ear! It is like a child crying out in pain to its master.
तत्तो य मए भणियं सुन्दरि! किं सोयमसरिसं वहसि?,लद्धं जं लहिअव्वं इण्हिं जं होउ तं होउ	"Well, my brother - in - law is a beauty! Are you quite sober now?" "With your arms wrapped around your waist, You become what you are.
तुह सङ्गमरहियाणं मरणं जइ होज्ज,होज्ज ता दुक्खं,इण्हिं पुणम्ह सुन्दरि! मरणेवि हु नत्थि दुक्खन्ति	If my lover dies with you, it's a pity, I'm happy again! In death I suffer no more."
किञ्च एसो अचिन्तिओवि हु जह जाओ सङ्गमो सह तुमाए,तह चेव मा कयावि हु अन्नम्पि हु सोहणं होज्जा	Do not worry, my dear, As long as I am with you, I will never forget how you made me feel.
कीरउ ताव उवाओ अहलो जइ होइ होउ,को दोसो?,मञ्चयवडियाण पुणो तहट्ठिया चेव भूमित्ति	"What are you doing? It's just a bunch of crap. Who's to blame?," "Shaking his head again As he walks towards the stage.
नहवाहणखयरं तं दट्टूण मए इमं कयं सुयणु!,भवियव्वयाए दिट्ठं होज्जा जं किञ्चिमह उचियं	Why, looking down the drain, I suppose I should put him to sleep!" was how the young wife looked at me as I knelt before her.
अब्भुवगयं हि मरणं नासिज्जउ तहवि ताओ खयराओ,जलचव्वणुज्जयाणं मा कहवि हु एइ गुलओवि	It is as if I were about to die, But don't be alarmed: I swear by the taste of water."
ता सुयणु! मुञ्च सोयं वच्चामो रयणसञ्चए ताव,कालोचियं च पच्छा दिट्ठं दिट्ठं करिस्सामो	"That's sleep! I slept well, So I went to sleep, And while the nights were fleeting I saw my lover again.
तत्तो य तीए समयं नीहरिओ पणमिऊण रइनाहं,अह तीए कण्ठलग्गो उप्पइओ गयणमग्गम्मि	Well then, my dear, It's about time I stopped singing And turned my back on you.
रागन्धयारमोहियनराण दट्ठुंव तारिसं चरियं,दूरं नासियतिमिरो अह सहसा उग्गओ सूरो	The sun is rising suddenly, Because I see the angry lover's face, Straight away from my heart."
तत्तो य तीए भणियं सामिय! गाढं पिवासिया अहयं,सूसइ गलयं अज्जवि केदूरे अम्ह तं नयरं?	"There she is, your brother - in - law! Deep in my heart I long to see you. How far is Susa's street from here Today, my dear?
दूरे अज्जवि नयरं सुन्दरि! इत्थ वणनिकुञ्जम्मि,ओयरिमो जं होही इत्थ जलं एव मे भणिए	"Far, far away, my dear! Such a thing is the making of a forest!" "They tell me that water is what we need.
तत्तो दोवि जणाइं अवइन्नाइं वणम्मि रम्मम्मि,सीयलजलपडिपुन्नं अह दिट्ठं तत्थ निज्झरणं	Then I saw two women making love in parallel, Sealing the water that had been leaking from the jars."
पाऊण जलं अह सा पत्तलतरुछाहियाए उवविट्ठा,काउं सरीरचिन्तं अहमवि तत्थेव आयाओ	The water was crystal clear, The leaves were smooth, And the thoughts of the body Were predominant When he arrived there.
भो सुप्पइट्ठ! एवं खणन्तरं वीसमामि जा तत्थ,ताव य निसुओ सद्दो आसन्ने केलिगेहम्मि	"Go to sleep!" "and after a while I go to sleep." "Tomorrow, then, I suspect, will be a long day for me.
जाया सत्थसरीरा सुन्दरि! वच्चामु इण्हिं नियठाणं,एयं सद्दं सोउं एस विगप्पो महुप्पन्नो	"Go - between! You simpleton! Stay tuned for more! It's going to be sunny in the afternoon." "Is that your wife's turn? She's been sniffing around all day.
नूणं चित्तगइस्स य एसो सद्दो न होइ अन्नस्स,एयम्मि वणनिगुञ्जे अहवा को सम्भवो तस्स?	No wonder it did not hurt at all. But, my dear, Is it possible that one of these wildflowers is really him?
एवं विञ्चिन्तियम्मी कयलीगेहाओ ताओ गुविलाओ,तरुणमहिलासमेओ चित्तगई झत्ति नीहरिओ	And the twangy twang of a woman's thighs Shines through her cheeks Like a flash in the eye of a young woman.
तत्तो गन्तूण मए सहरिसमालिङ्गिओ सनेहेणं,अहमवि तेणं,तत्तो उवविट्ठा दोवि तत्थेव	The destination was golden for me and my town - lovers; it was the same place, but there were two ways.
तत्तो य मए भणियो नीहरिएणं तु मयणगेहाओ,किं मित्त! तुमे विहियं विमोहिओ परियणो कहवा?	I suppose you mean, my dear, you are dying. Are you sure you can escape now?
कहव तुमं निच्छुट्टो का वा एसा मणोहरागारा,महिला,कत्थ व पत्ता,साहसु मह सव्वमेयन्ति?	Why are you so forthright, or is it the case with men and women, how many and how many?
चित्तगई भणइ तओ निसुणसु भो चित्तवेग! एगमणो,काऊण कणगमालारूवमहं ताव नीहरिओ	"Be careful not to get distracted! It's my heart that's beating. Get away, you fool! I've gotta take care of my eyes, Like a garland of raisins in a manger.
आरụ̄धो सिबियाए पत्तो य कमेण वरसमीवम्मि,विज्जाहरिगणगिज्जन्तविविहवरमङ्गलुप्पीलो	And when he bade her farewell The girl's friends knew that it was the turn of the year For her to fall in love With him."
लग्गे समागयम्मी गहिओ मह करयलो सहरिसेण,नहवाहणेण,तत्तो कमेण वत्तो य वीवाहो	Come with me! Let me make love To the man who used to make me happy By bathing in the river For no other reason Than that he needed a wife
नहवाहणस्स पुरओ नट्टं विविहङ्गहारसोहिल्लं,पारद्धं वारविलासिणीहिं वरगेयसंवलियं	The whole mass of the waterway is full of reeds, The banks of the river are strewn with the jewels of love
एत्थन्तरम्मि एगा जुवई आगम्म करयलं निययं,मुद्दारयणसमेयं दंसइ मह सज्झसुप्फुण्णा	It's my destiny to come back here again in a couple of weeks, But staying put in the middle of the rainy season Brings me back to normal.
तं दट्ठुं चिन्तियं मे एसा सा मज्झ सन्तिया मुद्दा,हत्थिभयमोइयाए जा गहिया तीए कन्नाए	That glance at her made me think:" "That's my point, sweetheart." "With these words she shook her head In fear of losing her husband.
अइगुरुयं अङ्गुट्ठिं मणयं ओसारिउं मए तत्तो,अवलोइया य एसा सहसा अह पच्चभिन्नाया	That's when I felt my little finger squeeze my mane And suddenly it was like" "I've made a mistake."
एसा सा मह दइया हत्थिभए जा विमोइया तइया,विहिणो निओगओ कह जाया हग्गावणापच्छं	This is how I suppose she would have treated me If I had told her the secret of my husband's return.
पेच्छ अइदुग्घडम्पि हु सहसा कह मज्झ दंसणं जायं?,अणुकूलो अहव विही किंवा तं जं नवि करेइ?	Have you ever wondered why you suddenly want to meet me?," "You're stupid, aren't you?" "Or is that something new you just did?
एवं विचिन्तिऊणं निदंसिओ नियकरो मए तीए,पुव्वं समप्पियाए तीए मुद्दाए सञ्जुत्तो	And when her enemies think of it, They settle the matter entirely.
कन्ने होउ तीए आसन्नसहीय साहियं एयं,अवनिद्दएण दुक्खइ सीसं किर कणगमालाए	"Ears are on her side, She is standing beside me, And my ear is ajar because she cannot sleep.
ता एसा खणमेगं असोगवणियाइ सुवइ लग्गत्ति,तुम्हे एत्थ ठियाओ जहासुहं चेव अच्छाह	Well, then, It's only a matter of time before you start feeling uneasy, For your happiness will last a hundred years.
वत्ते पुण पेक्खणए जाणाविज्जाउ अम्ह सिग्घन्ति,एवं भणिउं तीए उट्ठविओ चित्तवेग! अहं	And when she looked at me again she hugged me tightly, and said:" "Get up! It's me!
तत्तो तीए समयं पवरघरुज्जाणतिलयभूयाए,वियसन्तसुरहिमञ्जरिमयरन्दामोयसुहयाए	By then the nights are fleeting, The nights are long, The temples are deserted And the streets are deserted.
पत्तो रमणीयाए असोगवणियाए सहरिसं तीए,दिन्नम्मी आसणम्मी उवविट्ठो,सावि मह पुरओ	The path is picturesque, The town is deserted, The plowman's wife is absent, The bed is empty, And the fire is out of proportion.
अह सा सज्झसभरिया जाहे न चएइ किञ्चि वज्जरिउं,ताहे निययपउत्ती सव्वावि हु चित्तवेग! मए	"Oh, my goodness, When everything I have goes on smoothly Without missing a single word, It's as if I had everything in common!
पुव्वं जा तुह कहिया तीएवि हु सा मए समासेण,कहिया य जाव इत्थं इत्थीरूवेण आयाओ	Tomorrow, I will explain to you how she is and when she will come back for more information.
सुन्दरि! तुज्झ विओगे गुरुदुक्खं माणसं मए पत्तं,भमिओ तुज्झ निमित्ते सव्वेसुवि खयरनयरेसु	"Lovely woman! You have caused me great pain, My man, But I must dedicate the rest of my life to your cause.
ता लज्जं मोत्तूणं साहसु किं तुज्झ नामधेयन्ति,कम्मि कुले तुह जम्मो किंवा नामं तु ते पिउणो?	So do you dare to blush, or say your name, or drink your blood, or name yourself?"
कहवि पुरे इह पत्ता पभूयलोयस्स मज्झयारम्मी,इत्थीरूवोवि अहं विन्नाओ सुयणु! कह तुमए?	"I suppose you've got this letter from the landowner, Your wife is at work, And I've slept so long without you! How can you?
एवं च मए भणिया कहवि हु उज्झित्तु सज्झसं बाला,मणयं खलन्तवयणा अह एवं भणिउमाढत्ता	And I beg of you, brother - in - law, That when you speak to me My child speaks plainly, I speak plainly and clearly.
आयन्नसु मणवल्लह! कहेमि सव्वम्पि जं तुमे पुट्ठं,तुम्ह सुपसिद्धमेव हि नयरं सुरनन्दणं ताव	"Come, you fool!" "I said," "Whatever you do, you have accomplished a good deal. Never tire of praising yourself.
तत्थासि सुविक्खाओ पहञ्जणो नाम खयररायत्ति,तस्स य पवरो मन्ती अइकुसलो नीइसत्थेसु	Then you would have preached the gospel, and named it Khayraraty, then your enemies would have destroyed it."
पहुणो य दढं भत्तो बुद्धीए चउव्विहाए सम्पन्नो,रन्नो विस्सासपयं आसि पुरा मेहनाउत्ति	Come, you clever man, Full of wisdom and understanding, Will come when he has exhausted himself And has exhausted all his energy.
तस्स य घरिणी पवरा पइव्वया रूवसंवयाकलिया,उत्तमकुलप्पसूया इन्दुमई नाम आसित्ति	There is the name of the woman whose husband is at hand And whose hair is tied in such a way That it gives pleasure to the touch.
तीए सह विसयसोक्खं निसेवमाणस्स मेहनायस्स,जाओ सुओ सुरूवो नामेणं असणिवेगॊत्ति	With her went a long, arduous search Through thick and thin smoke that dripped from the fire."
अब्भसियकलानियरो साहियविज्जो गुणाण आवासो,जणयाण कयाणन्दो कमसो सो जोव्वणं पत्तो	"The quality of a person's residence depends on his ability to reason, but youth is something that one can do with little else.
एत्तो य दक्खिणाए इमीए सẹ̄धीए कुञ्जरावत्ते,एयम्मि चेव नयरे चन्दगई आसि वरखयरो	This is my daughter - in - law's maiden voyage To the south, To the west of town, Where the moon rises And the clouds gather.
तस्स य मणवल्लहिया महिला नामेण मयणरेहत्ति,कालेण ताण पुत्तो अमियगई नाम सञ्जाओ	If a man has a heart of gold called after a woman's name, Time will reward him with a son named after him.
धूया चम्पयगोरा चम्पयमालत्ति तदणुसञ्जाया,पत्ता य जोव्वणं सा विज्जाहरकुमरमणहरणं	Dhuya champaygora, Champaymalaatti tadansuya sanjaya, pata ya yuvañja: She will destroy the trees of Vijjahar."
अह सा चम्पगमाला वरिया सुरनन्दणम्मि नयरम्मि,मन्तिसुयअसणिवेगस्स,सायरं तेण परिणीया	Oh! the beauty of Champagamala! Aunt, The path is smooth, The paths are smooth, And the sky is crystal clear.
नीया नियए नयरे सह तीए सो विसालनयणाए,परपीईए जुतो भुञ्जइ माणुस्सए भोगे	She walks about quite smoothly With her eyes tightly shut, Her feet rubbing against the man's hair."
अह अन्नया कयाइवि मन्तिपयं देवि असणिवेगस्स,नियतणयस्स तत्तो विरत्तचित्तो महासत्तो	Oh, my! The goddess is so indifferent Whenever I think of something, That, when I decide to go on a journey, I feel a great longing.
रन्ना पहञ्जणेणं सहिओ सञ्जायगरुयसंवेगो,सुगुरुण पायमूले पव्वइओ मेहनाओ सो	To walk in the rain, To be safe, To travel in the heat, To prosper, Is the nature of love.
खयरो वि असणिवेगो चम्पगमालाए हिययदइयाए,समयं गिहवासफलं अणुहवई विसयसोक्खन्ति	Fear not, for behold, the winter solstice is on the horizon; Time," they say, "" is sowing the seeds of trouble.
अह चम्पगमालाए कमेण पुत्ता ओ पञ्च उप्पन्ना,ताणं पिययम! निसुणसु कमेण एयाइं नामाइं	"O son of Champagamala, who has done so much work, And now he has five uppannas to his credit! These are the names of those who have done so unhesitatingly.
वज्जगई वाउगई चन्दो तह चन्दणो सुसीहो य,पञ्चण्हं पुत्ताणं उवरिं धूया अहं जाया	The thunder washes away the moon, The moon sighs, But I am not going to leave," Said the elder of the five sons.
जम्मदिणे मह पिउणा सुयजम्ममहूसवाओ अव्महिओ,काराविओ सहरिसं महोच्छवो गरुयनेहेण	Every day I drink, Everyday I sleep, And the monotonous nights are unbearable; In this city, too, People make a living By their acts.
वत्ते य बारसाहे नामं तु पियङ्गुमञ्जरी मज्झ,विहियं कमेण अहयं देहोवचएण वड्ढन्ता	Vatte ya barasahe naam, tu pyangumanjari mujhse, Vihyam kamen aye, I swear by the heart.
जणयाण कयाणन्दा लालिज्जन्ता य धाइपणगेण,पत्ता कुमारिभावं कयपरियणलोयणाणन्दा	If a woman begs To be treated with kindness Or is bullied By her husband, Then what is the use of being treated with disrespect?
जुवईजणजोग्गाओ नट्टाईया कलाओ सयलाओ,गहियाओ कमेण तओ पत्ता हं जोव्वणं पढमं	Youth is like a playground, Playfulness is in the air, Arts are in progress, Work is in full swing, Youth is in abundance.
सुसिणिद्धसहीसहिया रमामि विविहासु तत्थ कीलासु,वरचित्तपत्तछिज्जयनच्चणगन्धव्ववीणासु	I have had fun with a wide variety of different things, From picking out the right things to choosing the right ones.
तत्थ य पिययम! अहयं सहावओ पुरिसवेसिणी जाया,वरया य मज्झ बहवे इन्ति तहिं खयरपवराण	"There you are, sweetheart! Friend, I am not entering into a relationship with a man. But if the bridegroom seduces me, It is because he loves me so much.
वररूवकलारिद्धीओ तेसिं,जणओवि मज्झ साहेइ,न य कत्थवि मह ईच्छा जायइ तो ते निवारेइ	They alone can do the work of art; they alone can help me; if they cannot satisfy my yearning, they alone will.
जो जो आवइ वरओ तं तं नेच्छामि जावय अहं तु,ताहे य असणिवेगो मज्झ पिया सोयमावन्नो	Whatever comes my way, I will take it, because you and I are one. So please, my dear, go to bed early.
जट्ठूणं तं ससोगं चम्पगमाला उ भणइ नियदइयं,कीसससोगो सामिय! दीससि चिन्ताउरो धणियं?	The elephant shook his head as he tried to shake it off," "Are you sure you don't want to meet him again?"
तत्तो य तेण भणियं मह धूया ताव जोव्वणं पत्ता,न य इच्छइ किम्पि वरं सुन्दरि! गरुई इमा चिन्ता	"That's why you washed my brother's clothes, that's youth and leaves, but you don't want to meet such a handsome man! Take care of me.
धूया जोव्वणपत्ता वररहिया कुलहरम्मि वसमाणा,तं किम्पि कुणइ कज्जं लहइ कुलं मइलणं जेण	Dhuya, the spring in bloom, Brings forth the youthful bridegroom, And makes him swear by the fragrance of jasmine."
को होज्ज वरो धूयाए हन्दि! मणइच्छिउत्ति चिन्ताए,सुदंरि! न एइ निद्दा रयणीएवि मह पसुत्तस्स	Who is going to wash your hands! If you want to think carefully, you better be careful! Not this sleepy woman Whom I tricked into thinking was your husband?
एयं निसम्म वयणं चम्पगमालावि ताहि मे जणणी,मज्झ निमित्ते सुन्दर! जाया सोगाउरा धणियं	"It's true, my dear, That in a garland of emeralds That my daughter was born, But for my sake it is beautiful! It is the husband who is mourning My daughter - in - law's death.
अन्नदिणम्मि पियसही पभायसमयम्मि धारिणीनामा,सुज्जापहस्स धूया समागया मज्झ पासम्मि	Aunt, When my lover calls me home I can take it all in my stride. Once he has washed my clothes I will pass on to him.
भणइ य किमज्ज पियसहि! हियव्व विक्कियव्व वुन्नव्व,दीससि अन्नमणा विव विद्दाणमुहा ससोगिल्ला	"Tell me, What makes you so thirsty? It makes you wretched and weak. You can see that Annamana is suffering from various afflictions.
चिरआगयावि पियसहि! कीस न सम्भासिया अहं तुमए?,ता भणसु सोगकारणमेयं जं तुज्झ सञ्जायं?	Long - eyed girl! Why can't you believe it is me? So tell me, for grief's sake, that you have met your end."
एवं च पियसहीए भणियाए मए तया समुल्लवियं,सम्ममुवलक्खियं ते धारिणि! निसुणेसु वुत्तन्त्तं	And the poor girl replies," "I can take it all, but keep it to myself!" "He sighs.
तुज्झेहिं समं पियसहि! कीलित्ता ता वियालसमयम्मि,नाणाविहकीलाहिं समागया निययगेहम्मि	"You are as thirsty as all the rest of us! If you ask me what I like most, It's that time of the year When all the banks are closed.
उवरिमभूमीइ तओ नाणामणिरयणहेममइयम्मि,पल्लङ्के पासुत्ता पवराए हंसतूलीए	Your mother - in - law is proud of you, my dear. The pastime of hanging around in a palanquin Brings forth laughter.
अह अड्ढरत्तसमए दुन्दुहिसद्दं सुणित्तु पडिबुद्धा,पिच्छामि गयणमग्गं दिव्वविमाणेहिं सङ्किन्नं	"Oh! you fool, When in midday you hear the rustle of wretched grass, I slip away And fall asleep on the river bank In fear of the midday sun.
दट्ठूण देवनिवहं उज्जोइयगयणमण्डलं तत्थ,सुरसुन्दरिगणसहियं चिन्त्ता मे एरिसा जाया	I long to see God's bright and beautiful village, But I can't stop thinking About the lovely people I meet There."
कत्थेरिसाइं मन्ने दिव्वविमाणाइं दिट्ठपुव्वाइं,एवंविहा य देवा देवीओ कत्थ दिट्ठाओ	I have seen visions of gods and goddesses before, as do the divinities of the night.
एवं विञ्चिन्तयन्ती पियसहि! मुच्छावसं अहं पत्ता,मुच्छाविरमे तत्तो जाईसरणं समुप्पन्नं	And the piercing fire of thirst! When I close my eyes I see a sheet of flour, Which in turn opens wide and opens wide."
सम्भरिया पुव्वभवा दोन्नि मए मणुयदेवसम्बद्धा,जह तं निसुणसु धारिणि! सव्वम्पि हु वज्जरिज्जन्तं	With regard to my husband and my two gods, please bear with me as long as you do not hurt him! I swear by every one of them."
जम्बुद्दीवे दीवे सुरगिरिणो उत्तरम्मि पासम्मि,एरवयं वरखित्तं इहत्थि तेलोक्कविक्खायं	The south wind blows hot, The sun shines bright, And the moon rises in the west."
तम्मि य मज्झिमखण्डे आरियखित्तम्मि आसि वरनयरं,अमरपुरसरिसरूवं पडिवक्खनरिन्ददुग्गम्मं	On your part, I promise, In my heart of hearts, I will never forget, Like the snake of immortality Which pierced through the hair of a woman's husband.
तिहुअणलच्छीनिलयं इब्भसहस्सोवसेवियं विउलं,आकालसुप्पइट्ठं नामेणवि सुप्पइट्ठन्ति	They sleep soundly In summer, When their eyes are closed And their noses covered With gooseflesh.
उवहसियधणयविहवो उवयाररओ य सयललोयस्स,देवगुरुपूयणरओ वच्छल्लयरो य बन्धूणं	He is a friend of hunters, a lover of pleasure, a patron of gods, and a breeder of wiles.
दक्खिन्नदयाकलिओ अग्गाणी सयलवणियसत्थस्स,हरिदत्तो नामेणं इब्मो परिवसइ अह तत्थ	The south wind blows from the south, And the ebony tree falls from the sky."
निज्जियरइसोहग्गा सीलवई महुरभासिणी दक्खा,पाणपिया विणयवई विणयवई भारिया तस्स	The south wind blows strong, The bee hides behind its beak, And the water trickles down Through the gaps in the fence."
पञ्चपयारे विसए तीए समं तस्य अणुहवन्तस्स,जाओ पहाणपुत्तो वसुदत्तो नाम सुप्रसिद्धो	On the other hand, His five vows and His penance are known to all; as for me, my son, the name Vasudeva is well known.
ततो विणयवईए कमेण धूयाओ तिन्नि जायाओ,निज्जियसुरिन्दसुन्दरिरूवाइसएण कलियाओ	For three nights you can wipe away the tears That rain down your cheeks With the beauty of your lover's bow.
जेट्ठा सुलोयणत्ति य बीया कन्ना अणङ्गवईनामा,वसुवइनामा तइया तिलोयअच्छेरयब्भूया	If you want to sow seeds, Do not cut them, For they will germinate into seeds.
कमसो वड्ढन्तीओ तरुणजणुम्मायकारयं रम्मं,अह ताओ पत्ताओ तिन्निवि नवजोव्वणारम्भं	Lovemaking is about growing older, having fun with young people; after all, it's about starting young.
कन्ना सुलोयणा सा परिणीया मेहलावइपुरीए,सागरदत्तसुएणं सुबन्धुनामेण वणिएण	Kanna suloyana sa parinaya mehlavaipuriya, saagara dutta suyana saubandhu nimane vaaniya
विजयवईनयरीए सुएण धणभूइसत्थवाहस्स,धणवाहणनामेणं विवाहिया 'णङ्गवइकन्ना	"The warrior's daughter in triumph, Having bowed her head before her lover, Married a man whose name was'Nanga Vaikanna '.
सावि हु वसुमइकन्ना नयरीए मेहलावईए ओ,धणवइणा परिणीया तणएण समुद्ददत्तस्स	Aunt, I was mesmerized by the beauty of her eyes, And by the tender tender tenderness With which she drained the ocean In her desperation.
अह सो धणवइवणिओ कलासु कुसलो अणङ्गपडिरूवो,समयं तु वसुमईए भुञ्जइ माणुस्सए भोए	"Ah! what a cruel man you are, A man who has lost his way At an early stage In his career And whose time is fleeting.
वड्ढन्तसिणेहाणं ताणं अन्नोन्नरत्तचिताणं,नवजोव्वणाण सरसं विसयसुहं सेवमाणाणं	Old and young men go out of their way to please each other, Young and old alike go out for pleasure and service.
गुरुजणविणयरयाणं अवरोप्परविरहदुक्खरहियाणं,वच्चन्ति वासराइं आणन्दियबन्धुवग्गाणं	The traveler is without wife, With feet on either side of him, With arms ajar, With breasts reaching for the woman's feet.
अह अन्नया कयाइवि पवरे हम्मियतलम्मि पासुत्तो,धणवइवणिओ तीए वसुमइदइयाए सञ्जुत्तो	Oh! my poor girl, When everything else falls into place It is only the past that matters, Not the present.
निम्मलससिकरउज्जोइयाए रयणीए पच्छिमे जामे,निद्दाखए विबुद्धा मुद्धा सा वसुमई वरई	The girl who fell asleep with her lover by her side Jammed the fire in the west, And awoke in the middle of the night Disillusioned.
नियसयणीयपसुत्तं परपुरिसं पिक्खिऊण भयभीया,सा पवणहया तणुतरुलयव्व अह कम्पिया सहसा	The girl is so frightened of looking at her lover That she suddenly trembles as she presses her feet against his chest."
चिन्तइ सा मियनयणा कत्थ गओ मज्झ निययनाहो सो,दुक्खपवेसम्मि गिहे एसो पुरिसो कह पविट्ठो?	Where did you think I was going, Mr... So when are these holy men going to come forward in this time of trouble?
किंवा सो मणदइओ हविज्ज निहओ इमेण पावेण,सोच्चिय दइओ अन्नो पडिहासइ किं विवज्जासा?	Or should we say," "He's got a heart of gold and pearls?" "Now, dear girl, is that supposed to explain why he laughed so much?
अहवा न होइ एसो मह दइओ ताव निच्छओ एस,एस अउव्वो कोवि हु दीसइ दिव्वाणुकारित्ति	This is my mercy, O God of Love," he said, "and I will never forget how kindly you were to me.
तह सुवइ सुवीसत्थो पविसित्ता परगिहम्मि जं एसो,तं नूणं भवियव्वं केणावि हु कारणेणित्थ	So please, my dear, whatever you do come to me, It must be because someone has caused it."
जइ एस अन्नपुरिसो दइओ वा तहवि इण्हि मह जुत्तं,नियसासुयाए सिग्घं जहट्ठियं चेव साहेउं	If this is the case with the man who begs for food, Or if it is just the way I like it, I will sacrifice my life For your sake."
जइ पुण एयं न कहेमि कहवि नियसासुयाए वुत्तन्तं,आजम्मम्पि कलकं सुदूसहं होइ ता मज्झ	If I may not say so again, When my days are long, I will try my best to bear it.
एवं विचिन्तिऊणं उत्तरिया हम्मियाओ सा बाला,पत्ता य सासुयाए सुदंसणाए समीवम्मि	And when he replies," "It's my daughter - in - law." "Either the husband is righteous or I am lying.
सा सणियं उट्ठविया भणइ किमागमणकारणं सुण्हे!,तत्तो य वसुमईए जहट्ठियं साहियं सव्वं	She will get up quickly, Say what you want, And listen to her reason for coming! It will all be fine By the way,
भणियं सुदंसणाए न सम्भवो अत्थि इत्थ अन्नस्स,निद्दावसओ होज्जा तुह जाओ विब्भमो एसो	It is not possible for you to see properly again, At the same time it is impossible for me to eat properly, For being asleep would cause you to go into a state of confusion.
भणियं च वसुमईए अम्ब! सयं चेव ता निरूवेसु,एवं तीए भणिया सुदंसणा लहुं गया तत्थ	"My brother - in - law lives forever! Stop dragging your feet on this one, and the good sense of your brother will have worn off by then.
सम्मं निरूविओ सो निद्दाए पसुत्तओ तहिं पुरिसो,नायं सुदंसणाए जह एस न होइ मह पुत्तो	As long as I don't sleep, sleep well, and sleep properly, I won't see you again, my son, unless it is for this.
तत्तो सुदंसणाए पोक्करियं दीहरेण सद्देण,धावह धावह लोया! एस अउव्वो नरो कोवि	"Well, then, if you want to see the paintings for the long haul, run! It's the God of Love!" "is how the cowgirl replies.
अम्ह घरम्मि पविट्ठो जारो चोरोव्व नूण होऊण,एवं सुदंसणाए विहियं सोऊण हलबोलं	The thief in my house is a poor man's wife, And in my sight there is plenty of gold.
रे! लेह लेह धावह कत्थ गओ कत्थ अच्छइ निलुक्को,एमाइ वाहरन्तो समुट्ठिओ परियणो सव्वो	"Hey! Leh, Leh, Run, Where have you been? It's been a long road." "I've been following you everywhere.
मिलिओ य भूरिलोगो किं किं एयन्ति एव जम्पन्तो,सिट्ठी समुद्ददत्तो भणइ पिए! केण मुसिया सि?	Why do the people of Milio - or of Bhurila - do all this talking at once? But, my dear, the donor of the sea speaks plainly! Who are you, Musiya?"
सोवि हु सयणीयाओ समुट्ठिओ कलयलं निसामित्तं,वज्जरइ केण अम्बे! मुसिया,जं एवमुल्लवसि?	"I agree, my dear, The flowers are spotless. What do you mean they are wilting! What are you doing now, poor girl?
न हु इत्थ कोवि दीसइ दुट्ठमई कीस अम्बि! उव्विग्गा?,एवं तु तेण भणिया सुदंसणा एवमुल्लवइ	No, I don't think so. But why am I telling you this, Ambi? Uvvigga?, And you tell me that good judgment is immutable."
को सि तुमं कस्स सुओ कीस गिहं मज्झ आगओ पाव!?,हा! धिट्ठ! किंनिमित्तं अम्बित्ति ममं समुल्लवसि?	Who are you? Why, my dear, are you listening to me now?, Ha!, Right!, Why are you trying to silence me?"
कीस मह पुत्तसेज्जाए इत्थ सुत्तोसि नट्ठमज्जाय!,कत्थ कओ मे पुत्तो धणवइनामो हयास! तुमे?	Why do you think I slept so long in my son's sleep? But what have I done, my son, And how come I'm so thin on fuel! You?"
एवं च तीइ निट्ठुरवयणाणि निसम्म विम्हिओ चित्ते,सो पुरिसो नियदेहं पुणो पुणो अह पुलोएइ	And the silence of those nights is irresistible to the mind; men repeat the same fate over and over again.
आलोइऊण सुइरं नियदेहं जाव सामलमुहो सो,उप्पइयमणो ताहे आलोयइ नहयलं सहसा	"Come," "whispered the doe." "As soon as you have a chance, take a bath.
बुड बुड इय अव्वत्तं जावं दिन्तोव्व पवरविज्जाए,उल्ललइ य पुणरुत्तं दद्दुर इव भूमिपट्ठम्मि	It is as if the earth were blackened by the thunder, The sky was darkened by rain clouds, And the sky was covered with rain clouds.
जाओ खणेण दीणो खयरकुमारोव्व नट्ठ वरविज्जो,गाढं वेविरदेहो मụ̄धोव्व हिउव्व सञ्जाओ	"Go - look! The mud is thin, The rough ground is bare, And the thick grass is bare. I can take it all in one fell swoop.
अह तं तारिसरूवं पुरिसं दट्ठूं सुदंसणा भणइ,पाविट्ठ! किं न साहसि कत्थ कओ मह सुओ तुमए?	I have seen him before, And he speaks well of me, Friend! How dare you not, my dear, sleep?"
सोवि अहोमुहवयणो होऊण ठिओ न जम्पई जाव,ताहे सो जणनिवहो विविहं उल्लविउमाढत्तो	She is so attractive That she does not flinch when approached; rather, she attracts a wide variety of people.
एसो इब्भघरम्मी समागओ चोरियाए धणलुद्धो,अन्ने भणन्ति चोरो जइ ता सेज्जाए किं सुत्तो?	This is a rich housewife, stealing things, and robbing people of their money. But if the thieves say," "Are you sleeping properly?"
ता एस वसुमईए कएण परदारियाए आयाओ,अन्ने भणन्ति जारो जइ ता अम्बित्ति किं भणइ?	So, Vasumeya came running to me on the veranda, and I said," "If Jarrow is there, then what is Ambitti saying?"
ता एस धणवइच्चिय विहिओ केणावि अन्नरुवेण,देवेण दाणवेण व केलीए पिएण मन्नामो	Then, when God gives us the gift of giving, we drink manna instead."
अन्ने भणन्ति भूओ एस पिसाउव्व आगओ एत्थ,अम्हाण छलणहेउं एरिसरुवेण दुट्ठप्पा	They say," "The earth is burning, The fire of love has already arrived, And we are being tricked by the arrows of the God of Love."
भो भो न एवमेयं भणन्ति अन्ने उ किन्तु निसुणेह,वसुमइयाए सीलं परिक्खिउं आगओ तियसो	No, they do not speak to me like that, but silently," he said, "I was waiting for you to appear before me.
एमाइ बहुविगप्पं परोप्परं जा जणो समुल्लवइ,ताव य पियसहि! धारिणि! निसुणसु जं तत्थ सञ्जायं	"I have grown so thin on other people's business That I am beyond reproach, Yet thirsty! Be patient! For where the trouble is, There it is.
केऊरहारअङ्गयविरायमाणो मणोहरसरीरो,सहसा पयडीभूओ भासुरदित्ती तहिं तियसो	It's like a river in spate, Like a lake in the middle of the night, Running out of water And bursting into flames.
देवेण तेण भणियं निसुणह एयस्स वइयरं भद्दा!,अवियाणियपरमत्था करेह किं बहुविहविगप्पे!	"God, you're not supposed to say such a thing! It's a damned thing! Instead of talking to each other, You're supposed to talk to so many people!
एसो हु पावकारी सुमङ्गलो नाम नहयरो आसि,साहियबहुविहविज्जो विज्जाहरनयरसुपसिद्धो	Such a person is full of faults; his name should not be mentioned at all; he receives favors only from learned people.
अह अन्नया कयाइवि भममाणो इच्छिएसु नयरेसु,एसो इत्थ पुरए समागओ जोव्वणुम्मत्तो	Oh! what a cruel man you are, Thinking of leaving again? Such a man has always been before young women.
हम्मियतलमारụधा ण्हाणुत्तिन्ना हु वसुमई एसा,गयणट्ठिएण दिट्ठा इमेण सुइरं च निज्जाया	"Hummy, I know you are not asleep," "whispered the go - between.
दट्ठुं इमीए रूवं खुहियं अह माणसं तु एयस्स,काउं धणवइरुवं अवयरिओ इत्थ गेहम्मि	Look, I see your face; you are a handsome man; there is nothing you can do about it.
अवियाणियपरमत्था भुत्ता अह वसुमई इमेणावि,सुरयम्मि रञ्जियमणो चिन्तइ एवं महापावो	Though she walks on water, Clouds hover above her, And the sun gives her rays Great thoughts."
धणवइरूवेण ठिओ अन्नाओ एत्थ सयललोएण,एईए वरतणूए समयं सेवामि सुरयसुहं	If you ask me why I'm here, It's because I enjoy the sunshine And I use the time I do have.
विज्जाहरीहिं किंवा मह कज्जं किंव अन्नजुवईहिं,सोहग्गनिहाणाए पत्ताए इमाए महिलाए?	Is this the case with women who go out for a walk or work hard to earn a living?
एवं विचिन्तिउणं अवहरिओ धणवई इमेणं तु,नेऊण भरहखित्ते मुक्को उ विणीयनयरीए	And look! Your face is smeared all over with red ghee. No wonder you clung to her tightly."
पच्छाइय नियरुवं धणवइरुवं विहित्तु विज्जाए,वसुमइसुरयासत्तो एसो सो चिठ्ठई एत्थ	The bush is bare, The trees are bare, And the rainy season is here. So here she is burning"
सोवि हु धणवइवणिओ विणीयनयरीए पाविओ वरओ,दट्ठुं अउव्वनयरिं विम्हियहियओ विञ्चितेइ	I have never seen a woman more beautiful Than when she lies face down on a bed Of wiles.
का एसा वरनयरी कत्थ व सा मेहलावई नयरी,किं केण व अवहरिओ पेच्छामि व सुमिणयं एयं?	Is this the case with the Varneri katha and the Mehlavai Nayari, or with others such as I and Suminyam?"
एवं विचिन्तयन्तो बाहिं नयरीए जाव परिभमई,तावय पवरुज्जाणे समोसạधो केवली दिट्ठो	And when he looks out, He sees the whole world around him; When he looks at his wife he sees only women.
सिरिउसहनाहजिणवरवंसपसूओ तिलोयविक्खाओ,नामेणं दण्डविरओ रायरिसी मुणिगणसमेओ	Desperate to escape the heat, The arrows of the God of Love fly into the air, And the arrows pierce the trees of the forest.
तं दट्ठुं जायतोसो काऊण पयाहिणं तु तिक्खुत्तो,पणमिय केवलिचलणे उवविट्ठो उचियदेसम्मि	When you see him You tremble with anger, But when he walks slowly You can see him only with your eyes.
नाऊण य पत्थावं विहियपणामेण तेण संलत्तं,केण अहं अवहरिओ भवयं! किंवा इमं खित्तं?	Now that the stone is firmly fixed in his heart, can I escape! Or is it his fault?"
का वा एसा नयरी एवं पुट्ठेण भगवया तस्स,धणवइणो पुव्वुत्तं सव्वम्पि हु साहियं तइया	Why, my dear, Is this woman so naïve And so forthright In her anger? But I can take it all in my stride.
विन्नायसरुवो सो भज्जापिइमाइवन्धुपरिहीणो,गुरुसोगसमावन्नो केवलिणा एरिसं भणिओ	Without a trace of jealousy," she said, "He's already dead. But tell me, is this the sort of thing that needs doing in front of a teacher?
मा भद्द! कुणसु सोयं एरिसओ चेव एस संसारो,इट्ठविओगा 'णिट्ठप्पओगदुक्खेहिं सङ्किन्नो	Don't be nasty! This is the way the world is going to be, Because you're going to think" "Stop being nasty and suck it."
एयम्मि वसन्ताणं जीवाणं विसयमोहियमणाणं,सञ्जोगविप्पओगा अणन्तसो भद्द! जायन्ति	It is the spring of spring, The spring of despair, And the winter of ecstasy: Always ugly!
परमत्थओ य दुक्खं जायइ नियदुट्ठकम्मुणा जणियं,हवइ हु निमित्तमित्तं सेसं पुण बज्झअत्थम्मि	I suppose you have never felt The pain of grief, But now that you have, I want you to be with me forever.
ता तेण नहयरेणं न मज्झपरमत्थओ कयं दुक्खं,किन्तु नियकम्मजणियं एवं भावेसु नियचित्ते	It is not my fault, then, that the passage of time causes me such pain, but rather that it regulates my actions and my emotions.
अविय ‘‘पत्थरेणाहओ कीवो पत्थरं डक्कुमिच्छई,मिगारिओ सरं पप्प सरुप्पत्तिं विमग्गई’’	Aviya:" "Stoned, Because the stone is trembling, Migario Sir, The snake has gone from strength to strength."
ता भद्द! जिणाणाए कम्मसमुच्छेयणम्मि उज्जमसु,तत्तो विलीणकम्मो पाविहिसि न एरिसं दुक्खं	"That's nasty! To conquer a certain karma You have to be brilliant, Then you can combine them And get away with it. For this is nothing to be sad about.
इय केवलिया भणिओ पडिबुद्धो धणवई इमं भणइ,इच्छामो अणुसट्ठिं पव्वज्जं देह मे भयवं!	Only this fool speaks from behind closed doors:" "I want to sit here and have fear instilled in my body!"
केवलिणा से दिन्ना पव्वज्जा सव्वपावमलहरणी,अह जाओ सो समणो सामन्नगुणेहिं उववेओ	To give glory to God with kindness, Which gives pleasure to all, Oh! go and uncover the virtues common to all.
पुव्वसयसहस्साइं तीसं काऊण उग्गतवचरणं,तेमासिंय च काऊण अणसणं चत्तदेहो सो	With flowers and flowers He gives such eloquent speeches; with them He relishes the sound of the lute.
उववण्णो ईसाणे अच्छरगणसङ्कुले विमाणम्मि,चन्दज्जुणाभिहाणे देवो चन्दज्जुणो नाम	"You fool, The name of the god of the moon Is Chandejuhon the name of his patron saint.
ओहिन्नाणेण तओ नाऊणं सयलनिययवुत्तन्तं,सो हं भो भो भद्दा! समागओ एत्थ नयरीए	"That's why you took my name, silly girl, so yes, it's nasty! Don't go looking for me while you're here.
वसुमइकण्ठविलग्गो सयणीयगओ पसुत्तओ दिट्ठो,पच्छाइयनियरूवो धणवइरूवेण एस ठिओ	The west wind blows, The south wind whirls, And the south wind stirs up the clouds.
जाओ य मज्झ कोवो तव्वसओ चिन्तियं मए एयं,मारेमि इमं पावं मह दइयाए सह पसुत्तं	Go away, I suppose. What makes you think I'm angry? But let me do my best to be nice to you."
जणणिजणयाण अहवा जाणावित्ता य सयललोयस्स,एयस्स दुट्ठचरियं काहामि विणिग्गहं पच्छा	If you want to know who I am or what I'm doing, I'd better ask you something else.
एवं विचिन्तिऊणं अवहरियाओ इमस्स पावस्स,सव्वाओ विज्जाओ जाओ य इमो सभावत्थो	And stop thinking:" "I'm guilty of this. Everyone should go to university or something like that."
तत्तो य वसुमईए सहसा निद्दा मए खयं नीया,एईए विबुद्धाए नायं जह एस परपुरिसो	Suddenly I fell asleep," he said, "But that does not make me wiser.
गन्तूण सासुयाए सिट्ठा वत्ता इमीइ सव्वावि,तत्तो सुदंसणाए दठ्ठूण इमं कओ रोलो	Gone is the mother - in - law's bed And now she is on her way home. So when she sees you she makes a noise about it."
पडिबुद्धेण इमेणवि तेणिह अम्बा सुदंसणा भणिया,सोउं निट्ठुरवयणं पलोइयं निययदेहं तु	Because of this fierce fight, you have become so prominent that you are condemned to suffer the consequences of your actions.
दठ्ठूण पुव्वरूवं नियदेहं विम्हिओ इमो चित्ते,मह विज्जाए पभावो अवहरिओ केण अज्जत्ति?	I suppose you have never seen such a thing, my dear: How can anyone else exist apart from me, if I speak plainly?
एवं विचिन्तिऊणं उप्पइउमणेण ताहि एएण,नियविज्जा सम्भरिया पवरा नहगामिणी नाम	And just like that, thinking back over the past few days, She remembers the names of the powerful women in her life.
तहवि हु उप्पइऊणं जाहे न चएइ ताहि विन्नायं,कुविएण मज्झ केणवि विज्जाच्छेओ कओ 'वस्सं	However much I may groan, Otherwise, out of anger, Somebody will cut me to the quick.
तेणेव सभावत्थो जाओ न चएमि गयणमुप्पइउं,एवं विगप्पयन्तो एसो दीणत्तणं पत्तो	Then go to the assembly, for I will not turn my back on you. And when you return home, this is the path to enlightenment.
एवं पियसहि! धारिणि! सोउं तियसस्स भासियं तस्स,सेट्ठी समुद्ददत्तो सुदंसणा सावि से भज्जा	And the thirsty one! The poor one! So when he touches her mother - in - law's feet He is consumed by grief As if he had not seen her."
आलिङ्गिय तं देवं अइगुरुसुयदुक्खदलियहिययाइं,दीहरसरेण दोण्णिवि करुणं रोत्तु पवत्ताइं	Embrace him, oh! God," cried the woman's angry husband, "and with long pauses he wept for her.
तह तेहिं तत्थ रुन्नं करुणपलावेहिं नेहभरिएहिं,जह सो समागयजणो सव्वोवि हु रोविउं लग्गो	There were those who cried so long And those who feared the pathos So persistently that all the people present began to cry.
सोऊण रुन्नसद्दं गिहम्मि नयरवत्थव्वो,सव्वोवि हु संमिलिओ सबालवुड̣धो जणो तत्थ	When he came home weeping, We wept bitterly, And when he went away We all made peace.
नाऊण य वुत्तन्तं सव्वं अन्नुन्नवज्जरिज्जन्तं,अक्कोसन्ति बहुविहं सुमङ्गलं नयरनारीओ	From the moment they hear the name They forward everything to the next day. There are so many of them That they make perfect lovers.
एयस्स पडउ विज्जू सुत्तो मा एस बुज्झउ पावो,निद्दोसोवि धणवई अवहरिओ जेण पावेण	Come, fall asleep widjo, do not sleep on this day. For those who sleep soundly Desire the blessings of God in return.
हा! पाव! किं न आसी खयरीओ तुह सरूवजुत्ताओ,मुद्धाए वसुमईए जेण तुमे खण्डियं सीलं?	"Ah! Paav! Aren't you afraid that the axe will fall on you, Foolish girl, Because you sealed the block?"
ता पाव! इण्हि पावसु अणज्जकज्जम्मि निरय! निल्लज्ज!,नियदुच्चेट्ठियसरिसं इहपरलोए फलं कडुयं	"Your fault! You have done nothing wrong! Stop it! The fruit is bitter now, For all the hard work put in by your enemies.
एयं न होइ जोग्गं नामं एयस्स दुट्ठचरियस्स!,पावो अमङ्गलो एस जेण एयं कयं पावं	It cannot be so, my name is Aeschylacharias!, but rather a sin which has led to such a fate."
कन्नकडुएहिं एवं असब्भवयणेहिं तेण लोएणं,अक्कोसिओ स बहुहा सुदीणवयणो तहिं वरओ	A man of many talents, With eyes that are hard of hearing And ears that are unable to hear, Is a blessing in disguise.
तेणेव देवेण तहिं मायावित्ताइं रोवमाणाइं,अणुसासियाइं सम्मं तुण्हिक्काइं तु जायाइं	Then the gods will come crying out for you in such a way That you will have to go to your senses.
तत्तो सुरेण भणिया मुञ्चन्ती थूलअंसुयपवाहं,भद्दे! वसुमइ! इण्हिं को तुह हिययस्स उच्छाहो?	"That wretched girl, Sniffing the tears welling up in her eyes, Looks awry! It's your turn! Who is going to explain your situation to me?
अह तीए वज्जरियं लज्जाए समोणमन्तवयणाए,जं किञ्चि तुम सामिय! आइससि तहिं समुच्छाहो	Ah, the embarrassment you cause when you are alone! You look just as you did when you arrived!
भणियं सुरेण सुन्दरि! जइ एवं ता करेसु पव्वज्जं,जिणवरभणियं धम्मं कम्ममहाकन्दकोद्दालं	"My dear, Suren Sundari! Go and do it yourself, Lord! For if you desire to live, You will have to sacrifice your life In the arbor of dharma And karma's arrow.
जइवि हु सुन्दरि! तुमए अयाणमाणाए एयमायरियं,तहवि हु इमस्स ओसहं होउ पव्वज्जा	How lovely you are! You have added so much beauty to my life, And yet I am so full of pride."
तत्तो य वसुमईए तहत्ति बहु मन्नियं तयं वयणं,महईए विभूईए नियबन्धवअणुमया ताहे	So long as I live, So long may my husband live, If I live my life In peace With my parents.
तत्थेव य नयरीए सुहम्मनामस्स पवरसूरिस्स,मयहरियाए बहुविहसाहुणिगणसेवियकमाए	At that moment the eyes of the women burst into laughter, When they hear the name of the beloved they rejoice very much."
चन्दजसानामाए समप्पिया सुरवरेण सयमेव,तीएवि य आगमविहिणा दिन्ना दिक्खा वसुमईए	When the moon is full, With sweet fragrance it stays put; When it is half full, It vanishes without a trace.
सोवि सुमङ्गलखयरो गुरुरोसेणावि तेण देवेण,दट्ठूण दीणवयणो न मारियो कहवि हु दयाए	She does not rejoice when, beside her husband's anger, she gives to others what she would not kill if she saw them.
नेऊण माणुसुत्तरगिरिस्स परओ स उज्झिओ वरओ,अह सो तियसो पत्तो निययविमाणम्मि वेगेण	Though he had no more work in the fields, He was ready for it. So, too, did he manage to speed up the ship's voyage."
सावि हु वसुमइअज्जा समिईगुत्तीसु सम्ममुवउत्ता,सज्झायज्झाणजुत्ता उज्जुत्ता विणयकरणम्मि	I will never forget how my lover kissed me, When I tried to kiss his lips And his lips quivered.
पुव्वसयसहस्साइं बहूणि काऊण पवरसामन्नं,संलेहणाए सम्मं झोसित्ता निययदेहं तु	With great difficulty Bridegroom's daughter - in - law answered," "You will meet the fate which awaits you."
अणुरायवसा तं चिय झायन्ती सुरवरं निए हियए,कयअणसणा वसुमई कालं काऊण उववन्ना	Anura vasa is one in which the pleasures of love are banished, For when does one cease to experience them?
ईसाणनामम्मि बिइज्जकप्पे चन्दज्जुणे दिव्वविमाणयम्मि,देवस्स चन्दज्जुणनामगस्स चन्दप्पहा नाम पहाणदेवी	God's name is Chandapaha, the moon is full of moonbeams, The goddess of heaven names her vessels after the moon.
एसोवि परिसमप्पइ वसुमइसुरलोयपावणो नाम,सुरसुन्दरिनामाए कहाए छट्ठो परिच्छेओ	"What's this noise about? It's the name of that lovely man Who used to decorate his room With paintings of beautiful women?" "was the refrain of six paragraphs.
अह पुव्वसङ्गएणं समयं चन्दज्जुणेण देवेण,गạ̄धाणुरायरत्ता भुञ्जइ दियलोगसोक्खाइं	"Oh! the time has come For the moon to rejoice With flowers; Now, dear girl, The rays of the moon Have roasted the sweetwood trees.
चन्दप्पहदेवीए सुरलोए सुरवरेण तेण समं,बोलीणो बहुकालो दिव्वसुहं अणुहवन्तीए	The goddess of the moon spoke for a long time, Equal to her in melody with the moonlight."
अह अन्नया कयाइवि विच्छायं पिच्छिऊण नियदइयं,भयभीया सा देवी तं देवं एवमुल्लवइ	Oh! what a frightful goddess! She is so afraid of being chased by some strange creature That she does not even know it is a god.
सामिय! कीस ससङ्को अरइपरद्धोव्व दीससि तुमन्ति,तह कन्त! रुइविवज्जियदेहो दीणोव किं इण्हिं?	Samia! Why do you look so piteously upon Sasanko, then? What do you mean, a day spent in tears?"
सुक्कइ कीस अकम्हा कुसुमसमूहो सिरम्मि सञ्जमिओ?,वसणाणि तुज्झ सामिय! सामलवन्नाणि किं अहुणा?	Why so dry? Can't you see the clusters of yokels Rising in the west? Stay where you are! What makes a woman so hot?"
थरहरइ कीस दिट्ठी कामम्मि य सịधिलआयरो इण्हिं,मोडसि य कीस अङ्गं पुणो पुणो,देव! वज्जरसु?	Why tremble at the very sight Of that lovely man Whose limbs are twisted Once again? God, is it thunderous?"
अह चन्दज्जुणदेवो एवं पुट्ठो पियाए वज्जरइ,किं न याणसि सुन्दरि! जेण ममं पुच्छसि इमं तु?	"Ah, the moon - eyed god, And the buttocks are dripping with drink. Don't you know you are a beauty! If you ask me, Is this you?
देवस्स चवणसमए इमाणि जायन्ति सुयणु! लिङ्गाणि!,ता मज्झवि चुइसमओ आसन्नो वट्टइ इयाणिं	At the time of God's rest, these women go to sleep! And the lingam! So, too, do I need to go to my husband's bedside or to his wife's."
एवं निसम्म वयणं देवी अइवल्लहस्स देवस्स,उपन्नगरुयसोया दुक्खं नरओवमं पत्ता	And without a doubt, the goddess is one of God's most beloved, like a man possessed by a demon afflicted with illness.
अह अन्नया कयाइवि सो देवो तीइ पिच्छमाणीए,खरतरपवणसमुद्धयदीवोव्व अदंसणीभूओ	Oh! my God! It is a slippery slope! But the God of Love, Who dwells in deep waters, Appears invisible to all.
दट्ठूण चुयं देवं देवी चन्दप्पहा सुदुक्खत्ता,मुच्छाविरमे करुणं विलविउमेवं समारद्धा	When the gods saw her they were filled with compassion. When the moon saw her happiness They were moved to tears.
हा! नाह! पाणवल्लह! मोत्तूण ममं गओ कहिं देव!,तुमए रहिया सामिय! कं सरणमहं पवज्जामि?	"Yes! No! Waterman! Kill me, my God! Where have you been? Stay with me, Samia! How can I return home?
खणलवमेत्तम्पि तुमं विणा मए नेव नाह! अच्छन्तो,मोत्तूण ममं इण्हिं कत्थ गओ लोयणाणन्द!	I can't live without you, my dear! But where have you been all this time Since my husband left for Loynananda?"
तं चेव मज्झ सरणं तं नाहो जीवियं तुमं देव!,तुमए मुक्का सामिय! भण इण्हिं कत्थ वच्चामि?	You have saved my life! No, you are a god! But where am I going to get it?"
हा! कत्थ गओ वल्लह! एत्थ अणाहं ममं पमोत्तूणं,को मह सरणं इण्हिं सामिय! तुमए पमुक्काए?	"Hey! Where have you been! You stupid bitch! Here I am waiting for you, Who cares if I'm still alive? You fool?
सो चेव देवलोगो देवसहस्सोवसोहिओ रम्मो,तुह विरहियाए इण्हिं भावइ नरओवमो मज्झ	It is the Lord God's pleasure to make love to you, and it is my desire that you should separate you from me, for I am like a man possessed by a demon.
तं चिय इमं विमाणं रम्मं मणिकणगरयणविच्छुरियं,तुमए मुक्कं भावइ घडियालयसच्छहं नाह!	Because you are so eager to see the moonlit night sky, You must be thinking of the clock!
किङ्करवग्गोपि इमो चाडुकरो विणयकरणतल्लिच्छो,परमाहम्मियसरिसो भासइ तुह नाह! विरहम्मि	"Kinkaroo, you stupid cowgirl, Staring at the fence, You look like you're about to fall apart, Don't be alarmed!
पुंनागनागचम्पयनमेरुमन्दाररेहिरं रम्मं,उज्जाणं तुह विरहे असिपत्तवणंव पडिहाइ	Love without fear, Love without anger, Love devoid of passion, Is an inexhaustible force.
वरमज्जणवावीओ निम्पलजलपूरियाओ रम्माओ,भासन्ति तुज्झ विरहे वेयरणिनईए तुल्लाओ	Wretched women, Full of nectar, Make love; It seems as if the bracelets of separation on your body Are hanging loose.
धन्नाओ नारीओ जाओ मयं अणुसरन्ति भत्तारं,एयम्मि देवभावे कत्तो एयारिसं मज्झ?	Happy women! I have a running fever. Where in the Godhead am I now?"
एमाइ पलवमाणा सा देवी हणइ नियय हत्थेहिं,अङ्गाइं सुदुक्खत्ता कन्दन्ती करुणसद्देण	This is the God of Love, Who gives souls at will, Whose limbs are straight and whose limbs are smooth, Who dispenses mercy.
मुच्छिज्जइ पुणरुत्तं नीसाहारा य पडइ भूमीए,सम्पत्तचेयणा सा पुणरवि एवं समुल्लवइ	To wither away or fall to the ground One must again plunder and plunder One's wealth.
हा! नाह! किं न पेच्छसि विलवन्तिं जं न देसि उल्लावं,किं वा रुट्ठो वल्लह! किं अवरद्धं मए तुज्झ?	"Yes! no! Why do you not watch the wailings That do not cause you to break out, Or why, you rote lover! Am I supposed to follow you?
पणयकुवियाए सामिय! चाडुसहस्साणि मज्झ कुव्वन्तो,इण्हिं कीस अकण्डे विलवन्तिं मुञ्चसि ममं तु?	Proud wife, Samia! My husband is angry. Why are you still angry with me When he's back again?"
हा! नाह! किं न याणसि अइगुरुअणुरायमोहिया एसा,मह विरहे कह होही जेण अकण्डे तुमे मुक्का?	"Yes! No! Aren't you afraid That, being so demanding of your lover, I might part ways With you If, for one thing, you ever break up with him?
एवं बहुप्पगारं पिययमविरहम्मि कन्दमाणा सा,जाया उम्मूलियकमलिणिव्व विच्छायमुहकमला	And the lotus flower, Which is like a lotus in a nectar, Is very fragrant When opened with water."
दट्ठूण गरुयसोयं गुरुदुक्खसमोहयं तयं देविं,तीए निद्धवयंसा सयम्पभा एवमुल्लवइ	When a woman sees a god, She is moved by her feelings, When a man sees a woman's sorrows And acts as a healer.
जाणियजिणवयणावि हु संसारसरूवयं सुणेऊण,इयरमहिलव्व पियसहि! विलवसि किं एरिसं बहुहा?	"I have heard so much about you from other people's walks of life, And now I can hear it with all the ears of the world. Your wife is thirsty! Will you complain again? Is this too much for you?
पियसहि! न हु साहारो बहुणावि हु विलविएण जं अत्थि,ता किं छालियगलथणसमेण विहलेण रुन्नेण?	Thirsty! I cannot help it, I am very thin and wretched at the moment I cry out. So why cry out loud While the nail mark is still visible?"
जइ विलवसि सयहुत्तं पिट्टसि देहं करेसि गुरुसोयं,तहवि हु न एइ दइओ कालकयन्तेण जो नीओ	If you moan, Your limbs quiver, And your body twists, You'll do it yourself, But you won't because of this anomaly of time Which you took.
तो एयं नाऊणं नेहं सịधिलेसु मुञ्च गुरुसोगं,उज्जम जिणिन्दधम्मे एवंविहदुक्खसमणम्मि	Now therefore, do not take this name from me: It is my master's gift to you: To live brightly, in the midst of adversity and the presence of suffering.
सो तवसञ्जमरूवो देवभवे नत्थि वट्टमाणाए,सम्मत्तसुद्धिहेउं सुन्दरि! ता उज्जमं कुणसु	She walks in circles so that no one can see her. But beware: She is perfectly healthy And looks beautiful! Keep her eyes bright."
गन्तूण विदेहेसुं वन्दसु तिलोक्कबन्धवजिणिन्दे,केवलिणो तह साहू सञ्जमकरणुज्जए धीरे	"Traveler, If you ever want to go abroad, Stop being touchy And take a rest. Only after you've spent the night elsewhere Will you be able to make it slowly.
सासयजिणभवणट्ठियजिणिन्दबिम्बाणि परमभत्तीए,कुलसेलदीवपव्वयठियाणि गन्तूण पणमेसु	Mother - in - law, Please allow me to go to my parents'house, Wherever they are staying, As long as I am safe.
एवं विसुद्धसम्मत्तसञ्जुया पाविऊण मणुयत्तं,लद्धुं जिणवरदिक्खं हयकम्मा वयसि सिद्धीए	And if you want to attain enlightenment And are able to control your emotions, You have to fight to the death To see what true wisdom is all about.
एवंविहदुक्खाइं तत्थ गया नेव पाविसि अवस्सं,जरमरणरोगसोगेहिं वज्जिया होसि आकालं	And since the separation was painful, there has never been a worse time for you to be ill with the germ.
एवं सयम्पभाए भणिया चन्दप्पहा तहिं देवी,मोत्तुण दइयसोगं समागया एत्थ लोयम्मि	And when the moon was full of rain clouds She was a goddess, And when death came She was associated with mercy In this world.
सहिया सयम्पभाए वन्दित्ता जिणवरिन्दबिम्बाइं,नन्दीसरम्मि ताहे समागया एत्थ भरहम्मि	Friend, My sister - in - law offers Me a mouthful of sweets, A heart full of love Only when one's affection is satisfied.
तत्थ य पेच्छइ नयरे रायगिहे पवरबाहिरूज्जाणे,समणगणसेवियकमं ससुरासुरमणुयपरियरियं	There she is, looking down the road at her rivals, Their husbands abroad And their wives abroad.
धम्मं वागरमाणं सुहङ्करं नाम केवलिं ताहे,गयणाओ ओयरिया सा देवी पियसहिसमेया	Only in the name of the most beautiful thing in the world, the goddess of love, Who is so affectionate, Can anyone sing the song of praise?
वन्दिय सुहङ्करं तं सुहं करन्तं तु भवियसत्ताणं,सेसम्पि समणसङ्घं उवविट्ठा उचियदेसम्मि	If you wish to please her, You can only do so in good faith; This union of equals will bring about a just judgment.
अह सो भयवं तीए सदेवमणुयासुराइपरिसाए,गम्भीरभारईए एवं भणिउं समाढत्तो	Oh! she was so afraid! She turned her face away from him, Taking him for a godly man, And saying," "I agree.
अइदुलहो मणुयभवो सुकुलुप्पत्ती जिणिन्दधम्मो य,पत्तम्मि तम्मि उज्जमह सव्वहा मा पमाएह	If this is the case, My dear, If you desire to enjoy your pleasure, Do not neglect to decorate yourself with bright flowers.
करगहियसलिलसरिसं खणे खणे झिज्जए इमं आउं,तम्हा जिणवरधम्मे मा हु पमायं कुणह तुम्हे	Come, I beg of you, If you wish to escape from my heart, I will arrange for you to stay where you are For the rest of my life.
कुससूइअग्गसङ्गयजललवतुल्लम्मि जीवियव्वम्मि,उज्जमह भावसारं अइविसमा जेण कम्मगई	Kusasuya, The water flowing in the nectar of anger, Is like a flame burning in the fire of passion Which has already begun to burn.
जम्हा पमायमूलं दुक्खं सव्वम्पि एत्थ संसारे,चउसुवि गईसु नियमा तेण इमो होइ मोत्तव्वो	Because of my husband, all the sorrow is here in the world, But if you flout the rules, It's as if I am the one who dies.
एसो जम्मनिमित्तं रोगजरामरणदुक्खसयहेऊ,एयवसगा य सत्ता भमन्ति भवसागरे घोरे	This is the hour when death and illness come our way, when power roams the skies
मोत्तुण ता पमायं करेह वरउज्जमं जिणिन्दस्स,धम्मम्मि तग्गयमणा संसारसमुद्दबोहित्थे	When she dies, you will do your best to revive her, For the dharma has taught her a whole new way of seeing the world.
परमत्थबन्धुभूए इमम्मि धम्मम्मि उज्जमं कुणह,निद्धूयसव्वपावा पावह तो मोक्खसोक्खाइं	The supreme friend, may my dharma glow brightly, may you find all the blessings of love, and may you attain liberation.
नाउं कहन्तरं सा देवी चन्दप्पहा इमं भणइ,भयवं! कत्थुववन्नो दइओ चन्दज्जुणो मज्झ?	"No! But after a while the goddess speaks to him of the moon - eyed man, Afraid! Where, O God of Love, Is the moon Man's mother?
मह कित्तियं च आउं इओ चुयाए य कत्थ मह जम्मो?,दइएण तेण होज्ज नवा दंसणं मज्झ?	How much do I need to inhale and exhale, or how long can I enjoy it?, Maybe it's because I need a new sight."
एवं च पुच्छिओ सो बहुमाणजुयाए तीए देवीए,भयवं सुहङ्करो अह एवं भणिउं समाढत्तो	And if you ask me, How old is she? She is very young, She is a goddess, And she is very beautiful."
भद्दे! सो तुह दइओ इह चेव य भारहम्मि वासम्मि,वेयड्ढपव्वयवरे उत्तरसẹ̄धीए रम्माए	"You fool! Please, my heavy heart, Let me live with you For the rest of my life. Instead of lying down, I'm going to lie down and make love again.
नयरम्मि चमरचञ्चे भाणुगईनामयस्स खयरस्स,पियजायाकुच्छीए उप्पन्नो पुत्तभावेण	A naïve girl would say," "My boy, you're crazy, If you ever want to get drunk You can drink water only with your eyes open."
पलिओवमाणि अट्ठ ओ तुह आउ आसि समुदियं मद्दे!,इण्हिं तु वासलक्खं अवसेसं चिट्ठए आउं	"Come, you froward woman, And the sea will be yours for a drink! But it is as if you had written a letter to the God of Love.
पुन्नम्मि वासलक्खे चइऊण तुमम्पि तीइ सẹ̄धीए,सुरनन्दणम्मि नयरे खयरस्स ओ असणिवेगस्स	Punnammi vaasalikai chaayoon tumhiye saadhee, suranandanammi nayare khayarasa and asanivegas."
धूया होहिसि भद्दे! पवरा उ पियङ्गुमञ्जरीनामा,पुव्वदइएण समयं तत्थ य तुह दंसणं होही	"You fool, it's time for you to wake up! It's high time we saw you again.
तत्तो य भणइ देवी नायव्वो सो मए कहं भयवं!,कहवा पाणिग्गहणं होही मह तेण समयम्पि?	Well, my God! How can I be afraid of that?," "Is it time for me to go down into the water?
अह केवलिणा भणियं निसुणसु जत्ताए जिणवरिन्दस्स,उम्मिट्ठकरिवराओ मोइस्सइ जो तुमं भद्दे!	Oh! only you, silly girl, Stop spitting all over the place Because you are a disgusting person!
सो चेव य नायव्वो एसो सो पुव्ववल्लहो मज्झ,पुणरवि विसेसदंसणमेवं तुह होहिही तेण	He is a hero, a gentleman, and I am sure he will be to you as well, In seeing him again and again.
तुह माउलधूयाए पाणिग्गहणम्मि कणगमालाए,काउं तीए रूवं एही सो मित्तकज्जेण	Your mother - in - law has dyed the surface of your face with crimson ghee, so this is her lookalike making friends.
जो तत्थ कणगमालारूवो होही स पुव्वदइउत्ति,नायव्वो नीसङ्कं भद्दे! चन्दप्पभे! तुमए	The tree that grows on the lotus Is a poisonous tree, But the sky is blue! It's the moon! You are it!
तयणन्तरं च होही पाणिग्गहणम्पि तेण सह तुज्झ,जाईसरणेण तुमं सुमरिस्ससि मह इमं वयणं	After the arrow has passed You are with him, holding on to the bow Because you forgot how to kiss him."
एवं पियसहि! धारिणि! केवलिवयणं निसम्म सा देवी,जाया हरिसियहियया केवलिणो नमिय पयकमलं	And thirsty! poor woman! Only God can heal her wounds. Anybody can save her. It only takes one lotus."
तत्तो उप्पइया सा सासयजिणचेइयाइं सव्वाइं,वन्दित्ता तित्थयरे महाविदेहेसु सव्वेवि	There she is, towering above her mother - in - law's eyes, And everywhere along the way She welcomes great gods.
सट्ठाणं सम्पत्ता तं चिय देवं मणेण चिन्तेन्ती,अह अन्नया कयाइवि सावि चुया आउयखयम्मि	I have so much wealth that I consider myself a god. Or perhaps I should commit suicide or else I will die soon.
एवं च ठिए जा सा वसुमई अज्जा देवी चन्दप्पहा य सुरलोए,सा हं पियङ्गुमञ्जरिनामा इह सुयणु! सञ्जाया	And behold, the fragrant moon - wearing goddess Chandapaha is hovering over us; yes, my dear, it must be sleeping!
दठ्ठूण देवनिवहं जाईसरणम्मि अज्ज उप्पन्ने,सम्भरिओ सो देवो पाणप्पिओ आसि जो सग्गे	I suppose you have seen the Lord's wife these days, but the Lord wants you to come with him.
चिरपरिचियस्स पियसहि! गाढं उक्कण्ठिया अहं इण्हिं,तस्सङ्गमइच्छाइ समुच्छुगं इण्हि मह चित्तं	Well - known, thirsty man! Deep in my heart I am half way there, And my heart is full of desire."
तं कइय दिणं होही जम्मि ससिणेहनिद्धदिट्ठीए,पुव्वभवनेहबद्धं पेच्छिस्सं वल्लहं तमहं?	What makes you think I'm going to give him a look at your breasts If he wants to hang around with me?
कह सो मे दट्ठव्वो सिग्घं कह तेण सङ्गमो होही,एवंविहचिन्ताए जाया सोगाउरा अहयं	Tell me, Have I seen her before, Been with her since, And thought I might grieve over her again?
तं चिय चितन्तीए 'वक्खित्तमणाइ आगयावि तुमं,पियसहि! नो सच्चविया तेण न सम्भासिया भद्दे!	She thought to herself," "Vakhitmanai aagaya tum, pyaasahi! No, really, this can't be a bad conversation."
तं जं तुमए पुट्ठं जायं किं सोगकारणं तुज्झ,पियसहि! धारिणि! तं तुह नीसेसं साहियं एयं	What a pity it is for you, my son - in - law, That you should come to grief at the death of your wife! For I must help you to cope."
अह धारिणीए भणियं केवलिवयणं न अन्नहा भद्दे!,ता कीस कुणसि सोयं एवं एएण होयव्वं?	Oh! my poor girl, Only talking is useless, Not eating! So how can you be like that And still be so?"
हसिऊण मए भणियं एवं एयन्ति नत्थि सन्देहो,नवरं अइउक्कण्ठा तुवरइ मह माणसं सुयणु!	Laugh at me, Say no more, No more doubts: My man has fallen asleep while I was making love!
एत्थन्तरम्मि पिययम! चम्पगमाला समागया जणणी,भणइ लहु पुत्ति! मज्जसु भुञ्जसु कुण पवरसिङ्गारं	"Here comes the sweetmeat! Young lady, What a feast for the eyes! Tell me, son - in - law! Who's the hotter than a buffalo In a forest?
भणियं च मए किं अम्मि! कारणं जं अइप्पगे चेव,जाया भोयणवेला,अम्माए तओ इमं भणियं	"Mother - in - law, what can I do? Because whatever you do, you must do it yourself, you foolish girl! Mother, please, speak of it yourself.
उज्जाणे जिणभवणे होही ण्हवणं जुगादिदेवस्स,महया विच्छड्डेणं अत्थमणं जाव सूरस्स	When the sun is high, Living beings produce life, When the sky is hot, Destroying the heavens.
तत्थ य पुरवत्थव्वो वच्चइ ण्हवणस्स पेक्खओ लोगो,अम्हेवि गमिस्सामो परियणसहियाइं तत्थेव	On that day The Lord will come, people will see, And we will go to our villages, And there we will stay, Helping those in need.
तेणेव कारणेणं पभायसमयम्मि भोयणं सिद्धं,ता होसु लहुं पउणा जिणभवणे जेण वच्चामो	For that reason alone, I am ready to sacrifice my life every moment, provided I come back to life with the people I love.
एवं नियजणणीए वयणं सोऊण उट्ठिया झत्ति,कयभोयणाइचेट्ठा आरụ̄धा सन्दणे पवरे	And when the destiny woman puts her feet to the ground She gets up quickly, But when she looks away Her face is covered With gooseflesh."
नियपरियणपरियरिया गया य उज्जाणभूसणे तत्थ,जिणमन्दिरम्मि सम्मं पूइत्ता वन्दिओ भयवं	When the appointed time has come And the fire is burning brightly, The hunter is afraid to go as far as the temple of God.
दिट्ठं जिणिन्द ण्हवणं कीरन्तं भत्तिजुत्तखयरेहिं,वित्तप्पाये न्हवणे नियपरियणसञ्जुया अहयं	I have never before seen you in such a hurry, Never mind how busy you are bathing, Always on time.
आरụ̄धा रहपवरे वलिया नयरस्स अभिमुहा जाव,उम्मिट्ठो नयराओ नीहरिओ करिवरो ताव	"And behold, the plowman's daughter - in - law is making her way towards the barber." "The barber is so forthright That he refuses to budge Even when approached by women.
तं दट्ठुं संमुहमिन्तं तुरया मह रहवरस्स उत्तट्ठा,उम्मग्गेण पयट्ठा भग्गो सो सन्दणो ताहे	When I saw you I was blown away; My spirit soared. But the sandalwood tree was destroyed by the fire of love."
भूमीए अहं पडिया मुच्छाए विगयचेयणा जाया,तेण परं जं जायं पिययम! तमहं न जाणामि	I have not known a single person on earth who is thirsty or thirsty, except those whom I meet.
नवरं दिट्ठो सि तुमं वीयन्तो निययउत्तरीएण,दट्ठूण तुमं जाओ गरुओ हिययम्मि आणन्दो	You look at the bridegroom As he sits beside you On your wedding day. But when he sees you He welcomes you with open arms.
तत्तो मज्झ विगप्पो पिययम! एसो मणम्मि सञ्जाओ,एयं तं सञ्जायं केवलिणा जं तयाइट्ठं	"That's my wig, dear! This is the bridegroom's evening. It's the only evening I've had That has to be fixed.
पुव्वभवसङ्गओ सो ता नूणं एस वल्लहो मज्झ,रमइ य इमम्मि दिट्ठी मणं च आणन्दमुव्वहइ	"My boy, He's so nice to me, He loves me so much That his eyes and ears just meet.
अमएणव संसित्तं दिट्ठम्मि इमम्मि मह सरीरम्पि,वियसियनयणो एसोवि दीसए साणुरागोव्व	The sight of my immortal self Is like seeing the dark side of my body.
ता मह पाणपिओ सो अवस्समेसॊत्ति जाव चिन्तेमि,ताव य परियणसहिया समागया तत्थ मह धाई	Then I will drink water, And when I am exhausted I will think of going to sleep. When my friends come to me with dear ones They will nurse me
अभिनन्दिऊण तीए आपुट्ठो ताहिं पिययम! तुमन्ति,वच्चमो नियनयरे उस्सूरं वट्टए जेण	"Congratulations, you're the only one who understands that!" "Once you do, I'm sure you can take advantage of it.
एवं भणिउं चलिया तत्तो य मए विचिन्तियं एयं,पुन्नेहिं पिओ दिट्ठो इण्हिं न चएमि छड्डेउं	And let me tell you, I was just thinking of you when I saw you again. I don't want to leave you.
एयस्स वयणपङ्कयपलोयणं मोत्तु मह इमा दिट्ठी,पङ्कनिबुड्डा दुब्बलगाइव्व न सक्कए गन्तुं	This is my mother's death, I have never seen her before. But please, poor girl, Do not trouble yourself."
अविय एवंविहे मुहुत्ते नयणजुयं मिलइ कस्सवि जणस्स,हत्थिव्व पकखुत्तो दुक्खुत्तारं दढं होइ	There are moments when one cannot meet a young man without first catching a glimpse of him. When one holds out one's hand One sees a poor man
एसा वि मज्झ धाई चलिया एयं पमोत्तु मणदइयं,लज्जाए वज्जरिउं अहम्पि सक्केमि नो किम्पि	This is my dhayi chala, This is pramottu mandayi, Shame on you, You fool, I can't complain."
ता मज्झ इमं जुत्तं गिण्हामि इमस्स किञ्चि आभरणं,तं चिय पलोइऊणं जेण मणं निव्वुइं कुणइ	Well, I suppose I have a pair of shoes for him, and he has some ornaments for me to wear, so that I may mark his mark.
मणवल्लहेण एएण विरहिया नियमिहम्मि सम्पत्ता,तं चेव पुलइऊणं सन्धीरिस्सामि नियहिययं	A man devoid of virtue restores to us our wealth; It is not lawful for us to squelch it With the pull of our loins.
अन्नं च किल एस इत्थिरूवो पाणिग्गहणम्मि कणगमालाए,एही,तत्थ य होही पुणोवि किल दंसणं इमिणा	There are grains of rice in the paddy field, And leaves of jasmine all over the place. Yet there are those who refuse to see a single bud again."
इय तइया केवलिया आइट्ठं मज्झ तेण एयस्स,तं चेव य आभरणं साभिन्नाणं तहिं होही	It's only your eyes that tell me so much, And it's his chevron That makes me want to see you.
एवं विचिन्तिऊणं मुद्दारयणं तु तुम्ह हत्थाओ,गहियं वल्लह! तइया नियया य समप्पिया मुद्दा	"And the puzzling issue is that you, Mr Handsome, have reached a dead end! It is a matter for judgment or settlement.
पियकरफासपवित्तं परिहित्ता तम्पि गुरुपमोएण,चलिया वलन्तगीवा सपरियणा नयरसंमुहिया	A drunkard falls asleep on the pyre, His younger brother falls asleep, And the traveler is carried away, Like a man possessed by a snake.
अह धारिणिनामाए कन्ने होऊण मज्झ उल्लवियं,एयं केवलिवयणं निव्वडियं ताव इक्कं तु	"My dear, I have this red dot on my ear: Only in this damned village do you see me.
ता एस देवजीवो पुव्विं जो आसि तुज्झ वल्लहओ,एवं तीए भणिए सरोसमेवं मए भणियं	Then the God of Love came to you, and said," "I agree with you on all points."
हुं हुं दिट्ठा सि तुमं धारिणि! अवसरसु दिट्ठिमग्गाओ,एवंविहमणिबद्धं जा जम्पसि अम्ह पुरउत्ति	"I see you are pregnant! Look, opportunity presents itself. Get married and jump in front of us!
इण्हिं न वल्लहो किं पुव्वं जं आसि मज्झ वल्लहओ,ईसिं हसिऊण तओ कयञ्जली धारिणी भणइ	I have no more love for you, my dear. What need has the Lord of Love for me to do?" was her laugh.
पियसहि! खम अवराहं सव्वमसच्चं इमं मए भणियं,जह पुव्वं तह अहुणावि वल्लहो चेव तुह एसो	"Dear friend, I beg of you all the less. In this way, dear friend, You have acquired such a wealth That you now command the love of your enemies.
किं पुण भणामि सच्चं जइ दइओ कीस उज्झिउं चलिया?,ता मा पियसहि! रूससु घडइ चिय मह इमं वयणं	"How can I tell you the truth? What makes you angry? Stop being angry! It also makes me angry. This is how I should behave.
एमाइ बहुविगप्पं सहासवयणाइ तीइ सञ्जुत्ता,पत्ता गिहम्मि कमसो अत्थमिओ ताव सूरोवि	I am multi - dimensional, She is easy to get along with, But, dear girl, The sun never sets on your body.
अह तीए धारिणीए जाइसरणाइसयलवुत्तन्तो,कहिओ मह माऊए तं सोऊं हरिसिया एसा	When her in - laws returned from the funeral pyre They told me that her husband had died."
तीएवि सव्वं कहियं मह पिउणो असणिवेगनामस्स,तत्तो य हरिसिएण वज्जरियं तेण एवं तु	She said all this to me in a drunken stupor, And now, dear girl, You and I are at loggerheads."
आसि मह गरुयचिन्ता धूया जं पुरिसवेसिणी जाया,न य इच्छइ किञ्चि वरं कहमेयमहं करिस्सामि?	Come, wash away my pride Which does not appeal to men's fancy, Nor do you want me to do anything else. How can I help it?
सुन्दरमेयं जायं जाईसरणं इमीए जं जायं,अम्हं चिय अब्भुदओ अब्भुदओ उब्भिन्ने पाणियं पडियं	Beautiful women, wherever we go, We stare at the rising waters of the Goda.
अन्नं च पुरिसेहिं मज्झ सिट्ठं हत्थिभए जेण मोइया एसा,सो भाणुमइपुत्तो चित्तगई नाम वरकुमरो	The name of the bridegroom is Chittagai, as the saying goes:" "He who dies sits beside me On my husband's lap."
तस्सेव देमि एयं जइ इच्छा अत्थि तम्मि एआए?,तत्तो चम्पगमाला हरिसियचित्ता इमं भणइ	Tasseva, is this the way I want to be?," That's what Champagmala, greedy heart, says to me.
जोगॊ च्चिय सो कुमरो इमाइ पवराइ मज्झ धूयाए,एईएवि सञ्जाओ अइगुरुओ तम्मि अणुराओ	Who is this girl, Running around in circles, Washing the mud from her feet? It's the same girl Who in the evening Started to sulk."
किन्तु निसुणेसु सामिय! रन्नो कणगप्पहस्स एयस्स,भाणुगइणो य रण्णो परोप्परं गरुयवेरन्ति	But do not be alarmed, Samia! The crows are laughing so loudly That they start to shout at each other."
जलणप्पहकज्जेणं,सुप्पसिद्धं चेव तुम्ह एयन्ति,ता कह एही इहइं चित्तगई पाणिगहणत्थं?	"You practice what is pleasant, that is to say, the practice of waking up," "so how can this be said of an attentive woman?
धूया संयवरा जइ पेसिज्जइ तम्मि चेव नयरम्मि,एवं न होइ पिययम! आणन्दो मज्झ हिययस्स	Dhuya, if you ever get angry with me, You'll never forgive me, And neither will my lover! My heart belongs to men."
जओ एसा एक्का धूया वल्लहिया ता इमीए वीवाहं,जह नवि पेच्छामि अहं ता किं मह जीविएणन्ति?	Joe, it's the same fucking girl, That's my wife now, I need a new one, So why am I alive?"
एवं चम्पगमाला मह जणणी जाव तत्थ उल्लवइ,ताव य चन्दणनामो मह भाया आगओ भणइ	And when the moon gives birth to a garland of jasmine It bursts into flames. So does my brother's name appear on the moon
किं अच्छह वीसत्था तुम्हे इह ताय! निव्विचिन्तत्ति,एयं नयरं ताव य सव्वम्पि हु आउलीभूयं	How come you are so restless! It's as if all my enemies have come to you."
तत्तो भणियं पिउणा केण व कज्जेण पुत्त! जाणासि?,अह चन्दणेण भणियं इय वत्ता ताव नयरम्मि	"Well, son of a bitch, who the hell needs a drink then? You know what?" "With a moonlit bitch it's like a river in spate.
किल कणगप्पहरन्नो जिणभवणे लन्धियम्मि कुद्धेण,विज्जाणं अवहारो विहिओ धरणिन्दनामेण	Kill the grasshopper, Jump off the tree of life, Use it for learning, And burn it with the arrow of the God of Love.
जलणप्पहस्स सिद्धा रोहिणिनामा किल 'ज्ज विज्जत्ति,तस्स य भयाउ नट्ठो राया कणगप्पहो ताव	A burning bush is like a bucket of water in a straight line, If you want to taste it, You'd better not touch it.
सिरिगन्धवाहणस्स उ खयरप्पहाणस्स सो गओ सरणं,तव्विरहे पुरमेयं सयलम्पि हु आउलीभूयं	"He went straight to the God of Love," "whispered the go - between." "In the old town the landowner's daughter had gone astray.
जलणप्पहभयभीया सव्वेवि हु नायरा पलायन्ति,मोत्तूण इमं नयरं वयन्ति अवरावरपुरेसु	Fearful of the flames, all the naysayers flee, But this fire, like the nymphs of a doe, Travels without them.
एवं च ठिए अम्हम्पि ताय! इण्हिं विसेसओ होइ नासियव्वन्ति,कणगप्पहस्स रन्नो पवरो मन्ती जओ ताओ	And oh! my mother - in - law! My nasty friends will be horrified. But, dear go - between, the thunderclap will do the trick And I will succeed."
एवं च पुत्तवयणं सोऊणं ताहि असणियवेगेण,आणत्ता नियपुरिसा सञ्जत्ति कुणह गमणत्थं	And son - in - law, sleep should be given to such people at such an early age That they do not know how to behave in public.
विज्जाए वरविमाणं विउव्वियं ताहिं मज्झ जणएण,आरोवियं च सव्वं घरसारं तत्थ पुरिसेहिं	He taught me a lot of things, And everything I needed to know was provided by his wife, And he took care of everything in the house.
एवं च मज्झ पिययम! धारिणीनामाए साहियं सव्वं,अहमवि तम्मि विमाणे आरụ̄धा परियणेण समं	And my dear! Everything is possible in Dharini's name, but she is not equal to me in studies and studies."
तत्तो य तं विमाणं उप्पइयं खग्गसामलं गयणं,वेगेण य सम्पत्तं गङ्गावत्तम्मि नयरम्मि	Then, as the plane took off, I could not help but hum along, Because the river Ganges was brimful of my wealth.
कणगप्पहस्स रन्नो आवासे तत्थ तं समोइन्नं,अह गन्धवाहणेणवि उचियपवित्ती कया तस्स	When the woodpecker is in the house crying out loud I will meet him, for is there room for a stinker on the hearth?
एवं गङ्गावत्ते कइवयदिवसाणि जाव अच्छामि,हियएण चिन्तयन्ती पिययम! तुह दंसणोवायं	And how many days can I go without seeing you on the Ganges? In my heart I think of you!"
अविय पेच्छिस्सं कइय अहं कइया मह तेण सङ्गमो होही,कइया वीवाहदिणं होही तं कणगमालाए?	Have you seen how I, and the women with me, Have mixed them up?
एमाइ बहुविगप्पं चिन्तेमाणी अहोनिसं तत्थ,रयणीएवि नो निद्दं लहामि तुह नाह! विरहम्मि	I have so many different thoughts That I cannot stop thinking about you! You're the only one who thinks differently."
अन्नदिवसम्मि भाया चम्पगमालाए मज्झ जणणीए,अमियगई तत्थ पुरे समागओ रायकज्जेण	On the day of Annadasa the landowner's daughter gave birth to a calf. When she arrived the whole congregation was mesmerized with the sound of raikasa."
दट्ठूण असणिवेगं अह सो सञ्जायपहरिसो भणइ,सिरिगन्धवाहणेणं रन्ना बहुमाणपुव्वं तु	When he sees you, he mutters," "I'm off to Sanjay's house, but you command a lot of affection."
नहवाहणस्स कज्जे विमग्गिया अज्ज कणगमालत्ति,सहरिसवयणेण मएवि तस्स दिन्ना इमा भद्द!	What a cruel thing it is to give my daughter - in - law a bath in the middle of the street. Today she is covered with gooseflesh, Such a disgusting thing!
एईए पञ्चमीए विवाहलग्गं निरूविंय तीए,नियबन्धवजुत्तेणं आगन्तव्वं तहिं तुमए	Aea, on the fifth day the wedding pyre is ready for her, and you will be the guest when the solemn vows are made.
अह भणइ असणिवेगो सयमेव य तत्थ गन्तुमुचियम्ह,तुम्ह वयणाओ सम्पइ विसेसओ होइ गन्तव्वं	Say," "I have no desire to go anywhere." "Anyway, I know you are on your way. The passage of time Will be extremely important to you.
किन्तु निसुणेसु कारणमम्हं गमणं न होइ जह उचियं,कणगप्पहस्स रण्णो वट्टइ विसमा दसा जेण	But excuse me, I must not have gone that high. For the gooseflesh runs in circles Like a draught of poison."
एक्कं विज्जाछेओ रज्जब्भंसो य नियपुरिच्चाओ,ता तम्मि ससोगम्मि कह गमणं होइ मह उचियं?	I suppose you have always wanted to meet him, Whether for advice or flattery. How can I help you?
जे दुहियम्मि न दुहिया आवयपत्ते बिइज्जया नेव,पहुणो न ते उ भिच्चा धुत्ता परमत्थओ नेया	If a man does not intercede for his wife When her parents are abroad, He cannot reach her; Instead, he sets out on a quest."
एत्थत्थे ता सम्पइ निब्बन्धो ते न होइ कायव्वो,तुह भगिणी पुण एही लग्गदिणे आउला जइवि	No, it can't be done; your sister - in - law will come again with you on the very next day.
अमियगई भणइ तओ पेसेहि पियङ्गुमञ्जरिं ताव,एईए कणगमाला अच्छइ उक्कण्ठिया जेण	"You stupid girl, You're talking like a peacock Amongst peacocks. This bunch of wasps need a whole bunch of peacock feathers To make them look good.
तत्तो जणएण अहं पट्ठविया माउलेण सह एत्थ,पत्ता य कमेण इहं मिलिया तो कणगमालाए	Because I am here with my husband's wife and children, If I find you here by chance, I will decorate you with pearls.
एवं पिययम! अहयं माउलयगिहम्मि एत्थ आयाया,चिन्तेमि कइय होही लग्गदिणं मज्झ पुण्णेहिं?	And darling! We have come all the way here on the mountain, I wonder how many people will follow us here?"
जत्थ मए दट्ठव्वो सो हु जणो जीवियाओ अब्भहिओ,एवं चिन्तेतीए समागया पञ्चमी एसा	As far as I can see, he is alive and well, and this is the fifth meeting of minds.
जाव य कमेण वत्ते पाणिग्गहणम्मि ताहे पिक्खणए,नहवाहणस्स पुरओ पारद्धे चिन्तियं हि मए	If my lover walks on the water In the middle of the lake, I will think twice before I cross the river.
एसा हु कणगमाला सहिजणमज्झम्मि दीसइ निविट्ठा,सो मह मणवल्लहओ न कोवि इह दीसए ता किं?	It is as if the lotus flower showed itself in the middle of the crowd, so why not show it to someone else instead of to me?
केवलिणो तं वयणं होज्जा अलियं तु मह अउन्नेहिं,नहि नहि,अवरदीसाए अवि उग्गमइ रवी कहवि	Only because you refused to come to me," said Ravi, "" No, no. She always turns up every day.
पयलिज्ज व मेरुगिरी पलयं गच्छेज्ज उदहिणो सव्वे,न य केवलिणा भणिया भावा इह अन्नहा हॊन्ति	A whole heap of husks fell from the bower But not everyone can stomach it, For it is as good as food.
ता किं नु कणगमाला अहवा सो हिययवल्लहो मज्झ?,दंसिय मुद्दारयणं करेमि नीसङ्कियं एयं	So why aren't you ashamed, my dear? I can't take it anymore. I'm just trying to hide my feelings."
एवं विचिन्तिऊणं समागया ताहि तुज्झ पासम्मि,मुद्दारयणसमेओ निययकरो दंसिओ ताहे	And when you think of it, you realize that in your next life, you have to make a decision.
तत्तो पिययम! तुमए मुद्दासहियम्मि दंसिए हत्थे,एसो सो मह दइउत्ति पच्चओ झत्ति उपन्नो	"That sweetheart! You're on good terms with me," "He offered it to me And I promptly took it.
पेच्छ कह एस एवं काऊणवि विगयसयलआसङ्को,चिट्ठइ,किं नवि बीहइ नहवाहणरायउत्तस्स?	Have you seen how this man, Afraid of the wretchedness of his wife, Is now writing to you With fear of the new bridegroom's return?
किञ्चि उवायं ताहिं करेमि एयस्स मोयणट्ठाए,एवं विचिन्तिऊणं वञ्चिय तं सहियणं सव्वं	I will do what you say," he said, "and bear with me the thought that deceives me.
कवडेण मए सामिय! समाणिओ इह असोगवणियए,तं जं तुमए पुट्ठं तं सव्वं साहियं एयं	"Cowherd, Samia! This trouble is intolerable, my friend. Everything you ask me about my son I will help you with.
अविय जइवि हु कन्ना पिययम! सज्झसभरिया न सक्कए कहवि,मणवल्लहस्स पुरओ एक्कम्पि हु वयणमुल्लविउं	"Ah, what a sweetheart I am! In all decency I will not speak harshly. But, my dear, When a man is so demanding On behalf of his wife I turn my back on him.
तहवि मए सविसेसं णियचरियं साहियं इमं जम्हा,जाईसरणगुणेणं परिचिय इव भाससि तुमन्ति	So I will treat you with courtesy and courtesy, for in my heart you seem to appreciate the virtues of courtesy.
भो चित्तवेग! एवं तीए वयणं निसम्म सहसत्ति,मुच्छाविरमे मज्झवि जाईसरणं समुप्पन्नं	"Be reasonable!" "and her parting words:" "Without a doubt I will complete my journey.
सम्भरियं सव्वम्पि हु मएवि पुव्वोइयं नियञ्चरियं,अह तीए संलत्तं पिययम! किं इण्हि कायव्वं?	I can take it. Everything I have is controlled by my wife, and she is my eternal lover! Is this to be done?"
तत्तो य मए भणियं वियाणियं कुलहरं तु ते सुयणु!,ता वच्च तुमं गेहं अहमवि इत्तो पलाइस्सं	"Well, then, my brother - in - law's axe is all you need to sleep on! But you're the only one who needs it. I've got it all now.
पडिया हु कणगमाला मड्डाए मज्झ एत्थ वावीए,कलयलपुव्वं एवं साहिज्जसु सयललोयस्स	"I have grown thin on the lotus leaf, But here I am sitting on it. Love, dear girl, Brings forth the flower of love With its fragrant fragrance.
एवं कए न कस्स वि आसङ्का होइ चित्तवेगम्मि,नाहवाहणाओ एवं विमोइओ होइ वरमित्तो	And never to be ashamed of anything: Be full of passion, do not abuse, and be liberated.
अन्नं च निसुयं च मए सुन्दरि! सुरनन्दणपुरवरम्मि आगम्म,जलणप्पहेण पुणरवि अहिट्ठियं निययरज्जन्ति	"Food and sleep are my pleasures! Come, Suranandapuravarmi! With a mouthful of water She will guide me wherever I go.
वडियं च पुरवरं तं रन्ना संमाणिओ य पुरलोओ,ता तत्थ अहं गन्तुं आणाविस्सामि तुह जणगं	In honor of that great man and woman Who ran off into the forest, I suppose I could have left by then And returned with you.
जलणप्पहोवि राया पेक्खिस्सइ पुव्वगउरवेणेव,तत्थ तुमं परिणिस्सं अम्मापीईणणुन्नाया	When the fire was kindled, The flowers were fragrant, And when you tried to finish them, They failed miserably.
एवं च कए वल्लहि! सलाहणिज्जं तु होइ सव्वम्पि,अन्नह पुण विहियम्मि उभयकुलं मइलियं होइ	And what a lover! You will be the one to give advice, For once more both families will be happy."
तत्तो य तीए भणियं जमिह तुमं किञ्चि आणवेसि मए,तं सव्वं कायव्वं नवरं पिय! सुणसु विन्नत्तिं	"Well then, tell me, brother - in - law, what would you like me to bring you, and I'll do it all for you, young man! Listen to my pleas.
जीवियसन्देहेणं कहवि मए अज्ज नाह! सम्पत्तो,मोत्तूण तुमं इण्हिं कत्थवि सक्केमि नो गन्तुं	"Life - threatening, tell me no more! I have no more money," "I muttered, not knowing how much longer I would be able to support you.
तावच्चिय मह जीयं जाव तुमं नयणगोयरे वससि,तुह दंसणरहिया पुण झत्ति य पाणेहिं मुञ्चामि	However long I live, You live in my new village, And I want to see You again, As soon as I can
जम्पि निमिसन्ति नयणा एत्तियमेत्तम्पि दूसहं मन्ने,किं पुण जं बहुदिवसे तुह विरहे नाह! अच्छिस्सं?	Jumpy, nasty girl, That's how long you've been away, I suppose. Can't you bear to be away for a few days? It's all right!?"
ता नाह! जत्थ वच्चसि अणुगन्तव्वं मएवि तत्थेव,एवं च ठिए कज्जे जं कायव्वं तयं भणसु	No, no! Wherever you are going I will be there for you, as well as whatever you do. So tell me."
अन्नं च सट्ठाणे पत्ताए पाणिग्गहणं भविस्सई मज्झ,एवंविहआसाए सगिहं वच्चामि जइ नाह!	I'd rather have some food than drink the water That drips from the same pan, And I hope to join you on the trip soon!
एत्तो य मज्झ जणओ भणिओवि हु जइ न वच्चई कहवि,जलणप्पहेण रन्ना,कणगपहं मोत्तु नियनयरे	These are the words of one of my friends:" "I will never forget how, for lack of words, I threw myself on the fire of hell."
ता मह का होज्ज गई तुमए सह दंसणणम्पि न हु होज्जा,अच्छउ पाणिग्गहणं दूरॆ च्चिय मह मणाणन्दं	So what has happened to me That I do not want to be with you anymore, But to give you a drink of water Is to rob me of my senses.
ता किं बहुणा वल्लह! मेल्लामि तुमं न ताव हत्थाओ,अन्नं जं कायव्वं तं चिय मह आणवेसुत्ति	So what a multitude of lovers! I could not help laughing at you. I had to arrange for whatever food I could get my hands on."
भो चित्तवेग! एवं तीए भणिए मएवि संलत्तं,जइ एवं ता सुन्दरि! सिग्धं पउणा भवेसुत्ति	"Be reasonable!" "And she said," "I agree. But yes, she is beautiful! Straightforward things happen.
वियलइ जाव न रयणी पेक्खणगक्खित्तमाणसो जाव,नहवाहणपमुहो इह लोगो,ता वच्चिमो सुयणु!	You won't go home If you don't want to be wet When the queen is staring at you, You better take a rest!" was the reply of the traveler.
भणियं च तीए एसा पउणा चिट्ठामि नाह! तुह पुरओ,तत्तो उप्पइओ हं सहसा गयणम्मि सह तीए	I did not write to you to ask you this question, brother - in - law! But suddenly, my dear, I see you are singing along with me."
जाव य कित्तियमेत्तं खेत्तं वच्चामि वल्लहाइ सह,ताव य तीए भणियं उदरे पीडा ममं जाया	Go and tell her how much I love her, For when she leaves I can take no more pain in my abdomen.
थक्कं सव्वसरीरं हियए सूलं सुदूसहं एइ,ता सामि! कुण परित्तं सक्केमि न गन्तुमहमिणंहिं	"I am exhausted, My body is swollen, And so is Sami's! I can get no rest But for the sake of my husband.
तत्तो य मए भणियं सुन्दरि! सुकुमालदेहिया तं सि,रत्तीए नेव सुत्ता वायइ अइसीयलो वाओ	By the way, my sister - in - law is a beauty! She is in a beautiful mood, And I am not sleeping right now. It's just the wrong wind blowing."
तेण तुह उदरपीडा जाया ता मा करेहिसि विसायं,पउणीकरोमि सिग्घं ओयरिउं इह निउञ्जम्मि	So don't make me suffer from your stomach ache. I will do my best to soothe it with water."
एवं भणमाणो हं ओयरिओ एत्थ वणनिउञ्जम्मि,एत्थ निवाए दइया पवेसिया कयलिगेहम्मि	And I tell you, oh! here's the forest fire, and there - the fire of love that consumes it - and I will help you.
घसिऊण अरणिकट्ठं अग्गी पज्जालिओ मए पच्छा,संसेवियं सरीरं बहुहा तत्तो मए भणियं	If I have to drag a forest tree through fire, It will burn my whole body But I will only do so if I am careful.
जाया सत्थसरीया सुन्दरि! वच्चामु इण्हि नियठाणं,तत्तो य तीए भणियं पिययम! एवं करेमॊत्ति	"Go - between! Gorgeous girl! Stay tuned for more! That's how she treats her brother - in - law! And most of all she does it.
एवं दोवि जणाइं नीहरियाइं तु कयलिगेहाओ,भो चित्तवेग! तत्तो दिट्ठो सहसा तुमं एत्थ	And just to let you know that in the twilight you're awake, you gotta hurry! Suddenly your eyes see you here."
एसा हु कणगमालाभगिणी उ पियङ्गुमञ्जरीनामा,तुह उवयारकलाओ सम्पत्ता मित्त! एवन्ति	Such is the case with the lotus leaf seller, and the mango blossom. You have a wealth of ornamental arts in common!"
तं जं तुमए पुट्ठं तं सव्वं साहियं मए एयं,भो सुप्पइट्ठ! एवं वज्जरियं चित्तगइणा ओ	I agree with everything you have said, my son! But sleep! And the poor girl has lost her mind."
तत्तो य मए भणियं निग्घिणहियओ न अत्थि मह सरिसो,जेण सकज्जरएणं पवेसिओ मित्त! विसमम्मि	"Not so long ago my brother - in - law passed away, But my dear, you must have learned something By now! It's too late.
तुह पुण महाणुभावत्तणेण परकज्जकरणनिरयस्स,अभिवञ्छियत्थसिद्धी नियपुन्नपभावओ जाया	Because you are so eager to realize your greatness, The desire to attain the desired goal Does not depart from your pure nature.
ता मित्त! तुह सरिच्छो निक्कारणवच्छलो जए नन्नो,अइदुल्लहोवि जेणं दइयाए समागओ विहिओ	"Friend! What a fool You are! If you want to escape from this damned place You have to sit in silence For the rest of your life.
तह जीवियम्पि दिन्नं तुमए मह एरिसं करिन्तेण,ता मित्त! तुमं मोत्तुं उबगारी नत्थि अन्नॊत्ति	"You saved my life by letting me do this to you, mate! Don't worry, you won't die.
तत्तो य चित्तगइणा भणियं किं उवकयं मए तुज्झ?,तं चेव कयं सुकयं परिणामे सुन्दरं जमिह	Well, tell me, are you sure you want me to do it for you? But what good will it do For it to turn out so beautifully?
मुहरसियं परिणामे य दारुणं सज्जणा न संसन्ति,उवगारं विसमीसियभोयणदाणंव खुहियस्स	As a result of this seal, these handsome gentlemen cannot come to terms; on the contrary, they are more than happy to share the burden of grief."
एयस्सवि मह सुन्दर! पडिहासइ न सुन्दरो परिणामो,नहवाहणो हि जेणं विज्जाबलदप्पिओ चण्डो	Still very beautiful! Can't you see the beautiful results? It's the sunshine of the midday sun That makes bathing difficult."
दारावहारवेरं अइगरुयं हन्दि! एत्थ लोयम्मि,ता भद्द! तुमं चिन्तसु नित्थारो कह णु रायाओ?	The poor handkerchief is bristling outside the door! It's empty now, you fool! Where do you think the nights go?"
तत्तो य मए भणियं विचिन्तिएणं तु एत्थ किं बहुणा?,तं चेव किञ्चि होही जं दिट्ठं मम पुन्नेहिं	Then why are you here, my brother - in - law, wondering why you are so touchy?, What makes you think I see you again?
अइदुल्लहावि हु मए सम्पत्ता विहिवसेण जह एसा,अन्नम्पि सुन्दरं तह! होही भवियव्वयादिट्ठं	That I live in such a town, With such a wealth and such diversions, Is a thing of beauty in itself! Ah, the sights of future years."
भणइ तओ चित्तगई एवं एयं तु निच्छयमएण,तहवि हु न होइ जुत्ता एसा पायप्पसारणिया	You look at me and say," "That's your intention." "But you would not be so touchy If these were not your shoes.
तत्तो य मए भणियं एवं तु ववत्थियम्मि कज्जम्मि,जं कायव्वं सम्पइ तं चेव य इत्थ साहेसु	Then I will come, and you will do your duty from now on. Whatever you do, do it with these words."
भणइ तओ चित्तगई पलायणं चेव सम्पयं उचियं,नियनयरम्मिवि गमणं सम्पइ उचियं न होइत्ति	Say," "Your mind has gone, And everything you do seems to be in vain, For you could not have imagined that the journey to your destination Would have been fruitful."
महईं वेला वट्टइ अच्छन्ताणं इमम्मि ठाणम्मि,ता मा करेसु इण्हिं कालक्खेवं महाभाग!	I suppose the time will come When my children will come home quickly, So don't overdo it: It's going to be a long haul!
तह कहवि हु कायव्वं सरीरहाणी न होइ जह मित्त!,सुरनन्दणम्मि नयरे अहम्पि एत्तो गमिस्सामि	Tell me, Friend, How can I do this If I don't want to lose my body? I'm going to die right here, Taking my life for your own.
जलणप्पहेण समयं च सङ्गयं कट्टु असणिवेगस्स,तेण विइन्नं एयं परिणेस्सं पुव्वभवदइयं	Time and space are inseparable, so please, dear girl, combine these two things to create a whole new world.
भो सुप्पइट्ठ! एवं भणिऊण पियङ्गुमञ्जरीइ समं,चित्तगई उप्पइओ पत्तो य कमेण सट्ठाणं	"Go to sleep!" "And she said," "It's like a pearl on the pyre. Once it's ripe The leaves settle on its side.
तत्तो तमालदलसामलम्मि गयणे अहम्पि अप्पइओ,भो सुप्पइट्ठ! सहिओ दइयाए कणगमालाए	"There you are, swollen by the juicy nectar of tamarind, Going downstairs to sleep!" "With a soft girdle of crimson flowers You can help it.
नववियसियअरविन्दविन्दसञ्छन्नसच्छसलिलाइं,पुलएन्तो विउलसरोवराइं वरहंसकलियाइं	The freshly plucked flowers of the amaranth, Which resemble a lotus, Are a welcome relief to the novice.
फलभरविणमियसाहासहस्ससोहन्तसाहिसहियाइं,पिच्छन्तो गिरिवरनिज्झराइं कयकोइलरवाइं	Fruitful trees, With branches that bend and twitch, With ropes that swing and fall From steep cliffs, Are like coils of kayakoil.
किंनरसुरमिहुण 'द्धासियाइं सियकन्तकन्तिकलियाइं,लङ्घन्तो रम्माइं गिरिवरगुरुसाणुसिहराइं	With quivering sighs, Which, like a bow, pierce through the thickets of reeds, Are twisted by the arrows of the God of Love
बहुविहवावारपरायणेण सहियाइ खयरलोएण,पेच्छन्तो गामाइयं पमुइयनरनारिपुन्नाइं	Through many trials and tribulations He endured, Yet looking down the road at the naïve girls In his village.
दक्खिणदिसामुहो हं वच्चामि कमेण जाव गहणम्मि,दूराओ ता दिट्ठं तडिल्लयासच्छहं किञ्चि	I have grown thin in my youth, But from afar I see what looks like a pond of reeds.
तं दट्ठु मए भणियं किं मन्ने एरिसं इमं दइए!,दीसइ अइतेइल्लं एन्तं अम्हाण संमुहयं	Look at that girl! What do I mean by erase from my heart! It shows that oil is not the only thing we need."
भणियं च तीए पिययम! विज्जू उक्का व ताव नवि होई,थिरभावाओ,नवरं होज्ज सुरो सुरविमाणं वा	"My brother - in - law, he's a darling! The wisdom has ripened And now he wants a new one." "There must be something special about the new tune.
भो सुप्पइट्ठ! एवं उल्लवमाणाण अम्ह सहसत्ति,भासुरसरीरधारी समागओ सुरवरो एक्को	"Go to sleep! And the flamboyant women accompany us. Together, gentlemen, One with a beautiful body That never sleeps.
नमिओ य भणइ एसो अवि कुसलं तुम्ह चित्तवेगत्ति?,परियाणसि भद्द! ममं नवत्ति,तत्तो मए भणियं	"No, tell me, When did you first cross my mind?" "You fool! I have a new one, and then I will.
जाणामि कम्पि देवं सामन्नेणं,विसेसओ न पुणो,भणियं सुरेण तत्तो चिरपरिचियमवि न याणेसि	I know you have to face God again, but you will not recognize me again until you are well - known.
विणयपणएण भणियं इह जम्मे परिचओ न तावत्थि,जइ नवरं अन्नभवे तुमए सह मह महाभाग!	Tell me honestly, When my acquaintance with you did not last long, That if the new bridegroom wants to eat bread, I will have a great part with you!
नवरं तुमम्मि दिट्ठे दिट्ठी आणन्दिया मणं मुइयं,जाणामि तेण कोवि हु पुव्वभवे आसि सम्बन्धो	I suppose the moment I see you I shall die, for I know that with you I have something to do with the future.
एवं च मए भणिए पयडीकाउं फुरन्ततेइल्लं,वज्जरइ सुरवरो सो मित्त! मणिं गेण्ह एयन्ति	And I said," "Payadika, the oil is boiling, but friends, give me the money!"
मणिणो समप्पणत्थं समागओ सुयणु! तुह समीवम्मि,तम्हा विसहरमहणं गेण्हसु पवरं मणिं एयं	"Daughter, pray for us! Together we can meet again." "With you, my friend, I pledge that we will sing your favorite songs forever.
तत्तो य मए भणियं सुरवर! वज्जरसु ताव मह एयं,निक्कारणा पवित्ती न होइ जं उत्तमा बिन्ति	"Well, then, my brother - in - law is sober! Wait till I see him again. The purification of the soul Does not consist in forming a better body.
ता केण कारणेणं मज्झ समप्पेसि दिव्वमणिमेयं?,पुव्वभवे सम्बन्धो तुमए सह आसि को मज्झ?	Then why did you confide in me during the day?," "Who am I to be with you in this relationship of love?"
तत्तो सुरेण भणियं पत्थावो वित्थरस्स न हु एसो,सयला ' 'वयाविणासं गेण्हसु एयं मणिं ताव	"That is fine, brother - in - law; I am not angry, my dear." "Sayla replied," "Let the anger of the elders find a place in my heart.
भणियं च मए किञ्चिह मज्झ कत्तोवि आवया होही,तव्विगमत्थं सुरवर! जेण समप्पेसि मणिमेयं?	"Brother, What need has thee of my business? Come, my dear! What business doth thou have with a man Who is so forthright?
भणियं सुरेण सुन्दर! तुह चरियं सव्वमेव विज्जाए,पन्नत्तीए सिट्ठं नहवाहणरायतणयस्स	"Your voice is beautiful, my dear! Everything around you is brilliant. Sitting on your husband's lap You can see the nights of your youth.
दइयावहारकुविओ अमरिसफुरफुरन्तअहरुल्लो,बहुनहयरपरियरिओ तुज्झ वहट्ठाए सञ्चलिओ	My dear, The clouds are swollen by the nectar of spring, And my dear friends, They carry you in their arms.
तुज्झ अणुमग्गलग्गो आसन्नो चेव वट्टइ इयाणिं,तत्ता जीवन्तयरी होही तुह आवया गरुई	You're the only one who can stay alive, That's all I need to get you out of this mess.
एयस्स पभावाओ नित्थरिहिसि आवइ सुभीमम्पि,ता गिण्ह इमं सुन्दर! दिव्वमणिं पाणरक्खट्ठा	"That's lovely! Stay safe! It's a lovely day, Count it all." "With her bracelet by his side She hands him a bucket of water.
बन्धसु निजुत्तिमङ्गे गुत्तं कुन्तलकलावमज्झम्मि,नहवाहणविज्जाणं पडिघायसमत्थमच्चत्थं	"Stay locked in your arms, Keep your buttocks together, Take heart," "was the refrain of the dancer's parting message.
जइ पुण कहवि हु उवसमइ नेय तव्विहियवेयणानिवहो,ता मणिजलेण देहं सिञ्चेयव्वं पयत्तेण	If I tell you again and again That you can't sleep properly You only need to irrigate your body with turmeric water.
एवं विहिए होहिसि पणट्ठवियणो पुणण्णवसरीरो,ता एस मणी सययं संनिहिओ भद्द! कायव्वो	And now that you have reached the age of maturity As a housewife, What a disgusting thing it is to fall in love with such a man!
सयमेव अहम्पि तुमं सुन्दर! रक्खेमि ताओ खयराओ,नवरं समुच्छुगो हं अइगरुयपओयणवसेण	I agree, you are beautiful! I will protect you, too. But let me tell you the truth: In my next life, I will outlast everyone else's."
ता तं पओयणमहं झडित्ति सम्पाडिऊण एहामि,काहामि सयलसुत्थं मा काहिसि अन्नहाभावं	"Well, then, I suppose you could walk a little faster, But don't make me feel like eating something you didn't know existed.
अन्नं च तेण समयं विज्जाबलदप्पिएण खयरेण,मा काहिसि सङ्गामं गरुओ विज्जाहि तुह जं सो	It's high time you took the time to brush your teeth. But don't let the science fool you."
अइदुक्करं हि जइवि हु एयं पुरुसाहिमाणजुत्ताणं,कारणवसेण तहवि हु जुद्धारम्भो न कायव्वो	If I am to suffer such a fate As this man's, Then, for whatever reason, I must not begin the war.
जं तेण समं जुज्झे अवस्स तुह होइ पाणचाउत्ति,ता मह वयणाउ तुमे वारहडी नेव कायव्वा	If you fight like that, the chances are good that you will win," I tell him, "You're not going to make a war.
किञ्च सङ्कुइय केसरी जं उप्पइउमणो गयस्स वहणट्ठा,सोण्डीरत्तं किं तत्तिएण उवहासयं लहइ?	What makes you laugh, Sondiratta, When a shy Kesari bears the guise of a handsome man?
लद्धावसरो पच्छा साहियविज्जो करिज्जं जं रुइयं,झाडपलियञ्चणेणवि तुरियगई सिग्घओ चेव	I will never forget How at first she turned her back on me, Then, as her tears streamed down her cheeks, She clung to my skirt, Seeming to kiss my cheek.
किं बहुणा? एसॊ च्चिय दिव्वमणी मन्दपभावाओ तस्स विज्जाओ,काही,किं तुह कज्जं ससरीरायासकरणेण?	"Why so many? It's only because you like to decorate your body With bright, fragrant flowers. Something has to do with your husband's death.
एवं सुरेण भणिए काऊणं अञ्जलिं पयत्तेण,विहियपणामेण मए भणियं जं आणवेसित्ति	And Suren said," "Pay attention to what Anjali has done, For in my desperation I lost sight of what I had brought with me."
बहुमाणपुव्वयं अह दिव्वमणी सुरवरेण मह सीसे,बद्धो नियहत्थेणं सरीरक्खा य विहियत्ति	Because I have grown so thin On account of my heavy breasts, My lover is bound to take me in his arms As if he had a heart of iron.
बद्धे मणिम्मि सहसा गरुयपमोओ मणम्मि सञ्जाओ,भो सुप्पइट्ठ! नट्ठं भय असेसं सरीराओ	"A bound woman is bound to fall quickly, A bow is struck by a sharp arrow, And the husband falls asleep! Do not be afraid! We are all alike.
सम्भासेउं हयगुरुभयं नेहसारं ममं सो कन्ताजुत्तं विविहवयणालावसम्भासणाए,तत्तो दित्तीभरियगयणो निज्जियाणङ्गरूवो देवो पत्तो तुरियगमणो झत्ति अद्दंसणन्ति	With great difficulty He released himself from my arms," "Afraid I might lose my virginity But he could not help it If I threw myself on to him While he was busy making love To him.
एसोवि परिसमप्पइ दिव्वमणिसमप्पणॊत्ति नामेण,सुरसुन्दरीकहाए सत्तमओ वरपरिच्छेओ १७५०	"In the name of the Divine Consciousness, Beautified by the pleasures of love, 1750 - The seven vows are fulfilled.
अहयम्पि तओ दक्खिणदिसामुहो सह पियाए सञ्चिलिओ,चिन्तेमि य किं काही खयरो नहवाहणो इण्हिं?	Now, my dear, That evening I drank with you in my south face, And I wondered if you would like to have a bath And come?
कयसुररक्खस्स महं बहुविज्जादप्पिओवि सो खयरो,न हु सक्किस्सइ काउं अवयारं गरुयरोसोवि	Because you protect me from being bullied very much, I am afraid you will take advantage of me, but I can't help it if my anger grows out of it.
अहवा किं मह इमिणा विचिन्तिएणेह फग्गुभूएण,होही किञ्चि ममं चिय जं दिट्ठं पुच्वकम्मेहिं	Oh, what makes me so suspicious? It makes me think that you're faking it. But what makes you think I see your face?
दिव्वमणिणो पभावा संनिज्झेणं च तहय देवस्स,पुन्नाणुभावसरिसं होही भवियव्वयादिट्ठं	The power of the lamp is with the gods and goddesses; everywhere one experiences delight - it is on the eve of auspicious days
एमाइबहुविगप्पे चिन्तेमाणो वयामि जा तत्थ,ताव य मह दइयाए भणियं भयवेविरतणूए	When I think of my brother - in - law's return I become more fearful.
हा नाह! कोवि एसो दीसइ एन्तो 'णुमग्गमम्हाणं,विज्जाहरपरियरिओ मन्ने नहवाहणो होही	"Oh no! That's the way it is! It's like bathing in the middle of the night. The only way to do it Is with water.
ता पिय! किम्पि उवायं चिन्तसु पीडा न होई जह तुम्ह,अहयम्पि विरहगुरुदुक्खभाइणी जह न होमित्ति	"Drink, then! Never mind the pain So long as you don't have it. This is the grief inflicted by separation On the part of my wretched sister - in - law.
वलियग्गीवं तत्तो पुलोइऊणं मइवि संलत्तं,एमेव कीस सुन्दरि! गरुयविसायं समुव्वहसि?	I suppose you have never seen a woman dressed like that Before, So why is it that you are so beautiful? You look just like her! You look so thin."
जइ ता अतक्किओवि हु एज्ज इमो खयरविन्दपरियरिओ,ता होज्ज भयं गरुयं,विन्नाए किं भयं सुयणु!?	If that's the case, my dear, I am only following your instincts, but you must be afraid. Otherwise, what is there to fear?
देवेण चेव कहियं आगमणमिमस्स तुज्झ पच्चक्खं,ता किं एयं दट्ठुं भयाउरा सुयणु! सञ्जाया?	Deven, tell me," "You're due in a month, so why are you so afraid of the sight of your daughter - in - law?"
देवस्स दिव्वमणिणो पभावओ सुयणु! सुन्दरं होही,मा मा कुणसु विसायं एन्तं दट्ठूण एयन्ति	God, how wonderful it is to sleep during the night! Don't let anyone look at you That way."
अन्नो न कोवि इण्हिं काउं सक्किज्जए उवाउत्ति,एसो जं सिग्घगई आसन्नो वट्टइ इयाणिं	No, my lord, There must be something on my mind. This, dear girl, Is something that needs to be fixed."
दूरेवि न सक्किज्जइ उक्कडविज्जस्स नासिउमिमस्स,किं पुण लोयणविसए पत्तेहिं सुयणु! अम्हेहिं	Away from me you will not be able to walk, Stupid woman, Why, young man, Go to sleep every day on the river bank? We must go."
ता होउ पिए! किञ्चिवि जं दिट्ठं मज्झ पुव्वकम्मेहिं,नवि किञ्चि सोइएणं इह लब्भइ जीवलोगम्मि	"So be it! Every time I see one of these flowers They seem to spring to life As if they had slept on top of something new.
एवं च मए भणिए मुञ्चन्ती थूलअंसुयपवाहं,गरुयभयसोयतविया सा बाला इय पुणो भणइ	And I said," "That girl with such thin hair And such a broad smile on her face Says it all again."
हा! नाह! पाणवल्लह! हयविहिणा पावकारिणी अहयं,वंसस्सव फलसमओ तुह विणासाय विहियत्ति	"Yes! No! Waterman! I am a wretched and miserly woman. The harvest of spring Will be yours to weep over.
जइ तइया मणवल्लह! पाणच्चाओ मए कओ हॊन्तो,ता किं एरिसगरुआवईए तं नाह! निवडन्तो?	If you are a man! Who would you rather be than a man? Why, then, in this village, do you not! choose?"
जइ गब्भाओ पडन्ता बालत्ते वावि जइ मया हॊन्ता,ता किं मज्झ निमित्ते होज्ज इमा आवया तुज्झ?	If my husband were still a child, Why, my dear, would you be here if I were you?
एसो मुहमहुरोवि हु परोप्परं अम्ह गरुयअणुराओ,गब्भोव्ववेसराए जाओ गरुआवयाहेऊ	This is my husband, I bow before him, And he embraces me, As if I were his elder brother.
इण्हिं च तुमं सामिय! कम्मं अवलम्बिऊण खक्को सि,आवयनिवारणत्थं न चिन्तसे किञ्चिवि उवायं	"No, you're a Samian! You have grown thin on your actions, And you think of saving your mother - in - law's life. Nothing will come of it.
तत्तो य मए भणियं मा सुन्दरि! कुणसु किञ्चिवि विसायं,अवियारिय कयकज्जं एरिसयं होइ नणु सुयणु!	Well, my brother - in - law, don't be so hasty! Somebody needs a rest, Some needs a bedchamber, And I can sleep soundly."
अप्पबलं च परबलं अणवेक्खिय आढवेइ जो कज्जं,अवमाणपाणनासं अवस्स सो पावए पुरिसो	Purify yourself by discharging the duties that come to you, by disentangling your power and authority, and by renouncing dishonor.
नीईए वट्टमाणा मणुया न लहन्ति आवयानिवहं,सुयणु! मए का नीई तुमं हरन्तेण विहियत्ति?	"You mean she's round and doesn't want to be touched by your husband? What makes you so afraid of losing yourself, daughter - in - law?
विहियं रायविरुद्धं अणुरायपरव्वसेहिं अम्हेहिं,ता इण्हिं आवयाए सुयणु! विसाओ न कायव्वो	"We are ready to make love again, If it's your turn to complain against Roy, Then let's go to sleep! Don't worry!
किञ्च एवं ठिएवि सुन्दरि! अणुकूलो कहवि जइ विही होइ,ता आवयावि अम्हं परिणमिही सम्पयत्तेण	How strange and beautiful! But, tell me, if I am to be, I will have to complete the rest."
बलिओ हु इमो सत्तू ताव य सज्झो न पुरिसगारस्स,पुव्वभवनिम्मिएहिं वारिज्जइ नवरि पुन्नेहिं	Sacrifice me, my dear, For I am not worthy to inherit anything from you, Nor is it lawful for a man to inherit property Only through his wife's return."
जइ ताव अत्थि पुन्नं किं कज्जं सुयणु! पुरिसगारेण?,अह नत्थि किञ्चि पुन्नं विहलो ता पुरिसगारोवि	If you can't sleep at night, What's the point in sleeping at night? Because men go to bed early?"
एक्कत्तो मह पुन्नं अन्नत्तो दप्पिओ इमो सत्तू,पेच्छामो ता सुन्दरि! कस्स जओ होज्ज एयाण?	Ekatto mah punnam annatto dappio imo sattu, let's see if she is still beautiful! Whom else do you want to be?"
एमाइबहुविगप्पं उल्लवमाणो पियाए सह जाव,भो सुप्पइट्ठ! पत्तो तुरियगई इह पएसम्मि	"Come, sleep! It's past three o'clock! It looks like a lotus Placed on the head of a buffalo That is about to capsize.
ताव य तुरिययरगई पत्तो नहवाहणो मह समीवं,रोसायासासञ्जियसोयजलोहलियगण्डयलो	So when the turiairgai leaves come near me Taking a bath, The water mixed with rose water Starts to flow."
भणियं च तेण रे! रे खयराहम! कत्थ वच्चसे इन्हिं?,इहपरलोयविरुद्धं एरिसं कम्मं समायरिउं?	I beg of you, Rei! Where did you come from? Resemble a force like this against the Gentiles!"
काउं रायविरुद्धं नासन्तो कत्थ छुट्टसे पाव!?,सूयारसालवडिओ ससउव्वं विणस्ससे इण्हिं	If I had no opinion against you, where would I go for a holiday?," The rainy season makes one sweat all over.
रे! रे! केण बलेणं एरिसकम्मं तुमे समायरियं?,हरिऊण मह महेलं नासन्तो कत्थ छुट्टिहिसि?	Hey! Hey! Who said you look like this?," "You're not from the palace anymore, are you from Haroun?"
रे मूढ! केण दिन्ना तुह बुद्धी एरिसा अहम्मेण?,अहवा कुविओ दइवो पुरिसं किं हणइ लउडेण?	You fool! Who gave you wisdom, Erisa, or pride? Or," "Why, my dear, do men get angry And rob me of my wealth?"
रे मूढ! पुन्नवज्जिय! उम्मग्गपयट्ट! नट्ठमज्जाय!,कुविओ तुज्झ कयन्तो तेण तुमे एरिसं विहियं	You fool! You stupid girl! Don't be so hasty! Stop being angry! It's because you are angry That you are now angry."
जेण बलेणं एयं रायविरुद्धं तुमे समायरियं,तं कुणसु इण्हि पयडं मा भणिहिसि जं न भणियन्ति	If you say that this opinion is contrary to your own, do not do it because people will not believe you.
एसो तुह तिक्खेण सीसं छिन्दामि अद्धचन्देण,जइ अत्थि पोरिसं किञ्चि होसु ता जुज्झसज्जॊत्ति	Here are three of you: I will cut you open with the scent of the moon. If my husband is still alive, I will arrange a fight."
भो सुप्पइट्ठ! एवं भणिऊणं तेण गरुयरोसेण,आयड̣धिऊण धणुहं मुक्को मह संमुहो बाणो	"Go to sleep!" "And he said," "With anger burning in his heart, I will never forget how proud I was When he kissed my lips.
अह सो धणुहविमुक्को वेगेणागम्म मज्झ आसन्ने,आवडिउव्व सिलाए वलिओ पच्छामुहो झत्ति	Oh! the poor girl, As I sit on the veranda Looking down the road, You have to bend over before you can see her.
तं दट्ठुं सो खयरो विम्हियहियओ ससङ्किओ किञ्चि,खणमेगमच्छिऊणं इय वज्जरिउं समाढत्तो	Look at that man! He looks at you all the time. It's as if he knows something, Something mysterious, Something piercing the middle of the night.
जइ कहवि खुद्दविज्जापभावओ मह सरो पडिक्खलिओ,तहवि न छुट्टसि इण्हिं अग्गेयाईण सत्थाण	If you ever ask me How I feel about you, You'd better stop Trying to kindle the fire!
एवं च भणन्तेणं तेणं आवाहियाइं सत्थाइं,अहिमन्तिय मन्तेहिं मुञ्चइ इक्किक्कयं कमसो	And to tell you the truth, you have to work hard at concealing your feelings of helplessness.
अविय उट्ठिन्तफुलिङ्गालं फुरन्तजालासहस्संवलियं,अग्गेयं अइभीमं मज्झ वहट्ठाए पट्ठवियं	"Awesome! The fire was burning brightly, Full of twigs and flowers, And the fire was like a column of smoke rising from the fire of love.
तम्पि हु मह आसन्ने मणिप्पभावाओ होउमसमत्थं,पासे सम्भमिऊणं विज्झायं झत्ति तत्तो य	My dear, I have feelings for you all the time, But I suppose you have the wisdom To let me know in a jiffy.
वारुणवायव्वाइं पट्ठवियाइं कमेण सत्थाइं,ताणिवि मणिप्पभावा दूरिच्चिय मह विलीणाइं	The wind blows strong, The paths are rocky, And the valleys are slippery after today's rain.
अह ताणि अमोहाणिवि पडिहयसत्तीणि दट्ठु सत्थाणि,जाओ विच्छायमुहो रायसुओ विम्हयक्खित्तो	Oh! the immodesty of this man, Whom one could never tire of staring at, Gone is the look on Raysu's face As he looks down the road."
खणमेगमच्छिऊणं पुणोवि सो एरिसं समुल्लवइ,रे खयराहम! दप्पं मा हु करिज्जासि नियचिन्त्ते	"It's safe for you to touch her again. She's all right, my dear! Don't be so hasty When you decide to do it yourself.
मह मन्तस्स पभावा विज्जाए वावि ओसहीए वा,एमाइं सत्थाइं निहयपयावाइं जायाइं	Whether my mind is so absorbed with divine knowledge or not, these truths have to be followed faithfully.
जओ मन्तेण व तन्तेण व हन्तुं सक्कन्ति नेव एयाइं,किन्तु निसुणेसि कारणमेतेहिं जं न निहओ तं	With great difficulty we escape, But if we do not escape, We are safe.
एसो हु पावकारी सुहमच्चूए न चेव जोग्गॊत्ति,ता दुहमारेण इमो मारेयव्वो तुमे कुमर!	This is a wicked man, Who, though he was handsome, Wouldn't give a damn If he tried to hurt me: You bastard!
इय मज्झ सिक्खणत्थं हओ तुमं नेव दिव्वसत्थेहिं,न उणो तुह विज्जाहिं हम्मइ सत्तीओ एएसिं	This is my lesson: you have never been on the same side of the fence as me, and I won't let you down.
ता इण्हि मह न छुट्टसि पायालं जइवि पविससे मूढ!,मोरोवि अहव धिप्पइ हन्त! तइज्जम्मि उड्डाणे	So why don't you take a holiday? If you ever step on my foot You're stupid! But, my dear, The hunter always gets away with it! Your mother - in - law flies away."
रे खयराहम! इण्हिं कत्तो मह जासि दिट्ठिपहपडिओ?,द्दुहमच्चूए एसो मारेमि तुमं न सन्देहो	"My dear, is this the way I see you? I doubt it; this is how I killed your brother - in - law. You have no doubt of it.
भो सुप्पइट्ठ! एवं भणिऊणं गरुयअभिनिवेसेणं,नहवाहणेण नागिणिविज्जा आवाहिया तत्तो	"Go to sleep!" "And saying," "Be careful not to fall asleep while bathing. The water in the stream Blends with the fire of the river.
भीसणभुयगेहिं खणेण वẹ̄धियं उग्गविसवियारेहिं,सव्वङ्गेसु बद्धो सरागजीवोव्व कम्मेहिं	"With fear and with longing One can walk on thin air, With longing one can cling to one's body And one can live forever.
तत्तो महन्तवियणा पाउब्भूया ममं तओ देहं,गयणाओ निवडिओ हं भुयङ्गभारेण भूमीए	Your body is mine, my lover's, and I am bound to you by the weight of your arms. For I have chosen this earth.
वियणाए विब्भलङ्गो संवलितरुणो इमस्स हिट्ठम्मि,गयचेयणोव्व जाओ भुजङ्गसङ्घायउब्बद्धो	Because he is so touchy When Vienna is stirring up his limbs, You have to bend over and join his thighs.
सावि मह पाणदइया गरुयं दठ्ठूण आवयं मज्झं,अइदुक्खिया वराई रोयन्ता घग्घरसरेण	Mother - in - law, When she sees me wounded by a sharp arrow, She recoils with grief Like a doe crying inside a house
हा अज्जउत्त! वल्लह! एय अणत्थस्स कारिणी अहयं,हा पाविट्ठा तइया किं न मया मयणपचक्खं	"Ah, my poor girl! Oh! What a cruel man I am! You have grown so thin On my husband's account That I never see him again.
हा कह मज्झनिमित्ते पिययम! अइगरुय आवयं पत्तो,हा अज्जउत्त! इण्हिं तुह विरहे नत्थि मह जीयं	"Yes, my dear! It is because I love you so much And you hate me So much that I have to live without you.
भो भो धणदेव! इमं सोउं खयरस्स भासियं तस्स,एत्थन्तरम्मि य महं एस विगप्पो समुप्पन्नो	"Oh, my poor god! That's what you meant when you said that you feared the God of Love. In the meantime, please, help me out of this mess.
महिलापलावसद्दो पुव्विं जो आसि इह मए निसुओ,एयदइयाए नूणं सो होही कणगमालाए	"This is my escape," "whispered the woman's flattered expression." "The nail marks the tip of one of these pearls.
तत्तो य पुरिससद्दो तयणन्तरमेव जो मए निसुओ,नहवाहणस्स होही सो सद्दो एयसत्तस्स	Then, after I had made up my mind as to what I should do in public, The servant of the king's wife came to me silently."
अहवा किं मए इमिणा विचिन्तिएणं तु ताव निसुणेमि,जं किञ्चि कहइ एसो नियचरियं चित्तवेगॊत्ति	Ah, but why am I so anxious To dispense with you, If by any means it should come into my mind As usual?
एवं विचिन्तिऊणं तत्तो धणदेव! सुणिउमाढत्तो,तव्वयणमहं सव्वं अह सो एवं समुल्लवइ	And when he thinks of it, He is a cruel god! Once he hears it, he disappears, And then he remembers everything."
भो सुप्पइट्ठ एवं विलवन्ता बहुविहं सुदुक्खत्ता,नहवाहणेण नीया मज्झ पिया कणगमालत्ति	I have slept many a time, And am quite content. But my lover, who is a simple person, Now treats me with kindness.
अहयम्पि तओ दूसहविसहरकयवेयणाए वेवन्तो,दइया विओयगुरुदुक्खताविओ जाव चिट्ठामि	I am writing to you out of anger and out of compassion for the suffering women suffer.
भो सुप्पइट्ठ! ताव य तुमम्पि इह आगओ पएसम्मि,तुमए मणिनीरेणं एसो मेल्लाविओ अहयं	"Go to sleep! But you must have felt this fire before, For here in this damned town you are spending the night.
ता भो तुमए दिन्नं मह जीयं एत्थ नत्थि सन्देहो,मणिणो य पभावाओ न य डक्को दुट्ठसप्पेहिं	Well, then, you've given me life here, so that I won't have any more doubts, feelings, or bewilderment.
अन्नह कह मह जीयं हविज्जगुरुवेयणा परद्धस्स,कीणासवयणसच्छहभीसणभुयगेहिं गहियस्स	Tell me, my poor girl, How can you live with a man Who is so hard of hearing And who is so touchy When he calls you by your own name?
तं जं तुमए पुट्ठं केण तुमं एरिसाए महईए,खित्तो सि आवयाए तं सव्वं साहियं एयं	The bee has eaten all the corn you have sown in the field for the sake of your son, and now he has everything to help him.
इय भो धणदेव! तया सोउं खयरस्स भासियं तस्स,तत्तो य मए एयं विचिन्तियं निययचित्तम्मि	"Here is the God of Love! So when he fell asleep, I could think of nothing else to do.
पेच्छ नरा विबुहावि हु अणुरायपरवसा विसयगिद्धा,पाविन्ति आवयाओ विविहाओ एत्थं संसारे	I am unable to look at you, my wretched self, Like a poisonous creeper mixed with nectar, But I see many different things in this world.
अच्छउ ता परलोगे इहेव पाविन्ति गरुयदुक्खाइं,रागविमोहियचित्ता कज्जाकज्जं अयाणन्ता	Well, then, Believe me, My poor girl, The aches and pains of pregnancy And the desire to be angry Have nothing to do with the work.
सारीरमाणसाणं दूसहदुक्खाण कारणं पढमं,इह परलोए घोरो रागॊ च्चिय सयलजीवाणं	I have read that grief and loss are the causes of all suffering; on the contrary, people go about their lives in anger and greed.
रागन्धा इह जीवा दुल्लहलोयम्मि गाढमणुरत्ता,जं वेइन्ति असायं कत्तो तं हन्दि! नरएवि?	Ragandha, This life is a mess of twists and turns, How can one control what one puts on? It is hell!"
वल्लहविओयतविया असमञ्जसचिट्ठियाइं कुणमाणा,नरए नेरइया इव निच्चं चिय दुक्खिया हॊन्ति	Men are so thin on nectar, And women so delicate, That their character is incompatible.
वहबन्धमारणाइं लहन्ति रागेण मोहिया जीवा,वच्चन्त्ति दुग्गईए सहन्ति विविहाइं दुक्खाइं	She embraces her lovers who are angry at the death of their husbands, Endures various sorrows While they are distraught
रागो हि दुक्खरूवो रागो चिय सयलआवयाहेऊ,रागपरद्धा जीवा भमन्ति भवसागरे घोरे	Anger is a painful poison, But when it is sown in a plain place The soul, conditioned by anger, Wanders about in a sea of smoke.
ताव चिय परमसुहं जाव न रागो मणम्मि उच्छरइ,हन्दि! सरागम्मि मणे दुक्खसहस्साइं पविसन्ति	So long as my anger does not rise, my husband will rejoice and rejoice! In every sort of anger, I suffer the pain of grief."
एमाइ चिन्तिऊणं धणदेव! मए इमं तु वज्जरियं,भो चित्तवेग! इण्हिं मा कीरउ कोवि सोगॊत्ति	"I suppose you have to think about it! I suspect you have." "But what about my temperament? It causes me some sort of grief.
जं एसो संसारो एरिसदुक्खाण निययआवासो,पत्ताए आवयाए तेण विसाओ न कायव्वो	As this world is destined for more misery, so come, let us not make trouble of it.
जरमरणरोगवल्लहविओगबहुलम्मि एत्थ संसारे,जम्हा सकम्मजणियं जायइ जीवाण दुक्खन्ति	In this world, where so many people suffer from various diseases and ailments, it is the germs that cause the suffering.
तो भणइ चित्तवेगो भद्द! विसाओ न कोवि मह अन्नो,एकच्चिय मह चिन्ता कुणइ मणे दूसहं दुक्खं	So tell me," "Being anxious is a bad thing! Don't make me angry. Just worry about me, because it's going to hurt others."
सा कह वरई होही नीया नहवाहणेण रुयमाणी,जीवइ व नवा इण्हिं दट्ठुं मह तारिसमवत्थं?	Who is this bridegroom Whom all the women in the house are crying out for, Living and seeing their new man As if I were him?
एवं च जाव साहइ सो खयरो मज्झ भद्द! धणदेव!,एत्थन्तरंम्मि निसुणसु जो वुत्तन्तो तहिं जाओ	And go - between! It's my fault - My poor boy! My God! Stop my sulkiness Now - There you go," he growled.
एक्को कमलदल 'च्छो पिहुवच्छो सुरवरो तहिं सहसा,ओइन्नो गयणाओ उज्जोइन्तो दिसावलयं	A lotus is just a bunch of peacock feathers. Suddenly the rays are bright Like the rays of a sunbeam."
दट्ठुं समागयं तं वियसियवयणो य चित्तवेगो सो,अब्भुट्ठिऊण पणमइ तं देवं परमविणएण	Whether he sees it or feels it, God's going to reward him with the ultimate glory.
अह सो सुहासणत्थो तियसो संलवइ भद्द! तुह कुसलं?,मणिणो य पभावाओ नित्थिन्ना आवया विउला!	"Ah, such self - control! How stupid of you! What makes you so angry? It's because you are so touchy." "With these words the landowner's wife hastily introduced him.
तो भणइ चित्तवेगो तुम्ह पभावाओ सम्पयं कुसलं,ता सम्पइ मह साहसु महन्तकोऊहलं इत्थ	So you say," "The whole earth is corrupted by your passions; in this way I will satisfy the desires of the most courageous."
पुव्वभवे सम्बन्धो तुमए सह आसि को ममं देव!?,केण व कज्जेण तुमं आसि गओ उच्छुगो तइया?	Who is my God!?, Who is with you in all your affairs?, What made you come at all, And why are you so anxious?"
तत्तो य भणइ तियसो इमेण कज्जेण आगओ सुयणु!,सा एगमणो होउं साहिज्जन्तं निसामेहि	So tell me, is this your excuse? Go to sleep!, It's as if I'm going to sleep in silence for the rest of my life."
जम्बुद्दीवे इहइं एरवए अत्थि आरिए देसे,विजयवई नामेणं नयरी सुरनयरिसङ्कासा	Jambuddive is one of them, Atthi is another, Vijayvai is another. The girl's name is Suranyarishankasa."
तीएवि सुविक्खाओ धणभूई नाम आसि सत्थाहो,दक्खिन्नदयाजुत्तो उज्जुत्तो जइणधम्मम्मि	Such people bring good news, But their name comes from the south; In the south the sun shines brighter Than in the west.
चन्दोव्व कलानिलओ गयव्व निच्चं पयट्टवरदाणो,अणुयत्तियमित्तो वासरोव्व बुहलोयमणइट्ठो	The moon is in the sky, The horizon is dark, The rainy season is long, And the clouds are endless.
तस्स य पसन्तरूवा पइव्वया सच्चसीलदयजुत्ता,भज्जा सुन्दरदेहा सुन्दरिनामा सुविक्खाया	That was the message from her beloved:" "Truth alone triumphs, For a beautiful body begets beautiful names."
विमलं सावगधम्मं सम्मं अह ताण पालयन्ताणं,वच्चन्ति वासराइं सुसाहुजणभत्तिजुत्ताणं	I will follow you all the way to Vimalam, To Savagadharma, To the blessed fire of spring.
अह अन्नया कयाइवि पहाण सुविणेहिं सूइयं तणयं,सा सुन्दरी पसूया पभूयसुहलक्खणाइन्नं	Oh! what a beauty it is To lie in wait for the good omen of spring, To feast one's eyes On the pleasures of nature.
निज्जियअणङ्गरूवं तेएण य दिणयरस्स सारिच्छं,सोमं ससिबिम्बं पिव जिणिन्दधम्मंव सुहजणयं	For all the days that he spends abroad His beloved wife, Mother - in - law, Always gives pleasure to those whom she loves.
अह तस्स बारसाहे वोलीणे निययजणणिजणएहिं,गरुयपमोएण कयं विहिणा नामं सुधम्मॊत्ति	"Ah, what a cruel man he is, As soon as he has spoken one word at a time." "With great difficulty He remembers the name of his enemy.
धणवाहणाभिहाणो बीओ कालेण से सुओ जाओ,सोवि हु सुधम्मनामो जाओ अह अट्ठवारिसओ	Behold, the landowner's daughter - in - law has fallen asleep at dawn; behold, I go in search of happiness, for she has reached the age of eighteen.
तीए य पुरवरीए विहरन्तो अन्नया समोयरिओ,समणसयसेवियकमो सदंसणो नाम आयरिओ	Traveler, come, let me know what you think. Name me a member of the assembly who serves the common good.
अप्पडिबद्धविहारी चउदस पुव्वी गुणाण आवासो,पुव्वुत्तरदिसिभाए अवट्ठिओ नन्दणुज्जाणे	"The object of adoration resides in the observer's fourteen virtues, but the observer of virtues resides in non - existent virtues.
सव्वोपि नयरलोओ विण्ग्गिओ सूरिवन्दणनिमित्तं,धणभूईवि हु चलिओ भत्तीए तणयसञ्जुत्तो	The whole sky is blue, The birds are out to feast on the sun, And I am treading on the grass That has already wilted.
उम्मुक्कवाहणो अह दूराओ विहियउत्तरासङ्गो,तिपयक्खिणिऊण गुरुं वन्दइ परमाए भत्तीए	O shipwrecked traveler, The paths are long, The path is treacherous, And looking down the road One has to cross To reach the supreme goal.
भीमभवोयहिनिवडन्तजन्तुसन्तरणवरतरण्डम्मि,दिन्नम्मि धम्मलाभे गुरुणा,सेसे मुणी नमिउं	The earth teems with bees, Birds and beasts flock together, The teacher gives instruction on dharma, Such is the way of a sage.
उवविट्ठो सत्थाहो महिवट्ठे पुरजणेण सञ्जुत्तो,सुरीवि मोक्खमग्गं जिणधम्मं कहिउमाढत्तो	Get up, stay awake, gather the bees, decorate the people's houses, and proclaim," "Liberation is the path to liberation."
अविय सम्मद्दंसणमूलो पञ्चमहव्वयमहल्लदढखन्धो,समिईगुत्तीतवसञ्जमाइसाहापसाहिल्लो	The root of immodesty lies in the five great vows: Together, bowed and bowed, The path that leads to peace Is smooth.
विविहाभिग्गहगोच्छो मणहरसीलङ्गपत्तसोहिल्लो,वरलद्धिकुसुमकलिओ सग्ग 'पवग्गाइसुहफलओ	The plowman's wife bemoans the wide variety of flowers, The blossom of a lily of burden And the fragrance of spring."
चारित्तकप्परुक्खो वित्थरओ साहिओ जिणाणाए,दुहतावतावियाणं जियाण सरणं अणन्नसमं	A tree torn asunder, A friend conquered, A man condemned to suffer as long as he lives Is doomed to perish.
चवलाइं इन्दियाइं दुक्खनिमित्तं च विसयसङ्गोवि,कोहाइणो कसाया निबन्धणं दोग्गइए उ	The clever go - between making love and making love to indian sorrows... butcher of the elbows refuses to budge.
एक्कसि कओ पमाओ जीवं पाडेइ भवसमुद्दम्मि,भीमो य भवो बहुसो पयासिओ तीए परिसाए	One cow gives life to another buffalo, But the other buffalo preys on her Because she is so afraid.
सूरिस्स तस्स वयणं परमामयसच्छहं निसामित्ता,संविग्गा सा परिसा जहागयं पडिगया सव्वा	Without fear of the sun, With long walks in the forest, With pleasure only, One is bound to stumble upon one's lover.
सोऊण सुधम्मनामो धम्ममई गुरुगिरं निसामित्ता,संसारभउव्विग्गो पणमिय सूरिं इमं भणइ	He speaks in this way:" "I agree with you on the Dharma, I disapprove of your highnesses, And I approve of your worldly pursuits."
इच्छामि तुम्ह मूले निरवज्जं गिण्हिउं सुपव्वज्जं,जणगेहिं अणुन्नाओ भीओ जरजम्ममरणाणं	I want you to swallow your worthless roots and swallow them whole, But to suffer the same fate As if you had died
भणियं गुरुणा य तओ होउ अविग्धं तुहेत्थ वत्थुम्मि,अम्मापिऊहिं मुक्को अह सो पव्वाविओ गुरुणा	I agree, my dear, That when my brother took me in his arms You proved incompetent. But my mother - in - law has turned my back on me, And now my husband is my guru.
अब्भसियदुविहसिक्खो सञ्जमतवविणयकरणउज्जुत्तो,विहिणागुरुपामूले अहिज्जिउं सो समाढत्तो	Without a trace of jealousy or anger, Like the angry wife who begs to be forgiven, He disappears in silence.
सिग्घ महामई सो जाओ सुत्तत्थतदुमभयविहिन्नू,चुद्दसपुव्वी गुरुसाहुसम्मओ गुणगणावासो	With a broad smile on her face She goes from strength to strength, With fear and longing She keeps count of her virtues Until her husband returns.
नाऊण जोगयं से सुहरिक्खे सूरिणा नियपयम्मि,अहिसित्तो सूरीवि य संलिहियतणू गओ मोक्खं	Now, if you want to be happy, Just set fire to the sun and let the sun find its way back home.
समणगणसम्परिवुडो सुहम्मसूरीवि विविहदेसेसु,बोहिन्तो भवियजणं विहरइ पुरगामनगरेसु	Diverse countries boast of pleasant summers, But in the old town the traveler's wife made him wander.
धणवाहणोवि कमसो वड्ढन्तो पञ्चधाइपरियरिओ,पत्तो कुमरभावं अहिज्जिओ तह कलानिवहं	The smoker has less work, grows five times as much, and has no more leaves than an eel.
पत्तो य जोव्वणं सो कामिणिजणहिययचोरणसमत्थं,पिउणा य तन्निमित्तं वरिया वररुवसम्पन्ना	After all, youth is like stealing from a lover, Like drinking from one's lover Until the bridegroom has had his way.
सिरिसुप्पइट्ठनयरे धूया हरिदत्तपवरइब्भस्स,विणयवईसंमूया 'णङ्गवई नाम वरकन्ना	Sirisuppa, On this day the gods bathe in the fragrance of turmeric flowers." "Nangavai is the name given to a bridegroom's name.
महया विच्छड्डेणं परिणीया सोहणम्मि सा लग्गे,धणवाहणेण तत्तो आणीया निययनयरीए	The buffalo is crossing the river, Parineeti is sitting on her lap, And the elephant is riding on her back.
अह सो तीए रत्तो जोव्वणवररुवसोउमल्लेसु,गाढं विसयासत्तो गयंवि कालं न याणाइ	Oh! the way she walks, Swollen with youth, Not knowing when the darkest hour has passed."
अह अन्नया सुधम्मो विहरन्तो मुणिवरो तहिं पत्तो,विजयवईनयरीए वासारत्तस्स पारम्भे	Ah! the path is smooth, The path is slippery, Like a river in spate When swept by the triumphant stream.
साहूहिं तत्थ वसही विमग्गिया ताहि सत्थवाहेण,धणभूइणा विदिन्ना सुविसुद्धा जाणसालासु	The landowner's son - in - law lives in such a way that, with his faithful wife and children at hand, he acquires a good reputation.
नियपरियणेण सहिओ सत्थाहो एइ गुरुसमीवम्मि,सामाइयाइजुत्तो संविग्गो सुणइ जिणघम्मं	Friend, be patient: This is the teacher's third hour, And when he sits down to explain it to you, He listens intently.
धणवाहणो उ दइयासुरयसुहासत्तमाणसो धणियं,पिउणा भणिओवि दढं न ए इ गुरुवन्दओ कहवि	The master said," "You have to drink water, To enjoy the pleasure Of being treated with compassion - There is no medicine for it."
अहतं विसयासत्तं गुरुरागं धम्मकरणनिरवेक्खं,परिचत्तसेसकज्जं दट्ठुं लहुभायरं गुरुणो	Without a trace of pride I shall never forget how my teacher treated me: He looked at me with such longing That I could never forget him.
जाया एसा चिन्ता भाया मे रागमोहिओ वरओ,जिणवयणबाहिरमई इन्दियविसएसु आसत्तो	If I think of it this way, angry young man, I hope to live some other way In India also.
दुल्लहमवि मणुयत्तं पावित्ता धम्मविरहिओ एसो,गच्छिस्सइ नरयम्मि घोरासु य तिरियजोणीसुं	"Here comes the God of Love, Friend of God, Who is devoid of purity and purity: There goes the man whose hair falls to the ground In a trance.
केणावि उवाएणं बोहेमि रागमोहियं एयं,एवं विचिन्तिऊणं गुरुणा सद्दाविओ भाया	Somebody said," "I'm very angry, and the teacher thought it was a joke."
महया उवरोहेणं समागओ वन्दिऊण तो सूरिं,उवविट्ठो से पुरओ अह सूरि भणिउमाढत्तो	When the sun rises Above me I gather affection, When the wind blows it is only the sun.
पोग्गलपरियट्टेहिं बहूहिं सम्पाविऊण मणुयत्तं,हारेसु मा मुहाए विसयामिसमोहिओ भद्द!	By confining yourself to your lover's house, you will not hurt the feelings of others. So do not trouble yourself by turning your back on him!
विसएसु दढं सत्ता सत्ता बन्धन्ति असुहकम्माइं,तव्वसओ संसारे भमन्ति अहमासु जोणीसु	Such wicked men seize power, seize it, cause hurt, and then roam the world as though they had no more.
वहबन्धमारणाई नाणाविहवेयणाओ नरएसु,पाविन्ति विसयगिद्धा दूसहाओ दीहरं कालं	She is not afraid of being tied up, Of being robbed of her coin, But of a long life, Two hundred and fifty years.
अच्छउ ता परलोए इहेव पाविन्ति गुरुयदुक्खाइं,विसयपसत्ता दुद्दन्तइन्दिया देहिणो बहवे	But really, these are the sorrows of a miser's past, For after a long illness The rivers of milk flow towards India."
मोत्तूण निययजूहं करेणुसुहसुरयफासपडिबद्धो,बद्धो वारीबन्धे फासेण गओ गओ निहणं	The farmer has committed suicide, The farmer is committing suicide, And the farmer has gone into hiding Because he was so caught up in the trap.
रसणिन्दियम्मि लुद्धो विद्धो गलएण मच्छओ निहओ,धाणिन्दियम्मि सत्तो पत्तो उरगोवि मरणदुहं	A snake bites a lotus, A mosquito pierces a rose, And seven emeralds stick to the water of love, Which is the poison of death.
उज्जोइयसयलदिसं दीवसिहं पेच्छिउं पयङ्गोवि,तग्गहणरओ मरणं पत्तो नणु चक्खुदोसेण	The fire that burns bright, The lamp that burns red, Looks like a scarecrow's tail - One that bristles at the slightest sign of death.
गोरीसद्दासत्तो निच्चलतड्डवियकन्नजुयलिल्लो,सवणिन्दियदोसेणं मिओ मओ वाहबाणेण	The dog was immovably wounded by the sharp arrows Of the God of Love, And the elephant was wounded by them.
एक्किक्किन्दियवसगा एए सव्वेवि पाविया निहणं,पञ्चिदियवसगाणं नराण पुण का गई होज्जा?	With the one and only God, all sinners have passed away, but with the song of the five days, has sin returned?"
ता पञ्चिदियवसगो विसयसुहं सेविऊण मा भद्द!,धम्मोवज्जणरहिओ वच्चसु घोरम्मि नरयम्मि	So do not be alarmed when five days are passing and you enjoy your pleasure! There is something very wrong with you, poor girl, Being led astray by false gods."
किज्जउ धम्मम्मि मई विसयसुहं उज्झिऊण ता इण्हिं,सहलीकरेसु सुन्दर! अइदुलहं मणुयजम्मन्ति	"Why, dhammammy, If you want to awaken the ecstasy of longing, You'd better take me with you! I swear by people who are born with eyes like that.
एयं गुरुणो वयणं निसम्म धणवाहणो इमं भणइ,इच्छामि तुम्हवयणं किं पुण निसुणेह मह भणियं	It is the master's fault I speak of him as a dishonest jeweler; I want you to understand why I always speak of you.
अइनेहपरा वरई खणमवि विरहं न सक्कए सọ̄धुं,दइया 'णङ्गवई मह तेण न सक्केमि तं मोत्तुं	A miser's wife cannot separate herself from her lover, For I can't kill her if she gives birth to him."
तुब्भम्पि वन्दणत्थं आगमणं तेण होइ न मज्झ,मह विरहे सा वरई इण्हिम्पि हु अच्छए किच्छं	It is not for me to speak of your return, for apart from me the bridegroom is bound to come. How can I help it?
तत्तो गुरुणा भणियं चञ्चलचित्ताणं महिलिआण कए,को व सकन्नो पुरिसो हारिज्जा अप्पयं भद!	Well, master, tell me, Who can beat a man's head with such agility When it comes to women?
पवणुद्धुयधयचञ्चलचित्तासुं महिलिआसु आसत्तो,जो धम्मम्मि पमायइ,सो काउरिसो न सप्पपुरिसो	If there is a woman with a firm faith and a steady mind, Who follows the dharma, She is not cowardly, Nor is she pure.
अविय अन्तोविसभरियाओ मणहररुवाओ बज्झवित्तीए,गुञ्जाफलसरिसाओ हॊन्ति सभावेण महिलाओ	Lovely women, Full of beauty and fragrance, Buzzing with thunder and lightning, Proud ladies."
सच्चदयसोयरहिया अकज्जनिरयाओ साहसधणाओ,भयजणणीओ,तासुं को व सकन्नो रइं कुज्जा?	You honesthearted ones, You tireless workers, You brave women, You fearful ones, Who then can be so cruel?
रत्ताओ हरन्ति धणं पाणेवि हरन्ति तह विरत्ताओ,रागेवि विरागेवि य भयङ्करा दुट्ठजुवईओ	The nights are long, The riches are abundant, The days are fleeting, The weeks are angry, and the nights are frightful.
अन्नं चिन्तेन्ति मणे नियन्ति अन्नं धडेन्ति अन्नेण,चलचित्ताणं ताणं को नाम हविज्ज वल्लहओ?	They think of food, They decide what should be eaten, They study food, And who needs a name If he has a good mind?
मारेन्ति पइ जारस्स कारणे तम्पि हन्दि! अन्नट्ठा,वीसासन्ति य अन्नं सब्भावं नेय पयडेन्ति	"My brother - in - law has committed suicide because his wife is adulterous! In the end, they will all perish as a result of their greed.
किं बहुणा भणिएणं जाओ य हणन्ति निययपुत्तम्पि,को नाम पिओ तासिं हविज्ज चवलाण महिलाण?	Why so many people are going to say,'He killed my youngest son," "and'I killed his first wife "?
ता भद्द! एरिसाणं तडिच्छडाडोवचवलहिययाणं,महिलाण कए को इह हविज्ज सịधिलायरो धम्मे?	"That's nasty! It's as if a flock of parrots has been introduced to the river For the first time in a month." "Who is going to decorate this sacred place for women?
इय गुरुभणियं सोउं विहसिय धणवाहणेण संलत्तं,अन्नाओ जुवईओ एवंविहदुट्ठचरियाओ	This is Guru Bhaniam's daughter - in - law attached to her husband's carriage, and his brothers are juveniles and widowers.
मह महिला पुण सरला पइव्वया सच्चसीलदयजुत्ता,अणुरत्ता सुविणीया थिरनेहा गुरुजणे भत्ता	My dear, A decent woman is one who gives her all, Who is truthful, Who listens to her husband's advice, And who is generous with her gifts?
सरिसा सा कह होज्जा असुद्धचरियाण अन्नमहिलाण?,लोहतुरङ्गाईणं दीसइ गुरु अन्तरं लोए	Sirisa, how come you are such a friendly person?," "The iron bracelet shows the inner world of the master."
तत्तो गुरुणा भणियं मणोहरा तुज्झ जइवि सा महिला,तहवि हु उवभुज्जन्ता सरणी सा नरयनयरस्स	Master, tell me, If you like being a woman, You'd better take me in your arms When I'm with you On the river bank.
जह किम्पागफलाइं भुत्ताइं दुहावहाइं इह हॊन्ति,तह इत्थीसुरयसुहं मणहरमवि दोग्गइं नेइ	As the nectar of an early summer sun does not rob a pleasant man of his pleasant pastime, As the kimpa fruit roasts twice in the afternoon.
जह विसमीसं सरसम्पि भोयणं जीवियं हरइ भुत्तं,तह सुन्दरावि रमणी रमिया नणु दोग्गइं देइ	As soon as one has spent one's life in penury, That lovely young girl gives birth to two handsome sons.
ता उज्झसु अणुरायं कुगइनिमित्ताए निययदइयाए,पञ्चमहव्वयजुत्तो होसुं तुमं चरणनिरउत्ति	Then, please, arrange for Kugai Puraskaram in the morning, for the five great vows will bring you to your feet."
एवं दिवसे दिवसे संवेगकरेहिं महुरवयणेहिं,बोहिज्जन्तो मणयं जाओ अह पयणुरागो सो	And every day I get more and more emotional. But please, my traveler, be careful not to fall into the trap of overspending yourself.
अन्नदिणे एगन्ते गुरुपुरओ अञ्जलिं करेऊण,धणवाहणो स एवं वज्जरई परमसंविग्गो	Now when the elders come together, They perform the rites of adoration; The warrior and his wife enter into supreme communion.
तुम्हाणममयभूए वयणे निसुएवि मज्झ हिययाओ,किं नो सक्कइ रागो विसंव दुट्ठस्स सप्पस्स?	O my heart, How is it that you are so angry With me, And I am so helpless When you are away?
भयवं! ताव न तुट्टइ दइयाए उवरि सव्वहा रागो,नवरं करेमि एक्कं जइ जुत्तं तुम्ह पडिहाइ	"Be afraid! Don't let that break you. Everyone is angry with you. I'll do it again If only you could fall in love With me.
सुरयसुहनिप्पिवासो दिक्खं गिण्हामि तुम्ह पामूले,दइयाए समं अहयं दंसणमित्तेण सन्तुट्ठो	I can count on you, my dear, To look at you in the sun, To be satisfied with my presence at your feet.
एवं ववत्थियम्मि जइ जोग्गं देह मज्झ तो दिक्खं,तीए अदंसणेणं सक्केमि न जीवियं धरिउं	And if I see your body as it is now, I cannot help but live to see it.
तव्वयणं सोऊण य सुधम्मसूरि विचिन्तए एवं,पेच्छह अइदुरन्तो रागो कह विलसए लोए?	When you think back on your dreams and dreamt them over, Do you see how people become angry at each other And lose their cool?
एवम्पि ता दिज्जउ पव्वज्जा ताहि गहियसुत्तत्थो,सयमेव विवेगजुओ उज्झिस्सइ रागसम्बन्धं	Only then will you be able to give expression To what is deeply rooted in your soul, Always stirring up the most discerning of emotions.
एवं विचिन्तिऊणं अणङ्गवइयाए सञ्जुओ ताहे,धणवाहणो सभाया गुरुणा पव्वाविओ विहिणा	And when the hunter's wife saunters in, The hunter is deprived of his treasure, And the huntsman his master.
चन्दजसानामाए मयहरियाए समप्पिया सावि,साहुणिगणमज्झगया सिक्खइ वरसाहुणीकिरियं	Aunt, When the moon is full of moonlight She forgets how to sleep. When the clouds gather She learns how to make rain
एवं च ताण दोण्हवि परोप्परं जाव तुट्टइ न रागो,बहुणावि हु कालेणं सुत्तत्थ विसारयाणम्पि	And yet, when the twain are face to face One does not get angry, For sometimes I get angry And go on making love."
ताव य गुरुणा भणियं एगन्ते भारईए महुराए,एयं न जुत्तमहुणा उत्तमसत्ताण तुम्हाण	When your master tells you that he intends to marry you, That does not make you a better man.
अविरइजुवइजणेवि हु सवियारपलोयणम्मि साहुस्स,पायच्छित्तं गरुयं भणियं सुत्ते जिणिन्दस्स	I will never forget how my parents made me feel When I was a child, When I tried to escape, And when I fell asleep beside my parents.
जं पुण साहुणि विसए सवियारपलोयणं तु साहुस्स,तं भद्द! गुरुअणत्थस्स कारण वन्नियं समए	You have to endure whatever wrongs you commit, As long as you practice good manners! It is because of your parents That you have committed a crime."
इयरमहिलाजणेवि हु दिट्ठीपाओ न होइ जुत्तोति,किं पुण समणीविसए अबोहिबीयस्स मूलम्मि?	I have not had the pleasure of seeing you in person, my dear. So why, Mr Abohibious, should I contact you again?
ता उज्झिय अविवेयं रागं अवहत्थिऊण भावेण,परिहरसु सव्वहच्चिय दिट्ठिकुसीलत्तणं एयं	So lift up your senses, Unhindered by anger, With emotion that transcends everything You have ever seen.
एवं गुरुणा भणिओ संविग्गो सोवि चिन्तए एवं,अइरागपरवसस्स ओ धी!धी! मह निव्विवेयस्स	And the master said," "I suppose you have had your way." "And, being impatient, he closed his eyes and took me in his arms.
जो हं पणट्ठलज्जो गयरायपयम्मि वट्टमाणोवि,साहुजणनिन्दणिज्जं रागं न चएमि छड्डेउं	I will not give up my anger Which was kindled by my husband's flattery, Which grew thicker as the night wore on.
लद्धूणवि निरवज्जं पव्वज्जं दुट्ठरागपडिबद्धो,होहामि पुन्नरहिओ दीहरसंसारआभागी	I will persevere long and hard, For my husband is safe, And my life hangs in the balance.
ही जीव! पाव! भमिहिसि नारयतिरिएसु दीहरं कालं,अविसयपयट्टरागो लद्धूणवि धम्ममणवज्जं	"O soul! Wretched body! For so long a time you have been on the earth Doing nothing But fighting for the right to life.
एवं भावेन्तस्सवि धणवाहणसाहुणो न उत्तरइ,अणुरागो तव्विसए ताएवि य तस्स उवरिम्मि	And the brother - in - law does not reply to the supplicant's salutation, For when he replies, It is as if he were her lover."
एवं वच्चइ कालो सञ्जमतवविणयकरणनिररयाणं,गुरुआणासम्पाडणपराण अह ताण दोण्हम्पि	And just like that, when he sits down to listen to the teacher explain the passage of time, He recoils in grief."
अह अन्नया कयाइवि भगिणीए वसुमईए सञ्जुत्ता,चलिया 'णङ्गवई वियारभूमिए बहियाओ	Oh! my poor sister - in - law! What a waste of time it is to sit here And wander about barefoot.
दिट्ठो य ताहि एगो महिलासहिओ नरो उ उम्मत्तो,धूलिरयधूसरङ्गो जरचीवरचीरियाइन्नो	Look, there's a woman next door. Look, Ummmmmm, The dust cloud is just like a pair of scissors."
उगायन्तो बहुहा नच्चन्तो डिम्भसत्थपरिकिन्नो,तं दुट्ठुमणङ्गवई सुइरं पुलएइ तं जुयलं	To grow, to wither, To dry up, To burn with the same fire As the twigs of an eel.
तत्तो तीए भणियं भगिणीए सुलोयणाए अणुहरइ,अज्जो! एसा जुवई गहगहियनरस्स पासत्था	"That's her brother - in - law shaking his head." "Today! It's the young Gahagian's wife Pastha.
भणियं च वसुमईए सुइरं निज्झाइऊण सविसायं,सच्चिय एसा अम्हं भगिणी ओ सुलोयणा नाम	"My brother and sister - in - law have passed away, but this is really the name of my sister and my lover.
परिणीया आसि पुरा सुबन्धुणा मेहलावइपुरीए,दिट्ठा कणगरहेणं कयाइ अह रायउत्तेणं	Parinaya is a pure beauty, Like the pearl of a garland When it comes to making jewelry."
अन्तेउरम्मि छụ̄धा अइगुरुअणुरायहरियहियएण,सयलोरोहपहाणा जाया अह तस्स वल्लहिया	There is a fire in the kitchen, It's gotta be hotter than normal, It has to go faster than the moon And then there's the girl next door."
एयं मह पच्चक्खं सव्वम्पि हु सासुरे वसन्तीए,वित्तं,तुमएवि सुयं अज्जे! लोयप्पवायाओ	It's my fifth birthday, I live with my mother - in - law. But, my dear, you're already so busy! People are tricking you."
एसो गहगहियनरो दीसइ सरिसो उ रायउत्तस्स,ता एसो कणगरहो एसावि सुलोयणा नूणं	This is like looking into the deep hole, Like a river in spate, So is the nail mark on the nail."
भणियमणङ्गवईए सम्भासेमो इमं तु नियभगिणिं,किं अम्हे परियाणइ,अहवाविअ भम्भला एसा	You are innocent, my dear, But in this case I must be lying. How can I be an innocent? It is as though I had nothing to fear.
तत्तो गन्तुं दोहिवि महुरं आभासियावि सा जाहे,नवि जाणइ किञ्चि फुडं बोल्लइ य बहुअसम्बध्धं	There you go, Two bees sitting side by side, Face to face, Knowing new things about each other And talking a lot.
ताहे दोवि जणाइं सुधम्मसूरिस्स पायमूलम्मि,करुणापराहिं अज्जाहिं ताहि नीयाइं सविसायं	That's what my good wife tells me:" "I'm fine, doting mother - in - law, Compassionate wife - Now I can take care of myself."
भणिओ अज्जाहिं गुरू एसा अम्हाण जिट्ठभगिणी ओ,किं होइ नवा भयवं! जाया उम्मत्तिया कहवा?	She said," "My lord, This woman is so hard on us, What is there to be afraid of again? Tell me, is it really you?"
भणियं गुरुणा तत्तो नाणेण वियाणिऊण परमत्थं,सच्चिय सुलोयणा सा कणगरहो एस जुवराया	A brother is valuable only when there is a teacher, A friend is precious even when one is young, And a truthful husband is valuable Even when he is poor.
जोगो मइमोहकरो सीसे खित्तो इमाण सुत्ताण,एक्काए सवत्तीए ईसावसगाढकुद्धाए	If my lover is angry enough, he can suck it all in one sip.
तस्स वसेणं दोण्हवि मइसंमोहो इमाणं सञ्जाओ,रन्ना य तओ विज्जा बहवे सद्दाविआ तत्थ	There he dwells, Both buffalo and buffalo, In this very forest. While the stream is flowing He sheds forth wisdom."
न य केणवि पउणाइं कयाइं कालेण रक्खगनराण,कहवि पमायपराणं नीहरियाइं इमाइं तु	No one will ever forget how you saved me, Not just because my parents died a long time ago.
भणियं च वसुमईए भयवं! एयाण मूढचित्ताणं,जइ पेच्छह उवयारं,पडिजोगं देह चिन्तेउं	"The land is empty And the people are afraid! Such is the mind. If you look down the road You will see the bush. Instead of the land, you will think of the body.
तत्तो गुरुणा तेसिं दिन्नो उम्मायनासणपडिट्ठो,पडिजोगो,जायाइं दोण्णिवि अह सत्थचित्ताइं	So the Guru gave them to us: the feet, the limbs, if we are both of the right mind.
दट्ठूण भगिणिजुयलं सुलोयणा विम्हिया इमं भणइ,किं नाम इमं सुमिणं किंवा मइविब्भमो एस?	He looks at me and says,'Young girl, tell me," "What is your name, my darling, or my mother's name?
सा कत्थ अम्ह नयरी सा य विभूई य ते अलङ्कारा,कह धूलिघूसराइं इह म्हि सम्पावियाइन्ति?	Where is she that I am naked, Or that she is wearing jewelry? What sort of dust mites can accomplish this to me?"
दोन्निवि गहियवयाओ कत्थ व भगिणीओ मज्झ इहइं तु?,ता नूण इन्दयालं एयं अहवावि सुमिणन्ति	How are you, my brother - in - law, And how are you faring amongst your sisters? But this is the first time you have spoken to me In India."
तत्तो य वसुमईए कहियं उम्मायकारणं सव्वं,जाव य गुरुमाहप्पा नट्ठो तुम्हाण उम्माओ	Since then I can say that you have done everything for me, except that your parents never stopped praising you.
जइया य तुमं भद्दे! छụधा अन्तेउरम्मि जुवरन्ना,तइयच्चिय खयरेणं मायाइ सुमङ्गलेण अहं	"You bastard! I'm really angry. Your long hair looks like a bow, And your breasts look like jasmine's lips. In this case, I am in a state of ecstasy.
भुत्ता पभूयकालं धणवइदेवेण बोहिया तत्तो,जाया चन्दजसाए पयमूले सुयणु! पव्वइया	"Aunt, When the moon is full of stars It looks like a lotus on the face Of the God of Love! It has already fallen asleep in a sapless sleep.
एसावि अणङ्गवई धम्मं सोऊण भवभयुव्विग्गा,नियभत्तुणा समेया पव्वइया एत्थ गच्छम्मि	This is how the God of Love regards His wife, Who at one and the same time goes about her business as usual.
ता सुयणु! न सुविणमिणं सच्चं चिय जं इमं दिट्ठं,एसो सो अम्ह गुरु सुधम्मनामो महासत्तो	"You fool! Not everything I see in this world is true. This is what our master taught us: The supreme power of pure memory.
तत्तो दोवि जणाइं सुधम्मसूरिस्स परमविणएणं,वन्दन्ति हरिरिसाइं पयकमलं सयलदोसहरं	Then let me tell you that my fragrant breath Is pure, Like the lotus in a garland of emeralds Waved by the God of Love.
तत्तो संवेयकरिं गुरुणो सोऊण देसणं पवरं,पडिबुद्धाइं दोन्निवि कमेण पव्वाइयाइन्ति	Then the observer will realize that his teacher left for his native place, and both the disciples willingly submitted to his work.
मयहरियाए पासे भगिणीजुअलेण सञ्जुया तत्तो,सञ्जमगुरुविणयरया सुलोयणा कुणइ विविहतवं	My dear, The young bridegroom is so eager to please her brother That she makes out that his clothes are different from those of her lover's.
एवं चन्दजसाए पयमूले ताण अच्छमाणाणं,तिण्हम्पि हु भगिणीणं वोलीणा वासरा बहवे	And when the moon was full of twigs It was as if a good man had struck at the roots Of the tree, And the twigs were swaying As if they were brothers.
मुणिणो कणगरहस्स उ धणवाहणसाहुणो य सञ्जाओ,भो चित्तवेग! तइया अन्नोन्नं गरुयनेहॊत्ति	"Foolish girl, If you want to have a hearty laugh And make friends with your lover, You'd better pay attention! You're making a mess of yourself.
पञ्चमहव्वयजुत्ता समिईगुत्तीसु सम्ममुवउत्ता,नाणाविहतवनिरया गिण्हन्ति य सुत्तअत्थाई	The five great vows combine to produce the supreme victory. It is only by counting the coins minted that one can truly conquer.
गुरुआणाए निरया दोन्निवि पालेन्ति चरणकरणाइं,एवं पभूयकालो वोलीणो ताव दोण्हम्पि	The guru made sure that both the parents did their best, and when he spoke the parents clapped their hands.
अह अन्नया कयाइवि थोवं नियआउयं मुणेऊणं,सूरी संलिहियतणू अणसणविहिणा मओ सम्मं	"Oh! what a cruel man you are, Shying away every day As long as you don't have to kneel before me" "was her reply.
बीयम्मि देवलोगे पवरे चन्दज्जुणे विमाणम्मि,जाओ विमाणसामी देवो उ ससिप्पभो नाम	Beemmi devaloge, Pavare chandajune vimanammi, Jao vimanasamami devo, Uss saaspibho naam."
धणवाहणोवि साहू अतुट्टरागो चरित्तु सामन्नं,कालं काउं विहिणा उप्पन्नो बीयकप्पम्मि	The hunter's bow is unbroken, The farmer's field is bare, Time is fleeting, And only with seeds does one sow.
सामाणियठाणम्मि देवस्स ससिप्पहस्स सो जाओ,भासुरसरीरधारी देवो विज्जुप्पहो नाम	In common parlance, the God of Love's name is Vijjupa, who has a fragrant body."
सावि हु अणङ्गवइया अविगयरागा चरित्तु सामन्नं,विज्जुप्पहस्स जाया देवी अह चन्दरेहत्ति	Aunt, If you want to enjoy your life Undisturbed, Try going to the moon With your lover's wife.
सम्भरिय पुव्ववेरं बहूवसग्गे करित्तु अइभीमे,अग्गिकुमारसुरेणं सुम्बन्धुजीवेण पावेण	Aunt, If you ever want to make love With your lover, You'd better find a good man In order to lead a happy life.
कणगरहो सो साहू सुलोयणाए समं तु अज्जाए,निहओ तं उवसग्गं विसहन्तो सम्मभावेण	You are as tough as a cowherd in the mud, As smooth as a plowman in the field."
कालं काउं दोन्निवि उवन्नाइं तु बीयकप्पम्मि,चन्दज्जुणे विमाणे सामाणियदेवभावेण	Time has both, but you are a seedworm. In the moonlit plane There is a common god.
कणगरहो ओ विहुप्पहनामो इयरा सयम्पभा नाम,सावि तइज्जा भगिणी वसुमइया आउयखयम्मि	Be reasonable! My name is Sayampabha, I have heard so much about you from other women. But my dear sister - in - law tells me that spring will come.
पुव्वदइयस्स जाया चन्दज्जुणनामगस्स देवस्स,तत्थेव किल विमाणे देवी चन्दप्पभा नाम	When the full moon is sighted, God says:" "Chandapabha is the name of the goddess of the sky."
एवं एगविमाणे दिव्वसुहं ताण अणुहवन्ताणं,सव्वेसिं अन्नोन्नं अइगरुया आसि पीईओ	And when the sky was darkened With the pleasures of the day, Everyone was afraid of the dark Peacock."
पलिओवमाणि अट्ठ उ दिव्वसुहं तत्थ अणुहवेऊणं,देवो विज्जुप्पहो सो चइऊण इमम्मि वेयड̣धे	The God of Love has chosen this woman, Who after she had spent eight whole days there, To be his mistress."
दक्खिणसẹ̄धीइ पुरे रमणीए रयणसञ्चए पवरे,पवणगइखयरपुत्तो उप्पन्नो बउलवइयाए	The south wind stirs the whole expanse of the south, And the south wind whirls the banks of the river."
एवं चि ठिए जो धणवाहणजीवो देवो विज्जुप्पहो य दियलोए,सो य तुमं इह सुन्दर! उप्पन्नो चित्तवेगॊत्ति	And since the God of Love and the Beings of the Universe are alive and well, you're perfectly fine! You're beyond reproach."
देवीवि चन्दरेहा तत्तो आउक्खए चुया सन्ती,उप्पन्ना वेयड̣धे नयरे सिरिकुञ्जरावत्ते	Goddess, the moon is so bright that she can see clearly in the horizon, But above all, there is a fire burning in the sky
खयरस्स अमियगइणो पियाए भज्जाए चित्तमालाए,कुच्छीए सम्भूया पियधूया कणगमालत्ति	A drunkard is drunk on wine, A friar on liquor, A buffalo on a pyre, And a dog on a bitch's leash."
भो चित्तवेग! पुव्विं तुब्भं जो आसि रागसम्बन्धो,सामन्नमुवगयाणवि तस्स फलं एरिसं जायं	"Be reasonable! But if you come with anger, Going with it only bears fruit.
रुवं बलं च दित्ती रिद्धीवि य आसि थेविया तुम्ह,देवभवे तुह आउं विमज्झिमं थवेयं आसि	If you come with us, God willing, We will come with you, To the middle of the earth, With tears and strength.
एत्थवि माणुस्स-भवे अवरोप्पर-दंसणाओ आरब्भ,दुसहं विओय-दुक्खं सञ्जायं तुम्ह दोण्हम्पि	Here and now humankind - from one end to the other - is suffering an awful lot, It is beyond suffering - Both our days and nights are spent with you.
तुमएच्चिय अणुभूयं विओयदुक्खं सुदूसहं जमिह,भो चित्तवेग! किंवा कहिएणं तेण तुह पुरओ?	You live in such agony, such grief, Such anger! Or should I say," "It's your old self!" "?
काऊणवि सामन्नं सरागभावो तुमे न जं चत्तो,तस्स फलेणं एसा दूसहा तुह आवया जाया	You would not have died if you had not faced someone else.
देवभवे तुह मित्तो चन्दज्जुणनामगो य जो आसि,चइऊण सोवि तत्तो चित्तगई एत्थ सञ्जाओ	Dear God, The moon is your friend, Name the moon - whatever it is - But imagine yourself in such a situation."
वसुमइनामा अज्जा देवी चन्दप्पहा य दियलोए,सावि य पियङ्गुमञ्जरिनामा इह भद्र! उप्पन्ना	Wasumeenama ajja devi Chandappaha ya diyaloe, Savi ya pyangumanjarinama ya bhadra! Uppanna!
जं पुव्वसङ्गओ सो चित्तगई तेण तुम्ह सञ्जाओ,अन्नोन्नं गुरुनेहो सुन्दर! सइदंसणेणम्पि	The flowers you see with your eyes, decorate yourself with them. Beautify yourself, teacher! In our vision."
तेणं उवायपुव्वं घडिया सा तुज्झ कणगमालाओ,इण्हिं सकम्म्वसओ जाओ तुह तीइ सह विरहो	It was like a miracle, You're the only one who knows how to kiss her, And I can part with you forever.
भो चित्तवेग! बहुणा किंवा भणिएण एत्थ अन्नेण?,जं चेव आसि पुट्ठं तं चिय तुह ताव साहेमि	"Be reasonable! Too much! Or should I say,'Here come the others '? I agree with you, Son, inasmuch as all the rest of you have done so.
कणगरहो सो साहू अइप्पिओ आसि तुज्झ अन्नभवे,तत्तो य देवलोए विहुप्पहो नाम जो देवो	Be reasonable! The farmer will come to you With plenty of food, For there is a God hidden among the trees, Called the God of Love."
सो य अहं तुह वल्लहमित्तो अज्जवि तत्थ वसामि दिवम्मि,कारणमित्थमिमं तु पडुच्च मे अइसङ्गयओ सि तुमन्ति	I was in love with you then, and I'm staying here today, because you introduced me to your stepson."
एसो एत्थ समप्पइ चिरपरिचियवन्नणॊत्ति नामेण,सुरसुन्दरिकहाए अट्ठमओ वरपरिच्छेओ	Come, let's stop here for a while. Name me a familiar woman. Let the eighth bridegroom come, Handsome woman."
अह भणइ चित्तवेगो सुरवर! मह कहसु केण कज्जेण,तइया मणिं समप्पिय कत्थ गओ आसि तुरियगई?	"My dear, tell me, What need you of my asking me? Where did you finish the money And when did you retire?
तो भणइ सुरो सुन्दर! निसुणसु एयम्पि वज्जरिज्जन्तं,अज्ज अहं आणत्तो ससिप्पहेणं तु देवेण	So tell me, Your voice is beautiful! Stop bothering me, Mr. Vajjarijant. I have brought you today in the guise of your father - in - law's supplication.
गच्छ विहुप्पह! खिप्पं जम्बूद्वीवम्मि भरहखेत्तम्मि,नयरे कुसग्गनामे धणवाहणमुणिवरसमीवे	"Go - between! It's a long way from now. The river Jambudweepami is in full bloom. There goes the God of Love, Who in my heart is a bow - bearer of jewels!
सो पुव्ववेरिएणं दिट्ठो झाणम्मि सण्ठिओ तत्थ,तं दट्ठु कुविओ सो काही अइगरुयउवसग्गं	He looked at the flower seller's wife And then, looking at her, He saw something awry on the girl's back."
ता तस्स रक्खणट्ठा सिग्धं वच्चाहि तम्मि नयरम्मि,अहमवि इन्दाणत्तिं समाणिउं आगमिस्सामि	Then I will come to you safe and sound, As if I had never seen you before.
तत्तो तहत्ति भणिउं वेगेण समागओ अहं इहइं,तावय दइयासहिओ पलायमाणो तुमं दिटिठो	Then he said," "I am coming quickly, but your eyes are on me as I flee from you."
ओहिनाणेण मए नायं जह एस सो हि विज्जुपहो,मह मित्तो नहवाहणभयाउरो वच्चए तुरियं	He is not afraid of me because I am not his follower; rather, he is afraid of my friend and his wife.
नहवाहणोवि एसो पटिठविलग्गो इमस्स एइत्ति,ताहे करेमि किञ्चिवि उवगारं पुव्वमित्तस्स	Behold the landowner's son; behold, he is coming up from the river; I will do whatever I can to make him happy.
एवं विचिन्तिऊणं तुम्ह समीवम्मि आगओ अहयं,तइया य मणी दिव्वो समप्पिओ जीवरक्खट्ठा	And just think of you. Come on, you dimwit: This is the only way to extinguish the flames of a fire.
तत्तो य गओ तुरियं घणवाहणमुणिवरस्स पासम्मि,दिट्ठो य मए देवो उवसग्गं तस्स कुणमाणो	There you go, Turiam, Standing beside the colossal shipwreck. Look, I suppose God wants you in such a position."
भणियं च मए रे! रे! तियसाहम! कत्थ वच्चसे इण्हिं,देविदवन्दियाणं मुणीण एवं करेमाणो?	"Brother, I have to go! Hey! What are you doing here again, Fooling the gods and goddesses?
उप्पायन्तो पीडं मुणीण समसत्तुमित्तवग्गाणं,पाविट्ठ! कत्थ वच्चसि दिट्ठीमग्गम्मि मह पडिओ?	"My poor girl, When all this trouble has stopped, You fool! Where did you get that look In my eye That I fell over?
एवं च मए भणिए भवणवई सो सुरो ससम्भन्तो,नट्ठो सहसा ताव य सुक्कज्झाणे पविट्ठस्स	And I say," "He who recites the Bhavanavai swears by it, not by chance, but by the auspiciousness of its verses."
मुणिणो मोहावगमा उप्पन्नं केवलं वरं नाणं,केवलिमहिमा विहिया तओ मए परमविणएणं	A sage's penance is merely a token of blessing, But my loving - kind heart can only do so much for my supreme bliss.
सोउं दुन्दुहिसद्दं देवा मणुया य आगया बहवे,कहिओ तेसिं धम्मो केवलिणा मोक्खसुहहेऊ	If you believe that God is angry and angry with you, then burn with fire and say," "Only in your faith can you enjoy liberation."
पत्थावं लहिऊणं पुट्ठो सो केवली मए एवं,भयवं! किं अवरद्धं इमस्स देवस्स तुम्हेहिं	Put down the stone, for it is mine alone, and I am afraid! What use is it to you, my God?"
जेणेसो पावमई जीवियववरोवणम्मि उज्जुत्तो?,तो भणइ मुणी निसुणसु जह वेरं आसि अन्न भवे	"Does the sage disapprove, Since he is so forthright about living a sinful life?" "She replies," "No, of course he does not. There must be food elsewhere.
धायइसण्डविदेहे चम्पानामेण आसि वरनयरी,तीए पउमो राया जुवराया समरकेउत्ति	In the rainy season The rice seller's daughter - in - law comes out with a flourish, And her husband is at war with the jeweler
जिणवयणभावियप्पा सहोयरा दोवि नेहसञ्जुत्ता,पालेन्ति देसविरइं रज्जधुरं तह य नीईए	Both jealousy and jealousy combine to take the life of a man. Yet the king's enemies have turned his back on him
अत्थाणमुवगयाणं नाहियवाई समागओ कविलो,वज्जरइ नत्थि जीवो न य सव्वन्नू न नेव्वाणं	Poets do not gather together unless they are led by the Spirit of God; the wise do not live at all; neither do the learned.
जिणमयसत्थत्थवियाणएण जुवराइणा जिओ वाए,दिट्ठन्तहेउकारणनाणाविहजुत्तिनिवहेण	For as the wind blows, So the jeweler lives, Because he sees the cause of his wife's death."
जुवरन्नो पडिवयणं जाहे न चएइ किम्पि सो दाउं,ताहे मन्तिमहत्तमसामन्ताईहिं उवहसिओ	Young girls, If you don't want to go out with your husband, Sit at home with your wife and children.
जाओ य विलक्खो सो दढं पउट्ठो य समरकेउस्स,कह णु महायणमज्झे एएणं धरिसिओ अहयं?	"Go, or else it will be difficult for you; it may be the foot of a tree or the feet of a warrior." "How can you keep this up in the middle of a great festival?
एवं विचिन्तयन्तो अइगुरुरोसेण धमधमन्तो सो,अत्थाणमण्डवाओ नीहरिओ चिन्तए एवं	And when he thinks of his enemies, He trembles with anger; At the same time he ponders over his enemies.
न य केणइ पुव्वमहं पराइओ वाइणा इहं लोए,पावेण इमेण पुणो सभाए मज्झम्मि कह विजिओ?	No one can rob me of my virginity But these few men. But how can I help myself to this assembly of poets?
ता रयणीए भवणे इमस्स गन्तूण गहियकरवालो,छिन्दामि उत्तिमङ्गं जेण मणं निव्वुइं लहइ	"You silly girl, I've so often described how difficult it is to get away, That I find it difficult to keep my senses.
रोद्दज्झाणोवगओ एवं सो चिन्तिऊण रयणीए,गहियाउहो पविट्ठो वासहरे समरकेउस्स	The moon was bright with rain and the night was long, For behold, a summer's morning appeared in a sacred grove.
वच्चोहरभितीए पच्छन्नो अच्छए पलीणो सो,काऊण गोसकिच्चं समागओ तत्थ जुवराया	It's past three o'clock in the afternoon, But once you've had your way it's time to mix things up.
दीवयवग्गकरेहिं नरेहिं उज्झोइएण मग्गेणं,वच्चोहरगमणिच्छा अह जाया रायउत्तस्य	"I beg you, my dear, To kindle the fire in my heart Which, dear girl, Did not burn so long As it did not burn.
पुरिसेहिं तत्थ दिट्ठो वच्चोहरसण्ठिओ स दुट्ठमई,आयड्ढन्तो खग्गं गहिओ बद्धो य सहसत्ति	The eyes of a man are ever fixed on his wife's breasts, The ears of a woman's husband are ever closed, And the hair of her husband is tightly fastened.
जुवरन्ना नाओ सो नाहियवाई स एस कविलॊत्ति,नूणं वायम्मि जिओ मज्झ वहट्ठा इह पविट्ठो	Zuvernna nao so nahiyawaii, sis kavilotthi, nuññā vayammī jiyo mājjaṃ, This is the holy one."
दठ्ठूण दीणवयणं वेवन्तसरीरयं तयं कविलं,परिचत्तजीवियासं जाया करुणा कुमारस्स	A poet is one who sees the visible, the invisible, and who conceals his true nature. But as for the soul, it is the son of compassion.
भणियं कुमरेण तओ जीवन्तो ताव इण्हि मुक्को सि,मोत्तूण मज्झ देसं ठाएयव्वं तुमे पाव!	My son, you are so full of life, And yet you keep on pushing me, So that I may sacrifice my life In vain!
इय भणिओ सो नट्ठो गन्तूणं ताहि दूरदेसम्मि,भिल्लजणाइन्नाए अवट्ठिओभिल्लपल्लीए	He said," "Don't stop here; you're going to a distant country. In this damned village the villagers have already left."
अह अन्नया य पउमो पुत्तं अहिसिञ्चिऊण रज्जम्मि,जुवराइणा समेओ पव्वइओ गुरुसमीवम्मि	My son, this messenger is so busy fixing things up, That he can't even walk when he wants to.
दोन्निवि गुरुणा सहिया विहरन्ता बहुविहेसु देसेसु,सत्थेण समं चलिया रयणपुरं नाम वरनयरं	The two masters walked side by side, Visiting many different countries. At the same time Ryanpuram was named after Varnayar."
सत्थाओ कहवि भट्ठा दोन्निवि अडवीए मोहिया मुणिणो,सम्पत्ता पल्लीए पाणयअट्ठा पविट्ठा ते	"Saints, tell me that between two kilns a man is addicted to wine, And between two villages he has acquired wealth By purifying himself with water.
दिट्ठा य परियडन्ता कविलेणं कहवि पच्चभिन्नाया,कुद्धो य दढं एसो दट्ठूण मुणिं समरकेउं	A poet's vision, Whether it be by sight or by sight, Is such a difference of opinion; But as the eyes see, So are the ears.
चिन्तेइ ताहे कविलो इमेण वाएवि निज्जिओ अहयं,निव्विसओ आणत्तो तइया य इमेण पावेण	I suppose you have heard of him before," he said, "and now you think you can get him.
ता कवडेणं केणवि वइरस्सन्तं करेमि इण्हिम्पि,इय चिन्तिऊण वन्दइ ते मुणिणो परमविणएण	"Well, I suppose you could do with something else; think of this: She is swooning over in ecstasy At the mere mention of her husband.
नीया य निजे गेहे विसमीसं भत्तपाणयं दिन्नं,भणिया य विणयपुव्वं भयवं! एत्थेव भुञ्जेह	"No, I promise, I'll make you drink wine myself, but I fear I'm going to spit it out!
अद्धाणगमणखिन्ना निव्वियणे एत्थ एगदेसम्मि,भुञ्जिय वीसमिउं तो पभायकाले वएज्जाह	An egg here on the river bank, One that has not wilted, And one that has withered By the time it is ripe.
एवं भणिया तेणं सुहभावा वीसमित्तु खणमेगं,सज्झायं काऊणं पारद्धा भोयणं काऊं	And tell me, my lovely wife, How miserable it is to be angry With someone who is so forthright.
संनिहियदेवयाए मुणिअणुकम्पाए तयं विसं हरियं,भोत्तूण तओ दोन्निवि सज्झायं काउमारद्धा	When the God of Love has anointed the lotus with nectar, The flowers are green. When both are fragrant They cause delight to the cowherd
चिन्तेइ तओ कविलो हन्त विसेणं न किं मया एए,नूणं मन्तबलेणं अवहरिया होज्ज विससत्ती	Thinking that you are a poet, I suppose you are not. Or perhaps I am just talking nonsense?
ता रयणीइ अवस्सं मारेयव्वो मए इमो मुण्डो,जीवन्तम्मि इमम्मि नत्थि ममं जेण सन्तोसो	"So Rayani's remains will be killed if I bow my head. You can live your life Your mother won't be so content.
पत्ताए रयणीए सज्झायं कट्टु साहुणो सुत्ता,कविलोवि अद्धरत्ते समागओ साहुवहणट्ठा	The farmer ties up his wife's skirt, Puts it on tightly, And puts it on gently until she falls asleep."
आयड̣धिऊणं खग्गं जाव पहारं करेइ साहुस्स,रुट्ठाए देवयाए पहओ सो तेण खग्गेण	It is the God of Love who keeps watch on your behalf While you stand guard over your enemies.
रोद्दज्झाणोवगओ मरिऊण गओ बिइज्जपुढवीए,मुणिणोवि निरइयारं सामन्नं काउं बहुकालं	By the time the sun is out The farmer will have to face death First on account of his business, Then after a long time He will settle down and settle down.
कालं काउं विहिणा दोन्निवि सोहम्मनामकप्पम्मि,उप्पन्ना सुहप्पुन्ना अच्छरगणसङ्कुलविमाणे	Time is of the essence, Both the wife and the husband are welcome, But happiness lies in the abundance of one's possessions.
तत्तो य पउमजीवो सागरमेगं तु आउयं तत्थ,अणुहविऊणिह दीवे एरवए विजयनयरीए	There you are, Living Ocean of Love, And there you will rise again, Like a lamp illuminated by the rays of the sun In victory.
धणभूइनामगस्स ओ जाओ तणओ सुधम्मनामॊत्ति,काऊण य सामन्नं उप्पन्नो बीयकप्पम्मि	Aunt, There is something very strange about your husband's face That you know isn't real. Anyway, I suppose you have seen him before."
चन्दज्जुणे विमाणे ससिप्पहो नाम सो सुरो जाओ,दो चेव सागराइं सम्पुन्नं आउयं तस्स	He's had enough of the moonlight," "Cursed be the name of the pilot of the plane." "Two seas, I suppose, will meet there.
भद्द! विहुप्पह! सम्पइ विमाणसामी उ सो सुरो तुम्ह,जस्साएसेण तुमं समागओ मह समीवम्मि	You fool! Hanging over your wife! She is completely at ease with you, That's the way you conduct yourself, This is how you treat me."
सो समरकेउजीवो सागरमेगं तु अट्ठपलिएहिं,अब्भहियं अणुभविउं देवभवे अह चुओ तत्तो	Behold, summer is coming, And the clouds of the sea are closing in on you; Now, dear God, I suppose you have found a haven for the gods.
एत्थेव भरहखेत्ते कुसग्गनयरम्मि भद्दकित्तिस्स,रन्नो पियमहिलाए सुबन्धुदत्ताए कुच्छीए	Here in this field of plenty The mischievous girl next door Is crying because the good wife has kicked the butt of her suitcase."
उप्पन्नो सो देवो जाओ य कमेण दारओ तत्तो,घणवाहणॊत्ति नामं विहियं से उचियसमयम्मि	But please, God, if someone knocks at the door, Don't pull the name of the traveler out of my mind While I'm there.
वड्ढन्तो य कमेणं पत्तो अह जोव्वणं जणाणन्दं,अहिसिञ्चिय तं रज्जे जाओ समणो पिया तस्स	Youth passes never to return, Love's arrows never taste right, But when they touch you they calm you down.
सोवि बहुपुव्वलक्खे रज्जं परिवालिऊण सम्बुद्धो,नरवाहणं तु पुत्तं रज्जे ठविऊण पव्वइओ	Thou hast grasped the strings of many a weapon: thou, son of man, art able to bend them with the force of thy bow.
भद्द! विहुप्पह! सो हं विहरन्तो अज्ज इह पुरे पत्तो,अह एगराइयाए ठिओ य पडिमाए अह एत्थ	"Fool! Wretched man! So I'm off again. Today it's all over again." "Are these the feet that need to be fixed While the feet are here?
सोवि हु कविलो नरए अणुहविउं दारुणं महं दुक्खं,सागरमेगं अहियं आउं भोत्तूण उव्वट्टो	I am a poet," said the girl, "and my grief is overwhelming me; behold, the ocean is overflowing with rain clouds.
जाओ मगहाविसए आभीरो साभडॊत्ति नामेण,काऊण य बालतवं भवणवई सो सुरो जाओ	"Go, beware! In this damned world a coward is named after you; If you want to make love to a child You'd better go.
परमाहम्मियदेवो उवरुद्दो नाम सो तहिं जाओ,दट्ठूण ममं इहइं समागओ आसुरुत्तॊत्ति	The name of the Most High God has been changed to'Our Lord!'but look! When he met me I was as helpless as an elephant."
सुमरन्तो तं वइरं समागओ तेण मह वहठ्ठाए,एयं वइरनिमित्तं समासओ तुह मए सिट्ठं	Because my husband is abroad And my wife is abroad, I dedicate this evening to you.
भो चित्तवेग! तत्तो पुणरवि सो केवली मए पुट्ठो,भयवं! केत्तियमाउं कत्थं व मह होज्ज उप्पत्ती?	"Behold the excitement! Once again he leaves me alone, frightened! How many more will I have to bear? Will you help me up?
को व पिया मह होही बोहिस्सइ को जिणिन्दधम्मम्मि?,एवं च मए भणिंओ भयवं! सो भणिउंमाढत्तो	Who loves me, Who is jealous of me, And I am afraid he will tell me!" was his reply.
चिट्ठइ आउगसेसं एगवीसं वासकोडिकोडीओ,तत्तो चइऊण तुमं आउक्खए हत्थिणपुरम्मि	I will write to you in the next few days, goose pimples and sniffles.
सिरिअमरकेउरन्नो देवीकमलावईए कुच्छिम्मि,बहुउवयाइयलद्धो उववज्जिसि पुत्तभावेण	The lotus flower of Syriam is a little girl's lotus, but you can decorate it with the blessings of children who are very old.
जणणीइ समं तत्थ य अवहरिओ पुव्ववेरियसुरेण,भो चित्तवेग! खयराहिवस्स गेहम्मि वड̣धिहिसि	"The husband is as good as the wife And the wives are as fair as husbands." "But wretchedness of heart! Worse will befall you When your husband is away.
एन्तेण मह समीवे दिव्वमणी जस्स ̣धोइओ तुमए,सॊ च्चिय परमत्थपिया भविस्सइ तम्मि जम्मम्मि	The lamp is so close to me That, like you and me, it can only illuminate the surface of the earth.
पासम्मि सुप्पइट्ठस्स सूरिणो पाविऊण गिहिधम्मं,अह लद्धुं समणत्तं काहिसि संसारवोच्छेयं	The passage of time Is like sleeping in the sun: When one has attained enlightenment One can fight for one's rightful place in the world.
इय केवलिणा भणिए तहत्ति बहु मन्निऊण तव्वयणं,ति पयक्खिणिऊण पुणो 'भिवन्दिओ सो मए भयवं	Only this girl can say," "That's a lot of thinking and thinking." "When her friends ask her again, She is afraid I might break in.
तत्तो उप्पइऊणं समागओ एत्थ तुह समीवम्मि,जं तं तुमए पुट्ठं तं सव्वं साहियं एयं	There you will meet my son, Here I am with you, And with you he will help me through everything.
भो चित्तवेग! सम्पइ कायव्वं जं मए तमाइससु,तो भणइ चित्तवेगो सुरवर! निसुणेसु मह वयणं	"Be reasonable! When I do what you want me to, you always say :'Be reasonable '! Stop being touchy! That's my way of saying it.
नहवाहणेण नीया जा सा मह भारिया सुदुक्खत्ता,तयवत्थं मं दट्ठुं विलवन्ती कलुणसद्देण	My wife is happy When I go to take a bath. When I come home I see a lotus blossom.
भुयगोहवẹ̄धियस्सवि न तारिसं आसि मज्झ मणदुक्खं,जह तीए कलुणरोवणविलावसद्दं सुणन्तस्स	My heart aches because I did not hear you whispering the good news of her return."
सा कह चिट्ठइ सम्पइ न नवत्ति मज्झ साहेसु?,ओहिन्नाणेण तुमं जाणसि पच्चक्खमिव सव्वं	How can she not finish the letter, my lord?, Because by her you know everything in plain sight."
ईसिं हसिऊण तओ देवो वज्जरइ भद्द! निसुणेसु,सा तुह भज्जा नीया गङ्गावत्तम्मि रुयमाणी	God, you're making a laughingstock Of this! Stop your anger! It's the cry of a woman making love In the middle of the river Ganges."
नहवाहणेण तत्तो छụ̄धा अन्तेउरम्मि निययम्मि,गुरुसोयपीडियाए किल एवं चिन्तयन्तीए	The bathing woman is so absorbed In making arrangements for her husband's funeral, That she quivers at her teachers'pleasures And ponders her thoughts.
सो मह दइओ तावय भीसणभुयगेहिं गहियसव्वङ्गो,गुरुवेयणाए मन्ने होही पाणेण परिचत्तो	So please, my poor girl, Be careful not to fall into the trap of deluding yourself: Your parents know exactly what you are getting into.
अह कहमवि जइ जीवइ तहवि हु मह तेण नत्थिसञ्जोगो,विज्जाबलअहिएणं पावेण इमेण हरियाए	Oh, how I wish I were alive When you were with me And I was with you at your feet, When you dominated my life With your powerful intellect.
ता सम्पइ मह जुत्तं मरिउं गुरुसोयदुक्खतवियाए,सुविणेवि नेव अन्नो पुरिसो मह लग्गए अङ्गे	Then my husband will die, My teacher will suffer a similar fate, For no one will ever forgive me For what I have done.
इय मन्तिऊण तीए अइउग्गविसं तु भक्खियं सहसा,भञ्जिय लोयणजुयलं महीयले निवडिया तत्तो	That's what you mean, you stupid girl, when you think you've gotta fawn on top of your lover?
तदवत्थं तं दट्ठुं हाहासद्दो समुट्ठिओ तत्थ,तं सोउं नहवाहणखयरोवि समागओ तत्थ	Then I saw him, And behold, the crowd gathered around him As though he were the doe in a manger.
नाऊण विसवियारं मन्ते तन्ते पउञ्जई विविहे,विसनिम्महणे मणिणो आबन्धई तीए अङ्गम्मि	In my heart I can think of no more than twenty different words:" "With great difficulty she has mastered herself."
न य तीए कोवि गुणो जाओ विसघारियाए बालाए,आहूया अह बहवे विसमन्तवियाणया खयरा	No, there are no virtues in that girl Who, like a child in trouble, Goes astray And is consumed by desire.
सव्वायरलग्गेहिवि तेहिवि पउणा न सक्किया काउं,ताहे मयत्ति काउं मयकिच्चं तीए काऊण	In all my adventures I have not yet found a lover, For who would steal my love?
नीया पेयवणम्मी नहवाहणपरियणेण सा बाला,चीयाए पक्खिविउं तत्तो उद्दीविओ जलणो	Young girl, If you ask me what makes a woman drink, It's the fire in the fire That burns when it's ripe.
एत्तियमेत्तं साहइ सो देवो जाव चित्तवेगस्स,धणदेव! ताव निसुणसु जं संवित्तं तहिं तइया	"That's all I need to know! He's a god of passion, a God of wealth! So keep at it, friends, for when the time comes You'll find out.
सोउं दइयामरणं दूसहगुरुदुक्खदलियसव्वङ्गो,वज्जासणिभिन्नो इव उग्गभुयङ्गेण गसिउव्व	With great difficulty He released himself from my arms As if untangling a painful twig, But in vain did he go away With such an outburst of anger
गहिउव्व रक्खसेणं पहओ इव मोग्गरेण गरुएण,नीससिय दीहदीहं गुरुसोयाउरिओ खयरो	Guard yourselves against this cruel man. For if you refuse to obey his commands You will surely suffer the consequences of your actions.
मुच्छानिमीलियच्छो धसत्ति धरणीयलम्मि सो पडिओ,निन्नट्ठसयलचेट्ठो सञ्जाओ विगयजीउव्व	Because she clung to the grass that grew on the riverbank She collapsed in her sleep," "Life goes on as usual."
दठ्ठूण चित्तवेगं तदवत्थं ताहे तेण देवेण,सीयलजलमाणेत्ता सित्तो सो सव्वअङ्गेसु	See, the Lord is with you wherever you go, as in a flood of cool water."
विहिओ य मए पवणो सुकोमलो निययउत्तरीएण,तत्तो खणन्तराओ लद्धूणवि चेयणं कहवि	"Viho ya mere Pavana sukomalo niyatutare, Then tell me what you did when you tried to escape from there" "is how he puts it.
पुणरुत्तं मुच्छिज्जइ अइगुरुअणुरायमोहिओ खयरो,अइवल्लहमहिलाए मरणं सरिऊण दुक्खत्तो	It is the grief of dying for a poor woman That makes her wretched face look even more pitiful.
कहकहवि समासत्थो विहिओ गुरुसोयपीडिओ तहवि,थूलंसुए मुयन्तो अहोमुहो चिट्ठई जाव	While talking, One sits with one's teacher, And while making love, One mutters nonsense:" "Let me write this letter."
ताव य सुरेण भणिओ महिलामेत्तस्य कारणे कीस,आयसिज्जइ अप्पा एवंविहसोयकरणेणं?	Then why do you say, Suren, because of your love for women: It has to do with your father and your ability to get married?
विबुहजणनिन्दणिज्जं असमञ्जसचेट्ठियं पमोत्तूण,वत्थुसरूवं सुन्दर! भावेयव्वं पयत्तेण	"Stupid woman, The answer is yes, It's as beautiful as a bamboo shoot!" "With a tame peacock's tail feather behind it.
संसारम्मि अणन्ते परिब्भमन्ताण हॊन्ति जीवाण,संयोगविप्पओगा इट्ठाणिट्ठेहिं सयहुत्तं	The cycle of rebirth is endless, Life goes on in all directions, For by chance you will meet here more than once.
नहु हरिसो सञ्जोगे नेवं विसाओवि इट्ठविरहम्मि,कायव्वो बुद्धिमया संसाररूवयं नाउं	Not everyone will agree, Not even the wise will agree to differ from one another. So do we not need the advice of the elders of the world.
किञ्च पुव्वभवे जो तुमए अणुरागो नेव उज्झिओ तइया,समणत्तणेवि पत्ते तस्य पभावाउ सग्गेवि	Some flower you dislike Has not yet been kindred spirit, But the leaves that harmonize With it Will produce its fragrance.
रिद्धिबलतेयहीणो आसि तुमं तह य एत्थ जम्मम्मि,एवं विओयदुक्खं पत्तं तक्कम्मदोसेण	You have come all the way here because you have no strength left, and the only medicine for this affliction is a decoction.
तहवि हु अज्जवि रागं तीए उवरिं न मुञ्चसे कीस?,एवंविहदुक्खाणं एसॊ च्चिय कारणं परमं	Then why aren't you angry with her again? It's the ultimate cause of suffering."
अह भणइ चित्तवेगो सुरवर! मह फुरइ दाहिणं नयणं,पहसियमुहो य दीससि तुमन्ति ता कहसु परमर्त्थ	"Oh, you clever man! Don't look at me from the right. Please, my dear, tell me what it is you see On my face That leads to my ultimate goal.
किं जीवइ सा बाला सच्चं चिय अहव सा मया वरई?,जइ ताव तुमं मित्तो आसि महं अन्नजम्मम्मि	Is the girl alive, or is she really mine?, But if you are my friend, I have to eat food."
दंसिज्जउ सा सिग्घं अह नवि ता मज्झ जीवियं नत्थि,लज्जामि बहु भणन्तो एसो चिय निच्छओ मज्झ	I am ashamed to say much, For my life does not consist in loving others as well as myself.
ईसिं हसिऊण तओ देवो वज्जरइ भद्द! जइ एवं,ता पिट्ठओ निरूवसु जेण तयं पेच्छसे दइयं	If you laugh at this, God forbid! Get away with you! For when he does, You turn your back on him As if you really cared."
एवं सुरेण भणिओ वलियग्गीवं निरूवई जाव,ताव य विहूसियङ्गी पेच्छइ नियभारियं सहसा	And Suren said," "Be careful not to cut the long hair. When this woman looks at her lover She instantly remembers what she has done."
तं दट्ठु चित्तवेगो ससङ्किओ नियमणम्मि वज्जरइ,सुरवर! साहसु सच्चं हासं मोत्तूण मह इण्हिं	Look at that man! He moves so slowly And soberly, That he does not muddle the rules. Be brave! The mere mention of his name Will make you laugh."
किंवा सच्चिय एसा नहवाहणअवहिया महं दइया,मह आसासणहेउं सुरमाया अह तुमे विहिया?	Or is it really the case that the young wife gives it to me, hoping that my feelings for her will be restored?"
जइ ताव विसं भक्खिय मह विरहे सा मया सुदुक्खत्ता,ता कह इह जीवन्ती सम्पत्ता अक्खयसरीरी?	If that woman, who begged to be parted from me, is so happy with me, how can she possibly possess the wealth of this lifetime?
तत्तो य भणइ देवो सच्चिय एसा,न होइ सुरमाया,अवहरिय सा मए इहाणिया तहय निसुणेसु	Then tell me, God, it's true; there is no other sunshine but this one."
केवलिमहिमं काउं आगच्छन्तेण तुह समीवम्मि,ओहिन्नाणेण मए दिट्ठा तुह भारिया एसा	I have come to you because I want to meet you in person, but this is how my wife sees me.
कयमरणज्झवसाणा तत्तो य मए विचिन्तियं एयं,गहिऊण इमं पच्छा गच्छिस्सं मित्तपासम्मि	When I think of death, I wonder if I can ever escape it."
इय चिन्तिय पत्तो हं गङ्गावत्तम्मि तम्मि नयरम्मि,विसवेयविहुरियङ्गी दिट्ठा य मए इमा तत्थ	It is the thought of the lake That makes me think of the river Ganges, And the sight of it that makes me gaze upon it with longing.
हन्तूण मन्तसत्तिं सव्वेसिं थम्भियं मए उ विसं,तत्तो मयत्ति कलिउं मयकिच्चं तीए काऊणं	With all my heart and mind, I can think of one thing. So tell me, dear girl, Why did you do that?
नीया पेयवणम्मी नहवाहणपरियणेण सा बाला,चीयाए पक्खिविउं जाहे उज्जालिओ जलणो	Aunt, A child who is bathed in the nectar of water Will soon be ripe for the fire that burns bright.
ताहे अवहरिय विसं धेत्तूण इमं समागओ इहइ,तुज्झ समीवे ताव य एस विगप्पो महं जाओ	Come with me, you silly bastard. If you want to be with me again, I'll go with you.
सोउं इमीइ मरणं किं मन्ने एस कुणइ मह मित्तो,किं दढरागो अज्जवि अहवावि हु पयणुरागॊत्ति	So what does death mean to me, my friend? For how long can I suffer It must be because I am constantly on the move.
इय चिन्तिऊण एसा अद्दिस्सा सुयणु! तुह मए विहिया,नाऊण निच्छयं ते इण्हिं पुण पयडिया भद्द!	"Think about it, That damned girl! You're the only one who cares. Once you've had your way You can still make a mess of it.
ता मा कुण आसङ्कं सच्चिय एसा उ कणगमालत्ति,इय भणिए सो खयरो पहसियवयणो दढं जाओ	So what do you expect, honestly? It's like a bunch of peacock feathers. Tell me, is this the way to behave?
अह पणमिय तं देवं कयञ्जली भणइ चित्तवेगो सो,अइनेहो दक्खिन्नं अहो णु ते मित्तवच्छल्लं	Oh! my lord, That god speaks kindly of you. So, my dear, It's only a friend of mine Who is suffering."
परउवयाररया इह महानुभावा भवन्ति पयईए,अणुवकयावि परेणं वट्टन्ति सयावि उवयारे	On other occasions they make great impressions, On others they cause embarrassment, And on others they bring embarrassment."
तुमए दिन्नं जीयं मणसन्तावो तुमे य निव्वविओ,अणहसरीसा एसा तुमए मज्झ उवणीया	You gave me such a heart That I can live without you.
आउलमणस्स पुव्विं तुमए जं किञ्चि मज्झ उवइट्ठं,सव्वं भरियघडस्सव तं मह पासेण बोलीणं	Whatever you ask me, my dear, I will answer with a word to you in due course.
तुज्झ पभावा सुरवर! जाओ हं सत्थमाणसो इण्हिं,कायव्वं जं किञ्चिवि सम्पइ आइससु तं सव्वं	"You are safe, my dear! I will be honest with you, but whatever you do, you must complete yourself.
भणियं देवेण तओ हवइ हु देवाण दंसणममोहं,तो भणसु भद्द! किञ्चिंवि जेण तयं तुह पयच्छामि	If you want to say,'I've had my way with God before,'Say,'That's nasty! Somebody needs to know that I fear you."
तो भणइ चित्तवेगो जइ एवं देसु मज्झ तं किञ्चि,नहवाहणखयरो जह न सक्कए मं पराभविउं	Tell me, then, That my temperament has changed And I must give you something to drink, So that when I am drunk I may not feel so well.
भणियं देवेण तओ महिलासहियस्स पहरिओ जं सो,विज्जाहरकयमेरं विंलधिउं दप्पवामụ̄धो	Because he loves women The more he protects her, The thinner her waist, The thicker her thighs," "he said.
तेणेव कारणेणं विज्जाच्छेओ इमस्स सञ्जाओ,ता सम्पइ असमत्थो भद्द! तुमं सो पराभविंउ	"That's why you're talking about my brother - in - law, and he's completely incompetent! You guys have to lose this.
किल पुव्ववेरिएणं अवहरिओ जायगरुयरोसेण,तो चित्तवेग! खयराहिवस्स गेहम्मि वड̣धिहिसि	Because the flowers are so fragrant, The roads are slippery, And the streets are deserted!"
इय तइया केवलिणा भाविभवं मज्झ साहयन्तेण,आइट्ठं ता तुमए होयव्वं खयरनाहेण	Here's a prospect for you only, To help me out, But don't be alarmed if you happen to be there.
वेयड्ढदक्खिणाए सẹ̄धीए सयलखयरनाहाणं,सामिं करेमि सम्पइ तुमन्ति,किं एत्थ अन्नेण?	With great difficulty He released himself from my arms," "I can do anything with you now." "Is that to be the end of it?
मज्झ पभावाओ तुह सव्वाओ चेव खयरविज्जाओ,होहिन्ति पạधियसिद्धा अहियाओ अन्नखयरेहिं	My lord, All your works are in vain, But here they are, Straightforward as a dish of rice.
परविज्जाणं छेयं मन्ताण ओसहीण अहलत्तं,काहिसि इच्छाए तुमं खयराणं वयणमत्तेणं	Traveler, all you have to do is think about it, because sometimes you just have to look around to see what's really going on.
अइदप्पियावि खयरा आणानिद्देसकारिणो सव्वे,होहिन्ति विणयपणया मज्झ पभावाओ तुह भद्द!	"Everyone, Worse is to come!" "Are you ashamed of yourself, You shameless man, And of your having treated me with such disrespect?
ता इण्हिं गन्तूणं वेयड̣धे सिद्धकूडसिहरम्मि,सासयजिणपडिमाणं महिमं अट्ठाहिअं काउं	Then let me go, for from now on I will never forget how my parents treated me, For they gave me the glory of God
अब्भत्थिय धरणिन्द सव्वाओ तुज्झ खयरविज्झाओ,दाउण जहाविहिणा गच्छिस्सं ताहि सट्ठाणं	Dear shipowner, Allay your fears, For now I am going wherever the ship is headed."
एवं सुरेण भणिओ पयजुयलं पणमिऊण से खयरो,सुरवर! महापसाओ एवं होउत्ति वज्जरइ	And Suren said," "Be afraid of the poisonous nectar, lover! It's loud and thunderous!"
बहुमाणजुयं तत्तो आभासित्ता ममं तु सो खयरो,धणदेव! मह समप्पिय मणिमेयं गुरुपमोएण	"Many young men have seen you before; but you despised me, my lord. I had to forgive many of my faults.
देवेण तेण सहिओ सह महिलाए नहम्मि उप्पइओ,अहयम्पि तओ तत्तो समागओ निययठाणम्मि	God forbid that my wife and I should ever set foot on the river bank again. So I went to meet her there."
ता भो धणदेव! मए एएण कमेण पाविओ एस,बहुपुन्नपावणिज्जो मणी मणाणन्दसञ्जणणो	So what a cruel god! For what use is a poor man to me, Such a man, Who possesses so many virtues, As the arrow that pierces one's head?
दियलोयसमुप्पन्नो पवरो एसो मणी महाभाग!,निस्सेसदोससमणो विसेसओ विससमूहस्स	Kindness, kindness, and power - this is the greatness of money!, Like an innocent person's faults, This is a diverse group."
ता धणदेव! महायस! गेण्हसु एयं तुमं मणिं दिव्वं,सयलगुणेगनिहाणं मह अणुरोहेण,किं बहुणा	"That's the God of Love! Great is He! This is how you decorate your body. Do you worship Me with true virtues? What a multitude!
एयं निसम्म वयणं कुसलो भणिईसु भणइ धणदेवो,भो रायसुय! जमेयं तुमए सह दंसणं मज्झ	"What nonsense is this?" "He mutters," "My lord, my lord! It's time for me to join you.
जं च इमं अच्चतं वयणं सब्भावगब्भिणं भद्द!,तं चेव मज्झ मणिसयसहस्सलक्खाण अब्भहियं	Whatever reason I have for thinking that you are so touchy! Let me explain it to you in a minute."
अह भणइ सुप्पइट्ठो निसम्म धणदेवभासियं वयणं,अत्थि य एयं धणदेव! किन्तु अहयम्पि एयम्मि	"I suppose you have heard that the God of Love lives only on earth, and that he is a god of Love! But here I am.
गहिए दिव्वमणिम्मी तुमए मन्ने कयत्थमप्पाणं,ता भो मह धिइहेउं किज्जउ मणिगहणमवियप्पं	Hey, you dimwit, You're the only one who does this, So why are you bothering me With this damned thing? It has to be a lotus.
नाउं अइनिबन्धं गहिओ विणिएण सो मणी पवरो,अह भणइ सुप्पइट्ठो पुणरवि धणदेवमासज्ज	No, he has tied me up," said the doe, "and now he wants to sleep On my husband's lap.
गन्तूण कुसग्गपुरे नियत्तमाणेण नियपुराभिमुहं,आगन्तव्वं इहइं अम्हाण अणुग्गहट्ठाए	Destination Kusagapura, as always, faces the full moon. But as for the visitor, he has to kneel before us
भणियं धणदेवेणं होउ अविग्धेण ताव समओ सो,जं एसो चिय मग्गो नियत्तमाणाणमम्हाण	Friend, be careful not to fall into the trap of ignorance; for this is the path that leads to purity.
एवं कयसम्भासो रयणिं गमिऊण तस्स गेहम्मि,पत्ते पभायसमए संवụ̄धे सयलसत्थम्मि	And when the rains come, It's only because the rivers are swollen, And the river is in spate."
तव्वेलसमुचियं सो कायव्वं काउं निग्गओ तत्तो,नियपरियणसहिएणं पल्लीवइणा 'णुगम्मन्तो	A flock of parrots will do what you ask them to do So long as they do not stray from the village streets
कहकहवि नियत्तेउं ससोयवयणं तु पल्लीनांहं तं,सत्थेण समं चलिओ धणदेवो वेसरारụ̄धो	"Say,'You have made a destiny, And you have led the people of the village in good faith.'But at the same time, the God of Love, disguised himself, Has led them astray.
कालेण य सम्पत्तो कुसग्गनयरम्मि वणियसञ्जुत्तो,घेत्तुं महग्धमुल्लं दरिसणयं नरवइसमीवे	For when the land is barren, Wherever you look, There is plenty of grass on the river bank. Whenever you look down the road it seems like a river of nectar
सम्पत्तो नरवाहणरन्ना बहु मन्निओ तओ तेण,सुङ्कवइ सयलभण्डं पञ्चउलं सक्खिणं काउं	Wealth makes a man very wealthy, so why waste it on dry flowers? Five shoots are the best medicine."
सागरसेट्ठिस्स तओ भवणेसु भाडएण गहिएसु,उत्तारियं तु भण्डं सव्वम्पि निउत्तपुरिसेहिं	You go out to sea, You rent an apartment, And in the north You hoard everything You buy With the help of new men.
उत्तरइ य पइदियहं भण्डं तह घेप्पए य पडिभण्डं,एवं च कइवि मासा वोलीणा तत्थ नयरम्मि	The answer is," "I was tricked into thinking that he was lying, And that he lied about it for a month."
सागरसेट्ठिसुएणं सिरिदत्तेण समं तु एयस्स,सञ्जाया गुरुपीई सम्बवहारं करेन्तस्स	You are at par with Siridatne, Who fell asleep by the sea, And you behave as if you were one of Sanjaya's teachers."
अह अन्नया य नीओ निययगिहे भोयणस्स कज्जेण,महया उवरोहेणं सिरिदत्तेणं तु धणदेवो	Oh! my dear, It is due to your own doing that my fate has been sealed; Lord, please, do me the favor of bowing before me.
तत्थ य गएण दिट्ठा सिरिकन्ता पवररूवसम्पन्ना,भगिणी सिरिदत्तस्स उ कन्ना नवजोव्वणारम्भा	When he left, She could not look at him, She had no hope of ever seeing him again. Brother - in - law answered," "He has already begun his youth."
सा तालियण्टहत्था वीएन्ती भोयणं करेन्तेण,सच्चविया पच्चङ्गं अब्भुववन्नो तओ एसो	She has talents, And an abundance of fear: Only when one's eyes are opened Is this the case with women of true character.
तीएव ससिणेहं अवङ्गदिट्ठीए पुलइओ एसो,अह चिन्तइ धणदेवो तीए रूवेण अक्खित्तो	There she is, Stretching out her arms So that the hunter can see her. I suppose the God of Love has an eye for her silver."
जइ ताव इमा कन्ना,देन्ति य जइ मे विमग्गिया एए,ता होज्ज मह कयत्थो दइयाए इमाए मणुयभवो	If he refuses, If I refuse, He will force me somewhere And I will have to pay.
कह होज्ज मज्झ एसा मग्गामि सयम्पि अहव अन्नेण,जइ दाहिन्ति न मज्झं विमग्गिया,होज्ज लहुयत्तं	Tell me, Is this my way of looking at you, or at others? But if my right eye does not pierce my other eye, It is bound to fall.
अहवा समाणजाई धणवन्तो वसणवज्जिओ तह य,एसावि जोव्वणत्था तम्हा दाहिन्ति मह एए	Ahava samanjai, the days of your youth are long, for I stand at your right hand.
एवं विचिन्तयन्तो काऊणं भोयणं तु धणदेवो,सिरिदत्तेण विइन्ने तम्बोलविलेवणाइम्मि	And when you think how stupid you are, you brandish your weapon.
गेहाओ नीहरिओ गन्तूणं निययवासठाणम्मि,सिरिकन्ताहयहियओ पासुत्तो पवरसयणीए	Clouds cover the night sky, Destroyers settle on the spot where they used to rest, And clouds hover over the horizon.
एत्तो य मयणवसगा सिरिकन्ता रणरणेण अभिभूया,गन्तूण गिहुज्जाणे पासुत्ता कयलिगेहम्मि	Here is my husband, Stretching his arms round me, Fearing the rustle of the rainy season He will come home in a jiffy.
तत्थयवक्खित्तमणा कसिणभुयङ्गेण बाहुमूलम्मि,दट्ठा द्ठ्ठूण अहिं अईवभयवेविरसरीरा	Aunt, When you cross my arms you will see the horrors you have to endure
आगम्म माउमूले रुयमाणी भणइ वेयणपरट्ठा,अम्मो! खद्धा खद्धा अहयं गुरुकसिणसप्पेण	"Come, mother - in - law, The weeping woman speaks plainly, Ammo! I must finish my homily Before my teacher sits down to read it.
पेलवसत्तत्तणओ उक्कडयाए य विसवियारस्स,वेयणाए पभूयत्ता सभयत्ता इत्थिभावस्स	If you are thin, you will get nauseous, if you are distressed, You will get impotent, And if you behave yourself, you'll get sick.
मीलियलोयलजुयलं नीसाहारा धसत्ति धरणीए,विहलन्धला निवडिया जणणीए पेच्छमाणीए	Young women with myriad afflictions, Covered with gooseflesh, Stare at their husbands as they make love
तं दट्ठुं सिरिमइणा सागरसेट्ठी तहेव सिरिदत्तो,तह सयलपरियणो सो सहसति समाउलीभूओ	When he saw her, He was moved beyond measure, Like a shipwreck on the high seas. So she clung to his bow While he slept."
ताहे बहुगारुडिया हक्कारिज्जन्ति मन्ततन्तविऊ,कीरन्ति मन्तजावा तह वट्टिज्जन्ती मूलीओ	There are the proud, The confident, The passionate, The proud, And those who cultivate virtues.
धारेन्ति धारणाओ केवि हु कन्नम्मि दिन्ति से जावं,कलुणं विलवइ जणणी सन्धीरइ से पिया एवं	How can I go on in this damned world If my senses allow me to go on for days, If my penis is so weak It's as if I'm drinking in the dark?
सुन्दरि! मा कुण सोयं एयं नेमित्तियं तयं वयणं,सम्पइ पयडीहोही दइए! जामाउओ तुज्झ	"Lovely girl! No need to sleep on your own As long as you can walk properly! It's up to you to decide.
अविसंवाई जं सो सुमई नेमित्तिओ तहा सुयणु!,कमलावईए सव्वं निव्वडियं तेण आइट्ठं	If he refuses to sleep, It's only because he wants to sleep!" "Everything goes smoothly for her in Kamala"
एवं च वट्टमाणे जाहे न चइन्ति तत्थ गारुडिया,सव्वायरलग्गावि हु विसवियणं से नियत्तेउं	And when you have no choice in the matter at hand, you fool, For with every viral song I am doomed to disappointment.
तत्तो तीए विसन्नो सव्वोवि हु परियणो पिया भाया,चिन्तेन्ति य किं होही अलियं नेमित्तियाइट्ठं?	By the way, all those who saw her now seem to be more thirsty than ever, wonder if this man really knows the truth?
पुणरवि य तम्मि नयरे डिण्डिमसद्देण सव्वगारुडिया,वाहरिया न य केणवि उट्ठविया सप्पदट्ठा सा	Once her husband is back she will take care of everything else, not raising her arms or raising anyone else.
एत्थन्तरम्मि केणवि पओयणेणं समागओ तत्थ,धणदेवो अह पेच्छइ समाउलं परियणं सव्वं	If I have to travel anywhere in the world, I will travel everywhere.
अह दट्ठुं सिरिदत्तं पुच्छइ किं मित्त! आउला तुब्भे?,दीसह विद्दाणमुहा,अह सिरिदत्तो इमं भणइ	"Have you seen him?" "He looked at you," "What do you mean he's asking you a question? It's your wife! You're asking him a question.
सिरिकन्ता मह भगिणी कन्ना सप्पेण अज्ज दट्ठत्ति,न उ जीवावइ कोवि हु तेणम्हे आउला मित्त!	Sirikanta, I could not help but look at my sister Kanna Sapne today, for she is bound to die any time soon, my friend!
नेमित्तिएण पुव्वं आइट्ठं आसि सप्पडसियं जो,उज्जीविस्सइ एयं होही एयाए सो भत्ता	Normally the whole world comes together to support us. But to revive it is one heck of an allowance.
एयं च तस्स वयणं अलियप्पायं तु सम्पइं जायं,जं सा अहिणा डक्का न य कोवि हु तं समुट्ठवइ	Now is the time to make peace with yourself, Alaiappayum, If you do not rob me of my treasure Or gather together as many slaves as you can.
धणदेव! तओ अम्हं सम्पइ तुट्टा ओ जीवियव्वासा,अइवल्लहभगिणीए तेणम्ह सोगाउला धणियं	"My god! So what have we got to lose Or are we going to live forever? It's the poor widow who has to bear the brunt of his anger.
इय सोउं धणदेवो सहरिसचित्तो समुल्लवइ एवं,मा कुण सोयं सुन्दर! न होइ अलियं तयं वयणं	"Here lies the beauty of our city: The gods are perfectly happy with it, So why not make it beautiful again? You'd better stop being so.
दे! पिच्छामो ताव य तुह भगिणिं,तेण एवमुल्लविए,नीओ तीए समीवे धणदेवो भणइ नियपुरिसं	"Dei! I am slipping away But your sisters. In this situation, my dear, You have to kneel beside me To explain to me what kind of man I am.
तं सुपइट्ठदिन्नं आणेसु मणिन्ति ताहे सो पुरिसो,घित्तुं लहु दिव्वमणिं समागओ तस्स पासम्मि	Bring him a good night's sleep; if he wants to take it, keep it to yourself; if you want to spend the day with him, take it.
विमलसलिलेण सित्तो दिव्वमणी ताहे तेण नीरेण,अब्भोक्खिया सलीलं समुट्ठिआ सुहपसुत्तव्व	A lamp burns in a flame of nectar, A lamp stands in midday, And a good man sits with his wife on the lotus.
तीए तं देहगयं सप्पविसं मणिजलेण संसित्तं,सुक्कज्झाणाभिहयं नट्ठं कम्मंव मोहणियं	She sang of her body, Of her precious jewels, Of the pleasures of love, Of affectionate acts.
तं दट्ठुं सिरिदत्तो सागरसिट्ठी य हरिसिया दोवि,पिसुणन्ति तुज्झ एसा दिन्ना धणदेव! सिरिकन्ता	You see, Siridato, the sea - white or harrisia - both pierce you. That's the way the God of Love gives it! Sirikanta."
तत्तो सोहणलग्गे परिणीया उच्छवेण महया उ,तीए सो अणुरत्तो विसयसुहं भुञ्जए तत्थ	When the great sage awoke from his sleep, Exhausted with ecstasy, He was already so full of desire."
जा तत्थ कइवि मासे चिट्ठइ सो तीए जोव्वणासत्तो,ताव य सव्वं भण्डं विक्कीयं तस्स पुरिसेहिं	If anyone writes to me during that month, it is because of his youth; otherwise, I would have written to him in vain.
पडिभण्डं पिहु गहियं संवụ̄धा सयलसत्थिया ताहे,धणदेवो आपुच्छइ गमणत्थं ससुरवग्गं तं	If the landowner's daughter is sitting idle After her husband's death, The God of Love will reward her for her faithfulness."
अह भूरिदविणजुत्ता दासीदासाइपरियणसमग्गा,सिरिकन्ता नियपिउणा पट्ठविया भत्तुणा समयं	Oh! what a waste of time It is to manage one's business as a maidservant, As if it were his own.
पुव्वुद्दिट्ठकमेणं धणदेवो गरुयसत्थपरियरिओ,चलिओ नियनयरम्मि कुसग्गनयराउ सुहदिवसे	Believe me, my dear, When everything seems to be going smoothly The poor girl's husband returns, Having spent the night elsewhere.
अह कमसो सम्पत्तो सीहगुहासन्नभूपएसम्मि,आवासियम्मि सत्थे धणदेवो चिन्तए एवं	Ah! but a little wealth is like a well of reeds; on the housetop the rich think only of themselves.
तइया पल्लीवइणा भणिओ उ अहं अवस्समेन्तेण,आगन्तव्वं तुमए मह धिइहेउन्ति ता इण्हिं	You dimwit," said the village headman, "I was taken aback when you paid me a visit and showed me your face.
आसन्ना सा वट्टइ पल्ली ता सिग्घमेव गच्छामि,दठ्ठूण सुप्पइट्ठं पुणरवि इहमागमिस्सामि	Asanna is a waste of time, I visit the village only once, But when I see her I go back to sleep
इय चिन्तिऊण कइवयपुरिसजुओ वेसरीए आरụ̄धो,सम्पत्तो अह पेच्छइ सीहगुहं सव्वओ दड्ढं	Thinking how many young men there are who are prostituting themselves for each other, I see that the whole heap of my wealth is burning.
जालालुङ्खियनिवडियगोमहिसकरङ्ककलियपेरन्तं,पेरन्तसत्थविणिहयहयरुहिरपवाहदुग्गन्धं	The twigs of the mango tree, Like the petals of a mango, Reach to the tip of the bud Like a river in spate.
दुग्गन्धधरणिनिवडियभडमंसवसापसत्तबहुसुणहं,सुणहभयंमुक्कमाणुसकरङ्कसिवमुक्कफेक्कारं	I can hear the thunder, The crashing of the drum, The shrill creak Of trumpetflowers, And the crash of trumpets
फेक्कारसवणसन्तट्ठभीरुउड्डीणगिद्धसिसुनिवहं,सिसुनिवहहत्थसन्दड्ढभिल्लजुवईहिं दुप्पिच्छं	I will never forget how at first she shook her head When I tried to kiss her lips And her tresses flew in all directions.
दुप्पिच्छजलणजालापलुट्ठभिल्लोहभवणबीभच्छं,बीभच्छजलणकवलियमयमाणुससयसमाइन्नं	A cloud covered with rain clouds Looks like a poor man making love In the middle of a waterfall
तं दट्ठुं धणदेवो एवं वज्जरइ हा! किमेयन्ति,अइविसमावि हु पल्ली केण इमा हन्दि! दड्ढत्ति?	See how he deals with it! How easy it is, my poor girl! Who in the village would give her a handshake like that?"
एत्थन्तरम्मि केणवि करङ्कमज्झट्ठिएण वज्जरियं,धणदेव! एही एत्तो अहयं सो देवसम्मॊत्ति	Now is the time For someone to pierce through the nail mark on the head of the hunter's wife, The God of Love!"
पलिच्छिन्नचलणजुयलो गुरुपहरणघायजज्जरियदेहो,गाढं तिसाभिभूओ अज्जवि चिट्ठामि जीवन्तो	The burning bush of jasmine, The wounds inflicted by the lightning bolt, Are the ruin of my life, As if I were still alive
तं सोउं धणदेवो पुरिसं पट्ठविय पाणियनिमित्तं,अइगुरुविसायजुत्तो पत्तो अह तस्य पासम्मि	To him, Lord of arms, To the man who walks on the path Towards water, A path that leads to wisdom, Is next to him."
भणियं धणदेवेणं साहसु भो! केण विलसियं एयं,सो कत्थ सुप्पइट्ठो अह सो सणियं समुल्लवइ	My lord, Have you no courage! Somebody is valuable, Where could he sleep If he had all the time in the world?"
एत्तो तइयम्मि दिणे सिद्धपुराओ समागओ पुरिसो,एगन्तम्मि य सिट्ठं तेण इमं पल्लिनाहस्स	It is the day when the virtuous gather together and purify themselves, For when they sit down together it is the last day of their lives.
कुमर! अहं पट्ठविओ तुहपिउवरमन्तिसुमइनामेण,भणियं च तेण,एयं साहेज्जसु सुप्पइट्ठस्स	"Young man! I suppose I should follow you On your return Traveler, But my brother - in - law tells me that this is a dream come true.
सुग्गीवस्सिह रन्नो अतिसुरयपसङ्गदोसओ जाओ,खयवाही तेण इमो चेट्ठइ खणजीवियव्वॊत्ति	If you want to be happy, Cry a lot, Cry hard, And have fun with yourself, Play hard.
एसोवि सुरहकुमरो सन्तावइ सयलपयइवग्गं तु,दुस्सीलो उल्लुण्ठो असब्भभासी अकज्जरओ	Such a man is a happy boy, Such a gentleman is easy to get along with, And so is a weak man: His speech is slurred And his speech uncertain.
तह एयस्स विरत्ता सामन्तमहन्तमाइया सव्वे,रज्जसिरीए अजोगो,तं चेव य कुमर! जोगो सि	Then come, all you feudal lords, Your days are fleeting And you will soon be a poor man! Get well soon!
तुज्झ पुण वहट्ठाए कणगवईए पभूयविक्खेवो,पट्ठविओ ता तुमए रक्खेयव्वं नियसरीरं	Thou art a warrior, Thou preserves the earth, And keeps it safe.
एवं च जाव साहइ सो पुरिसो भद्द! पल्लिनाहस्स,ताव य सो विक्खेवो पभूयरहतुरयपाइक्को	And come on, you stupid man! You stupid girl, You stupid bitch! You're the only one who knows how to bend a bangle."
सहसच्चिय सम्पत्तो समन्तओ वẹ̄धिया इमा पल्ली,अह भिल्लनिवहसहिओ नीहरिओ सुप्पइट्ठोवि	Friend, Wealth is everything, Mother, this is your village, And with your husband in the village You can sleep well."
बहुजणसंहारकरं लग्गं आओहणं महाघोरं,निहया बहवो भिल्ला विजिया अम्हे परबलेणं	It is very dangerous for many people to come here, but if we do we will have to wait a hundred years.
गहिऊण तओ सारं सव्वं डहिऊण सीहगुहमेयं,काउं हयविप्पहयं विणिग्गयं परबलं तत्तो	Destroy everything in this cave of seals, For there is something hidden beneath the earth's surface That cannot be destroyed.
अहयम्पि हु जुज्झन्तो एयमवत्थन्तरं इहं पत्तो,धणदेव! नेव जाणे किं जायं सुप्पइट्ठस्स	"I have fought a war, and now after a war I have won a medal! You clever god, don't you know what kind of sleep I get?
पञ्चनमोकारो अह दिन्नो सम्मत्तवयसमेओ से,तेणवि य भावसारं पुणरुत्तं भणिउमाढत्तो	Five people spoke to me at the same time, but they repeated the message again and again."
एत्थन्तरम्मि पुरिसो सलिलं धित्तूण आगओ तत्थ,धणदेवो भणइ तओ पियसु जलं देवसम्म! इमं	Here are the poor men, Sitting here patiently While the lord of arms says:" "Drink water from the god of gods! In this way!"
अह सो जलं पिबन्तो अइतण्हासुसियतालुयत्तणओ,गुरुवेयणापरिगओ सहसा पाणेहिं परिचत्तो	Oh! he drinks water, Suddenly recognizing himself on the waterfall As one who has passed by a teacher's house,
धणदेवोवि हु अइगुरुसोगो डहिऊण तस्स तं देहं,सव्वम्पि समरभूमिं जोयावइ निययपुरिसेहिं	I am the God of Love, If you burn this wretched man's body, He will restore you to life In all wars.
न य कत्थइ उवलद्धं करङ्कमेत्तम्पि पल्लिनाहस्स,तत्तो चिन्तइ एसो हा! धी! विहिणो विलसियस्स	Not when the girl paces up and down With a spiky handkerchief Around her waist, But when she thinks about it, Ha! Dhee! It's the villains who are lying down."
तारिसगुणजुत्तस्सवि सरलसहावस्स सुप्पइट्ठस्स,निग्घिणकणगवईए हा! हा! कह दारुणं विहियं?	Because of her virtuous qualities The girl who falls asleep easily, Can't sleep at night! Ha! What a cruel fate!"
माइन्दजालसरिसं सव्वं एयम्मि हन्दि! संसारे,खणदिट्ठनट्ठरूवं धणपरियणजीवियव्वाइं	"Mindfulness is everything to me! In this world, like the palm tree, We have to live according to nature's dictates.
न य नज्जइ किं जायं महाणुभावस्स सुप्पइट्ठस्स,किं जीवइ अहव मओ सङ्गामे एत्थ जुज्झन्तो?	No, no. What makes you feel so good While sleeping? But do you think you can live If you put up with it So much?
एमाइ चिन्तयन्तो धणदेवो आगओ निजे सत्थे,अह कमसो सम्पत्तो सत्थजुओ हत्थिणपुरम्मि	I suppose that the fire of the God of arms dwells in itself, that at least one young man possesses an elephant.
तुट्ठाओ जणणिजणया सव्वे आणन्दिया वयंसा से,सोहणदिवसे वहुया पवेसिया निययगेहम्मि	All the men of the town are angry with us. One day our young wife will take us in her arms.
अह पुव्वसिणेहेणं सिरिकन्ता सासुयाइणुन्नाया,नियचेडिजुया पत्ता कमलावइदेविगेहम्मि	Ah, the fresh flowers of the jasmine, Which my mother - in - law gave me out of consideration For the freshly plucked leaves Of the lotus Lying on my body.
दट्ठुं पुव्ववयंसिं वियसियमुहपङ्कया महादेवी,अइगरुयसिणेहेणं उट्ठिय आलिङ्गए एयं	When the Mahadevi, puzzled by the sight of her husband's face, Looked up from the cold, She hugged him tightly."
भणइ य वयंसि! उक्कण्ठियाए दिट्ठा पभूयकालाओ,अइसोहणं हि जायं जं सासुरयम्पि तुहवि एत्थ	"You have to say it! When the landowner's son shows up, It's as if his father - in - law has arrived here with you.
जं तुमए दिट्ठाए दिट्ठं मन्नामि पिइहरं सव्वं,इय भणिउं देवीए उचियपवित्ती कया तीए	When you see all the manna I have put on in my eyes, I will explain," "Is this the way God sees women?"
उवविट्ठाओ दोन्निवि कुसलपवित्ती य साहिया सव्वा,खणमेगं सम्भासं काऊण भणइ सिरिकन्ता	"Both are excellent," "replied the traveler." "With all due respect, How can one explain the confusion in a storm?
गच्छामि इण्हि गेहे तत्तो कमलावई इमं भणइ,पइदियहं अइ! तुमए आगन्तव्वं मह समीवे	I will be right here," he said, "" And then he tosses me a lotus.
भणियं सिरिकन्ताए एवं काहामि एवं भणिऊणं,देवीए अणुन्नाया समागया निययगेहम्मि	I rebelled and cried and begged, But the assembly was appointed by the will of God."
एवं सिरिकन्ताए ससुरकुले तत्थ अच्छमाणीए,कमलावईदेवीए समयं गुरुपीइजुत्ताए	And when Sirikanta went to his father - in - law's house He thought that it was a good omen; but the lotus goddess limited the time."
धणदेवेणं समयं विसयसुहं सम्ममणुहवन्तीए,बहुयाओ अइक्कन्ता वासाणं कोडिकोडीओ	The God of Love confides in women His ecstatic pleasure at the moment of giving birth:" "Many are won over by the desire to grovel."
अह अन्नया कयाइवि रिउण्हाया भत्तुणा समं सुत्ता,रयणीचरिमजामे सुमिणं पासित्तु पडिबुद्धा	Oh! my dear, Only women who cry very much Sleep at the same time As men who make love. In the middle of the night They fall asleep beside each other.
अह भणइ मए पिययम! सुमिणे चन्दो मुहेण पविसन्तो,दिट्ठो,तं दठ्ठूणं सहसा बुद्धा तओ अहयं	"Oh! tell me, my dear! The full moon is upon my face And I have a vision of it. Suddenly your eyes see the Buddha, and here they are!
भणियं धणदेवेणं सुन्दरि! पुत्तो भविस्सए तुज्झ,सयलवणिवग्गपवरो इय एवं सूयए सुमिणं	"My son, The God of Love is beautiful! Put your arms around me, For these are the arms of a simple woman. In this way, too, The sunshine is gentle.
भणियं सिरिकन्ताए एवं पिय! होउ वयणयं सच्चं,सासमदेवीपभावा बद्धो एसो मए गण्ठी	"Speak the truth, brother - in - law! This is my knot, bound only by my loving - kindred.
तीए चिय रयणीए तीए कुच्छिंसि गब्भसम्भूई,जाता कमेण जाव य बोलीणा दोन्नि मासा से	That girl, You look at her with such longing That both your ears and cheeks seem to be quivering.
तइयम्मि पुणो मासे दोहलओ तीए अभयदाणम्मि,जाओ धणदेवेणवि सिट्ठे सो पूरिओ तीए	You're not going to repeat that mistake again. It's all her doing, Sitting on top of her husband.
अह उवचियगब्भा पूरिए दोहलम्मी पसवणसमयम्मी आगयम्मी सुहेण,सुहगहनिवहम्मी उच्चठाणट्ठियम्मी सुहकरणमुहुत्ते दारयं सा पसूया	Ah! the fullness of her face Is enough to welcome a guest, For when she stands before you With open arms She welcomes you with a smile That belies her fondness.
एसोवि परिसमप्पइ सिरिकन्तातणयपसवणो नाम,सुरसुन्दरिनामाए कहाए नवमो परिच्छेओ	Eesowy parisampai sirikantatnaya pasavano nama, surasundarrinamae kadhaye the ninth paragraph.
तक्कम्मकुसलविलयासमूहविहियम्मि सूइकम्मम्मि,हल्लुत्तावलिगिहदासिविहियतक्कालकरणिज्जे	Takkamma kusala vilayas: Loud beating of drums, Suikamma kammi in the middle of the night...
सहरिसपरियणवज्जरियवज्जसुयजम्महरिसियमणेण,धणधम्मसेट्ठिणा अह वद्धावणयं समाढत्तं	Because of the abundance of water in the town, Thanks to the abundant rains, We have reached a state of equilibrium.
गहियक्खवत्तपविसन्तनयरनारीजणोहरमणीयं,रमणीयणमुहमण्डण- वावडनियबन्धुवरदारं	The round face of the woman sitting astride her husband's broad hips - The ornament of a loving husband - Is like a banner proclaiming love
वरदारग्गनिवेसियवन्दणमालासणाहसियकलसं,सियकलसहत्थपविसन्तवट्टकिज्जन्तकलसद्दं	Vardarganivesha, Vandana, Malasana, The lotus of the elephant, With its seven arms and seven petals, Is the greatest miracle.
कलसद्दपउरपाउलमङ्गलसङ्गीयपरवपेक्खणयं,पेक्खणयपिक्खक्खित्तलोयदिज्जन्ततम्बोलं	The water held in the jar Looks like a banner proclaiming the joys of love, Like the strings of a bow Touched by the rays of the sun.
घोसियजीवा 'घाओ मोयावियविउलबन्दिनि उरम्बो,दिज्जन्तविविहदाणो दीणाणाहाइसुहजणओ	"Ghosiyajiva's wound is like the nail mark on the head of a dead man, Like the nail marks on the cheek of a widow at her funeral.
पइजिणमन्दिरकिज्जन्तवज्जवरमज्जणाइवावारो,वरवत्थमाइएहिं संमाणियसाहुसन्दोहो	Thanks to you, O God of Love, Who has blessed us with so many blessings, We rejoice in your faithfulness.
भोजियसयणसमूहो संमाणियवणियनायरमहलल्लो,जणजणियचमक्कारो सुयजम्ममहूसवो विहिओ	The bustle of a banquet hall, The silence of solemn dances, The twinkling of an eye in public Spread like a mass of bees.
एवं कयकायव्वो सम्पत्ते बारसम्मि दियहम्मि,गहिऊण दरिसणीयं सम्पत्तो राइणो मूलं	And how come that wealth is bartered away every day, Like the rainbow showing the source of one's wealth
कयविणओ धणदेवो भणइ महाराय! सेट्ठिवयणेण,देवीसहिएण तुमे भोत्तव्वं अम्ह गेहम्मि	"How very clever of you!" "Said the lord of arms." "With the help of the gods, you have proved an advantage to us.
हसिऊं रन्ना भणियं न होइ किं सेट्ठिणो इमं गेहं?,पिउसरिसो जं सेट्ठी विचिन्तगो सयलरज्जस्स?	Laughing and running, Not telling me why you are sitting here? But, my dear, Is that the seat Where all the strange creatures live?
तहवि हु सेट्ठी जं भणइ किञ्चि तं चेव अम्ह कायव्वं,इय भणिए धणदेवो महापसाउत्ति भणिऊण	Anything you say to me I will do," said the warrior, "and the Lord will answer with a loud voice.
नियगेहे गन्तूणं तक्कालुचियं समत्थकरणीयं,नियपरियणेण कारइ आणन्दियमाणसो जाव	If you ever set a goal, Try to balance it out with patience; If you manage it, Keep at it.
देवीसहिओ राया करेणुयाविसरपरिगओ ताव,सम्पत्तो सेट्ठिगिहे बन्दिजणुग्घुट्ठजयसद्दो	With the gods the nights are long, The paths are winding, Wealth is piling up And captives are flocking everywhere.
कयमङ्गलोवयारो उत्तरिय करेणुयाइ देविजुओ,वरमुत्ताहलविरइयचउक्कसीहासणे पवरे	The God of Love, Who created the North out of nothing, Applies his divine power to every phase of life With a smile on his face.
उवविट्ठो देविजुओ तत्तो य विलासिणीहिं पवराहिं,आरत्तियावरणपमुहम्मि विहिम्मि विहियम्मि	There are gods and goddesses everywhere, And luxurious women everywhere. The whole earth teems with the pleasures of love.
भुत्तो दिव्वाहारं नियपरियणसञ्जुओ जहाविहिणा,गोसीसविलत्तङ्गो परिहावियदिव्ववरवत्थो	But let the fire burn itself out, Like a column of smoke rising from the fire of love, Like the plowman's wife making love on a rainy day.
विणय नएणं तत्तो धणदेवेणं इमं तु विन्नत्तो,देवीए पियभगिणी वज्जरइ इमं महाराय!	Because you refused to bow before a false god, The angry wife of a jealous god Performs her greatest sacrifice!
पसवन्ति पिउहरम्मी पढमं किल सयलवणियजायाओ,कारणवसेण केणवि सञ्जायं नेव तं मज्झ	When the Passover Feast day draws near My husband will not be happy, For there is nothing I can do About it.
ता देविदंसणेणं इहेव किल पिउहरन्ति मन्नामि,ता जइ इत्तियभूमिं आगच्छइ होइ ता लट्ठं	Then I will plant many trees for the eyes of God, and if I come to this land I will find them.
एवं च तेण भणिए अह देवी राइणा अणुण्णाया,सिरिकन्ताए समीवे सम्पत्ता कञ्चुइसमेया	And he said," "Oh! the goddess Raina has anointed me. At the same time Siricanta has brought wealth to us all."
तत्थ य मणोरमाए विलेवणाहरणवत्थमाईहिं,पूइय भणिया देवी सुयस्स नामं करेसुत्ति	Then, dear girl, If my brother's name is not mentioned again, I will name him after the goddess Suyasa.
भणियं देवीए तओ सिट्ठिणि! तुह चेव होइ उचियमिणं,तहवि तुमए भणियं कायव्वमवस्समम्हाणं	"My god, you're the only one who sits! You have to work hard to earn it, so you have to sit through the rainy season To make sure you don't burn out.
गहिऊण निउच्छङ्गे तं बालं कमलकोमलकरेहिं,कमलावईए भणियं सुगन्धगन्धे खिवन्तीए	When she opens her eyes, Her hair is like lotus petals, And the scent of jasmine makes her fragrant."
सिरिकन्ताए जणिओ धणदेवेणं तु बालओ एसो,माउपिउअद्धनामो सिरिदेवो नाममेयस्स	You are a child of the God of Wealth, Sirikanta; my name is Sirideva.
अइसोहणं हि नामं विहियं देवीइ इय भणन्तेण,अविहवनारिगणेणं मङ्गलसद्दो समुग्घुट्ठो	In this world," said the goddess, "there is no other name for her; the earth teems with rain clouds.
अह तं मणहरदेहं मुट्ठीकयकरजुयं विसालच्छं,सुकुमालपाणिपायं दठ्ठूण विचिन्तए देवी	Oh! the fragrant body of that man, Which the young men had torn off with their clenched fists, Look at the goddess Who looked at him While he slept."
धन्ना मज्झ वयंसी जीए सुओ एरिसो समुप्पन्नो,जणमणनयणाणन्दो मह पुण एयम्पि न हु जायं	Thank you very much, my dear, I have outlived all hope of ever seeing you again.
किं मज्झ जीविएणं किंवा मह विहलगव्वरज्जेण,जा नियतणयस्स मुहं पिच्छामि न मन्दभग्गत्ति	Should I live, or should I suffer because of my wretchedness? I will not flinch at the face that is destined to fall.
एमाइ चिन्तयन्ती आभासित्ता वयंसियं निययं,रन्ना सहिया देवी सम्पत्ता निययगेहम्मि	It is our destiny," she thought, "and now our destiny lies in sharing the wealth of our goddess.
तत्थ य तं चिन्तन्ती सुयजम्मुक्कण्ठिया ससोइल्ला,परिचत्तदेहचिठ्ठा उव्विग्गा सयलकज्जेसु	When she thinks of you, Her mother - in - law is completely at a loss What to do with the familiar image You just drew of her.
मत्ता व मुच्छिया इव सुत्तव्व मयव्व विगयसत्तव्व,झाणगयजोगिणि इव उवरयनीसेसवावारा	A drunkard and a frowner are like suttrava, mayava, and vigyasattva; a froward woman is like the seller of wine.
परिहायन्तसरीरा गुरुसोयायास साममुहकमला,रन्ना कयाइ दिट्ठा पुठ्ठा कमलावई ताहे	Parahyantasrira gurusoyasa samamukha kamala, ranna kayyai deta putha kamalavai tahe
देवि! तुमं किं विमणा दुब्बलदेहा य दीससे इण्हिं,किं वछियं न पुज्जइ साहीणे किङ्करम्मि मए	"My God! How come you are so touchy At the moment when my feelings for you weaken? Why, my dear, can't you hear me when I kiss your cheek?
भणियं देवीए तओ अंसुजलासारासित्तसिहिणाए,पिययम! तुह प्पसाया सम्पज्जइ वञ्छियं सव्वं	"Dear goddess, When you sit here sipping water Through the tears that flow from your eyes, Dear mother - in - law! Your purification will complete all my desires.
तं नत्थि किम्पि सोक्खं तुह प्पसायाउ जं न मे पत्तं,नवरं पुत्तपलोयणसोक्खं सुइणेवि नो दिट्ठं	I will never forget how you touched me If I don't look at you again. I can't even begin to imagine how happy I would be To see my son again.
धन्नाउ ताउ नारीओ इत्थ जाओ अहो निसिं नाह!,नियय थणं धयन्तं थणन्धयं हन्दि! पिच्छन्ति	"Well done ladies, It's past three o'clock! No need to hurry! Your breasts are bristling With the thrill of love! They're slipping away.
पच्छा परिणीयाइवि सिरिकन्ताए सुओ समुप्पन्नो,तुमए मन्नायाए न पुणो मह मन्दभागाए	Good afternoon, little girl, If you think I'm still asleep, You'd better stop dragging me around again.
ता देव! देसु पुत्तं अह नवि ता नत्थि जीवियं मज्झ,तुट्टइ थणोवि अह एइ खीरमन्ना गई नत्थि	That's God! No, my son, that's not how I live my life. But my breasts are breaking down And I don't know which is which."
तत्तो रन्ना भणियं एत्थत्थे कुणसु देवि! मा सोगं,आराहित्ता तियसं पूरेमि मणोरहे 'वस्सं	"There you are, Running! Who's the angry god? No need to be sad. I'd rather be in a hurry Than settle for nothing.
इय भणिऊणं राया काउं पूयं जिणिन्दपडिमाणं,सियवसणधरो उम्मुक्कसयलमणिकञ्चणाहरणो	It is like saying," "Lord, please, let me live forever." "Under the sun's shadow You can still make love On top of everything else.
पोसहसालं गन्तुं अट्ठमभत्तं पगिण्हिउं विहिणा,कुससत्थरे निसन्नो एवं भणिउं समाढत्तो	"Going into the rainy season The wife should lie down on one foot after every eight, At what place to lie down And say,'I have a supplication.
देवो व दाणवो वा जिणसासणभत्तिसञ्जुओ कोवि,जह संनिहिओ सिग्घ आगच्छउ वञ्छियं देउ	There is no God, no donor, no one worthy of being worshiped, Only the God of Love Who comes forth from the heart and gives wisdom.
एवं च चिन्तयन्तो एगन्ते संनिरुद्धजणपसरो,निच्चलदेहो चिट्ठइ राया जा तिन्नि दियहाइं	And if you think about it, You'd better stop being touchy, For in three days the letter will be forgotten.
ता रयणिचरिमजामे विद्धंसियसयलतिमिरसङ्घायं,भासुरदेहं पुरिसं दठ्ठूण विचिन्तए राया	It is like seeing the dead body of a woman Stretching out her thighs In the midday heat of the night.
निमिसन्ति लोयणाइं ता किं एसो न होइ देवॊत्ति,न य मणुयाण सरीरे जायइ एवंविहा दित्ती	If this were not the will of God, It would not be so with men: For if it were a man, He would go out and marry her.
ता होज्ज इमो को पुण चरणावि महिं फुसन्ति नेयस्स,एवं विगप्पयन्तो राया आभासिओ तेण	So, Emo, when you kiss me again, You take me in your arms, And when you turn your back on me, You give the impression of making love."
भो अमरकेउनरवर! उग्गतवेणं किलामिओ सि न किं?,एवं भणमाणो सो अब्भुट्ठिय राइणा भणिओ	"Oh! immortal town crier! You killed Ugataven, didn't you?," "And I suppose he must have been talking to an old foolish woman.
को सि तुमं कत्तो वा समागओ कहसु मह महाभाग!?,भणियं सुरेण नरवर! कहेमि कोऊहलं जइ ते	"Who are you? Tell me, Are you having a great time!?," "Saying the good old man!" "Somebody will come.
ईसाणकप्पवासी विहुप्पहो नाम सुरवरो अहयं,आसन्नचवणसमओ परलोयहियं समायरिउं	The God of Love, Who dwells in the firmament of God's heart, Has chosen us for His glory in the hour of Judgment.
तित्थयरवन्दणत्थं विदेहवासम्मि आगओ आसि,तत्थ मए सो भयवं आपुट्ठो निययवुत्तन्तं	For there is a fire in the middle of the night at Tithyaravandanam, and I fear it will burn me to the ground."
उप्पत्ती कत्थ महं चुयस्स एत्तो भविस्सए भयवं!?,तत्तो जिणेण भणियं भरहम्मि य हत्थिणपुरम्मि	How can I help being so afraid!?, When you conquer the land That is in my heart and in my hands."
जो अच्छइ पुत्तत्थी पोसहसालाइ पोसहम्मि ठिओ,सिरिअमरकेउराया तस्स तुमं होसि पुत्तॊत्ति	A good son is one who treats all sorts of people well; on the other hand, you are a good son.
तव्वयणं सोऊणं समागओ राय! तुह समीवम्मि,ता मा कुणसु किलेसं अहयं होहामि तुह पुत्तो	Come, let's sleep! It's your turn! Don't worry, my son, I might as well be in the fort."
गेण्हसु कुण्डलजुयलं नरिन्द! एयं तओ उ देवीए,जीए इच्छसि पुत्तं दायव्वं तीइ आभरणं	"Go ahead, Kundal jujube, Narinda! It's the same goddess. If you want to save your son, That's her ornament.
इय भणिउं कन्नाणं उत्तारिय कुण्डलाइं दिव्वाइं,रन्नो समप्पिऊणं देवो अद्दंसणीभूओ	It is said," "The moonlight illuminates the horizon, But when the rain stops The God of Love disappears without a trace."
रन्नावि रयणिविरमे गन्तुं देवीए वियसियमुहेण,सुरदंसणाइ सव्वो वुत्तन्तो साहिओ तत्तो	The goddess went into the forest during the rainy season, Fearing the wrath of the God of Love, But seeing the sun She was unable to withstand it all."
कुण्डलजुयलं अप्पिय पभायकिच्चं करित्तु नीसेसं,पडिलाहिय साहुजणं सयं पभुत्तो वराहारं	The jasmine of the kundal does something wrong to my husband, But with the sahujana of the paddy field The plowman's wife offers him a present.
अह अन्नया य देवी रिउण्हाया रयणिचरिमजामम्मि,दट्ठुं सुमिणं सहसा पडिबुद्धा वेविरसरीरा	Oh! my dear, When the goddess began to cry And I saw your pyre, Suddenly the bracelet on your thigh Slipped off in a faint.
भणिया रन्ना सुन्दरि! कीस अकम्हाओ कम्पिया तं सि,तीए भणियं पिययम! सम्पइ सुमिणं मए दिट्ठं	"My brother - in - law is a handsome man! How can you say that you tremble? It's my brother's wife! I've seen enough of your beauty.
किल कणगमओ कलसो मज्झ मुहे पविसिउं विणिक्खन्तो,केणावि भञ्जणत्थं नीओ दूरं स कुद्धेण	Kill the weeds, Cut the flowers from my face, And pierce my girdle so that I may not have to look far to retrieve them.
पुणरवि बहुकालाओ कहवि हु लद्धो स खीरपडिपुन्नो,सियकुसुममालियाए मएवि सम्पूइओ तत्तो	I have fought many a time," he said, "And now at last I have mastered it.
एयं सुमिणं दट्ठुं मुहकडुयं परिणईइ सुन्दरयं,जाओ भएण कम्पो मह देहे तेण नरनाह!	How beautiful it is to behold such a beauty, So that my face will grow dark When I'm shivering!
तं सोऊण नरिन्दो जाओ सोगाउरो दढं हियए,वज्जरइ देवि! सुविणं लाभं सूएइ तणयस्स	"Go to sleep, Narindo! The griefer is hard of hearing, For it is God who gives pleasure! It is the grasshopper's turn to sleep.
सेसं च सुविणजाणगपुच्छगविहिणा वियाणिउं तुज्झ,साहिस्सं मा काहिसि उव्वेगं किञ्चि हिययम्मि	You fool, Don't be so hasty: There's something very wrong with you That needs to be fixed.
तत्तो पभायसमए गन्तुं अत्थाणमण्डवे राया,आणवइ सुमिणसत्थत्थजाणए झत्ति वाहरह	Then, when evening comes, I will go to him in the attic, And when he hastens out I will carry him in my arms
तत्थ निउत्तनरेहिं तहेव सम्पाडियाए आणाए,सामन्तमन्तिपुरनायगेहिं पुन्नम्मि अत्थाणे	Then, with new lines, they will bring wealth, but with the return of feudal lords, there will be trouble again.
कयविणया सुविणन्नू उवविट्ठा अह नरिन्दआसन्ने,धणदेवोवि हु रन्नो आसन्नो चेव उवविट्ठो	Whence, my dear, Have you heard how that fire was kindled, When, with the arrows of the God of Love, it began to burn?
तत्तो रन्ना तेसिं सिट्ठो सुरदंसणाइवुत्तन्तो,पुव्वुत्तो सव्वोवि हु सुविणगउवलम्भअवसाणो	There was the ranch, And then there was the stag who saw the sunrise, And the flowers bloomed So that every one of them looked like a herd of swans."
सम्मं विणिच्छिऊणं सुविणसरूवं कहेह भो! तत्तं,इय भणिया ते रन्ना अन्नोन्नं जाव चिन्तिन्ति	"Tell me, brother - in - law, That they are talking of running away, As if they wanted to hear the gospel preached To them.
ताव य धणदेवेणं भणियं नरनाह! देसु अवहाणं,सुविणपरमत्थजाणणहेउं निसुणेसु वुत्तुन्तं	Thou art a cruel god! Destroy this land! For, knowing the ultimate truth, You have sown it,
तओ अह अडवीए दिट्ठो भिल्लवई,तेण जह य सप्पेहिं,बद्धो उ चित्तवेगो विमोइओ मणिपभावाओ	So the blind man's eyes are closed, So the snakes are quiet, Constant pretence of mind and free will.
जह तेण निययचरिए सिट्ठे देवस्स आगमो आसि,देवेण केवली अह दिट्ठो य कुसग्गनयरम्मि	As long as God's presence is within you, God can only look at you If you look at someone else's face.
जह भाविभवं पुट्ठो केवलिणा जह य तस्स आइट्ठं,सिरिअमरकेउरन्नो होहिसि पुत्तो तुमं भद्द!	As soon as you arrive home, poor girl, you're a disgrace, my son, Because you missed the trip to Syria!
जणणीइ समं तत्थ य अवहरिओ पुव्ववेरियसुरेण,ता चित्तवेग! खयराहिवस्स गेहम्मि वड̣धिहिसि	At the same time as mother - in - law, When the flowers are completely white, It's the disposition of the mind! For behold, thou art as wide as the sky."
एमाइ पुव्वउत्तं सवित्थरं साहियं नरवइस्स,धणदेवेणं जाव य सम्पत्तो हत्थिणपुरम्मि	"My dear, Only men can steal my wealth, For my husband is a wealthy man And my wealth is in the hands of wealthy men.
ता देव! देविउदरे विहुप्पहो सो सुरो समुप्पन्नो,होही,जओ न केवलिवयणं इह अन्नहा होइ	"So God! The God of Love has sprung up again, and now the sun is shining again. But only when the wind does not blow It is like food.
पुव्वविरुद्धसुरेणं हरिओ खयरस्स वड̣धिओ गेहे,साहियबहुविहविज्जो मिलिही सो निययजणणीए	"Love's arrows pierce through the thickets of nectar, Like bees piercing a flower's blossom, But finding them beside one another, She is doomed to perish.
इच्छियकन्नादाणं मालाए पूयणम्पि मन्ना सि,एसो नरिदं! सुविणयपरमत्थो फुरइ मह हियए	If you want to dance, Put on a garland of flowers And eat the manna. This is Narida! Teach me more than just poetry."
एयं धणदेवस्स ओ वयणं सोऊण सुविणयन्नूहिं,भणियं अहो! अउव्वं एयस्स उ बुद्धिकोसल्लं	It is the god of wealth, and when he spoke it was to preach the gospel:" "Ah! now is the season of wisdom!"
सययं तल्लिच्छेहिवि बहुसत्थवियक्खणेहिं अम्हेहिं,तव्विहबुद्धिविउत्तेहिं सक्कियं नो विणिच्छेउं	I have looked at you with longing, But I do not see your genius.
सुसिलिट्ठो नणु अत्थो निरूविओ राय! वणियउत्तेण,सव्वेसिं अम्हाणवि सुसंमओ चेव एसॊत्ति	Calm down, little girl! Stop your anger, Roy! This is the essence of our harmony for all time."
इय भणिए ते रन्ना तम्बोलपयाणपुव्वयं सव्वे,पट्ठविया तह सव्वे सामन्तमहन्तमाईया	It is said," "They ran, they paraded, all the pilgrims, and all the feudal lords."
तत्तो रन्ना भणियं इण्हिं धणदेव! किमिह कायव्वं,देवीइ समं अम्हं उवट्ठिए दुसहविरहम्मि	There I ran, My brother - in - law at my feet, And the God of Love! How easy it was for me to do this, As if I were a goddess And now I have to endure adversity.
किं एत्थ अत्थि कोवि हु पडिघायविही सुदुट्ठसुविणस्स,भणियं धणदेवेणं न अन्नहा केवलिगिरा ओ	Why are you sitting here Thinking how well I've got on my feet, My dear, You clever man? For he has no more food to eat Than a god of plenty.
तहवि हु एस उवाओ कीरइ मा होज्ज तेण पडिघाओ,मञ्चयपडियाण पुणो तहट्ठिया चेव भूमित्ति	Then why are you yawning so loudly? Don't be alarmed: There she is, kneeling on the stage And pouting her heart out.
पल्लीवइणा तइया दिव्वमणी जो समप्पिओ मज्झ,सो एस अङ्गुलीयगनिवेसिओ चिट्ठउ करम्मि	The village headman is such a lampshade That he suppresses me only with his fingers When I write letters to him.
एसो अचिन्तसत्ती अणेयठाणेसु दिट्ठ माहप्पो,ता एयं देवीए करट्ठियं देव! कारेह	This is the month of spring, When the God of Love will appear in the night sky, And God will do it!
पुव्वविरुद्धोवि सुरो हरणे देवीइ होज्ज असमत्थो,एयस्स पभावाओ,अह कहवि करिज्ज अवहरणं	Because you can't make love Without first making love With someone else You'd better stop being angry With.
तहवि हु अवगारम्मी सक्किस्सइ नेव वट्टिउं वइरी,नाउं इमं नरेसर! मा सोगं किञ्चिवि करेह	However much I may sulk, I will never regret it. No, my lord! So do not grieve."
सुविणपडिघायणत्थं कारेसु जिणालएसु महिमाओ,पुएसु समणसङ्घं तदुचियवत्थासणाईहिं	Glory to you, gentlemen, If you do what is right in prayer You will triumph.
दावेसु अभयदाणं विविहाभिग्गहतवेसु उज्जमसु,एवं कयम्मि नरवर! सव्वम्पि हु सुन्दरं होही	"Brighter the days, More diverse the nights, And uglier the nights! All are fair!" "is how she describes her husband.
इय भणिउं धणदेवो समप्पिउं अङ्गुलीययं निययं,पणमित्ता रायाणं विणिग्गओ रायभवणाओ	It is as if the God of Love had put a stop to this at the tips of his fingers:" "But let me explain to you what it is like to knit a braid."
रन्नावि हु गन्तूणं देवीभवणम्मि सयलवुत्तन्तो,सिट्ठो समप्पियं तह देवीए अङ्गुलीयं तं	When I enter the goddess's house I am bound to fall at every step, But when I close my eyes God's finger is still there.
भणिया य देवी! एयं खणम्पि हत्थाओ नेव मोत्तव्वं,एयस्स पभावाओ पभवन्ति न खुद्दसत्ताई	Say," "O goddess! These trembling hands can never cause death. Either they believe in God or they don't."
जिणमन्दिरजत्ताइं कारवियं ताहि राइणा सव्वं,कमलावईवि तत्तो जाया आवन्नसत्तत्ति	The victory of the jinn is everything, So are the rivers, The lotuses, So is the rule of nature.
सुहसम्पडन्तहियइट्ठवत्थुसुविणीयपरियणजुयाए,अह सत्तमम्मि मासे जाओ देवीए दोहलओ	With pleasure, with pleasure, With pleasure and pleasure The pleasures of love Are banished, For in seven months The goddess Jao has performed two miracles.
लज्जाए तं कस्सवि जाहे न कहेइ ताव कइयावि,परिहायन्तसरीरा दिट्ठा रन्ना इमं भणिया	No one will tell you what it is except the shy girl. The sight of her relatives will make her flee," he said.
देवि! तुह किं न पुज्जइ दीससि अइदुब्बला जओ इण्हिं,देवीए तो भणियं दोहलओ एस मे नाह!	"Goddess! Why aren't you asking me What makes you feel so good When all I see is your brother's milk? God, I'm so naïve.
वरवारणमारụ̄धा दाणं दिन्ती य अत्थिलोयस्स,तुहउच्छङ्गनिविट्ठा तुमए छत्तं धरन्तेणं	The day the bridegroom shall present his gift To your bride - to - be, O housewife, You have to hold on to the roof Above your bedchamber.
हिण्डामि राय! नयरे परियरिया सयलभिच्चवग्गेण,रन्ना भणियं सुन्दरि! कीरइ अहुणा दुयं एयं	"Hindami rai! No stranger than a stray cow, But my brother - in - law is a handsome man! What a cruel man he is.
अह पवरपट्टहत्थी सिङ्गारिय आणिओ निउत्तेहिं,तत्थारụ̄धो राया देवी उण तस्स उच्छङ्गे	"Ah! the palm of a hand Sings loudly, And new shoots come from it. So the goddess Raya's bow Sounds like a banner proclaiming her glory.
उवरि धवलायवत्तं मुत्ताहलरेहिरं सयं रन्ना,धरियं तत्तो विविहं पढन्तथुइपाढनिवहेण	Above the clouds Struggle with the ever - increasing stream of water, Below the rivers diverging in different directions.
तूरेसु रसन्तेसुं वज्जन्तेसु य असङ्खसङ्खेसु,कलपाणएहिं विहिए वियम्भमाणे य सङ्गीए	The trumpet sounds like a trumpet, The strings of trumpets resound, And the dissonance is incomparable. So imagine yourself in a daze Or accompanying yourself."
अत्थिजणपूरियासं दाणं देन्ता समत्थनयरम्मि,आणन्दनिब्भराहिं थुव्वन्ता नयरनारीहिं	A sympathetic hand gives alms to the poor as soon as it is full; on the other hand, the spittle of love pierces the navel of no return.
आहिण्डिऊण विविहं चउक्कतियचच्चरेसु इच्छाए,अह पुरवराउ बाहिं नीहरिओ कुञ्जरो कमसो	I want you to look at me in all sorts of different directions, For, dear girl, The mistletoe on my outside is getting less and less prominent.
सहसच्चिय उम्मिट्ठो विच्छोलिन्तो समत्थजणनियरं,अइवेगेण पयट्टो ईसाणदिसामुहो ताए	By standing by one's side, By crossing the street, By talking to the neighbor's wife, By acting in such a way, You have made a mess of the world.
रे! लेह लेह धावह एस गओ एस जाइ पुरऒत्ति,एमाइ वाहरन्तो भिच्चजणो धाइ पट्ठीए	"Hey! Leigh, Leigh!" "He hastened to the place where I am going. There is a begging bowl by the way.
रायावि हु जाहि कहवि हु धरिउं न चएइ करिवरं तं तु,ताहे भणिया देवी एस गओ ताव उम्मिट्ठो	In judgment, whatever I say, You withhold, if you do not want to do it," replied the goddess.
अइवेगओ पयट्टो चाइज्जइ कहवि नो नियत्तेउं,ता उत्तरिमो कहवि हु इयरह अडवीए पाडेही	I will never forget how I fell in love with you, So that when I spoke to you I might repeat my words again.
कमलावईए भणियं ओयरियव्वं कहं नु नरनाह!,रन्ना भणियं निसुणसु पिच्छसि वडपायवं पुरओ	How can I help it! When the lotus opens its mouth And opens its lid, You foolish maniac!"
एयस्स य हेट्ठेणं जाही हत्थी तओ तुमे देवि!,साहाए लग्गिअव्वं सहसा हत्थिं पमोत्तूण	If this is your elephant, then you are a goddess!," Suddenly the elephant touches you as you approach him for help.
एवं च जाव राया देविं उल्लवइ ताव सो हत्थी,अइवेगेणं पत्तो वडवायवहिट्ठभूभागे	And when Raya devi is about to be inaugurated, he goes on his way, following the path of good fortune."
निज्जरिय-जरा-मरणं वन्दित्ता जिण-वरं महावीरं,छप्पण्णय-गाहाऒ वॊच्छं सुयणस्स जॊग्गाऒ	Life is transient, Death is imminent, The boon of good fortune is great, But waking up in the middle of the night Proves fatal.
पुरिसॆसच्च-समिद्धॆ,अलिय-दलिद्दॆसहावॆ-सन्तुट्ठॆ,तव-नियम-धम्म-मइऎविसमा विसमा हॊन्ति	Men are pure and united, women are generous and kind, men are compassionate and content, and law and dharma are inseparable.
गयणम्मि गहा सयणम्मिसुमिणयासउणया वणग्गॆसु,तह वाहरन्ति पुरिसं जह दिट्ठं पुव्व-कम्मॆहिं	Gone is the guinea pig, Gone are the sesame seeds, And gone are the gooseflesh That men shed at the sight of flowers.
सव्वॆ ताह पसत्थासुमिणा सउणागहा य नक्खत्ता,ति-हुयण-मङ्गल-निलयं हियऎण जिणं वहन्तस्स	All are captivated by the beauty of nature, Whether it be gold or silver, Or by the blue sky in which they live.
कत्थइ न करइमॊल्लं सुवण्णयं कत्थ दूहवॊ वन्दॊ,कत्थइसरल-सहावॊ जणॊन संमाणणं लहइ	One who does not commit adultery Gives pleasure in a relationship, One who is kind and compassionate Earns respect among others.
दूर-त्थॊ डहइ रवी,अग्गी अङ्गॆहĩफरसिऒडहइ,डहइ पिय-विप्पऒगॊ,सुयणॊवि अ-दंसणॆ डहइ	Far away the fire is burning, The flame is burning hard through the limbs, The fire is drinking - spoiling the fire, The midday sun is shining brightly.
डहऎ सुयण-विऒगॊ,डहइअ-णाहत्तणं पर-विऎसॆ,डहइय अब्भक्खाणं,डहइअ-कज्जंकयंपच्छा	Right is a pleasure, wrong is a punishment, right is an ordeal, and so on.
सन्त-गुण-विप्पणासॆ असन्त-दॊसुब्भवॆयजं दुक्खं,तं सॊसॆइ समुद्दं; किं पुण हिययं मणुस्साणं?	Sant, guna, viprasnasa, and non - suffering are one and the same thing; what is human life all about?
सन्तॆहि अ-सन्तॆहियपरस्स किं जम्पियॆहि दॊसॆहिं?,अत्थॊ जसॊ न लब्भइ,सॊयअ-मित्तॊ कऒ हॊइ	What do you mean you're not happy? You're angry. But if you can't see him, Who is a good friend?
महुरॆण जिणह कडुयं,खमाए दप्पं गुरुं पणामॆण,सन्तॊसॆण यलॊहं,कलहं च अजम्पियव्वॆण	The bee conquers the bitter, the prick the sharp, The husband the cruel, The yokel the content, And discord the indomitable.
ऎक्क-सुकऎण तूसह जाव सयं दुक्कियाण वॊलॆइ,स-सरीरॆ वि न सक्का दियहॆ दियहॆ पियं काउं	If you want to be happy, You'd better go with me, For even my body will not forgive me, Not my lover's.
कह नाम तस्स पावं चिन्तिज्जइआगऎ विकॊहम्मि,उप्पल-दल-सुकुमालॊ जस्स घरॆओल्लिऒहत्थॊ?	What is the name of that tree by which we first thought of it? It looks like a bunch of peacock feathers hanging down from the roof of a house.
पिय-पाहुण-आगमणॆअ-पहुप्पन्तस्ससज्जण-जणस्स,मरणाऒअब्भहियंउप्पज्जइमाणसंदुक्खं	To drink, To visit, To arrive, To leave, To gather, To depart, To die, Is the arrow that lifts the bow.
न हु अइ-भरियंधम्मइ; जह भरियं तह सुहावहं हॊइ;,पन्चम्मि न यकिलिम्मइगऒ वि पिय-पाहुणॊ हॊइ.	I am not so stuffy; the fuller the more pleasant; the thinner the five, the more agreeable it is to drink.
तॆ धन्ना जॆ धम्मं सुट्ठु वि जाणन्ति सुट्ठु विकरन्ति,जीविय-सारम अ-सारं:खणॆण परियत्तऎ सव्वं	Blessed are those who, though they know Dharma properly, still behave properly: The essence of life is immaterial: Everything is perishable by circumcision.
सा माया सॊ य पिया,तं मित्तंबन्धवॊ यसॊ चॆव,जॊ हिय-निस्सॆस-करं धम्मस्स पहॆ नयं दॆइ	That love is what makes one drunk, That friendship is what gives one such ear, That politeness cures one's dharma.
न वि तं करॆइ माया पिया य पुत्तॊ य बन्धव-जणॊ य,जं पुरिसस्सायरिया करन्ति धम्मं उवइसन्ता.	Nor does she call him Maya, or her son, or any of her relatives; The Dharma is identical with what men and women perform.
किं अच्छह वीसत्था? दियहा वॊलॆन्ति तुरिय-पहिय व्व;,तॆ य न गणन्ति तुब्भॆ,तुब्भॆहि न वि य गणिज्जन्ति.	How come you're so busy? The diyas flutter like trumpets, They can't count you out, Nor can you count them out.
तुट्ठा हॊन्ति मणुस्सा: इन्दमहॊ आगऒ त्ति रमणीऒ;,न वि जाणन्ति वराया: पडिया संवच्छर-सलाया!	A man who is broken: The fire is great, And a woman who is lovely - No one knows what a bridegroom is But the bedchamber.
उच्चासणॊ मह-इच्छॊ,आणाइन्तॊ य निर-उवयारीऒ,अलसॊ पिय-जिम्मण रूसणॊ य न चिरं पिऒ हॊइ.	Ascendancy is a great desire, Being immature is useless, Being lazy does not last, Being angry or angry Does not last.
सहसत्ति पीइमन्ता अ-त्थक्कॆ जं व तं व जम्पन्ता,पासॆ य निवॆसन्तापिया यसत्तुत्तणम उवॆन्ति.	One hundred and eighty drinks a day, Jumping from one place to another, As though one were passing by And sighing loudly.
नीयं अइक्कमन्तॊ पुव्वाभासी पियाĩ जम्पन्तॊ,छन्दं अणुयत्तन्तॊ वॆसॊ वि जणॊ पियॊ हॊइ.	If you do not speak fluently, You will become drunk, And if you muddle through the rhythms, So will everyone else.
छन्दं जॊ अणुयत्तइ मम्मं रॊहइ गुणा पयासॆइ,न हु नवरि माणुसाण य,दॆवाण वि दुल्लहॊ हॊइ.	The rhyme that goes with it makes me angry, makes me more angry, Does not appeal to human beings, Even the devil is deceived.
आवं ति य ऎवं ति य वॊत्तव्वं पण्डिऎण पुरिसॆण:,इयरॊ वि हॊइ तुट्ठॊ,इयरं पि तत्तियं चॆव.	Come, tell me,"" said the wise man to his wife, ""Every year has been a fluke, Every year a quagmire.
छज्जइ पहुस्स ललियं,पियाए माणं,खमा समत्थस्स,जाणन्तस्स य भणियं,मॊणं च अ-याणमाणस्स.	One must reach for the lotus, drink from it, forgive with patience, speak with understanding, and do not muddle one's mind.
सहइ न कडुयं जम्पइ,दॊसॆ न लहइ गुणा पयासॆइ,रूसन्ताण न रूसइ,दक्खिण्ण-महाभडॊ सुयणॊ.	One cannot bear to be bitter, One cannot abuse to be angry, One can't get angry without being angry, The south wind is a cruel poison.
सुयणॊ न चॆव रूसइ: अह रूसइ मन्गुलं न चिन्तॆइ:,अह चिन्तॆइ न जम्पइ; अह जम्पइ लज्जिऒ हॊइ.	A needle does not pierce an ear; a bruiser does not think, like a weeper; a wormer does not yawn; a yawner is ashamed of himself.
जं दुज्जणस्स सुयणॊ लज्जाऎ सहइ छिन्न-लज्जस्स,तं जाणइ निल्लज्जॊ,ऎसॊ अ-समत्थऒ सहइ.	That the wicked sleep, Suffer shame, Shatter shame, He knows how to stand firm; Such a man endures disharmony.
अणुयत्तियं न याणइ,पियॆ वि भणिऎ वि अ-प्पियं भणइ,दाणॆण न सम्पज्जइ; नत्थि उवाऒ खल-यणस्स.	One does not know right from wrong, One speaks wrongly even when one is loved, Charity does not prosper; This does not make one an evil person.
बज्झइ मन्तॆहि विसं,हत्थि रज्जूहि सॆउणा सलिलं;,पयइ-विसमस्स बन्धॊ न याणिमॊ दुज्जण-जणस्स.	A thunderclap is a poison to the mind, A bow is a snare to the hand, A rope is a weapon to the army, A twang is not a friend to anyone But an evil one.
सव्वस्स ऎस पयई: पियम्मि उप्पाइऎ पियं काउं:,सुयणस्स का वि पयई: अ-कऎ वि पिऎ पियं काउं.	All are equal: The beloved is superior: Dear friends, And those who are selfish are inferior: No one is dear to another.
कज्जम्मि समावडिऎ अणुयत्तह दुज्जणं पयत्तॆण,विसम आसा किर जायइ अमयाओ विसं न संभवइ.	If one does not act in due course, One is doomed to wretchedness, And if one's anger does not subside, One cannot be angry.
जइ वि खमा परिभूया,जइ वि खमन्तस्स आयरॊ नत्थि,तह वि खमा खमियव्वा; खम-सरिसॊ बन्धवॊ नत्थि.	If anything goes wrong, there is no cause for regret; nothing is more wrong than bad friends.
कह तस्स रूसियव्वं जस्स पणामॊ पुणॊ वि कायव्वॊ?,अच्चन्त-निग्गुणस्स वि कह सक्का रूसिउं तस्स?	How can you be so angry, Mr Punam? Even with such naïvety, How could you be really angry?
रॊसस्स खमा दण्डॊ,काम-गुणाणं निरुम्भणा दण्डॊ;,दुज्जण-जणस्स कलह-उज्जयस्स परिवज्जणा दण्डॊ.	Forgiveness is the punishment for resentment, detachment is the penalty for faults in conduct, discord and disharmony are the punishments for wrong views.
भद्दं पहू सुयाणं अवराहॆऊण बद्ध-वइराण,पणिवइय-वच्छलाणं मुहुत्त-चण्ड-एक्क-रॊसाणं.	A bad man is bound to a good man, A good man to a bad man, And a poor man to an angry man.
बीहॆयव्वं दुज्जण-जणस्स निच्चं पलॊट्ट-जीहस्स,वर-रयण-निज्झरस्स व वयण-करालं वहन्तस्स.	The poor wretch has turned his back on himself, The bridegroom on his wedding day Has shed tears, And the wife has shed tears.
अत्थक्कओ जम्पऎ पयइ-पायडं सव्व-लॊय-तत्तिल्लं;,तं माणुस-वॆयालं पुहई वि स-सन्किया भमइ.	At the same time he jumps up and down, And all the people fall down, But when he reaches the summer he is haunted by nightmares.
नीऒ खणॆण रच्चइ; रत्तॊ सन्तॊ विरच्चइ खणॆण,नीऒ विरत्त-मॆत्तॊ भामॆइ घरा-घरिं दॊसॆ.	Nio is composed of mud; red is dispersed through mud; nio is scattered through mud And mud is scattered from house to house.
सुयणॊ चिरस्स रच्चइ; रत्तॊ सन्तॊ विरच्चइ चिरस्स;,सुयणॊ जइ वि विरच्चइ; तह वि न दॊसॆ पयासॆइ.	A needle makes a frown, A tear drops from a tear, And a sigh drips from a wound, But it does not dry up.
छुल्लुच्छलॆइ जं हॊइ ऊणयं रित्तयं कणयणॆइ;,भरियाई न वुच्चन्ति सुपुरिस-विण्णाण-भण्डाईं.	The peacock peeps at the parrot Whichever way it likes; The bird does not see the snake - The sky - The treachery.
तं खाह जं जरिज्जइ,तं जम्पह जं महा-यणॆ जॊग्गं;,तं जम्पन्ति सु-पुरिसा,कालॆण वि जं न लन्घॆइ.	For what's worn out is worn out, What's grown with great vigor; For what remains of a good man Is grown old, But what does not last.
तत्तिय-मॆत्तं जम्पहजॆत्तिय-मॆत्तस्स निक्कलं चवह,तंउक्खिवॆहभारं जं अद्ध-पहॆ न छड्डॆह.	Tatya - mattress Jump up and down - Matthasa nikalam chavah, That weight of straw that you did not leave half way through.
वुज्झन्ति नाम भारा,तॆ च्चिय वुज्झन्ति वीसमन्तॆहिं,सील-भरॊ वॊढव्वॊ जावज-जीवंअ-वीसामॊ.	The tree grows heavy, The teak grows taller by twenty feet, The seal grows large, And the jasmine lives long.
जॊ सक्कयं न याणइ सुविसुद्ध-पाइयं पि वॊत्तुं-जॆ,मॊणंतुतस्स सरणं,नीसरणं अहव परिसाऎ.	One who does not know right from wrong is always right - One who knows the wrong way is always wrong.
उच्चं न सिक्खिऒ अद्ध-सिक्खिऒ सिक्खिऒ कु-सालाऎ,जॊ वहइ विउस-वायं सॊ सरिसॊ सन्नियाऎण.	One who does not learn high, one who learns low, One who goes astray, Is entirely a hermit.
कॊ कुवलयाण गन्धं करॆइ महुरत्तणं च उच्छूणं,वर-हत्थीण य लीलं,विणयं च कुल-प्पसूयाणं?	Who smells the jasmine, Who calls the full moon and the moonlight, Who makes the bridegroom and his bride, Or the lilies of the elephants, And the weaving of the trees?
अणुयत्तह भणह पियं,जं कज्जं तंमुणॆहहियऎण:,महुरं लवइ मयूरॊ स-विसं च भुयन्गमं गिलइ.	My dear, Allow me to tell you the reason why: The bee loves the peacock And swallows the earthworm.
उच्छू महुरॊ सॊमॊ चन्दॊ चन्दणं चिय सु-सुरभिं,अभिजाऒ य कुलीणॊ; कॊ दॊसॊ आयरॊ च'ऎव?	Spring is sweet, the moon is fragrant, the crescent moon is pleasant to the taste of, Like the jasmine in a manger; Who needs a medicine or iron?
जॊ गुड-कयाए वायाए जम्पऎ विस-कऎण हियऎण,सॊ बिल-गऒ व सप्पॊ वज्जॆयव्वॊ पयत्तॆण	One who does good - By doing good, Jumps high, And does evil - By staying awake - By playing the flute.
अ-द्दिट्ठॆ वि खल-यणॆ नाम-ग्गहणॆ वि हॊइ आसन्का,अलिय-पलत्तॆ वि अही अहि त्ति भण कॊ न बीहॆइ?	Who would not be afraid to say:"" ""Here I am, even at a bad omen, And there I will return in due course?
सण्डॆव-पडिय-पच्चुट्ठिऎण सीऎण थरहरन्तॆण,थॆरॆण पहॆ रुन्नं तारुण्णं सम्भरन्तॆणं.	One shakes with excitement When one is young, One weeps when one is old, And one remembers one's youth When one has run away.
विवरीया थॆर-मई वारिज्जन्ती य जाइ थॆर-मई,कालॊ तॆत्तिय-थामं न पॆच्छसॆ पण्डुरं सीसं.	Vivariya thera-may be hereditary or jaay thera - may be, The black crow does not know how to walk, For he knows how to steer.
तं हि सरीरं तं जि मुहु,ताई जि लोयणयाĩ,नाइ विही सीसं चरइ,दिन्नौ पाउ जराए.	That is what the body is for, that is what it is made of, not what it consumes but what it drinks.
तĩ पहु धणिय घरॆण घरु नयणिहĩ दाइय सो हु;,एवहि जर-नीहोडियौ,पडिजिय अच्छइ एहु.	Your highness, Don't leave home without a maid; It's my brother - in - law's house. If you don't come with me again, My husband will come with you.
लट्ठी-धरिय-कडॆवर गय-जॊवण ऎवम ऎव सन्तुट्ठ;,सहइ कडुयं पि भणिऒ: गऒ तुमं रूसिउं कालॊ!	The young man is always satisfied, Even when he is bitter He says:"" ""Go, you angry farmer!
सिरु पलियũ मुहũ वलि-भरिउ; जर लग्गी हय नाम,मरणं होइ अचिन्तियũ; धम्मु करहि जिय नाम.	Siru palya, open your mouth, fill with pain; If you want to say the name, do not think of dying; The dharma protects the name.
चय महिलं मुह-कडुयं,चय मित्तं नत्थि जत्थ सब-भावं,चय सामियं अ-दायं,चयाहि परिभूया वासं च.	To choose a woman's face Is bitterness, to choose a friend Is not wisdom at all, To choose politeness is dishonesty, And kindness is the nature of love.
आलत्तं चिय रूसइ,भिउडिं काऊण दॆइ उल्लावं,महिला-छलॆण पुरिसं बाहॆइ पुराणयं कम्मं.	Tears flow from the fire, Applause rises from the deaf ears, Deceit from women and deceit from men - This is the work of the ancients.
महिलाण ऎस पयई: सव्वस्स करॆन्ति वॆमणस्साइं;,तस्स न करॆन्ति नवरं जस्स अलं कामयन्तॆणं.	Women are like this: Everyone calls him Vemanas, But they do not call him Navram, As if he had no other work.
पिय-जण-अपत्त-भॊगा बालत्तणयम्मि गहिय-सामण्णा,अ-द्दिट्ठ-पिय-विऒगा जियन्ति मुणिणॊ सुहं लॊऎ.	Dear one, If you want to live peacefully As a child, You have to travel long distances, Get wet very quickly, Get drunk very slowly, And be content as a man.
सु-लभॊ विमाण-वासॊ,ऎग-च्छत्ता य मॆइणी सु-लभा;,लॊगम्मि नवरि दु-लहा पाया जिण-वद्धमाणस्स.	Well - loved, Viman - Vaso, Well - chosen, Or well - loved; A slovenly wife has found a panacea For distress.
उच्छू सहाव-महुरॊ,निम्बॊ कडुऒ हुयासणॊ डहणॊ,सुयणस्स दुज्जणस्स य पयइ-विसॆसॊ सहावॆण.	Exhaustion is the friend of bees, Lemon is bitter, Poison is poisonous, And selfishness is the enemy of the wicked.
जं उप्पलस्स पत्तॆण छिज्जऎ किं व सत्थ-मग्गॆणं?,महुरम्मि भाणियव्वॆ,किं तॆ कडुऎण भणिऎण?	What is that thirst that I seek after?"" asked the sage, ""Why do you say that out of bitterness?
महुर-वयणॆहĩ आसासिऎल्लया जॆ गया पर-विऎसं,तॆ ताĩ सम्भरन्ता,अन्नत्थ रइं न बन्धन्ति.	Mahur - Vayne hain, Assasi lele, Je gaya par - vyasam, Te sambharanta hai, There are no bonds between others.
कडुय-वयणॆहĩ निब्भच्छियल्लया छिन्न-पॆम-सम्बन्धा,तॆ ताĩ सम्भरन्ता,तत्तॊ यपरॆणवच्चन्ति.	A bitter wife is like an empty vessel, Broken and affectionate; She is always at hand, Always looking out for someone else.
धन्नाण हियं च मियं च गाहयं दॆस-काल-भणियं च,न य पर-लॊय-विरुद्धं गुण-पत्तट्ठं भणइ जीहा.	A wise man knows what is good for the country, what is bad for the times, and what is right for the people.
ऎसा सत्ति-पहारॆ य कस-पहारॆ य बल-पहारॆ य,उच्छहइ दवावॆउं दु-विणीया अत्तणॊ जीहा.	Such is the life of the simple, Steady, Strong, Compelling woman.
जॊ दुज्जणॆण मॆत्ती करॆइ सुयणॊ त्ति नाम कलिऊण,सुविणय-लद्धॊ व निही पच्छा इच्छं न पूरॆइ.	One who curses an evil person, Calls a good person by name, Fights well, And does not satisfy one's own desires.
दुज्जण-संसग्गीऎ आवाऎ उच्छु-खण्ड-महुराऎ;,विसम इव अणाय-गिलियंपच्छा हॊई अ-पत्थाऒ.	The wicked come to one's rescue, The headman's son - in - law comes to another, And the arrow is blown to smithereens.
जइ कन्चणं गिरीऒ जायइ च हत्तीऒ,विणऒ य कुलीणाऒ,कॊ दॊसॊ आयरॊ चॆव?	If the conch shell falls off, The elephant goes on its way, Or the weaver or the nobleman goes on his way. Who is to blame?
पडिवयण-समत्थॆणं सहियव्वं दुज्जणस्स सुयणऎण:,न य पट्ठिम्मि निलीणॊ वसहस्स सिरिं हरइ काऒ.	The poor traveler must put up with the bad man's sleep: Don't make a fool of yourself By wasting your breath on the wrong thing.
ऎक्कॊ खमाए दॊसॊ सव्वालन्कार-भूसिय-गुणाऎ,अ-समत्थॊ त्ति गणिज्जइ जं पुरिसॊ दुज्जण-जणॆण.	One bad man outweighs all good men, the other bad men outnumber good men.
तिसु जॆ अ-दिट्ठ-पुव्वा राय-कुलॆ गुरु-कुलॆ य वॆसासु,विण्णाण-माण-लडहत्तणाण तॆ बाहिरा हॊन्ति.	Tissue, which is invisible to the naked eye, is external to the mind, mind, and intellect.
नाऊण य विण्णाणं काऊण य समर-साहसं कम्मं,लन्घॆऊण य Mऎरुं पुण्णॆहĩ विणा सुहं कत्तॊ?	What is happiness without a long walk, A walk in the sky, A struggle with others, And a good night's sleep?
कालॆ उवणिज्जन्ती थॆवा वि महॊसही जियावॆइ:,अमय-रस-मीसिऎण वि मयस्स किं लावय-रसॆण?	Kale uvanijanti theva vi mahosahi jiyavei:,"" ""Why should my mind be consumed by nectar - juice - mica?
न्हायस्स य धॊवत्ती जिमियस्स य जं च तं च तम्बॊलं,अवसर-पढिया गाहा,तिन्नि वि सग्गं विसॆसन्ति.	Whether it's a bath or a shower, A tent or anything else, Opportunity has taught me a lot, And all three of them go together.
नीयं च लद्ध-पसरं सिप्पि-पौत्तं च अत्थ-संजुत्तं,महिलायत्तं च घरं,तिन्नि वि सूलं विसॆसन्ति.	Destroy yourself, scatter abroad, pollute the earth, decorate the house with women, and all three attain immortality.
थक्कॆ भणियं सॊहइ,थक्कॆ भणियं सुहावहं हॊइ;,अ-त्थक्कॆ पुण भणियं कयं पि कज्जं विणासॆइ.	A tired brother is pleasant, A tired sister is pleasant; In other words, a satisfied brother leaves no stone unturned.
किं तम्मॆह पलायह जं सरणं नत्थि ति-हुयणॆ सयलॆ,मॊत्तुं जिणॆन्द-वयणं,सॆसं सव्वं कलयलॆइ.	Why did you run away When there was nothing more for you to do? The whole world was at your feet, Everything went awry.
सुयणॊ सरल-सहावॊ मइलिज्जन्तॊ वि दुज्जण-जणॆण,छारॆण दप्पणॊ व्विय अहिययरं निम्मलॊ हॊइ.	A good man is simple, A dirty man is filthy, And an evil man is knowledgeable; But to be oppressed by flattery Is to be utterly worthless.
सुयणस्स दुज्जणारूसियस्स कडुयाĩ भन्नमाणस्स,कमल-मौलॆ व्व भमरॊ बाहिर-हिण्डी भमइ रॊसॊ.	A swollen lotus is a poisonous poison, A bitter nectar is the poison of the mouth, A lotus - hairy bee is the bumble bee's nemesis.
जह जह अणुयत्तिज्जइ तह तह नीयत्तणस्स दॊसॆण,वट्टा-धूलो व खलॊ चडइ सिरॆ नत्थि सन्दॆहॊ.	As the atom is cooled, So is the fragrance of fresh air, Drenched with dust and soot, Not in the head But in the body.
जॆण विणा न जिविज्जइ अणुणिज्जइ सॊ कयावराहॊ वि:,पत्तॆ य नगर-दाहॆ भण कस्स न वल्लहॊ अग्गी?	If one cannot live without fire, how can one live without it?"" asked the hunter, ""In this wretched town, tell me, Who doesn't like fire?
तं जम्पन्ति सु-पुरिसा तं चिय पमुहॆ करॆन्ति पडिवत्ती,रयणायरॊ व्व वॆलं कालॆण वि जं न लन्घॆइ.	She embraces him, He embraces her, And makes love to her: Though the wind does not blow, There is plenty for the women to do.
पर-तत्ति-तग्गय-मणॊ दु-स्सीलॊ अलिय-जम्पऒ चवलॊ,जत्थ न दीसइ लॊऒ वणं पि तं च'ऎव रमणीयं.	Par - tatti - kneading - mano - milking - aliyah - jumping - cunning, Wherever one does not see the forest The forest is still very picturesque.
जॊ जस्स निय-सहावॊ सज्जण-संगॆ वि सॊ तहा चॆव,बाणॊ धम्मॆ वि ठिऒ गुण-गहिऒ तह वि मारॆइ.	One who speaks kindly, even to gentlemen, shares the same words, shows the same virtue as an arrow, and even kills it.
खल-संगॆ परिहरिऎ,पॆच्छह तिल्लॆण जं फलं पत्तं:,मयणाहि-सुरभि-गन्धं पहु-सीसं पावियं जॆण.	Travel with the wind, See what grows on the leaf, Smell what smells of nectar - The scent of fragrance Reaches the very soul.
जॆहिं चिय उब्भविया जाण पसाऎण वड्ढिय-पयावा,समरा डहन्ति विंझं: खलाण संगॊ च्चिय विणासॊ.	As the wind blows, So does the warrior's bow, And as the wind stirs up the ship's rudder.
सुयणाण नॆउराण य सुव्वन्तॊ सुइ-मणॊरहॊ सद्दॊ,सॊ च'ऎव कण्ण-कडुऒ नियलाणं दड्ढ-पिसुणाणं.	A sleepy woman is like a needle in a needle, Like a good man, Like an eye that is prickly And a sieve that is thick.
नागॆहĩ वणं कागॆहĩ उववणं राउलं पिसुणऎहिं,रुद्धं मयरॆहĩ जलं: हय-विहि सुयणॊ कहिं जाउ.	Snake, The forest is black, The waves are rolling in, The water is red like a peacock's tail: Where can we sleep now?
तं नत्थि नरॆन्द-घरं सयलॆ महि-मण्डलॆ भमन्ताणं,जत्थ अ-कारण-कुविया दॊ तिण्णि खला न दीसन्ति.	There is no room in that empty house For the bees to roam, For the crows will not leave, Not even for a moment.
अच्चन्त-निम्मलाण वि मॊल्ल-महग्घाण सार-गरुयाणं,मणियारओ व्व खल-यणॊ रयणाण वि कुणइ छिड्डाइं.	Atchanta - nimlana, vi molla - mahaggana, sarasa - garuyan, maniyaras, khalas - yanasa, and rayanas are also sprinkled with qualities.
जासिं च'ऎव नईणं वसहा घुण्टन्ति पाणियं तिसिया,तासिं च'ऎव नईणं सिंगॆहिं तडी विणासॆन्ति.	The moment a new plant blooms, The water will boil in it, And the moment it does not, The new plant will start to sprout.
सरिसॆ माणुस-जम्मॆ,डहइ खलॊ सज-जणॊ सुहावॆइ:,लॊहं चिय सन्नाहॊ रक्खइ जीयं असी हरइ.	We are all one people, One person is worthy of respect, Another person is pleasant to deal with, And one person protects another.
जॊन्हा-जलॆण चन्दॊ धुवइ कलंकं दिसा-वहु-मुहाण,न य धुवइ निय-कलंकं; सव्वॊ मुज्झइ स-कज्जॆसु.	The burning moon washes away the blemishes of one's face, not the scars of another's nose; all is fair play.
जॊ जस्स वट्टए हियए सॊ तं ठावॆइ सुन्दर-सहावं:,वग्घी-छावं जणणी भद्दं सॊमं च मन्नॆइ.	What's worthless remains beautiful, And what's ugly stays pure.
रत्तॊ दुट्ठॊ मूढॊ पुव्विं कु-ग्गाहिऒ य चत्तारि,उवऎसस्स अणरिहा; अरिहॊ पुण हॊइ मज्झ-त्थॊ.	The blood is red, The foolish embrace the foolish, And the talkative cry, Unsure of the truth; Yet again my heart is full.
सव्वॊ परस्स पॆच्छइ वाल'-अग्गाऒ तणूणि छिड्डाणि;,नियय-कयाĩ न पॆच्छइ Hइमगिरी-सिहर-प्पमाणाइं.	Everyone looks at each other'- The fire is quenched by the flame; Destiny - Why not look at her? - The sky is red.
रत्ता पॆच्छन्ति गुणा,दॊसा पॆच्छन्ति जॆ विरज्जन्ति;,मज्झ-त्था पुण पुरिसा दॊसा वि गुणा वि पॆच्छन्ति.	Roots multiply, doshas increase, those that separate increase; again, men's faults increase, and so on.
करिणॊ करि-सन्घट्टॆ,पत्थर-नियरॆ सुवण्ण-रॆह व्व,निव्वडइ वसण-कसवट्टयम्मि सारॊ कुलीणाणं.	Do - In the evening, stone - near, gold - in the shade, spring - in winter All decency.
सब्भाव-नॆहमइऎ रत्तॆ रच्चिजइ त्ति जुत्तम इणं,अण-हियऎ पुण हिययं जं दिज्जइ तं जणॊ हसइ.	Everything is good in nature, Everything is bad in nature. But to give one's self a good laugh Is laughable.
हीरन्ति जॆ गुणॆहिं ववगय-नॆहा वि जॆ न नज्जन्ति,रुन्नं पि जॆसु अग्घइ तॆ पुत्त कलिम्मि अत्थमिया.	Those who do not see eye to eye, those who are virtuous - Even though they do not know how - Cry like fire, For that is the nature of the soul.
विसम-सहावम्मि जणॆ न याणिमॊ कह गुणा विढप्पन्ति,हिम-सीयलॆ वि किरणॆ नॆच्छइ नलिणी मियन्कस्स.	Those who suffer from nausea and vomit Are not able to multiply with each other, Not even with frost does the plowman's wife see the rays of the moon.
सॊहिय-संववहारॊ सब-भावॊ गरुयया खमा तुच्छा,विहडन्ति बन्धवाण य कलि-काल-पयाव-दॊसॆण.	Friendship, politeness, good manners, kindness, humility, absence of attachment, virtue, time, affection, etc., are everything.
कण्हस्स कालिऒ फण-मणिम्मि सिट्ठॊ अ आ अ आ आ आ,दॆह'-उप्पन्ना वि विसं चयन्ति दॆवॆ पराहुत्तॆ.	Goose pimples, black ghee, lotus petals, and a clump of nectar - The devil is at hand to chew the poison.
कॊ व न दुक्खं पत्तॊ? सुहं व भण कस्स सासयं अत्थि?,कस्स निरन्तर-पणऒ? सॊहग्गं कस्स अ-क्खलियं?	Who is not distressed? Who is happy and who is speechless? Whom are you constantly asking? And who is unhappy with your life?
सव्वॊ पुव्व-कयाणं कम्माणं पावऎ फल-विवागं;,अवराहॆसु गुणॆसु य निमित्त-मॆत्तं परॊ हॊइ.	All flowers yield good fruit, But one should be careful not to spoil them by their own qualities.
नौ वि करन्तह सु-पुरिसह,जइ दइवह न सुहाइ,का वि अवत्थ स सम्पडइ जा चिन्तणह न जाइ.	If you do nothing else, you will have a good time; if you don't have any pleasure, you won't be able to make a living at it.
अन्नह परिचिन्तिज्जइ सहरिस-कण्ड'-उज्जुऎण हियऎण;,परिणमइ अन्नह च्चिय कज्जारम्भॊ विहि-वसॆण.	Without knowing it, the hearth is illuminated by the buds of the trees; without knowing what to do, one's business begins again.
विहिणा वि नडिज्जन्तॊ सव्वॊ च्चिय भणइ अट्ठमॊ चन्दॊ;,चन्दस्स ड़ाहु-गहणॆ,तइया कॊ अट्ठमॊ आसि?	Even among widows, Everyone says the eighth moon; The moon is dark - Who is eighth to you?
विउपु नह-यलु रहवरारुढु,दु-प्पॆच्छा तसु किरण,अत्थ-सिहरु दुग्गमु सुणिज्जइ,विहि-विहियं थू परिणमइ,तेण सूरु राहĩ गिलिज्जइ.	The wind does not blow, The road is slippery, The sky is dark, The roads are impassable, The streets are deserted, The sun does not shine, And the streets are swallowed by it.
भुवणप्फालु वि धणु समइ,वब्बुल-हॆट्ठि ट्ठिओ,ओहु पॆक्खु न किं गिलन्तइं,देवाह वि एह दस,विहि करन्तु किं किं पिलिज्जइ?	The buffalo falls at the same time, Wobbles fly high, The peacock flies high. Why not swallow it? Even the God of Love has ten? Try looking! What's the point?
धन्नु सुवण्णũ ति-हुयणहु,दिन्नौ होइ हरॆण,तस्स वि थू विहि-विहिउ धणु; सङ्करु नग्गइ तॆण.	Wealth is everything, Give it to everyone, Spit it out, And drink it in abundance; Do not be stingy.
जा तइ-लुक्कह नाह किर सम्पइ फेडइ देइ;,तह वि जराऔ Hअरह धणु; गलि हड्डĩ परिहेइ.	Go and hide, or else the whole world will break loose; Yet, my dear, Wealthy man; The street is covered with bones.
अन्ने भणन्ति झणद्दण Hअरह तिइज्जौ भाउ,तस्स वि दइविं निम्मियौ सयणिउ कालौ काउ.	Anna says,"" ""Hurry up, you silly brother, It's only because you refused to budge.
विहि-विहियं चिय लब्भइ,अमयं दॆवाण Mअहुमहॆ ळच्छी,रयणायरॆ वि महिऎ,Hअरस्स भाऎ विसं जायं.	The fire is burning brightly, I am angry, My lover is angry, The rivers are overflowing with rainwater, And my brother is dying.
पुत्तय विहि-वसि विनडियइ,कॊ ति-णयणि साहारु?,जिं Hअर-वसहु वि तिण चरइ,ॐासुगि पवणाहारु.	My son, Who is staying here? Who is going to help me? Even a hermit can graze on paddy. I will take care of my husband.
जइ वि ति-णयणु ऎक्कु पुहइहिं,वन्दिज्जइ सुर-गणिहिं,तो वि तासि वढ किह णमिज्जइ?,सरणागौ जासु सिर अ,सिरहु लेवि ड़ाहिं गिलिज्जइ.	If you want to make love With someone else, You will have to kneel before me, So why am I kneeling next to you? Your head hangs down like a bow, And your head is swallowed by Levi's teeth.
मज्झॆ जडाण निवसन्तयस्स कत्तॊ गुणाण वित्थारॊ?,Hअर-ससिणॊ तं बहुयं सा वि कला जं न सॆ झीणा.	How many virtues have you scattered While living in my heart?,"" ""A good many are acquired through hard work, But an art that is not so delicate.
थॆवॆहि वि हॊइ गुणॆहĩ गारवं नि-ग्गुणाण मज्झम्मि,भण्णन्ति जॆण मणुया,सरॆहĩ कूया वि कूय-सरा.	There must also be virtues, Such as pride and self - worth, In my heart, Like a man who is dishonest, In the heart of everything There must be some faults.
जह मूसगस्स ऎक्कॆण वीहिणा दॊ वि वावडा हत्था,तह अ-मुणिअ-कल्लाणा थॆवॆण वि उत्तुणा हॊन्ति	As the bamboo shoot pierces a tree, So does the unbending stone pierce an elephant.
गुणवन्तयाण जाणह हॊन्ति गुणा पायडा मह'-अग्घाया,मणि-रयणं चिय गॊट्ठॆ गॊवा तक्कॆण मग्गन्ति.	The virtuous traveler knows how to multiply by a great fire, The go - between mani and rayana, And the goan begs for a piece of wood.
अ-भणन्ताण वि नज्जइ विण्णाणं सु-पुरिसाण चरिऎहिं,किं बॊल्लन्ति मणीऒ,जाओ सहस्सॆहĩ घॆप्पन्ति?	Speak little, speak little, and speak well. How can you say little, Mani? Go and make love With your husband.
अट्ठत्तणाĩ आ आ अ आ जह'-इच्छाए नि-ग्गुणाणं पि,सज्जण-सलाहणिज्जा सॊक्खॆहĩ गुणा विढप्पन्ति.	As soon as one knows what is wrong with one's character One forgets what one desires, One's pride and selfishness increase manifold.
पुव्व-कय-असुह-कम्मॊ पुरिसॊ अ-सुहस्स उव्वियन्तॊ वि,निवडइ अ-सुह-क्खलिऒ कलि-कलह-किलॆस-जालम्मि.	A man who is full of faults, Who is unhappy with his actions, And who is content with his pleasures, Chooses the wrong path, And whose path is blurred By faults.
जाणइ सु-य-अन्धयारॆ वि वच्छऒ मायरं गवॆसन्तॊ,दइयं च मुणइ हिययं,वॆसं जाणन्ति नयणाĩ.	He knows what is good and what is bad, He treats with kindness and treats with courtesy, And knows what isn't.
जस्स न वण्णॆइ जणॊ सज्जण-गॊट्ठीसु गुण-सहस्साइं,किं तस्स जणणि-जॊव्वण-विउडण-मॆत्तॆण जम्मॆणं?	One who does not know the virtues of gentlemen and gentlemen, What is there for him to gain by birth, youth, and widowhood?
मा दॊसु च्चिय गॆण्हह; विरलॆ य गुणॆ पसंसह जणस्स:,अक्ख-पौरॊ वि उयही भण्णइ रयणायरॊ लॊकॆ.	Do not be deceived; People with rare qualities and preferences, Even a good man and a poor woman, Will tell you the same as a generous man.
सव्वॊ गुणॆसु रज्जइ; गुण-रहियं कॊ जणं सम्मल्लियइ?,कुसुमं पि गन्ध-रहियं पत्तिय भमरा न सॆवन्ति.	All virtues flow from one person to another; who possesses these qualities and how?"" The bee does not eat the leaves because they smell of safflower.
गुण-जाल-बद्ध-मूलॆ सच्च-फलॆ नॆय-पल्लव-सणाहॆ,नॆहमइयम्मि सुयणॆ,मित्त-दुमॆ कॊ न वीसमइ?	Trait - web - bound - Root - Truth - Fruit - Nai - Pallava - Taste - Who can't sleep peacefully, Friend - Doom?
स-ब्भावियं सिणॆहं सम-दुक्ख-सहॆज्जयं सु-सीलं च,दूरालॊय-विहसियं कॊ मित्त-सुहं न सम्भरइ?	Friendship is pure, Love is equable, Affection is congenial, And love is pure; Who can't remember a friend's happiness While living far away?
गुज्झस्स संनिहाणं,सुहस्स दुखस्स कहण-वीसमणं,ऎक्कं पि जस्स मित्तं नत्थि हु किं तस्स जीऎणं?	Humor is bliss, pleasure is sorrow, silence is jealousy, for what use is a friend if he has no one to turn to?
तं मित्तं कायव्वं जं मित्तं वसण-दॆस-यालम्मि,आलिहिय-भित्ति-वाउल्लयं व न परम्मुहं ठाइ.	Make a friend of him Whom you trust, In the neighborhood, in the wall, And in no other place.
बद्ध-सिणॆहॊ अइयार-वल्लहॊ अप्प-कज्ज-मइ-कुसलॊ,वज्जसु कऒ वि मित्तॊ ऎयावत्थॊ तुमं सु-यणु.	Friend - bound, Friend - dear, Appa - busy - angry, Vajsu - someone - friend! That is how you become happy.
मज्झ-त्थॆण वि ससिणा चक्काण न तीरऎ पियं काउं;,विहडण-सन्घडणं चिय,पुणॊ वि मित्तॊ च्चिय करॆइ.	Though I am busy making love, I cannot stop making love; Though I want to make love again, I must make friends again.
जह स-रसॆ तह सुक्खॆ वि पायवॆ वहइ अणुदिणं विंझॊ:,उच्छन्ग-वड्ढियं निग्गुणं पि गरुया न सिढिलन्ति.	As long as one enjoys happiness Such a dry stream flows from one day to the next: Though overgrown with weeds One cannot force one's way out.
उत्तम-जण-संसग्गी कायव्वा जइ वि नि-प्फला हॊइ.,मॆरुस्स कडए लग्गं तणं पि तं कन्चणं हॊइ.	If one practices good company, one is bound to fail. If one sticks to a tree, one loses one's conch shell.
एह न चिन्त महा-दुमह जिव महु मूलु पलीणु,निसि अन्धारी वप्पुडा सौणा कत्थ निलीणा.	Don't think that this is a big deal - Two hundred lives are at stake, Roots ripe for honey, And the Vappudas dark - eyed. How stupid is that?
जॊन्हा-जलॆण भुवण'-अन्तराĩ दॆ भरसु पुण्णिमा-यन्द:,कॊ जाणइ अ-थिरा कॆ-चिरं च तुह ऎरिसा रिद्धी?	Jonha - Jalen Bhuvana - Antara ̄ ya ̄ da, De bharasu, Puni ̄ mi ̄ -Yanda ̄ ha: Who knows what your anger and anger are toward me?
दिज्जइ धणु मग्गन्ताहã; पत्त-परिक्खह काĩ?,किं वरिसन्तौ अन्क-हरु,जोवइ सम-विसमाĩ?	Give, ask for wealth; What is the matter with leaves?, What are the marks of inheritance, Which are equal to one and the same?
बलि-बन्धण पॆक्खेवि नरु,पत्त-परिक्ख करेह,ओहु भट्टौ न उच्छुडइ,जो नि-स्सीलह देइ.	Sacrifice - Tie women tightly, leaf - examine them, Don't blow up a furnace That does not burn.
दॆज्जसु मा सन्कॆज्जसु; ऎसा सु-महग्घ-रयण-निम्मविया,पुत्त स्री मयहर-थाल व्व य वारॆण सन्कमइ.	Do not trouble yourself; this is the way of a good man - Expensive raiyana - Nimmavya, my son - The way of my heart Is always troublesome.
अण-अवरयं चिय दॆन्तॊ,कॊइ नरॊ हॊइ विउल-रिद्धिल्लॊ;,निच्चं चिय सन्चन्तॊ कॊइ सया दुग्गऒ हॊइ.	One cannot hurt an innocent person, One cannot harm a wicked one, One can only cause pain by thinking badly of oneself.
राय'-अग्गि-चॊर-हरिऎ लक्ख-सहस्सॆ कहॆइ पर-नट्ठॆ,अब्भत्थिऒ उ जम्हा,दालिद्दं दाण-गहणं च.	Raya"" - The fire, the pasture, The greenery, The lac, The trees, The paddy, The yam, The pomegranate, The wheat, The millet, And the wheat.
थॆवा वि सा गणिज्जइ रिद्धी जा सयल-लॊय-सामन्ना:,पिज्जइ वाविए जलं,न उण समुद्दस्स थॆवं पि.	Thewa vi sa gunajje riddhi ja sayal - loi - samanna:,"" ""Water is drunk by mouth, There is no water in the ocean without water.
तं तत्तियं जलं सायरस्स सॊ च्चॆव परम-वित्थारॊ;,ऎक्कं पि पलं तं नत्थि जं पिवासा निवारॆइ.	That scalding water from the sapphire is the supreme purifier; there can never be another one that repels thirst.
ना खज्जइ ना पिज्जइ,ना दिज्जइ विहलाहं,धत्तूरा-हलु जइसि,सम्पै हॊइ खलाहं.	It neither digs nor drinks, It neither gives a sigh of relief, It hurts only to be stirred up, It spoils everything.
चाइ-अण-कर-परम्पर-परियत्तण-खॆय-वसण-परिसन्ता,अत्था किवण-घर-त्था सत्थावत्था सुवन्ति व्व.	Chai, anar, kar, parampara, pariyattana, khai, vasana, parisanta, attha, kivan, ghar, tha, satthavattha, and svanti.
सव्वायरॆण तइया थुत्थुक्किय-रक्खिया पयत्तॆण,किविणाणं जा रिद्धी पर-सावत्था कुमारि व्व.	By all means, you spittle - The rakhi is worn by women, By what means can one go abroad - Like a chaste maiden.
ओहय अच्छइ थुत्थुकिय सम्पय किविण-घरेहĩ,थेरेण वि विवाहीय भुन्जेसी अवरेहĩ.	Oh! what a thrill it is to hear the whole thing from the housetop, For even the unmarried Bhunjesi is averse to it.
सीसं पलिय-पलित्तं थण-अन्तरं वियलिया मुहॆ दन्ता,कम्पन्ति दॊ वि हत्था; तह वि मणं जॊव्वणं वहइ.	The hair on the head is pale, The nipples are loose, The mouth has teeth that quiver, And the hands tremble; So too does the man carry youth.
दूरोणामिय-भमुहा,पऎ पऎ किं विसॆस-पुच्छन्ता,नट्ठं च जॊव्वणं महि-यलम्मि थॆरा गवॆसन्ति.	Foolish woman, Why ask such a question? Young men go to and fro While women are busy making love.
परिहणु पर-करेहĩ परिहिज्जइ,दियहि दियहि अन्गं परिझिज्जइ,भूमिहि कर ठावेवि उठिज्जइ,तह वि धम्मु अणुदिणु न वि किज्जइ.	When touched, the doer is purified, when touched, and when touched; When touched on earth, it is uplifted; Even during the day Dharma is not purified.
सिरि ऎक्क'-ऎक्कं पलियडं,पइट्ठं अग्गी-बाणु,नीसरु जॊव्वण-पाहुणा,जर खण्डेसी माणु.	Siri ekkaam paliyadam, paitham aggi - vaanu, nishra youth - paithuna, zara khandsesi manu.
भवियाण तं महायस संसार-समुद्द-निच्च-पडियाणं,निज्जामऒ सि सामिय दुग्गय-सलिलॆ निबुड्डाणं.	A good man is one who manages the world, One who manages his own life, And one who controls his own circumstances.
ऎअं गाहा-कॊसं जॊ पढइ वियड्ढ-विरइयं लॊकॆ,सॊ पावि विउल-रिद्धी जणम्मि सॊहग्गयं लहइ.	A gentleman who studies in a deaf and mute world Gives pleasure by being born blind.
जिण-सासणम्मि भत्ती,पण्डिय-गॊट्ठी विसिट्ठ-संसग्गी,मुणिवर-दाण-पसन्गॊ न हॊइ थॆवॆहि पुण्णॆहिं.	Life and death are frivolous, Friendship and companionship are relative, Charity and giving are immutable.
न य बाहइ कमल-वणं; अप्पा पीणइ पिऎइ मयरन्दं,ऎसॊ भमर-जुवाणॊ कॆणइ निउणत्तण-गुणॆण.	No lotus - forest outside; my father drinks my mother - in - law's nectar; this is the bee - lizard's poison.
लज्जिज्जइ जॆण जणॆ,मइलिज्जइ निय-कुल-क्कमॊ जॆण,कण्ठ-ट्ठिऎ वि जीऎ,मा सुन्दर तं कुणिज्जासु.	Shy person, Dirty person, Nasty person, Throat - tight person, Don't be so touchy.
आरॊग्ग-सारियं माणुसत्तणं सच्च-सारिऒ धम्मॊ,विज्जा निच्छय-सारा,सुहाĩ सन्तॊस-साराइं.	Righteousness is the essence of all humanity - all is dharma, knowledge is pure, happiness is bliss - all.
पत्तम्मि य पाहुणऎ,किं काही दुग्गऒ तुरन्तॊ वि?,अन्धॊ मलिऎहिं लॊयणॆहĩ अन्धॊ च्चिय वराऒ.	The door is open, Is there anything wrong with it?"" asked the blind man. ""The blind man has found a place for himself.
जॆण ण किंचि वि कज्जं तस्स वि घरम आगयस्स जॆ सुयणा,निच्चं पहसिय-वयणा निय-सीसं आसणं दॆन्ति.	If you have no other work, You better come home early, For those who sleep well And give your husband a seat by the street.
विणु धम्मिं हिय-इच्छियĩ आसा-वहि वट्टन्ति,कण्डु कविलु जिमु काउरिस पर-लालह घुण्टन्ति.	Words flow from one's heart to another, Like wishes come and go, Like a tendril on a cow's back They pierce with redness.
नमिऊण परमपुरिसं पुरिसुत्तमनाभिसम्भवं देवं,वुच्छं पाइयलच्छि त्ति नाममालं निसामेह	I will dedicate my life to worshiping the Supreme Personality of Godhead, For I have found that true bliss in my name.
कमलासणो सयम्भू पियामहो चउमुहो य परमिट्ठी,थेरो विही विरिञ्चो पयावई कमलजोणी य	Kamalasana is like a lotus, Like a lover's kiss, Like the lotus on the mouth, Like an arrow pierced through by a poison.
दक्खायणी भवाणी सेलसुया पव्वई उमा गोरी,अज्जा दुग्गा काली सिवा य कच्चायणी चण्डी	Dakshayani Bhavani, Selsuya Pavai, Uma Gori, Ajja Dugga, Kali Siwa Ya Kachayani, Chandi
अक्को तरणी मित्तो मत्तण्डो दिणमणी पयङ्गो य,अहिमयरो पच्चूहो दियसयरो अंसुमाली य	A wasp's tail, A drunkard's friend, A daydreamer's lover, A heathen's wife, Aunt, A dishonest woman.
इन्दू निसायरो ससहरो विहू गहवई रयणिनाहो,मयलञ्छणो हिमयरो रोहिणिरमणो ससी चन्दो	Mother - in - law, The nights are long and the nights long, The winter is hot and the rainy season is hot And the winter is harsh.
धूमद्धओ हुयवहो विहावसू पावओ सिही वण्ही,अणलो जलणो डहनो हुयासणो हव्ववाहो य	Whether it be smoke, fire, water, or fire, It is the wind that makes the water flow.
मयरद्धओ अणङ्गो रइणाहो वम्महो कुसुमबाणो,कन्दप्पो पञ्चसरो मयणो सङ्कप्पजोणी य	My husband is angry, My wife is pale, My hair is wavy, I have five big breasts, And my other five breasts are full of sweat.
मयरहरो सिन्धुवई सिन्धू रयणायरो सलिलरासी,पारावारो जलही तरङ्गमाली समुद्दो य	Mother - in - law, The ocean is a mass of ripples, Like the rays of the sun Or just a trickle of water.
पीलू गओ मयगलो मायङ्गो सिन्धुरो करेणू य,दोघट्टो दन्ती वारणो करी कुञ्जरो हत्थी	Pilu gao mayaglo, mayanglo, sindhuro, karenu, doghatto, daanti, warana, karri, kunjro, haathi.
अम्बुरुहं सयवत्तं सरोरुहं पुण्डरीयमरविन्दं,राईवं तामरसं महुप्पलं पङ्कयं नलिणं	Amburuham saivattam saruruham pundariyamaravindam, raivam tamarasa, mahuppalam pankayam nalinaam
फुल्लन्धुआ रसाऊ भिङ्गा भसला य महुयरा अलिणो,इन्दिन्दिरा दुरेहा धुयगाया छप्पया भमरा	The flower blossom is fragrant, The bee has withered, The bees have washed the flowers away, And the hive is covered with bees.
रामा रमणी सीमन्तिणी वहू वामलोयणा विलया,महिला जुवई अबला नियम्बिनी अङ्गणा नारी	Rama is a lovely woman, Seemantini vahuna, Vamaloyana vilaya, Mahila juvayi, Abla niyambini, Angana nari.
सच्छन्दा उद्दामा निरग्गला मुक्कला विसङ्खलया,निरवग्गहा य सइरा निरङ्कुसा हुन्ति अप्पवसा	A sound mind is empty, A muddled one is fragmented, And an uninhibited one is empty.
रुइरं राहं रम्मं अहिरामं बन्धुरं मणुज्जं च,लट्ठं कन्तं सुहयं मणोरमं चारु रमणिज्जं	Tears flow, Love blossoms, Friendships last, And humanity at large. How pleasant it is to carry a log And to enjoy the pleasures of love.
मसिणं सणियं मट्ठं मन्दं अलसं जडं मरालं च,खेलं निहुअं सइरं वीसत्थं मन्थरं थिमियं	Sweat on the head, Sluggishness on the body, Mortality on the thighs, Play on the back of the head: Our twentieth month is my theme.
सन्धुक्कियम उद्दीवियम उज्जालीयं पलीवियं जाण,सन्दुमियं ऊसिक्कियम उब्भुत्तिययं च तेयवियं	Sandhukkiyam udiveyam uzhaliyam peelivyam jaana, sandhumiyam usikkiyam ubhuttiyam teivyam.
सयराहं नवरि य दुत्ति झत्ति सहसत्ति इक्कसरियं च,अविहावियम इक्कवए अतक्कियं तक्खणं सहसा	A good wife is worthless if she puts up with it all The moment her husband leaves her.
उप्पङ्को ऒप्पीलो उक्केरो पहयरो गणो पयरो,ओहो निवहो सङ्घो सङ्घाओ संहरो नियरो	Upako oppilo, Ukkero pahairo, Gan gana pyaron, Oh! life in a union, Sangha, Samharon niro.
सन्दोहो निउरम्बो भरो निहाओ समूहनामाइं,इत्ताहे गाहद्धेहĩ वण्णिमो वत्थुपज्जाए	Sandoho nirambo bharo nihao, these are the names of the group, Here it is the headman's wife Who decorates the forest.
लोयग्गं परमपयं मुत्ती सिद्धी सिवं च निव्वाणं,सुद्धोयणी दसबलो सक्को सुगओ जिणो बुद्धो	Destruction is the supreme dharma, Perfection is perfection, And renunciation is virtue. But wisdom alone triumphs over weakness and greed.
सउरी दसारनाहो वइकुण्ठो महुमहो उविन्दो य,सूली सिवो पिणाई थाणू गिरिसो भवो सम्भू	Aunt, It's only a beehive of nectar. When the needle hits the sesame seed It falls to the ground Like a bolt of lightning.
कञ्चारी खन्दो छंमुहो विसाहो गुहो कुमारो य,अमरा तियसा वन्दारया य विबुहा सुरा देवा	Kanjari khando, Chhindhu, Visaho, Guho, Kumaro, Amar, Tiasa, Vandarya, Yebuha, Sura, Deva.
अक्खण्डलो सुरवई पुरन्दरो वासवो सुणासीरो,रामो सीरी मुसलाउहो बलो कामपालो य	Aukhandlo suravai, purandar, vaasavo, sunaseero, Rama, siri musalauho, balon kaampalo ya.
पेयाहिवो कयन्तो कीणासो अन्तओ जमो कालो,वेसमणो निहिनाहो जक्खाहिवई कुबेरो य	To drink wine, To do something, To freeze food, To burn poison, To conceal one's true nature, Is to be a criminal.
अणिलो गन्धवहो मारुओ समीरो पहञ्जणो पवणो,विणयसुओ खयराओ तक्खो पन्नयरिऊ गरुलो	Aphids kill the scent of nectar, Poisons spoil the fragrance of flowers, Weeds dry the hair and cause burns.
उरओ अही भुयङ्गो भुयङ्गमो पन्नओ फणी भुयओ,हुन्ति दइच्चा दुणया सुररिउणो दाणवा असुरा	Ahi, ahi, bhuyango, panno, phani, bhuryo, Hanteya, dunya, surruyan, danwa, asura.
अब्भाĩ धूमजोणी बलाहया जलहरा य जीमूया,खं अब्भम अन्तरिक्खं वोमं नहम अम्बरं गयणं	Here's a woman blowing a lotus, Drunk on water, Running out of steam In the middle of the night, Singing her name aloud.
अम्बु सलिलं वणं वारि नीरम उदयं दयं पयं तोयं,सरिया तरङ्गिणी निण्णया नई आवया सिन्धू	Ambu salilam vaanam varum neram udayam dayam payam toyam, Saria tarangini ninjaya nayi avaya sindhu
वसुहा वसुन्धरा वसुमई मही मेइणी धरा धरिणो,अब्भपिसाओ राहू गहकच्छोलो विडप्पो य	Vasuha, Vasundhara, Come, let me hold on to what's left of my husband's heart. Let him be angry While I am distraught.
ढयरा पुयाइणो पिप्पया परेया पि सल्लया भूया,रयणियरजाउहाणा कव्वाया कोणवा रक्खा	Be careful, dear girl, Be careful not to fall into the trap of lying on your back, For someone will protect that young wife of Ryan's.
मन्दाइणी सुरणई गङ्गा भागीरही य जण्हुसुया,मेहा मई मणीसा विन्नाणं धी चिई बुद्धी	Mandaini suranayi, Ganga bhagirahin ya janhusuya, meha may manisa, without knowledge is the supreme wisdom.
जइणो तवस्सिणो तावसा रिसी भिक्खुणो मुणी समणा,मङ्गलपाढयम आगहचारणवेयालिया बन्दी	Jaina, penance, tavasa, rishi, bhikkhu, muni, samana, The Mangalapadyam is a prisoner of reckless conduct.
आसो सत्ती वाहो हओ तुरङ्गो तुरङ्गमो तुरओ,सङ्गामो सञ्जुयम आहवं रणं सङ्गरं समरं	Aso satti waho ho, Turango, turango, Sangamo, sanjuyam, Ahom, the call of the God of Love, Sangrama, the struggle of the races.
रोलो रावो वयलो हलबोलो कलयलो वमालो य,सेणा वरूहिणी वाहिणी अणीयं चमू सिन्नं	Roll on, cry on, Plow on, Play on, Swarm on. The army is dragging the bridegroom's arms around her.
रोरो अकिञ्चणो दुव्विहो दरिद्दो य दुग्गओ निस्सो,सत्तू अरी अमित्तो रिऊ अराई य पडिवक्खो	Weeping and gnashing of teeth, Poor and needy alike, Are the pleasures of nature irresistible, But weeping for the nectar of immortality Are the ways of the wretched.
कणओ सिलीमुहो मग्गणो इसू सायओ सरो विसिहो,पक्का सहा समत्था य पक्कला पच्चला पोढा	Is there a way out, Silly man, Is there any other way Out, The only way out Is through meditation? It's through firm faith, And the path is paved with grass.
कोयण्डं गन्दीवं धम्मं धणुहं सरासणं चावं,खग्गं असी किवाणं करवालं मण्डलग्गं च	A crook can steal wealth, A coward can steal beauty, And a traitor can steal treasure.
सिण्हा नीहारो धूमिया य महिया य धूममहिसी य,कल्लोलो उल्लोलो उम्मी वीई तरङ्गो य	The lion's nectar Is smoky, The buffalo is sighing, The kadalo is waving, And so is the woman's wave.
नीलुप्पलं वियाणह कुवलयम इन्दीवरं च कन्दुट्ठं,चन्दुज्जयं तु कुमुयं गद्दहयं केरवं सप्फं	Neeluppalam viyanaham kuvalayam indeevarum kandutham., Chandujayam thu kumuyum, Gaddahayam keravam sapham.
धयरट्ठा कायम्बा हंसा धवलसउणा मराला य,सउला सहरा मीणा तिमी झसा अणिमिसा मच्छा	Cautiously making love, Laughing loudly And sounding like a trumpet, You foolish town fish, You shameless flyer.
सउणा खगा सउन्ता पत्तरहा अण्डया विहङ्गा य,साणा भसणा इन्दमहकामुया मण्डला कविला	A dream is like a lotus, A leaf is an egg, A bird is a bird, A fragrance is like the moonlight, A poem is poetry.
पियमाहवी परहुया कलयण्ठी कोइला वणसवाई,मोरा सिही बरहिणो सिहण्डिणो नीलकन्था व	A lover's wife is like an acacia shoot, Like a sesame seed in a nectar - filled jar, Like the sapphires of a lion's tail.
साहामओ बलिमुहो पवङ्गमो वाणरो कई पवओ,पञ्चाणणो मयारी मयाहिवो केसरी सीहो	Friend, Sacrifice is a matter of face, speech is of tune, poetry is of many words, The lover of wisdom is like a bee with long hair.
बलिउड्ढा रिट्ठा वुक्कणा व ढङ्का य कायला काया,इल्ली पुल्ली वग्घो सद्दूलो पुण्डरीओ य	Bollywood sitar, Dhanka, Kayla kaya, Illi pulli, Wagho, Saddulo, Pundrio ya.
नन्दी तम्बा बहुला गिट्ठी मोला य रोहिणी सुरही,एणी हरिणी कमला मयी कुरङ्गी य सारङ्गी	Nandi tamba, Bahula giththi mola ya rohini surhi, Enni harini, Kamala mayi, Kurangi ya sarangi.
गोसो रयणिविरामो गोसग्गो दिणमुहं च पच्चूसो,घम्मो तावो डाहो उम्हा उण्हं निरोहो य	A tear in the eye, A touch of sweat on the cheek, A smile on the face of the day - There must be something wrong with you.
अंसू रस्सी पाया करा मऊहा गहत्थिणो किरणा,रयणी विहावरी सव्वरी निसा जामिणी राई	Tears were running down her cheeks, The rays of the scorching sun Were streaming down her face, And the nights were long.
आलोओ उज्जोओ दित्ती भासा पहा पयासो य,सन्तमसम अन्धयारं धन्तं तिमिरं तमिस्सं च	Lights are bright, Speech is bright, Love is abundant, And in the evening gloom prevails, So is Tamarind.
भवणं घरम आवासो निलओ वसही निहेलणम अगारं,रित्थं दविणं दव्वं सारो वित्तं वसुं अत्थो	A mansion is like a house, A flat is like an empty courtyard, Everything you do in life Depends on how well you manage your finances.
सेलो अयलो अद्दी सिलोच्चओ महिहरो धरो सिहरी,हेमं कणयं चामीयरं पसिण्डिं च तवणिज्जं	A swarm of bees is hovering just above the pond, Catch the beehive, Sweat the hemp pods And fondle them with its fragrance.
वाणी वाया भणिई सरस्सई भारई गिरा भासा,आयङ्को आयल्लो वाही तह आमओ रोहो	Vani via bhani, sarasayi, bharaayi, giraa bhaasa, ayanko ayllo, wahi, tahun mango roho.
मग्गो पन्थो सरणी अद्धाणं वत्तिणी पहो पयवी,उत्तंसो अवयंसो कन्नेली कन्नऊरो य	Wretched woman, If you ask me what it's like to have long hair, I will tell you, It's the hair of one's ears That grows long.
दुरियं कलुसं दुक्कयम अहं अहम्मो य कम्मसं पावं,मिच्छा मोहं विहलं अलियम असच्चं असब्भूयं	Duryodhana, kalusha, dukkayam, Ahommo, karma, paavam, michha, moha, vihalam, aliyam, and the unreal are incomparable.
साही विडवी वच्छो महीरुहो पायवो दुमो य तरू,कुञ्चलकुम्पलकोरयछारयकलियाउ मउलं ति	Friend, Are you sure you don't want to die? It's just a bunch of crickets Waggling around In a thicket of bees.
अवलेओहङ्कारो मओ मरट्ठो मडप्फरो दप्पो,उप्पेहडम उड्डामरम उब्भडम आडम्बरिल्लं च	Avaloe hunter, Mau is dead, mudflats are buried, Upehadam is flying, Ubbhadam is piled high.
अहिसारिया अडयणा य पंसुली छिञ्छई य दुस्सीला,जाया पत्ती दारा घरिणी भज्जा पुरन्धी य	Whether it's a helpless hunter, A ravenous bird, A miser, A poor housewife, Or a poor man playing the flute.
कबरी कुन्तलहारो धम्मिल्लो केसहत्थओ मउडी,चूला सिहा सिहण्डी सिंहलिया छिण्डओ चडओ	The crow licks the ground with its sharp claws, The hunter gathers the buffalo's tail, And the hunter chases after the lioness.
डहरो डिम्भो चुल्लो सिसू सिलम्बो य अब्भओ पोओ,चेडी दिल्लिन्दिलिया य दुद्धगन्धियमुही बाला	Fear the plowman's son - in - law:"" ""Silambo is a sesame field.
मुत्ती गत्तं बुन्दी सङ्घयणं विग्गहो तणू काओ,दुइओ बिइज्जओ अणुयरो सहाओ सहयरो य	Mutthi gattam, Bundi, Sanghayanam, Viggo, Tantu, Dwijyo, Bijjo, Anuyor, Sahaya, Sahayar.
चउरा निउणा कुसला छेया विउसा बुहा य पत्तट्ठा,मणुया नरा मणुस्सा मच्चा तह माणवा पुरिसा	A man is not so much a man as a woman,"" he said, ""So much for being clever, wise, clever, and clever.
वच्छीउत्तं जाणिह य चण्डिलं ण्हावियं च रत्तीयं,रमणो कन्तो पणई पाणसमो पिययमो दइओ	You know the difference between a moon and a new moon. What use is love When it comes to drinking water?
विच्छड्डो सामिद्धी रिद्धी विहवो सिरी य सम्पत्ती,जुयलो जुया जुयाणो पुयण्डओ बोद्रहो तरुणो	Stupid man, Wealth is everything, A good man is wealth, A gambler is gambling, A wise man is wise, And a youth is wise.
विवरं कुहरं रन्धं कुच्छिल्लं अन्तरं कुडिल्लं च,ओली माला राई रिञ्छोली आवली पन्ती	Information fills the air, Cooks the husks, Puts the buds inside the pots And puts the garland on the rice.
मइरेयं महुवारो सीहू सरओ महुं अवक्करसो,कायम्बरी पसन्ना हाला तह वारुणी मइरा	The bee is poisonous, The hive is dry, The bees are absent, The plowman's wife is busy making love, And Varuni is dead.
घोरा दारुण-भासुर-भइरव-लल्लक्क-भीम-भीसणया,दुस्सिक्खिय-दुच्चण्डिय-दुल्ललिया दुव्वियड्ढा य	The dark one - Bhasura - Bhairava - Lallaka - Bhima - Bhisnaya, The wicked one - Durchandiya - Dullaliya - The two great gods.
वाउल्लो जम्बुल्लो मुहुलो बहुजम्पिरो य वायालो,वुत्तन्तो य उयन्तो वत्ता य पउत्तिनामाइ	A bow is a clenched fist, A mouthful of kisses, A wind is a blowing, A blowing is a raising, And a patter is a patting.
कालो वेला समओ पत्थाओ अन्तरं अवसरो य,इहइं सम्पइ इण्हिं इत्ताहे सम्पयं दाणिं	Time alone is sufficient, the passage of time is sufficient; all this I will give you in return.
चिन्धाĩ वेजयन्तीऒ पडाया केउणो धया हुडुमा,कुप्पासो कञ्चुयओ गिन्धुल्लो वारवाणो य	Chindhya is a vegetable, Padaya is someone's medicine, Huduma is something wormwood, Vindhulo is something of a dishwasher.
जाण सिचयं कडिल्लं नियंसणं साहुली य परिहणयं,चेलं वासं वसणं च अंसुयं अम्बरं वत्थं	To know what is true, To control what is false, To manage what is real, To live what is not true, Is an inexhaustible boon.
हेला ललियं लीला विब्भोओ विब्भमो विलासो य,ईहा इच्छा वञ्छा सद्धा कामो य आसंसा	Hela lily, Lila, vibhoma, vilaso yo, This is desire, this is true kama, and this is hope.
बाला मूढा मन्दा अयाणुया बालिसा जडा मुक्खा,पामर-गहवइ-सेयाल-कासया दोणया हलिया	The child is dumb, The fire is dull, The hair is bristling, The farmer - the farmer - Has nothing to worry About, The plowman - Doesn't give a damn.
पोरच्छो पिसुणो मच्छरी खलो मुहुमुहो य उप्फालो,कमलो कुसुमालो तक्करो य पाडच्चरो थेणो	Whether it's a man kissing, A mosquito hiding, A kiss on the mouth Or a spittle on the cheek, A lotus blooming, Or a wasp hiding in the mud?
निद्धन्धसा निसंसा निच्चुड्डा निक्किवा अकरुणा य,रुन्दा पीणा थूला य मंसला पीवरा थोरा	Niddandhasa, nishamsa, nikkudda, akrunya, and raṇḍa are nothing but tears,"" Thula is nothing but a spittle in a man's mouth.
सरिसो समो सरिच्छो सङ्कासो सच्छहो समाणो य,कढिणा य कक्कसा निट्ठुरा खरा खप्पुरा फरुसा	Well, you're right, It's only a matter of time before I see you again, Sweetheart. Once you've had your way, You'll find it hard to swallow.
उत्ताणा उत्तणुया थिन्ना थड्डा य गव्विया दरिया,लोला लालस-लोलुय-उल्लेहडलम्पडा लुद्धा	Uttana uttanya thinna thadda ya gavya dariya, lola lalasa-loluy-ullehedlampada luddha
सन्नं खिन्नं सुठियं उव्वायं नीसहं किलन्तं च,आइग्गं उव्विग्गं उच्चेयं वुन्नम उत्तत्थं	Slow and dragging, Wavy and limp, Now and then higher and higher, I mean higher.
घडिअं विणिम्मियं विहियम आहियं विरइयं कयं जणियं,घत्तं कवलियम असियं विलुम्पियं वम्फियं खइयं	The clock is ticking, We are busy making friends, We have something to eat, We need something to drink, And the wind is blowing.
सच्चविय-दिट्ठ-पुलइय-नियच्छियाइं निहालियत्थंमि,पव्वालियमाउम्बालियं च सलिलुच्छयं जाण	I know what is true - what is seen, what is false - What is pure - pure - and what is pure.
रोमञ्चियम आरेइयम ऊसलियं पुलइयं च कण्ठइअं,पामुक्कं विच्छड्डियम अवहत्थियम उज्झियं चत्तं	Romanchium aureum, flute, and flute - these are the songs sung by the singers:"" ""Loud is the dismemberment of the pyre, Awhasty is the absence of fire.
निट्ठुइयं खिरियं छिप्पियं च नीसन्दियं च पज्झरियं,वेयडियं पज्झुत्तं खचियं विच्छुरिययं जडियं	Silly girl, Silly boy, Stupid girl, We're stuck in the middle of nowhere.
वोलीणं वुक्कन्तं अइच्छियं वोलियं अइक्कन्तं,पडिहत्थम उद्धुमायं अहिरेमइयं च अप्फुण्णं	Volume is inexhaustible until it fades, volume is infinite until it disappears, and form is impermanent until it is exhausted.
हक्खुत्तं उच्चूढं उक्खित्तुप्पाडियाĩ उद्धरियं,कोवासियं वियसियं विणिद्दमुम्मिल्लमुप्फुल्लं	The hunter has raised the goose, The shepherd has lifted the buffalo, The cow is poisonous, The weeds are poisonous And the grass is worthless.
बज्जरिय-सिद्ध-सूइय-उप्फालिय-पिसुणियाĩ साहिययं,पव्वायं वसुयायं सुसियं वायं मिलाणत्थे	Bajariya - siddha - sueya - upafaliya - pishuniyya: Friend, the good old days are spent in pleasantries.
विच्छूढं उच्छित्तं पणुल्लियं पिल्लियं गलत्थिययं,पेढालनियक्कलवट्टुलाĩ परिमण्डलत्थंमि	I am the circumference of the circle, Like a scorpion climbing up and down And like a puppy falling down and down.
टिविडिक्कियचिञ्चिल्लियचिञ्चइयपसाहियाĩ मण्डिययं,आलुङ्खियम आलिद्धं छिक्कं छित्तं परामुसियं	Twiggy girl, Slender girl, Sweet girl, It's the vermilion tree, Stupid tree, Hanging on by its branches And hiding under its branches.
सामग्गियम अवयासियम आलिङ्गिययम उवऊढम ओसत्तं,अग्घइ छज्जइ रेहइ विरायए सोहए सहइ	Contentment, detachment, embrace, boundless excitement, The fire that burns brightly Resides happily ever after.
सइ अविरयम अविरामं अणुवेलं सन्तयं सया निच्चं,छायं छउयं लयणं तणुयं तलिणं किसं खामं	Say, without ceasing, A long silence follows, A shadow hides, A bow stretches, A quiver quivers, And what's the harm in that?
ललियं वग्गुं मञ्जुं मञ्जुलयं पेसलं कलं महुरं,कोमलयं सुहफंसं सोमालं पेलवं मउ य	A lotus is a clot, A rose is a garland, A jasmine is a pot, A beehive of nectar, A sweet lotus looks like a lotus.
वियडं विउलं पिहुलं वित्थिन्नं वित्थयं उरु विसालं,खउरियम उच्चिंवलयं पट्टुहियं जाण कलुसजलं	The weeds are gone, The vines are scattered, The rivulets are wide, The straw is piled high, And the water in the pond Is stinking.
गाढं बाढं बलियं धणियं दढमइसएण अच्चत्थं,सइदंसणं सइसुहं चिन्तादिट्ठंमि सइलम्भं	Deep is the fence, Strong is the bow; That is to say, I always think well of seeing the right one.
अब्भासं अब्भन्नं आसन्नं सविहमन्तियं नियडं,कलियं विइयं विण्णायम अहिगयं बुज्झियं मुणियं	Love is bound to come, Friendship is destined to be made, Love is instilled in the mind, Wisdom is sown in the heart.
सामलम असियं सामं कालं कसिणं सिएयरं कण्हं,सेयं सियं वलक्खं अवदायं पण्डु धवलं च	Samalam asiam Samayam kasam kaalam kaaman siyaram kaanum, seyam vaalakham avadayam pandu dhavalum.
कविलं कविसं पिङ्गं पिसङ्गयं पिङ्गयं कडारं च,अरुणं सोणं रत्तं पाडलम आयम्बिरं तम्बं	A poem pines like a poem, A poem pierces like a pyre, And a cauldron makes a river flow like blood.
फसलं सबलं सारं किम्मीरं चित्तलं च बोगिल्लं,इत्तो नामग्गामं गाहाचलणेसु चिन्तेमि	The harvest is plentiful, The fields are fragrant, And I think only of the roads leading to this village.
अमरावई सुरपुरी तिविट्ठयं तह सुरालओ नाऒ,अलया कुबेरनयरी तित्थाहिवई जिणो अरहा	Amaravai, Surapuri, Twilight, That is the name of that melody. Alaya, the arrow of the Tithahivai, the daughter of Kubernayari, Deserves to live.
कमला सिरी य लच्छी हेरम्बो गयमुहो गणाहिवई,रिक्खं उडु नक्खत्तं पुन्नयणा गुज्झया जक्खा	Kamala Siri ya lacchi herambo Gayamuhon ganahahivai, rudam udu naqqattam Punnyana gujjaaya jaqqa.
नन्दणम अमरुज्जाणं कणयगिरी सुरगिरी सुमेरू य,फलिहगिरी कइलासो विहस्सई सुरगुरू धिसणो	Nandanam is nectar - like immortality, Kanyagiri is fragrant, Fruit - like jasmine - Only a wise master can heal.
वासवसुओ जयन्तो पुलोमतणया सई य इन्दाणी,अइरावणो सुरगओ विज्जू सोयामणी य तडी	Vasavasu, Just like the waterfall in a pond, So does the river Indani, Only the heavenly heaven Vijju, Like the banks of the Soyamoni
असणी वज्जं कुलिसं सुराउहं तियसचावम इन्दधणुं,अङ्गारओ य भोमो उसणो सुक्को दइच्चगुरू	As if it were an ox, The plowman's son, And the rice farmer's daughter - in - law's wife. A dry day for him Is the mark of a long life.
भुयणं जयं च लोओ नरनाहो पत्थिवो निवो राया,मित्तो सही वयंसो मन्ती सइवो अमच्चो य	In the world, there is victory, In men, in women, And in death: Friend, we are right, In the mind, The soul is immortal.
अन्तेवासी सीसो छलिओ छप्पण्णओ छइल्लो य,अड्ढा इब्भा धणिणो बन्धू सयणो सणाही य	The inmate is only a child, There are fifty-six other children: The youngest is a rich man's friend, The youngest a farmer's son.
विप्पो दिओ दियाई य अङ्गया नन्दणा सुया तणया,अहियाओ कुलजाओ अणुजीवी सेवओ भिच्चो	Vippo diya ya angaya nandana suya thandaya, ahaya kulja, anujiva seva, bhikkho.
नीसामन्ना गरुया अहमा इयरा य पायया नीया,रहयारा वड्ढइणो वच्छीवा वच्छवाला य	The poor man has grown old, His limbs are worn out, His feet are bare, He must be growing old, Like a wolf or a bear.
सासाĩ छत्तधन्नाĩ गामणी भोइओ य गामवई,कुम्भारो य कुलालो गोवाला वल्लवा गोवा	Mother - in - law, Chhatradhanna, Gamani, Bhoi, Gamavai, Kumbharo, Kulalo, Gowala, Vallava Goans.
आवणिया वाणियया मायङ्गा तह जनङ्गमा पाणा,पाउग्गिओ य सहिओ केवट्टो धीवरो दासो	The doer speaks in tongues, The traveler in love with women, The poor fellow favors the poor servant.
बन्दीओ करमरिओ पुप्फच्चिणियाऒ पुप्फलाईओ,थम्भो थेवो विन्दू खव्वो हस्सो य वामणओ	Prisoners, blacksmiths, parrots, crickets, flies, The wasp, the crow, The crows, Laughs, etc., are the enemies of the people.
रोयणिया लामाओ मूओ मूयल्लिओ य तुण्हिक्को,वयपरिणामो य जरा थेरी जरई गयवया य	Crying lamas, Foolish girl, You're the only one who knows how to behave When one has grown old.
सोवणयं रइमन्दिरमाली तह माउया सही अत्ता,परयत्तो परछन्दो विक्खाओ विस्सुओ पयडो	Aunt, That's right, Mother - in - law! A shadow falls when you look at it, A whisper scares the scarecrow.
नक्खा नहा कररुहा केसा चिहुरा सिरोरुहा वाला,चलणा कमा य पाया पओहरा तह थणा सिहिणा	Nakkha naha karruha ke kaisa chihura siroruha wala, chalna kama ya paaya pawra tha taisa tha breast sweet.
पाणी हत्था य करा कत्ती चम्मम अइणं छवी खल्ला,दसणा रयणा दन्ता सिरोहरा कन्धरा गीवा	Pani hatha ya katti chammam ayyan chhamvi khalla, dasna rayana daanta, shirohra kaandhara geeva.
वयणं मुहं च आणणमच्छी नयणं च लोयणं नित्तं,नासा घाणं घोणा सीसं सिरम उत्तमङ्गं च	There's nothing wrong with having a mouth and nose, Nothing wrong with looking at someone else's face, It's just the top of your head That stinks.
भालम अलियं निडालं मंसू खड्डं च मासुरी कुच्चं,उयरं जढरं तुन्दं बप्फं बाही य नयणजलं	Bhalam alayam nidalam manasu kadam, masoori kuchcham, uttaram jadharam tum thudam buffum, Bahuda ya nayanam.
इन्दियम अक्खं करणं छाया कन्ती छवी य लायन्नं,पिसियं सुल्लं मंसं कीलालां सोणियं रुहिरं	India, How can one hide one's shadow From another's gaze? It's my husband's slap in the face, My daughter - in - law's tears.
खुङ्खुणओ नक्कसिरा वच्चं विट्ठा पुरीसमुच्चारो,लञ्छणम अङ्को चिन्धं घम्मजलं समजलं सेओ	Goose pimples, prickles, mustache marks, Sweat running down your cheeks Like sweat on a lotus.
रमणं तियं नियम्बो कच्छा कञ्ची य मेहला रसणा,मुत्तावली य हारो मउली मउडो किरीडो य	Raman, you are innocent, Kaccha, Kanji, Mehla, Rasna, Muttawali, Haro, Mauli, Maudo, Kirido.
नीरङ्गी अङ्गुट्ठी आहरणं भूसणं अलङ्कारो,विन्नासो विच्छित्ती कन्नायंसो य तलवत्तं	A limp thumb is an ornament to be worn when one is naked; Without it, one sighs, Like tears streaming down one's cheeks.
तलिमं तप्पं सयणं च अङ्गराओ विलेवणं चच्चा,बाउल्ली पुत्तलिया विवणी तह आवणो हट्ठो	There's something wrong with the bottom of the jug, Like the solubility of one's fingers and toes, Like telling a story about a spiky girl.
छत्ताइं आवत्ताĩ हंसयं नेउरं च मञ्जीरं,भद्दासणाĩ सीहासणाĩ उवहाणम ऊसीसं	Umbrellas are for women, hats are for men, bracelets are for husbands and wives, Bowls are for wives, Sweat is for wives and husbands for wives.
वायायणो गवक्खो अद्दाओ दप्पणो य आयरिसो,वेरुलिओ वेडुज्जो कलहोयं रुप्पयं रययं	The wind blows the cowherd's ear, The buffalo licks its tail, And the ox screeches loudly As if it were a riot.
सोवीरम आरनालं नेहो पिम्मं रसो य अणुराओ,पीढं विट्ठरम आसणम अहिरोहणिया य निस्सेणी	Forgive me, my lover, For not knowing what to wear When one is abroad But when one is absent As a guest In a most awkward position.
सीरं हलं च नङ्गलम आउहम अत्थं च पहरणं होइ,माढी कवयम उरत्थयम असिमुट्ठी पालिया य छरू	The plow and the plow are useless, We must wear them all the time, For with a good poem and an accurate one The whole body Depends on us.
चक्काĩ रहङ्गाइं सित्थं जीवा गुणो पडञ्चा य,तलिमं पट्ठं च तलं विवञ्चिया वल्लई वीणा	The virtues of the soul are manifested through the strings of the wheel, And the lute is played by the virtuoso strumming the strings.
छीरं पयं च दुद्धं सिसिरं दहियं चिरड्ढिहिल्लं च,अज्जं सप्पिं च घयं अमयं च सुहा य पीऊसं	Cheese, milk, sesame seeds, curd, and bitter jasmine - Today, my dear, I wish you all the best.
पारावओ कवोओ चडओ घरघण्टओ य कलविङ्को,चिल्ला घारी सउणी भिङ्घारी झिल्लिया चीरी	Paravo kavo, chadao ghar ghar ya kalavinko, cheela ghari sunni bhringari jhilliya cheeri.
चक्कायओ रहङ्गो कयवाओ कुक्कुडो य तम्बसिहो,वरलाओ हंसीओ कणइल्लो पूसओ कीरो	Stay awake, Cry aloud, Roast a cucumber or a mango, Laugh a lot, And wipe away the pollen grains.
गहरो वओ य गद्धो सारङ्गो चायओ य बप्पीहो,पिच्छाĩ पेहुणाइं नीडं निड्डं कुलायं च	Get out of the house, Donkey, Sarang, Tea or Bappi, The pursuer's wives need only sleep, Cool and cool.
कोलो किडी वराहो भुल्लुङ्की य भसुया महासद्दा,कलहो बालो हत्थी करेणुया गयवहू करिणी	Kolo kidi varaho bhullunki ya bhasuya mahasadda, kalho baalo, hasthi karrunuya gayahu karruni.
करिमयरो जलहत्थी कडुयाला कुम्बरा य लहुमच्छा,रिच्छो य अच्छहल्लो लङ्गूलं वालही छिप्पं	Aunt, A swarm of bees is hovering, A bitter gourd is on its way, And a scruffy langur is hiding under a bear's tail.
तालूरो आवत्तो कुलीरकुरुविल्लया य कक्कडया,उग्गालो छिञ्छोली जम्बालो खञ्जणो पङ्को	The plowman's son has come, The coolie's daughter - in - law has arrived, And the cucumber is ripe for harvest.
अयडो अडो य कूवो मेयलकन्ना य नम्मया रेवा,पल्ललमखायतल्लं पुक्खरिणी दीहिया सरसी	Ayado aado ya koovo meelakanna ya namaya rewa, Pallalamkhayathallam pukkarini dihya sarasi.
रोहो वप्पो य तडो सालूरा दद्दुरा य मण्डुक्का,अरहट्ठो घडिजन्तं केयारो वप्पिणं वप्पो	Roho vappo ya tado salura dadura ya mandukka, arhattho gharat tho keirao vappon vapjo.
नारुट्ठो कूसारो ओहारा कमढकच्छहा कुम्मा,गोयावरी य गोला डिण्डीरो पुप्फओ फेणो	Who is this go - between man and woman, That girl with big breasts Whose hair is tied in a bangle?
उवलो गावो य सिला तूहं तित्थं नईऎ उत्तारो,तण्हा तिसा पिवासा गुहिरम अगाहं च गम्भीरं	You're not as tall as that girl in the village, Are you? Her breasts are as heavy as those in the cave.
विरया तणुसरियाओ सेवालो सेवलं च जम्बालो,दोणीओ कुट्ठिम्बा कोटुम्भो जलकरप्फालो	Foolish women, Those who have nothing to lose Are like servants and servants: Both bow and arrow are like pots of water.
जाला अच्चीऒ सिहाउ अद्धरा सत्ततन्तुणो जन्ना,पाया कडया साणू कन्तारं काणणं रन्नं	Jala achhiyo, Adhara sattantuno janna, paaya kadaya saanu kadaram Kaanem ran amok.
सिङ्गं सिहरं कूडं साला साहा य साहुली डाला,कणई लयणी य लया कुसुमं पसवं पसूयं च	A lion sits on a lion's back, A tiger sits on its back, And a lioness stands by To guide the herd.
कुसमरओ मयरन्दो रेणू पंसू रओ पराओ य,कोसी समी य सिम्बा दलं पलासं छयं पत्तं	Kusumrao, mayrando, rennu, pansu, rao, yaar, kosi samay, Simmba dalam, palasa, chhayam patam.
छल्ली तया चुडुप्पं किसिलाइं पल्लवा पवाला य,तिङ्गिच्छी कमलरओ मलओ उज्जाणम आरामो	The peacock peeps at the parrot, The parrot licks at the flower petals, And the lotus shoots at its tip - Ujanam takes its rest.
जलहरणम आलवालं तोमरिगुण्डी य मञ्जरीगुण्डी,वल्लीउ वल्लरीओ थवया गुच्छा गुलुच्छा य	Jalharanam aalavalam tomarigundi ya manjarigundi, valliyu vallariyo thavaya bunch guluchcha ya
पत्तसमिद्धं पत्तलम आमेला चुब्भला य सेहरया,मल्लं माला दामं सद्दालं सिञ्जिरं कणिरं	A lotus is like a mango, Sweeter than nectar, Greener than jasmine, Brilliant than gold, Red as a garland And white as a bracelet.
उम्मालो निम्मल्लं गुविलं कलिलं च वल्लरं गहणं,दावो दवो वणग्गी खन्धग्गी खोडपज्जाली	Women, swallow your jasmine, your kadila and your valour, For the day has already arrived When you will have to dig deep into the mud.
वल्लरम अरन्नछित्तं गुट्ठं तह गोउलं वओ घोसो,छिप्पीरं च पलालं छलम अवएसो निहं च मिसं	The grasshopper is hiding in the thicket, The cow is hiding, The prawns are hiding, There's nothing left for him To do.
थूणा दियली बेली टङ्कच्छिण्णं झसं च छिण्णयडं,पक्कं पिक्कं परिणयम इक्खू उच्छू य उच्छुवणं	The spittle is twisted around the girl's waist, The blush is scattered all over her face, And I am about to spit it out.
वंसो वेणू वेलू य वञ्जुलो वेडसो य वाणीरो,तह जासुयणो य जवा फलिणी पियमा पियङ्गू य	A flute is like a flute, A bamboo shoot is like an ox, A cudgel is like the mouth of a snake, And like a fruit the lover drinks.
सिन्दोलं खज्जूरं अम्बा मायन्दचूयसहयारा,तरवट्टो पामाडो अम्बिलिया चिञ्चिणी चिञ्चा	Sindolam khajooram amba, My mind is consumed by greed, Tarvatto pamado ambilia, Chinchini chincha
कोहलिया कोहण्डी बरुओ सामुण्डुओ भमासो य,हयमारो कणवीरो सुलसा तह मञ्जुया तुलसी	Kohlia, kohundi, burru, samundu, bhamas, hayamaro, kanveero, sulsa, tulsi, manjua.
मयणाही कत्थूरी मलयरुहं चन्दणं च इक्कङ्गं,घणसारो कप्पूरो आमोओ परिमलो गन्धो	The mango is fragrant, The scent of jasmine, red rose, and sandalwood are abundant.
बिम्बवयं भल्लायं पायइया य वयली मयाली य,कण्टुल्लं कङ्कोडं मालूरं सिरिहलं बिल्लं	The image is of a good girl, Or of a lovely woman playing the flute: A cornucopia of thorns, A garland of garlands, A billow of reeds.
अमिलाणो कोरण्टो नलयं लामञ्जयं उसीरं च,पुन्नाओ सुरवन्नी भिसिणी नलिणी कमलिणी य	Amilano koranto, nalayam, lamanjayam, usiram, punnao, suravanni, bisini, naalini, kamalini ya.
सुरगोवो इन्दोवो कोलियया उन्ननाहम अक्कडया,मज्जारीऒ बिरालीऒ रासहो गद्दहो य खरो	Heaven or hell, Coolie or Unnaham, Stupid man or cat, Rasha or donkey, It's all right.
भोओ फडो फणत्थे कुण्डुल्लुयकोसिया उलूया य,रोमन्थो उग्गालो उक्खा वसहा य वच्छाणा	Foolish girl, If you want to hang on to that coil Which is hanging loose From the rafters, Try hanging on to it While it's still warm.
जन्तू सत्ता भूया य कोल्हुया जम्बुया य गोमाऊ,उडवो भावसगेहं गामहणं खेडयं पट्ठं	Whether the beast is in power, or whether the crow is dead, Or whether the cow has passed away, I will guide you with good sense Through the village and field.
उद्दोली दुव्वाली य फम्फमा कोउया करीसग्गी,पत्थारी सत्थरओ लेढुक्को लेडुओ लेडू	Foolish dove or pheasant, Who would do such a thing? A plowman's son is a good man, And a woman's brother is a bad man.
वारिज्जयं विवाहो तग्गयमणतप्परा य तल्लिच्छा,तुप्पाĩ कोउयाइं पईवपच्चत्थिणो वामा	Inheritance, marriage, etc., Or the desire to pursue them, Are the arrows that pierce a cowboy's tail.
दलियं दारुं कट्ठं पत्थयणं सम्बलं च पाहिज्जं,भावो वत्थु पयत्थो खुज्जं कुडिया कुडिल्लं च	I need the porridge, The wood, the stone, and all the energy I can muster. It's like drinking wine in a jug of water.
इन्दमहो कोमारो कोउयकुड्डाĩ कोउहल्लंमि,सुरही महू वसन्तो वासारत्तो य घणसमओ	The sun is hotter than the moon, I like cooler climes, Spring is sweeter than rain, And summer is a long time coming.
माया कवडं कइयवमहा दिणा वासरा दिया दियहा,तुहिणं हिमं तुसारं घणनिवहो कालिया महिया	Maya kavadam kayivamah dina vaasara diya hai, tumhein usmein tumhara kaanivaahon kaaliya mahia.
कुणवं सवं च मडयं पेयवणं पिउवणं मसाणं च,इङ्गालो अङ्गारो खायं तह खाइया परिहा	All flesh is drunk, all drink, all pleasure, But the yokel eats the coals, So eat the pariahs.
ओवाइयं नवसियं विग्घा पच्चूहम अन्तराया य,वेयल्लम असामत्थं सुहमाणन्दो सुहॆल्ली य	Avvaiyam navasiyam viggha paacchuham antaraya ya, vaillam asamatham suhamanando suhelli ya.
उग्घाओ आरम्भो सङ्खेवो सङ्गहो समासो य,निच्चं निययं सासयम अव्वाहारो अणालवओ	Begin early, gather often, make time for yourself, be patient, and never give up.
वावडया अक्खणिया सन्ना गुत्तं च नामम अहिहाणं,अत्ती वियणा पीडा संरम्भो अमरिसो मन्नू	Vavadaya akanya, sanna guttam, namam, ahinahanam, ati viyyana paineda, sambharambho amariso mannu.
मुल्लाĩ वेयणाइं पच्चग्गं अहिणवं च सज्जुक्कं,आवाओ पमुहमुरो हेला य अणायरो रीढा	The jasmine's bracelets are emerald green, Non - poisonous and fragrant. Come on, you fool, It's the anayor's spine that turns.
जाण करम्बं तोत्तडिम अवरत्तयम अणुसयं च अणुतावं,कूरं चण्डं ओयणम ओणयम ओयत्तम ओमत्थं	To know what to do, To parrot what is inexhaustible, To embrace what is impermanent, Is the essence of love, Like the moon to summer, Like Onam to winter.
थामं सारं च बलं थेवं लेसो लवो कला मत्ता,सारिच्छं समसीसी अदिही अरई य रणरणओ	Take all I have and gain all my strength, Art is but a matter of taste. For if you want to learn something You have to go the other way.
इत्तॊप्पं एवप्पभिइ सम्भमो आयरो पयत्तो य,मन्तुं विलियं विप्पियम अच्छरियं अब्भुयं चुज्जं	Here and now, my dear, It's as if I had a pot of wine. I suppose you could taste it yourself, My dear.
दीहत्तणम आयामो चवलं चडुलं च चञ्चलं तरलं,एमेय मुहा मुहिया केली नन्नं च परिहासो	Dehatnama ayamo chaval, chaadula, and panchalam talam, Aimee muha muhya, keli, nanna, are mere jokes.
पलओ निहणं णासो पुण्णं सुकयं च भागहेयं च,हित्थं विलियं लज्जियम अत्थाणी तह सहा परिसा	Fallen, withered, and decrepit, The plowman's wife must suffer the same fate As the landowner's son.
उन्नाहो उस्सेहो विक्खम्भो वित्थरो य परिणाहो,परिरम्भणम अवरुण्डणम आमोओ पहरिसो तोसो	Unnao, usse, vikram, vittha, yaar, parivartan, avarndanam, aamon, aapko, todo.
नट्टं लासं तण्डवम अणुपुव्विपरम्पराउ परिवाडी,आरक्खो पुररक्खो अब्भासो गुणणिया जुग्गो	Nattam laasa, tandavam, anuvviparampara, pariwadi, arakkho, purrakakho, abhasa, gunya, juggo.
अवहियम इक्कग्गमणं तद्दियसियदियसियाĩ अणुदियहं,ओलुग्गो नित्थामो दुज्जायं आवया वसणं	Ah! the absence of affection Is nothing like that of jealousy. Soon my wretched self will be gone, Like a poor man in distress.
छुट्टं मडहं लहुयं रप्फा वम्मीयवामलूरा य,पायालं च रसायलम आउलम आहित्थम उप्पित्थं	Chutta mudham, raphasa vammiyavamloora, payalam rasayalam, aulam aahiththam uppitham.
वेसाहो मन्थाणो सीलुट्टं चिब्भिडं च वालुङ्कं,कुम्भो कुडो य कलसो पिढरो ढमरो य कोलम्बो	Together we churn, We bend the sill and the buds of the hand, Together we knead, We knead and knead.
कुडिलं वङ्कं भङ्गुरम आएसो सासणं च निद्देसो,खिप्पं तुरियं सिग्घं छेया पेरन्तअद्धन्ता	The cucumber is brittle, The bed is slippery, And the bed is sleepy. Khipum turiyum sigham Chheeya parentadhanta
दीहं दीहरम आययम अहिउत्तो उज्जओ य उज्जुत्तो,कल्लो सत्थो य पडू हढो य मड्डा बलामोडी	The day is long, the morning is bright, the afternoon is long and the evening is long.
पउणं निरायमुज्जुयमोलइयं परिहियं पिणद्धं च,अवरिल्लम उत्तरिज्जं उयट्ठी उच्चओ नीवी	Love is immutable, Love is pure, Friendship is boundless, The heights are bound to increase, And the low is bound to decrease.
दुद्धियम अलाबु तुम्बं निबन्धणं कारणं नियाणं च,विलओ सूरत्थमणं सङ्खोहो सम्भमो तासो	Meditate, forgive and forgive, For if you refuse to meditate, There is no hope.
उल्लूरियम उक्कडियं जङ्घियमोसिङ्घियं च अग्घायं,निव्विट्ठं उवहुत्तं तिरोहियं पिहियम अन्तरियं	Ulluriyam ukkadiyam, jhangiyam moshingyam, agghayam, nivvitham uthattam, tirohiyam, pyhiyam antaryam.
उद्दालियम अच्छिन्नं अक्खित्तं अञ्छियं च कड्ढिययं,पन्नाडिययं परिहट्ठियं च ओसरियम ओसक्कं	Pride and dishonor, pride and vanity, Pride and deceit, Love and falsehood are the pleasures of love.
उत्थल्लियम उच्छलियं पच्छाइयनूमियाĩ वइयाइं,निद्धाडिययं नीणियमोहीरन्तं च सीयन्तं	Rising, rising, and setting are the pleasures of the west. Standing, low and bowed, They last only for a moment.
उन्नालियम उन्नामियम उवगयम उवसप्पियं च अल्लीणं,चुण्णइयं चुन्नाहयम उच्चिडिमं मुक्कम अज्जायं	Unnalayam unnamayam uvagayam uvasappiam illinam, chunnaiyam chunnahayam uchidimam mukkam ajjayam.
उद्धङ्कयम ऊसवियं फुडियं फलियं च दलियम उद्दरियं,संवॆल्लियं मउलियं परिहायं दुब्बलं झीणं	Udhankayam usvayam, fudiyam phuliyam, daliyam udadariyam, samveliyam mauliyam pariahayam, dubbalaam jheenam.
मुसुमूरिययं चुण्णियम उड्डिहिउक्खोडियाĩ उक्खित्तं,मुरुमुरियं तूरुइयं उन्नुइयं भुक्कियं जाण	Bees munch on raisins, bees fly, crickets fly, peacocks twitch, parrots trumpet, and gnats bark.
अवचियम उच्चिणियत्थे तडियं तड्डविययं विरल्लिययं,उव्वमियं उग्गिलियं छुहाइयं भुक्खियं छायं	Undisturbed, When high and dry, When thin and sparse, When low and high, When shallow and shallow, When dark and shadowy.
ताडियम आओडिययं निसुयं आयण्णियं निसामिययं,पज्जत्तं च पहुत्तं पणामियं दिण्णम उवणीयं	Tadyam aadiyam nisuyyam aayanam nisamiyyam, pajattam prabhutham panamiyam dinam unniyyam
सन्दिद्धं संसइयं घोलियढुण्ढुल्लियाĩ भमियत्थे,सन्दिट्ठं अप्पाहियम उल्लं तित्तं च तण्णायं	Suspicious samsara is like a thicket of mud on the ground, Suspicion is like an endless stream of tears.
रङ्खोलिरं पहोलिरम उव्वॆल्लं पसरियं पयल्लं च,सङ्कोडियं निउञ्चियम उत्तेजिययं च तोरवियं	Colourful jasmine, When it blooms, Spreads and blooms all over; Powdery neonchium, when it is hot, Stimulates the fire
ऊसित्तं ओलित्तं पयारियं वञ्चियं च वेलवियं,उब्भालियम उप्पुणियं लहुइयमोहामियं तुलियं	Ustithum ulitum payarum venkium veluvium, Ubbhalium uppinium lehuimohamium tulium.
पडिवन्नम अब्भुवगयं चिद्दवियं विउडियं विणासिययं,अइसइयं च विसेसियम उम्मुट्ठं पुञ्छियं फुसियं	Padi vannam abhuvagayam, chiddaviyam, vidyadam, vunasiyam, and speciality, ummutham, punshiyam, phusyam.
विक्खित्तयं पइण्णं खित्तं निग्घत्तियं च आइद्धं,उग्गाहियम उच्चालियम अङ्कुसइयम अङ्कुसायारं	Stupid girl, The road is bumpy and slippery, The roads are bumpy, The paths are steep and the roads are impassable.
आवडियं अब्भिडियं अहिड्डयं पीडियं परद्धं च,पम्हुट्ठं विम्हरियं चुलुचुलियं फन्दियं फुरियं	Awdium abvidium, Ahiddium pedium, Pardum pardum, Vimharium chulluchulium fundium furium.
भट्ठं फिडियं चुक्कं परिहूयं अहिलियं पराहूयं,परिदेवियं विलवियं विरोलियं मन्थियं महियं	The hearth, the fiddle, the chokha, the plow, The field, the pastime, The goddess, the flower, The bee, the bee.
धंसाडियं विमुक्कं गुण्डियम उद्धूलियं च धूसरियं,अक्कोसियं च सवियं भरिउल्लट्टं च वोसट्ठं	Dhansadiyam vimukkam, gundiyam, udhulyam, dhursariyam, akkosiyam, saviyam and bhariyullattam are all the same.
ओइण्णं ओयरियं गविट्ठमण्णेसियं विमग्गिययं,रेयवियं सुण्णइयं निमियं निहियं च निक्खित्तं	There is the wind, The rain, The frost, The sleet, The fire, And the fire.
भरियं लढियं सुमरियम ओसद्धं पाडियं निसुद्धं च,निसुढियम अक्कन्तभरोणयम उब्भडवेसं च उव्विव्वं	Full of struggle, Sumariyam was hot, dry and scorched was dry; without difficulty, unbroken and overflowing was the way to go.
समुहागयमोसरियं बिन्दुइयं कणइयं कणायण्णं,विरमालियं विहीरियमोरालिययं च मालिययं	Group songs: Moseriam, bindu, kanyanam, viramalyam, vihiriamoraliam, maliyam
तणुईकयम उल्लिहियं कप्परियं दारियं च निब्भिण्णं,उड्डीणं उप्पइयं जूरियम उत्तम्मियं नडियं	The grass is thin, The onions are white, The cucumbers are sweet, The rivers are salty, The flies are loud, The jewels are sharp, And the jasmine is brilliant.
नीहरियं निग्गिण्णं बद्धं सन्दाणियं नियलियं च,ऊयट्ठं वासहयं महमहियं निग्गयामोयं	The blue sky is closed, The evening sky is blue, The sky is white, And with it the stream of glory.
गुम्मइयं संमूढं फालियम ओरम्पियं च ओरत्तं,कज्जलइयं कसणियं कयपरिवेसं परिक्खित्तं	Gummaiyam samudra phalliyam orampiyyam orattam, Kajjalayam kasaniyam kayiparivesham parikshithyam.
वेढिययं परियालियम उत्थरिओवग्गियाĩ अक्कन्तं,परिलीणं च निलीणं गन्धुग्गिरणंमि निम्महियं	A creeper is like a pearl That has been plucked out of the eaves And stuck in the mud, Like a fragrance of nectar That does not wither.
निव्वडियं निम्मायं दाविययं दंसियं च दक्खवियं,तिक्खालियं निसायं पुलुट्ठयं पउलियं दड्ढं	The plowman's son is half dead, The hunter's daughter is two, And the hunter is one.
पल्हत्थियम उल्लण्डियम उच्छुण्णं मद्दियं च निद्दलियं,पेसवियं पट्ठवियं घडियं लग्गं च संसत्तं	Palhatthiyam ullandiyam uchuna madhyamam niddalyam, peshaviyam pathaviyam ghariyam lagnam samstam.
पयलाई ओहीरइ सक्कइ चयइ य तरेइ पारेइ,अव्वो छिन्नं वुच्छं सम्पइ इक्कक्कम अहिहाणं	A traveler knows what's best, chooses what he can afford, and only then can he see it all.
करडा कुञ्जरगण्डा आलाणो हत्थिबन्धणक्खम्भो,करिबन्धणम अक्खायं उवओ वारणमओ दाणं	A black girdle is like a clenched fist, Like a hand binding a young stag; Like a knot fastened around its neck, Like the grain of a windmill.
रवम अलसं कलमञ्जुलम ओरल्लिं महुरदीहरं जाण,सुइविरसं गद्दब्भं च गग्गरं कण्ठदरखलियं	Ravam, lazy kalamanjulam, Or know the pleasures of the scent of jasmine: I have seen the needle - poisoned jugular vein Through the girdle of my throat.
ओऊलं पालम्बं हरियन्दणम अमरचन्दणं जाण,जच्चतुरङ्गं भायलम आयावलयं अरुणतावं	Oolum palamba, Hariyandanum, immortal sandalwood, Jachchaturanga, Bhailam, Ayavalum, Arunatavum.
सीमन्तियं दुहावियम अपच्छिमं चरमम उद्धुरं उच्चं,वायणयं च पहेणयम इङ्गाली उच्छुगण्डीरी	Seemantiyam duhaviyam, abhinayaam, kshatramam, chaturama, utturaam, vayanayam, pahenayam, angali, uchchugandiri.
विसढं विसमं वियलियम उच्चत्तं कत्तियासिणा सरओ,सिसिरो फग्गुणमाहो हेमन्तो पोसम अग्गसिरो	Wretched twigs, Valiyam heights, Scorched arrows, Sesame seeds, Fragrant jasmine, Possum of henna, Are the fires of fire.
दुप्परियल्लम असक्कं पुक्काओ अलियपोरुसालावा,पञ्जायं पिण्डलइयमुऊ रिऊ चॊत्तओ तॊत्तो	Duparellam askum, Pukkam pukkao, Aliya porusalawa, Panjayam pindale, Muyu riyu, Chotto toto
उवयारो पुप्फबली कुसुमङ्कालिञ्जणीऎ ताविच्छं,जवसं गवित्तम उलवी वीरणम ओलावओ सेणो	The plowman's wife is as eager to taste the fresh nectar As the plowwoman's husband.
अग्गक्खन्धो अणियं पाडुच्ची तुरयदेहपिञ्जरणं,गरलं विसं विसाणं सिङ्गं रज्जू वरत्ता य	Fire, goose pimples, The twine of the trumpet, The tangle of trumpets, The bow of the flute, And the string of the lion.
जगलं पिङ्गलसरओ बिण्ठसुरा पिट्ठखउरिया मइरा,हिज्जो कल्लं निव्वं पडलं काहिल्लिया तवओ	It's the peacock peeping out of the hole in the tree, Chasing after the stag, Who said:"" ""Tomorrow I'll fall at your feet.
अणुरोहो दक्खिण्णं लग्गणओ पडिहुओ दरं अद्धं,हीरइ जं आणन्दे वत्थं तं पुण्णवत्तं ति	Face to face, Eyes to the right, Feet to the left, Heeray, whatever you bring, That's perfection.
सञ्जवियं सङ्गोवियम अणुहूयं माणियं सुई वेओ,पासायस्सोवरि जा साला सा चन्दसालत्ति	Sanjevyam sangovyam anuhume maniam sui veyo, Pasayesvaram ja saala sa chandasaalatti.
निब्भरम अइसयभरियं पत्थरियं अत्थुयं छडा छण्टा,रोसेणं उण्हिक्कं वयणं जं तं थुडङ्किययं	Nibhramam is a mass of stones strewn all over the place, Cutting through the gaps in the earth As if it were a bunch of reeds.
साहिज्जं अत्थारो हिरिबेरो बालओ भिसी सारी,जं पिच्छइ तं वञ्छइ जो सो जम्पिच्छओ भणिओ	Friend, the earth trembles, The hair grows thin, And what's slippery is the desire of the hunter To say what he likes.
पच्चाएसं दिट्ठन्तम ऒज्झरं निज्झरं दुहं दुक्खं,कयगण्ठि थणोवरि विरइयंसुयं गिन्धुयं जाण	I have never seen such a heavy weight, Such agonizing pain, So long have I known so many different kinds of swallows Apart from one breast.
पडिमा पडिबिम्बं कज्जवो कयवरो वियाणम उल्लोवो,उभओ वासुत्थल्लणम उच्चत्तवरत्तयं भणियं	Whether it's mud on the ground or bamboo shoots on the wind, I speak from a high position.
रिक्कं रित्तं पत्ताĩ भाइणाइं सिरिद्दहो पविया,मुहविक्कोणो छिच्चॊल्लउत्ति जो निन्दणत्थंमि	Wait a moment, my brothers and sisters,"" said the doe, squeezing the tip of my lip As if to condemn it.
दिट्ठं विहावियं मिण्ढियाऒ अविलाऒ सेरिही महिसी,परिपासउत्ति छॆत्ते जो पुरिसो सुयइ राईए	When he sees you He can only smile, And when he sees a mermaid run up to you He falls asleep on his back.
घुसिणं कुङ्कुमम उक्का चुडुली खाणी खणी कुढं कूवं,उच्छण्टउत्ति तुरिययरचोरियाहत्थवावारो	Jump into the kumkum, peep into the pit filled with gooseflesh, Jump out of the hole in the mud, Stir in the trumpetflowers of the hunter's bow.
बद्धं सङ्गिल्लं तणुरुहाĩ रोमाĩ चित्तओ दीवी,हुत्तवयं जस्सन्ते सुव्वइ तं तस्स सुमुहत्ति	A lamp brightens the mood of a woman in love, Like the rays of the sun That illuminate her whole being.
कूलं तीरम असोओ कङ्कॆल्ली रञ्जणो अलिञ्जरओ,खुन्नं चमढियमूढा परिणीया मिहुणयं जुयलं	Cool arrows, such as these, Are a repugnant ornament to a skeleton."" The pariah's wife has gambled away her young skin.
उय पिच्छ धरइ जीवइ दुच्चं दूअत्तणं दिसा आसा,सङ्खायं थीणं सन्दणो रहो सारही सूओ	Life goes on, The wicked messenger returns, The good days are over, The days are numbered And the nights are long.
रोसाणियं मसिणियं वणं पहारो पयामम अणुपुव्वं,लञ्चा उक्कोडा सारहं महुं बाहिरं बाहिं	Rossaniyam, masiniyam, vaanam, paadamam, anupuvvam, lancha, ukkoda, sarum, beehive, are outside the house.
वुत्थो वसिओ वत्थी अवाणम आहोरणो गयारोहो,खत्तं खन्नं साहू सुयणो खेयालुओ असहो	A man who lives alone Can eat only grass, And a man who sleeps alone Can drink only wine.
लहुदारु किलिञ्चं मन्थरा कुसुम्भी तुरङ्गिया वडवा,सङ्खो कम्बू गेयं गन्धव्वं बन्धणं बिण्टं	The plowman's son asks how the cotton grows, And the farmer's daughter says:"" ""It grows on the lotus."" ""The bamboo shoots are fragrant and need no binding.
सीमा मेरा वासं वुट्ठी हालाहलो य बम्भणिया,कारू सिप्पी करहो कमेलओ रोहिओ रॊज्झो	The limit of my existence Is only the plowman's yard, Or the farmer's field, Or is it the blacksmith's rose?
केऊरम अङ्गयं विड्डुमं पवालं कणेट्ठिया गुञ्जा,झाडं कुडङ्गओ कलुसम आविलं सित्थयं मयणं	Whose limbs are twisted, Whose feet are bristling with gooseflesh, And whose limbs are bowed by the axe of pride.
बुक्का मुट्ठी सग्गहम उवरत्तं लॊट्ठयं सुवन्तं च,परतीरं पारं अट्ठयक्कलिं जाण कडिखम्भं	A handful of raisins, A large bunch of lotuses, A good pair of sesame seeds, And on the other hand, A bunch of acacia flowers.
लोहं कालायसम उम्मुयं अलायं विसेसओ तिलओ,कोणो लउडो जउणा कालिन्दी गज्जिअं थणियं	Lohe kaalayasam ummuyum alayum bhesao tilao, kaun ka ladoo jawan kaalindi gajjiyan breastiyum.
दुव्वा हरियाली कॊट्ठओ कुसूलो कडुच्छुओ दव्वी,भे तुब्भे कुल्लडयं कोडयम अप्पुल्लयं निययं	Dua hariyali kotha, kusula, kaduchchu, davvi, bhe tubhe kulladayam, kodayam, appullayam niyayam.
डोला पिङ्खा मायणिहया झला पाउसागमो झञ्झा,दुट्ठो कली पयङ्गो सलहो कलहाइयं रडियं	A flock of peacocks Jumps from the sky In the cool of the rain, Seems to scream loudly As if it were a festival.
साहरियं साहट्ठियम अंसो भाओ पिहाणिया मण्डी,तारं दित्तं वेसो नेवत्थं मक्खियं तुप्पं	Sahryam sahityam anso bhao, Pahaniya mandi, star giveaway veso Never mind finding a beehive
जाण कडक्खम अवङ्गं कलहं परिवारम उब्भयं उद्धं,सायं पओसम उत्तप्पम उद्धयं दूसहं तिव्वं	When there is a quarrel between one's relatives and another, Fear creeps in, And when there is an evening flare-up, It hurts.
दाराĩ दुवाराइं नेलच्छो पण्डओ जडं सिसिरं,कोडी अग्गं पङ्गू पङ्गुलओ तण्णओ वच्छो	Dara, you're not going to touch my husband, You're just going to smear his body all over with sesame seeds.
छाया छाही पाहुडम उवायणं सारिया सालहिया य,भन्दं सिवं सयज्झो समोसिओ छिम्पओ उञ्छो	A shadow casts a shadow, A lotus opens, And a lotus grows on the face Of the God of Love.
सालो पायारो मज्जिया रसालाउ सॊज्झओ रयओ,हरियं सद्दलम अङ्को उच्छङ्गो अक्खयं अणहं	Salo payaro, marjoram, pomegranate, freshly squeezed juice, Rayo, Hariyam, Saddalam, Angkor, Is an inexhaustible burden.
मणयं ईसि कुविन्दो य तन्तुवाओ दुरोयरं जूयं,पज्जा अहियारो अइरम अङ्गणं मज्जियं ण्हायं	Believe me, you crook or weasel, Gambling far and wide Is nothing like the marjoram in a deserted courtyard.
आसत्थो वीसन्तो वज्झो वद्धो पयट्टयं चलियं,करणी रूवं चलियं वइकलियं परिसरो पासा	From now on I will walk a little more slowly,"" he said, ""But if you want to walk slowly, you must walk slowly.
आरद्धं आढत्तं निहयं निक्खयम अवेसिणो फलिहा,फरिसो फंसो तुमुलं मुहुलरवो पायसो खीरी	Prayer is nothing but the fruit of ineptitude, But when you have it all figured out, It's just a matter of finding the right one for you.
उम्मलणं उच्चलणं इहरा अन्नह सहासओ सब्भो,चित्तं माणसम अक्खो बहेडओ सङ्गमो मेलो	Friendship is supreme only when it is warmed up, When it is drunk, When one's mind is open to the human eye, And when one is absent One's association is dead.
समओ मयं विरायं विलीणम उप्पाहलं च उक्कण्ठा,सञ्चारी दूई सालिरक्खिया कलम अगोवित्ति	Time has parted me, The churning fire has boiled over, The traveler's pen has spun like a two-edged arrow.
रुग्गं भग्गं मङ्गुलम असुन्दरं वेवियं च थरहरियं,पप्फोडियं च पक्खोडियं विसट्टं विहडियत्थे	Sickness has broken out, Mangulam is unsightly, Veyviam is shivering, Papphodium is ripe, Diffusion is everywhere.
परिहत्थो दच्छो कोवणो असहणो पईवओ दीवो,इय एवं रेसणिया करोडिया चन्दिमा जुण्हा	When you look at someone else's face You cannot help but notice that the lamp is on, Like the rays of the crescent moon.
पाडिक्कं पत्तेयं उम्बरओ देहली विही दिव्वं,तन्तू गुणो दुगञ्छा गरिहा खलियं पडिप्फलियं	Padikkam leaf is like nectar in Delhi, The quality of the fibre Is inferior to that of the latex.
आसारो रयवुट्ठी पम्हलयं रोमसं जओ वेओ,कीस किणो हलहलओ तरा वियट्ठं विसंवइयं	As the fire burns, So does the flame burn, Why is the fire burning so relentlessly?
सम्बाहं सङ्किण्णं वलग्गम आरूढम अहियम अइरित्तं,आहूओ वाहित्तो वियत्थणं नियगुणसलाहा	Come on, you fool, I've got to pick up your skirt. Stop dragging it around. It's just the way things are.
जाण सवायं डॊम्बं सॊण्डं मज्जवम अयण्डम अणवसरं,सरडं च कङ्कलासं छणं महं लॊद्धयं वाहं	Knowing how to bend a bow, To bend a sling, To uncurl a noose, To cut through a skeleton Like a lizard, I carry a load.
लक्खं विजायम इङ्गियम आयारो अह इमो इमा अज्जा,थाहो थग्घो तोणो तोणीरो कण्डुओ गुलिओ	Laakham vijayam ingeyam ayyaron ah, imo ima ajja, toh thaggho toh tuneeron tendu gulio.
कण्ठो गलओ अवडू कियाडिया झम्पणीउ पम्हाइं,गुप्फा खुलुहा जङ्घा टङ्का गण्डा कवोला य	Goose pimples, Swirls of gooseflesh running down your cheeks, Goofy mouth, Jump open thighs, Make your face look like a rhinoceros!
रसणा जीहा सवणा कन्ना वच्छं उरं भुया बाहू,भुमया भमुहा कक्खा भुयमूलं जण्हुया जाणू	Rasa jeeha, savana kanna bachchhon aur humari bhaiya bahu, bhumiya humari kakha, bhuyyamul janmu yaar.
कन्ना कुमरी धूया दुहिया बहिणी ससा पिया जणओ,माया जणणी सुण्हा पुत्तवहू देयरो दियरो	Kanna, kumari, dhanya, dooya, sister - in - law, pyaasa, jana, maya, janmani, sunnah, putru, detractors.
माउच्छा माउसिया अत्ता सासू सहोयरो भाया,मल्लाणी मामी पुप्फिया पिउच्छा पई भत्ता	Aunt, Mother - in - law is a friend of mine. Aunt Puffy's allowance is pecuniary.
रम्भा कयली सिन्दी खज्जूरी सत्तला य नोमाली,गुम्मो जाली बोरी कक्कन्धू केसरो बउलो	Rambha kayali, Sindhi khajuri, Sattala ya nomali, Gummo jali bori, Kakandhu kesaro boulo.
पलही ववणं तूलो रूवो दब्भो कुसो जवो गज्जो,थम्बा सढा कलम्बो नीवो गोल्हाफलं बिम्बं	To plant a sapling Is like rubbing a cotton ball, To crush a cluster of acacia berries, Like picking a bunch of watermelon.
अइमुत्तो माहविया लवओ गुन्दो पियङ्गुणो कङ्गू,कलमो साली य बिसं मुणालम उल्लूढम अङ्कुरियं	It's the nectar of bees that makes the flowers bloom, The kadamba flowers blossom, The lotus flowers sprout, And the flowers wither.
नग्गोहं वडरुक्खं सिग्गुं सोहञ्जणं तलं तालं,चारं पियालम अजुयलवन्नं सत्तच्छयं जाण	I know the wood - apple tree, The bottom of the pond, The pleasures of love, All four payalams, All seven shades of blue.
बीययम असणं पिप्पलम आसत्थं तिण्डुयं च टिम्बरुयं,रायञ्छुयं च वेडिसमलम्बुसं बोडघेरं च	To have seeds is like having a peacock's tail, To have a swarm of locusts And grasshoppers on one's back, Like the nectar of a scorpion on another's body.
खलिणं कवियं मइलं मलीमसं सीहरा जलतुसारा,थाणू खण्णुयम अलया कुरला दन्तच्छओ उट्ठो	Calm down, Poet, Soak up the stink of stool, Wet and watery, Loose the girdle of teeth That curl beneath your chin.
सीलं पयई तत्तं परमत्थं गोउरं पओली य,रयणी हत्थो भीओ हित्थो साहीणम अप्पवसं	The cow has reached her climax, The cowherd has reached his feet, And the hunter's wife has put her hands through his bows.
दीणो वरओ विड्ढिरम आडोवो रग्गयं च नवरङ्गं,लण्हं मसिणं ठाणं ओवासो गोयरो विसओ	The poor bridegroom is a fool, The plowman is a coward, The weeds are white, The rug is white, And the navaranga is white.
आरोवियं विलइयं धोयं विच्छोलियं दसा वत्था,सङ्कू कीलो रुण्टियम अलिविरुयं सीरिओ भिन्नो	Auroviam vilayam, Dicholiyam dasa vatha, Sanku keelon, Runtiam aliviram, Siriyom different
असमञ्जसम अनिबद्धं पडिसिद्धो वारिओ चरो पणिही,निहसो कसो समन्ता सव्वत्तो चारओ कारा	The incompatible is bound to fall, The crooks fall in love, How can one disbelieve That all four are alike?
विहुलं विसण्ठुलं जाण सामरिं सिम्बलिं थलिं भूमिं,घरवाडयं परोहडम आयइमज्जन्तकालं च	Destroyed, destroyed, destroyed and reduced to ashes the earth, The walls of the house, The streets above, For ever and ever.
वालिययं परियत्तियम ऊढिययं पाउयं मियं तुच्छं,हुण्डी घडा पउट्ठो कलाइया गण्डओ खग्गो	Valiyam pariyattam udhiyam, paavayam meem trivial, Hundi pot, Puttatho kalaiya, Gando khaggo.
सण्डं वणं मुयङ्गो मुरओ य विवज्जओ विवज्जासो,पमहा गणा कलावो तिउडो वत्थं दुगुल्लं च	A forest in the evening Makes one wretch, Or a forest in ruin, Or an orchard in ruin. But to count one's plunder Is to mention two.
महुरं साउं वारी करिधरणट्ठाणम अग्गला फलिहो,विसयं फुडं तरन्तं परिप्पवन्तं हियं नीयं	Fruit of the fire, Like a bee That swims by itself, Grows brightly. So do not worry about the ripe fruit As long as it floats by itself.
लक्खारुणियं पल्लवियम आवियं पोइयं घढं थूहं,रूढं पउणं जामो पहरो बहुलो कसणपक्खो	Lakharunyam, Pallaviyam, Vayam, Poyyam, Gharam, Tharum, Pavanam, Jamon, Paharom, Bahulom, Kasnapakshakhom.
पडिभेओ पच्चारणम आसन्दी पीढिया रणी सद्दो,सयडो गन्ती तंसं तिरिच्छम असिधेणुया छुरिया	The poor girl has passed from generation to generation, The hunter has turned his back on her, Counting the days.
छोहो विक्खेवो हिययम आसओ कन्दरो य कप्पाडो,कूणियम अद्धनिमीलियम अच्छायन्तं निसायन्तं	Touch, pierce, touch, weep, or muddle, The nail is half empty, For as long as you touch it, It lasts forever.
संमद्दो सङ्घट्टो रासो हल्लीसओ खमं उचियं,गुज्झं रहस्समासा मणोरहो कोसयं चसयं	There's always a struggle, there's a quarrel, There are quarrels, But when it's over, It's smooth sailing, The humours are mysterious And someone has to steal it.
रङ्गो पिच्छाभूमी दरी गुहा चूडओ वलयबाहू,खञ्जो खोडो य नडो कुसीलवो नालिया घडिया	A field is a sliver of mud, A valley is a heap of reeds, A canal is a jug of mud Or an empty stream Is a clogged drain.
पासाओ हम्मियमणुयघण्टिया किङ्किणी कणी फुरणं,पोओ वहणं सबरा य किराया मालई जाई	Come on, you fool, Can't you hear the clock ticking? It's about to strike early? The fare will be dearer if you carry it with you.
जॆत्ति पयपूरणे विम्हयंमि ही विलवियंमि अवि हाहा,अन्तो मज्झे पुरओ य अग्गओ मग्गओ पच्छा	As long as I am filled with purity I will be wealthy, haha. Either the fire consumes me or the road is impassable.
खेयाइसु अव्वो हन्दि उत्ति आमन्तणंमि देसद्दो,इर तच्छीले इल्लो इत्तो आलो य मउयत्थे	Come, let me give you a handshake And invite me over. There's nothing wrong with that - It just happened to come from my heart.
विक्कमकालस्स गए अउणत्तीसुत्तरे सहस्संमि,मालवनरिन्दधाडीऎ लूडिए मन्नखेडंमि	The summer has passed, The rainy season is over, The plowman's wife has plundered the fields of mangoes.
धारानयरीऎ परिट्ठिएण मग्गे ठियाऎ अणवज्जे,कज्जे कणिट्ठबहिणीऎ सुन्दरीनामधिज्जाए	If you want to enjoy the beauty of the river, Stay undisturbed, Then why not decorate your house with beautiful flowers?
कइणो अन्ध जण किवा कुसल त्ति पयाणम अन्तिमा वन्ना,नामंमि जस्स कमसो तेणेसा विरइया देसी	Somebody is blind, Some are clever, And the last one has passed away. I will not go abroad Unless I have accomplished something.
कव्वेसु जे रसड्ढा सद्दा बहुसो कईहि बज्झन्ति,ते इत्थ मए रइया रमन्तु हियए सहिययाणं	Poets, The rasa that is most often recited is so full of rhymes That I have to endure it all.
पाइयलच्छी नाममाला समत्ता	Payalchhi Namamala Samatta
सुहसामन्नपइन्नासमयसमारद्धलोयकम्मस्स,अमरवइवयणधरिओ परिकुडिलो कुन्तलकलावो	Blessed is the penitent who in due course of time renounces modesty."" - Parikudilo Kuntalakalavo, The God of Immortal Love
कन्नासन्ने सोहइ जस्स अवत्थाणपत्थणत्थंव,चित्तब्भन्तररुद्धप्पवेसकन्दप्पदूउव्व	The pleasure of dancing arises from the moment one steps onto the surface of the earth, from the concentration of one's thoughts into another.
सोहइ जस्स सुसङ्गयउभयंसलुलन्तकुन्तलकलावा,मुत्ती सुवन्नवन्ना सकज्जलग्गव्व दीवसिहा	Blessed is the pearl of sweetwood, Whose blossom is like the lotus of a goodly bunch of flowers.
जस्स पणामा पावइ पलयं पउरोपि विग्घसङ्घाओ,तस्स रिसहस्स पढमं नमामि पयपङ्कयं पयओ	As soon as the panama opens I will gather the remains of my husband's body,"" he said, ""Then with a sigh I will recite the Preamble.
अजियाइणो जिणिन्दे वन्दे जम्मंमि जेसिममरिन्दा,रागाइणो वि सत्तू पञ्चत्तं पाविया समयं	Ajjaiya, Jinainde, Vande Jammami, Jasima Marinda, Ragaina, Vi Sattu, Panchattam, Paviya Samay
जम्मणसमयाणन्तरसुमेरुसिहराभिसेयसमयम्मि,सक्कन्दणकयकुवियप्पन्नासणे कयपयत्तस्स	When the moon is full, When the clouds gather, And when the sun rises, What do you think of when you kiss her on the mouth?
रागाइवइरिसेणव्व जस्स दट्ठुं अणन्नसामत्थं,थरहरिया अच्चत्थं ससिलोच्चयसायरा वसुहा	To hear a melody is to see the opposite, to tremble it is to hear something that is not quite right.
निम्मलकमनहनियरो पडिबिम्बियपणयतिहुअणो जस्स,उव्वहइ जायगव्वो केवलनाणस्स समसीसिं	Like a lotus in your heart, Like a drop of nectar in your eye, You can only cause pain wherever you go.
जस्स य पणाममेत्ता निम्मलकमणक्खपडियपडिबिम्बा,एक्कारसगुणमुवलब्भ अप्पयं हरिसिया तियसा	Just look at your husband's face, Which is smeared with red ghee, Like a mark on the cheek of a good man.
तं वन्दे जिणयन्दं देविन्दनरिन्दविन्दवन्दिययं,सिद्धत्थनरिन्दसुअं चरिमं चरिमं गइं पत्तं	Vande Jnanendam, Devindarindambindavandiyam, Siddhathnarindasa charima, charima gayam paatha.
दुज्जयअणङ्गमायङ्गभङ्गसारङ्गपुङ्गवसरिच्छे,सासयसिवसुहसहिए सिद्धे सिरसा नमंसामि ११	I bow before you, O wicked one, Through the twists and turns of my limbs And the joys of my life. 11
दुद्धंसधन्तविद्धंसधीरसिद्धन्तदेसए धीरे,पञ्चविहायाररए सिरसा वन्दामि आयरिए	Slow down, sweetwood tree, Steady tree, Come, my lord, With five directions I will greet you.
विसयसुहनिप्पिवासे संसारच्छेयकरणतल्लिच्छे,वन्दामि उवज्झाए सुत्तत्थविसारए सययं	By living in ecstasy I detach myself from the cycle of rebirth, By embracing it all the time With my round breasts.
पञ्चमहव्वयदुव्वहपव्वयउव्वहणपच्चले सिरसा,घरवासपासमुक्के साहू सव्वे नमंसामि	On the auspicious occasion of Panchamahavayudhu, I bow to you all, my dear, all the Sahus who live near my house.
जीए कमकमलं पाविऊण पाविन्ति पाणिणो परमं,नाणं अन्नाणा वि हु सा जयइ सरस्सई देवी	To live on less than one lotus Is to attain the supreme state of purity, But to give birth on nothing Is to conquer the Sarasvai goddess.
जाण पसाएण पुण मएवि जडबुद्धिणा कहाकरणे,लीलाए पयट्टिज्जइ,विसेसओ ते गुरू वन्दे	One who knows what is good for one's self, speaks with understanding, acts in a playful manner, etc., is a great teacher.
इय पुज्जपणइकरणप्पणासियासेसविग्घसङ्घाओ,वोच्छं संवेगकरिं कहं तु सुरसुन्दरिं नाम	Tell me, dear girl, How come you sound so confident When you ask me what my favorite name is?
अन्नं च तस्स कीरइ पढमं चिय पत्थणा खलजणस्स,बीहेइ कविजणो जस्स मूसओ इव बिडालस्स	What good is food to him, What bad is a stone to a reader of his, And what a wretched man a poet is to a man like Moses.
अहवा सहावउच्चिय दोसग्गहणम्मि वावडमणस्स,अब्भत्थणासएहि वि न खलस्स खलत्तणं गलइ	Ahava sahava ̄ ya dosa ̄ gan ̣ ami va ̄ da-manasa, Even if you neglect it, You cannot harm him.
कुडिलत्तणं न उज्झइ परिच्छिद्दगवेसओ य दोजीहो,पत्थिज्जन्तो वि कवीहिं दुज्जणो सप्पसारिच्छो	It does not matter whether you are a poor traveler or a poor one; poets, even when they are poor, help those who are poor.
अब्भत्थिओ वि वङ्को कलुसियहियओ सुवित्तपरिहीणो,चन्दोव्व दुज्जणो इह दोसासङ्गे पयासेइ	The moon is wicked, It fills the world with wicked people, It destroys good and evil.
ललिए व निट्ठुरे वा कव्वे दोसो खलेहिं घेत्तव्वो,उट्ठमुहाओ अहवा नीहरइ न जीरयं कहवि	Whether he sighs or groans Or whether he mutters a curse Goes astray. But do not be alarmed When he rises And falls.
दुज्जणसहाए पडियं निम्मलकव्वं पि लहइ न पइट्ठं,जलबिन्दुव्व सुतत्ते आयसभाणम्मि पक्खित्तो	The plowman's daughter - in - law did not turn her back on him Even though she was wearing a blue salve. The water droplet had drifted from her breast While she slept.
आसज्ज दुज्जणं कविजणस्स अब्भत्थणा तओ विहला,न हु सक्कररससित्तोवि चयइ कडुयत्तणं निम्बो	If you want to be a poet, Sit down, sit down, take a nap, And don't drink the juice of sugar. You'd better stop being bitter.
अहवा कहापबन्धो कीरइ किं दुज्जणाण सङ्काए?,जूयाभएण परिहाणविमोयणं हन्दि! न हु जुत्तं	Ahava, what is the use of being bound? Is it to scare away evil spirits? It is the handiwork of a gambler who deceives people. No, I am not.
दुज्जणअसंमयं पि हु कुणइ कवी कव्वमेत्थ किमजुत्तं?,उलुयाणमभासन्तोवि दिणयरो किं न उग्गमइ?	What is the point of a poet's poem When he speaks in the midst of adversity? But when he speaks his mind, Does not his heart tremble?
अपत्थिओवि सुयणो कईण कव्वे गुणे पयासेइ,धवलेइ जयं सयलं सभावओ चेव निसिनाहो	Aunt, The virtues of many a poet are destroyed by many a lie, But victory for the white man Depends on how many lies he conceals.
निन्दाकारिजणस्स वि दोसग्गाही न सज्जणो कहवि,कुणइ सुयन्धं वासिं तच्छिज्जन्तो वि मलयरुहो	Tell me, gentlemen, That there is nothing to be said for being rude, For even a scolded man Can make a good man angry.
अन्नं च हवइ हु विरूवयम्पि हु कव्वं सुयणाण सङ्गमे लट्ठं,सिप्पिपुडम्मि पविट्ठं जलम्पि मुत्ताहलं होइ	I have food to eat, I am full of tears, And poetry to lie with me in my sleep. May the holy fire of Sippy Pudding burn brightly.
अब्भत्थणारिहां जं सुयणा तो ते उ पत्थिमो इण्हिं,एगग्गमणा होउं साहिज्जन्तिं निसामेह	The sleeper who is deprived of sleep is like a stone that has fallen from the pyre; let him rest in peace with his lover.
घोरे अणोरपारे संसारे जोणिलक्खपउरम्मि,अइदुलहं लद्धूणं मणुयत्तं भवियलोएण	I am bound to travel the world again and again, But to enjoy the pleasures of love I will never forget.
देविन्दचन्दनागिन्दविन्दमणुइन्दवन्दियजिणेहिं,वज्जरिए उज्जमिउं जुत्तं धम्मम्मि सुद्धम्मि	Devindachand, Govindam, Vindhya, Jinnah, Vajraye, Ujjamye, Jutta, Dhamma, Suddhammi.
सो अन्तरारिविजए रोगद्दोसा य अन्तरा सत्तू,तव्विजऎ च्चिय सोक्खं तेहिं जियाणं पुणो दुक्खं	So, whether one conquers illness or pains the soul, One who conquers happiness conquers sorrow again.
एवं च ठिए रागद्देसाणुगया जीवा पावेन्ति विविहदुक्खाइं,तम्हा तव्विजऎ च्चिय विबुहेहिं होइ जइयव्वं	In the same way, when one is angry one gets life by enduring various sufferings. So let your anger be destroyed by your anger.
एयत्थसाहणपरा सोलसपरिच्छेयसङ्गया ललिया,पाइयगाहाहिं कहा कीरइ सुरसुन्दरीनामा	Aunt, How can I describe her?"" asked Laliya, sitting crossly on top of her husband, As if she were talking to a beautiful woman.
अबुहजणबोहणं तह दुक्कहलोयाण चित्तरञ्जणयं,जुगवं णो सक्किज्जइ कवीहिं उभयम्पि काऊण	Love is like a painting on wood, Like pain in a painting, Like youth in a poem, Like a poem in verse.
जओ सालङ्कारेण घणक्खरेण रञ्जिज्जए जणो विबुहो,पयडत्थललियकव्वं अबुहाणं बोहणं कुणइ	A man whose hair is dyed with nectar Is like a pot of water on the fire, Like an earthenware vessel drained of pollen.
दोण्ह वि एक्कवएच्चिय सक्किज्जइ रञ्जणं न काऊणं,एक्कं गेण्हन्ताणं अवस्स किर नासए बीयं	Two people can do the same thing, Don't confuse the colors. One person can't control the weather, So why waste time sowing seeds?
नियगुरुकमप्पसाया कावि हु सत्ती उ जइवि मह अत्थि,उवमासिलेसरूपगवण्णगबहुलम्मि कव्वम्मि	Niyagurukamappasaya kavi hu satti, Jivi me atathi, Uvamaseelasaroopa gavanaga: The poetry of many poets.
तहवि हु तयं न कीरइ असमत्थं पत्थुअम्मि जं अत्थे,तो अबुहबोहणत्थं पयडत्था कीरए एसा	Then why didn't you do the same thing to the stone on which you had stuck it?
किञ्च सीसिणिमयहरियाए गुरुभगिणीए अलन्धवयणाए,सिरिकल्लाणमईए पवत्तिणीए उ वयणेण	Some sesame seeds are so fragrant That the teacher's wife takes them in her arms, And Sirikallanam gives them to her stepdaughter.
पारद्धा जं एसा कवित्तगव्वेण नो मए तेण,कीरइउत्ताणत्था पाइयगाहाहिं ललियपया	Believe me, my dear, If this poem were not written by me It would be better not to write it at all.
हु पज्जत्तं बहुणा पत्थुयविग्धावहेण विहलेण,विहवकुलबालियाकयकडक्खविक्खेवसरिसेणं	I am the only one who knows how to travel, Like a child prodigy Whose arms are twisted around his waist.
निसुणह एगग्गमणा होउमियाणिं कहं कहिज्जन्तं,अड̣धाइज्जसएहिं गाहाणं कयपरिच्छेयं	Without saying a word, How can I explain this to you?"" asked the haughty woman.
अत्थेत्थ सुवित्थिन्नो उड̣धाहोलोगमज्झयारम्मि,नामेण तिरियलोगो विबुहाणुगओ सुमेरुव्व	At the same time, spring flies from above, Like the rays of the sun in the sky, Like a lotus twisted by the name of summer.
दीवो उ अत्थि तत्थवि वित्थरओ जोयणाण लक्खं तु,जलहिवलयावगụ̄धो जम्बुद्दीवो त्ति विक्खाओ	The lamp has gone out, So hast thou scattered abroad the joys and sorrows of youth. But when it is time to light a lamp, It goes out.
तस्स य दाहिणभागे भरहं नामेण अत्थि वरखेत्तं,वेयड्ढनगवरेणं दुहा विहत्तं सुवित्थिन्नं	There on the right is a field with my husband's name on it, And on the left a field full of weeds.
अह दाहिणड्ढभरहे गङ्गासिन्धूण मज्झयारम्मि,कप्पदुमोव्व दुमाणं बहुदेसाणं पहाणयारो	Ah! the water of the Ganges flows from the right side to the left side of my body, Like the lotus on a lotus.
धन्नसमिद्धिलपामररासयसंसद्दपूरियदियन्तो,अविकरहमहिसरासहनाणाविहगोहणाइन्नो	Blessed is the parliamentarian whose business is concluded between two and three days, Unhappiness is the hallmark of a virtuous marriage
पइदियहवहन्ताणेयसारणीविसररेहिरुज्जाणो,पुरनगरगामपउरो बहुरिद्धिसमिद्धसयलजणो	Are you afraid of the wind whirling around you When you arrive in town? The traveler is familiar with many things.
निच्चं पमुइयलोओ नाणाविहउच्छवेहिं अविरहिओ,भयडमररहियगामो कुरुत्ति नामेण वरदेसो	Stop being so touchy, You fool, And stop being so fearful. I will reward you with a good name.
अविय अणवरयवहन्ताणेयवणियसत्थोहवसिमसयलपहो,जत्थ न नज्जइ पहि पहिं अडविवसिठाणयविसेसो	Traveler, don't travel unless you find it difficult to balance your feet on the uneven surface of the ground.
अन्नं च तम्मि देसे गुणाण भवणम्मि एयमच्छरियं,सोअरहिओवि जं सुणइ जणवओ लोयभणियाइं	When one speaks of one's own virtues One mutters good and bad words. But when one listens one speaks falsehoods.
अविय जत्थ य गाममहल्ला कररहिया धम्मवज्जिया मुणिणो,देसस्स तस्स संवण्णणम्मि को उज्जमं कुणइ?	Anyway, When the village headman is sowing the seeds of dharma, How bright is that sunny day in the country?
तत्थवि य अत्थि वित्थिन्नजलहिवलयाणुकारिपरिहाए,परपुरिसालङ्घाए परिक्खित्तं भमिरमयराए	At the same time the parrots are scattered all over the place, Like water buffaloes caught in the crossfire of another tiger's tail.
पडवक्खभयुप्पायणविसालसालेण परिगयं रम्मं,रमणीयमगरतोरणगोउरदारेहिं परिकिन्नं	Love is like a lotus Placed on the palm of one's hand, Like a panorama propped up against the girdle of a lovely street.
अइनीलबहलउववणविरायमाणावसाणभागेहिं,मत्तालम्बगवक्खयजुएहिं वरचित्तजुत्तेहिं	Lucky are the trees that grow blue, Lucky the bushes on the river bank, Happy the juicy shoots of a drunken cow.
नाणभूमिजुएहिं पासाएहिं तुसारधवलेहिं,तन्नयरवासिजणजसथूहेहिव्व निच्चमइरम्मं	A coin has to pass through the eyes of a young man, Like the pearl of your hand That does not budge When touched by an angry man.
तह अवरावरदेसागएण तन्नयरवासिणा चेव,वणियकलानिउणेणं पइदियहं वणियलोएण	So do not neglect your neighbor in distant lands, For I have become acquainted with the arts of trade Through my travels in the forest.
किज्जन्तवणिज्जेहिं विरायमाणं अणेगहट्टेहिं,परिपूरिएहिं अन्तो बहुमुल्लकियाणगसएहिं	What a waste of time It is to travel alone, To be completely exhausted And end up as something very valuable.
उत्तुङ्गमगरतोरणपवणुद्धुयधवलधयवडड̣धेहिं,सुदंरदेवउलेहिं उवसोहियसुन्दरपएसं	May the gods rejoice over her With towering waves, May the clouds cover her with clouds, May she enjoy the pleasures of love
तह पण्डुपउमसण्डोहमण्डियाणेयगुरुतरसरेहिं,सोवाणपन्तिसुगमावयारवावीसहस्सेहिं	There at the feet of Pandupuma swollen with sweat, At the tips of the thickets of jasmine flowers, The wife sighs with delight at her husband's return.
वरतियचउक्कचच्चरआरामुज्जाणदीहियाईहिं,देवाणमवि कुणन्तं पए पए चित्तसंहरणं	The God of Love has turned our hearts upside down, Our eyes red with delight.
सयलन्नपुरपहाणं नयरं सिरिहत्थिणाउरं नाम,नयरगुणोहुववेयं सङ्कासं अमरनयरस्स	Silence is the name of the path, The sound of one's feet, The sighs of a jealous husband Are the rays of immortality.
जत्थ य निवसइ लोओ पियंवओ धम्मकरणतल्लिच्छो,दक्खिन्नचायभोगेहिं सङ्गओ तह कलाकुसलो	Wherever people live, Beloved ones, Meditate on Dharma; Together with those who seek refuge in the south, There is bound to be art.
जत्थ य पुरम्मि निच्चं इओ तओ बहुपओयणपरेण,भमिरजणसमुदएणं दुस्सञ्चाराओ रत्थाओ	Wherever the Puram is approached, There are many steps, And the wicked charioteer runs through the crowd of pilgrims.
जत्थ य कोडिपडायापच्छाइयसयलगयणमग्गम्मि,लोओ गिम्हदिणेसुवि रविकरतावं न याणेइ	Wherever kodipadaya is painted, Or on the steps of a riverbank, People do not know the nature of the sun during summer.
जत्थ य पुरम्मि पुरिसा घरभित्तिनिहित्तमणिमऊहेहिं,निच्चं हयन्धयारे गयम्पि राइं न याणन्ति	Wherever the men of the village are, There are arrows stuck in the walls of their houses. Yet they do not know the ways of the hunter's wife.
रम्मत्तणओ जस्स य पलोयणत्थंव आगया देवा,कोउगवक्खित्तमणा अणमिसनयणत्तणं पत्ता	The fire of the God of Love, Like the flame of love, Is the medicine of anger and resentment.
धवलहरसिहरविरइयपवणपहल्लन्तवेजयन्तीओ,सन्नन्ति व रविणो सारहिस्स अइउच्चगमणट्ठा	The sun is shining brightly, The flowers are blooming, The nights are dark, And the nights are long.
जत्थ य पुरम्मि दीसइ पायपहारो उ रङ्गभूमीसु,दण्डो उ धयवडाणं सीसच्छेओ जुयारीण	Wherever the poor girl steps There is a stage on which to play, A stick is tied to her head And a yoke is blown on her.
कुसुमाण सिरसि बन्धो सागच्छेत्तेसु जीवकत्तणया,तह पण्डियपरिसासु पत्ताणं हन्दि! भिन्दणया	Kusumaan sirsi bandho saag chhote sujivakatna, thoda pandiya parisaasu padta handi! Bhindanaaya.
अह एक्कॊ च्चिय दोसो गुणाण भवणम्मि तम्मि नयरम्मि,निद्दोससाहुणो जं सयावि दीसन्ति गुत्तिठिया	Ah! one thing is certain: By feigning guilt She has reduced him to nothing. But, dear friend, The signs she sees are fleeting.
अह तम्मि पुरम्मि पहू पभूयकरितुरयरयणभण्डारो,जहभणियनीइपालणआणन्दियसयसजणचित्तो	Ah! your poor daughter - in - law, You foolish traveler, Who for so long has looked after her with such fondness And with such a generous heart.
नियबुद्धिसमुदएणं वसीकयासेससत्तुसन्ताणो,सम्पूरियत्थिसमुदयमणपत्थियअत्थवित्थारो	Are you satisfied with what you get out of your wretched mind, Your children, Wholehearted men, Steady as a sheet of paper?
दढकạधिणभुया 'परिमियपरक्कमक्कन्तसयलपडिवक्खो,पडिवक्खभामिणीवयणनलिणसङ्कोयमणमयङ्को	Look! There she is!"" whispered the hunter. ""Parimpriyaparakkamkantasailapadivokkho,"" That's the way it is with a cotton swab stuck in a cotton bunny's eye.
सूरोव्व पिहुपयावो सीहो इव अकयपरबलासङ्को,उयहिव्व सुगम्भीरो चन्दो इव जणमणाणन्दो	The sun is hotter than the moon, The wind is stronger than fire, The sky is brighter than water, And the moon is more agreeable to human life.
रुवेण कामदेवो बुद्धिए सुरगुरुस्स सारिच्छो,निवसइ पमोयपत्तो राया सिरिअमरकेउत्ति	With tears running down her cheeks She dwells in the hollow of Raya Siriamara's tree, Who is the god of love, The god of wisdom and goodness.
तस्स य तिवग्गसारं रज्जसिरिं सम्ममणुहवन्तस्स,वच्चन्ति वासराइ इन्दस्स व देवलोगम्मि	There it is, Like a lightning bolt, Like the bow of a bow That travels through the sky To the gods of the Indus.
अह अन्नया कयाइवि अत्थाणगयस्स राइणो तस्स,विणयपणउत्तमङ्गो पडिहारो बन्धुलो भणई	Oh, my! There must be something very strange going on there,"" said the farmer,'A friend of mine who is a farmer by profession.
देव! कुसग्गपुराओ चित्तयरो चित्तकम्मपत्तट्ठो,नामेण चित्तसेणो समागतो चिट्ठइ दुवारे	Deva! The path of anger, Which leads from the heart to the heart, Is joined with the mind through the door of writing.
सो देवपायदंसणसुहकङ्खी इच्छए इह पवेसं,एवं च ठिए अम्हं देवाएसो पमाणन्ति	That is why those who desire to see the gods rejoice - they desire to be seen by us, and we worship them as gods.
तत्तो रण्णा भणियं लहुं पवेसेहि ताहे सो विहिणा,अत्थाणम्मि पविट्ठो कयविणओ राइणो पुरओ	There ran the buffalo, And just as the plowman had arrived at the field, So had the hunter."" ""For how can a pious cow ever make a poor cow?
उवविट्ठो भूमीए रन्ना भणिओ कुओ 'सि तं भद्द!?,केण व कज्जेण इहं समागओ मह समीवम्मि?	Whom are you looking for?"" cried the doe, ""Who is that? It is a bad man!"" said the she - elephant. ""For what reason have you come so close to me?
तो भणइ चित्तसेणो कुसग्गनयराउ आगओ देव!,चित्तगरो साइसयं जाणामि य चित्तकम्ममहं	So tell me, Cursed be the fire of anger! For all I know about anger, I know how to be angry.
चित्तप्पिओ य देवो सुम्मइ वत्तासुं तेण अहमेत्थ,चित्तकलं पयडेउं समागओ देवपासम्मि	If the mind is busy thinking, The Deity stays calm. So do not worry, For when you think, You become absorbed in the thoughts of Deity.
तत्तो रन्ना भणियं केरिसयं चित्तकोसलं तुज्झ?,दंसेहि ताव मज्झं आलिहियं किञ्चि वररुवं	What makes you think I'm angry? You're angry, Daughter - in - law. So why am I still angry?
अह तेण कक्खदेसम्मि गोविया चित्तपट्टिया सहसा,पयडीकाउं रण्णो समप्पिया हिट्ठवयणेण	Ah! the Goan palette is bursting at the seams At the same time as the cowgirl's.
पसरन्तपयडपुलओ राया पुलोएइ तत्थ आलिहियं,नाणावन्नयकलियं पमाणरेहाहिं सुविसुद्धं	A wide expanse of grass, Pulo raya flowers, And a lotus blossom at the tips of the leaves - The pleasures of love are endless.
अहिणवज्जोव्वणवररुवजुत्तमच्चन्तमणहरागारं,अहिणवसिहिणारम्भं कण्णाए रुवयं पवरं	The fire of non - violence is like the lotus of the sky: From the start of a non - violent fight There are bound to be tears.
तं दट्ठुं नरनाहो चिन्तइ एसो हु चित्तकम्मम्मि,अइकुसलो जं लिहियं अउव्वरुवं इमं रूवं	Look at that man. He thinks I'm delirious. Try writing a letter to him: It'll look just like that.
तिलोक्कम्मिवि मन्ने एरिसरूवा न इत्थिया अत्थि,चित्तकलानिउणत्ता अदिट्ठरूवा इमा लिहिया	Tilokkammivi manne erisruva ittaiya atthi, citta kala niyunta aditruva ima likhia.
जइ पुण कत्थवि होज्जा एरिसरुवेण इत्थिया कन्ना,तीए वि सङ्गमो जइ ता रज्जं होज्ज सकयत्थं	If a man wants to be virtuous, He can do so only with water; if he likes dancing, There must be a rope with him.
एवं चिन्तेन्तस्स य वम्महसरगोयरम्मि पडियस्स,वीसरिओ से अप्पा चित्ते 'वक्खित्तचित्तस्स	And when he thinks of you, He goes on singing about you:"" ""Your mind is devoid of emotions.
तत्तो खणन्तराओ संमीलियलोयणो अमरकेऊ,सीहासणाउ पडिओ मुच्छाए परवसो सहसा	So the hunter's wife has fallen at once, Like an immortal doe in a dream, Like a pearl on the head.
हा! हा! हत्ति भणन्ता अत्थाणगया समुट्ठिया लोया,वीयन्ति वीयणेहिं सीयलसलिलेणं सिञ्चन्ति	Ha! ha!"" ""Cautiously muttering the refrain, The crowd gathers around them, And the weeping women sprinkle the lotus flowers with water.
वयणे खिवन्ति खिप्प कप्पूरं तह मलेन्ति अङ्गाइं,तं दट्ठुं चित्तसेणो पहसियवयणो दढं जाओ	When he stares at you He licks your lips, Then rubs your limbs against your cheeks.
रे! रे! कोवि हु पावो अहिमररूवेण आगओ एसो,कम्मणगारी जेणिह विमोहिओ अम्ह सामित्ति	Hey! Hey! Come on, you bastard. If you want to escape, we'll go together.
तालेह हणह वन्धह एवं भणन्तेहिं अङ्गरक्खेहिं,गहिओ सो हम्मन्तो एवं भणिउं समाढत्तो	Tears welled up in his eyes, And his limbs trembled as he spoke. So he muttered, And said:"" ""I agree.
भो! भो! भद्दा! नाहं दुट्ठो ता मा मुहा कयत्थेह,तत्तो य तेहिं भणियं कहं न दुट्ठो तुमं पाव!?	Oh! Oh! What a bitch! No, that's not your fault. Don't touch me again. So tell me, brother - in - law, How can you be so rude?
कम्मणकयं हि चित्तं पयंसियं कीस राइणो तुमए?,तह मुच्छियम्मि देवे वियसियवयणो य किं जाओ?	Why are you crying so much? It's only because you're angry. So what do you do if your husband disappears?
ता कहसु केण रण्णो वहणत्थं पेसिओ तुमं पाव!?,तो भणइ चित्तसेणो अक्खिस्सं तुम्ह सव्वम्पि	So tell me, Who is it that is making you cry?"" she said, ""You fool, I suppose.
रन्नो अब्भुदयत्थं समागओ न उण दुट्ठबुद्धीए,एमाइ भणन्तोवि हु बद्धो सो रायपुरिसेहिं	Run, join me in worship, do not trouble the senses; I am bound to go,"" he said.
एत्थन्तरम्मि राया गयमुच्छो सत्थचेयणो जाओ,अह नरवइणा भणियं मुञ्चह भो! चित्तगरमेयं	Here is Raya's skirt:"" ""Get away, you stupid girl!"" ""Her face is smeared with red ghee.
उच्छोडियबन्धो सो रन्ना भणिओ य भद्द! उवविससु,आइक्खसु मह सच्चं केण तुमं पेसिओ एत्थ?	Fool, you fool!"" ""He growled."" ""You fool, I beg of you, Why am I bothering?"" ""Is that what you mean?
तो भणइ चित्तसेणो निसुणसु नरनाह! एत्थ परमत्थं,चित्तगरवेसधारी समागओ जेण अहमेत्थ	So tell me, Don't be so naïve! Here's the other way around: Be careful who you invite into your heart.
अत्थेत्थ कुसग्गपुरं सुपसिद्धं चेव देवपायाणं,नयरगुणोहुववेयं धणधन्नसमिद्धजणकलियं	At the same time, kusagapuram is a good practice for the gods; it is the art of the wise combined with wealth that makes a man virtuous.
पणइजणपूरियासो राया घणवाहणॊत्ति तत्थासि,पाणप्पिया से देवी वसन्तसेणत्ति नामेण	Panaijanapuriyasu raya ghanavahanotti tathasi, Panappiya se devi vasantasenatti naaman.
ताण य पुत्तो नरवाहणॊत्ति नामेण उक्कडपयावो,कमलावइत्तिनामा धूयाअच्चन्तरूववई	A son is born by the name of a man carrier, A daughter by a woman by a lotus Is born by smoke and water.
अह अन्नया य राया दाउं नरवाहणस्स नियरज्जं,कमलावई य भगिणी अणुरूववरस्स दायव्वा	Ah, annaya or raya daun, the rule of the nirvahana is absolute, the lotus is divine, unlike its sister.
इय भणिऊण पुत्तं सुगुरुसमीवम्मि जायसंवेगो,संसारुच्छेयकरं सामन्नं उवगओ विहिणा	Say,'My son, be careful what you say to my daughter - in - law. For she is won over by thoughts of ruining the world.
नरवाहणोवि राया रज्जं पालेइ पणयपडिवक्खं,चिट्ठइ कन्नन्तेउरमज्झे कमलावइ वि सुहं	The warrior's wife, Raya, guards the fence: The lotus is happy even when it is wet With tears.
एत्तो य तम्मि नयरे निवसइ वणिओ उ सागरो नाम,रन्नो बालसवयंसो जिणवयणे गाढमणुरत्तो	The ocean abides by you, my name,"" said the doe. ""The life of a child is but a fleeting memory.
सिरिमइनामा भज्जा अइप्पिया तस्स सीलसम्पन्ना,सिरिदत्तो से पुत्तो सिरिकन्ता तहय दुहियत्ति	Sirimainaama bhajja ayyappaasa tasa seelasampanna, Siridato se puttu sirikanta tahaaya doohityaati.
सिरिकन्ता अणुदियहं वच्चई कमलावईए पासम्मि,जाया य गरुयपीई अन्नोन्नं ताण दोण्हम्पि	A lotus grows out of a watermelon by the wayside, But if you force it through It won't hold your breath.
इत्थीजणजोगाओ गहियाओ कलाओ बालभावेवि,सगलकलानिउणस्स उ पासम्मि सुमित्तसेणस्स	Here are the joys of love, The pleasures of nature, The passions of childhood, All the virtues of art Exhausted with the purest air.
रायदुहियाए समयं चित्ताईयाहि विविहकीलाहिं,सिरिकन्ता कीलेत्ता विगालसमयम्मि एइ गिहं	The nights are the same, The days are different, And the nights are different. It's the heat of winter That makes the nights miserable.
सिरिकन्ताए समयं सिणेहसाराए रायधूयाए,वोलीणो बहुकालो नाणाविहकीडणरयाए	At the stroke of dawn The rain clouds gather around us, Like a large coin tossed by the wind.
कमसो वड्ढन्तीओ तियसाण वि पत्थणिज्जरूवाओ,पत्ताओ पढमजोव्वणमणङ्गसिङ्गारआवासं	Some grow old, Some grow thin on the stone, And the first young men settle on the horn of the lion.
अह अन्नया य राया मइसागरसागरेहि सञ्जुत्तो,अत्थाणमण्डवम्मी आसीणो अच्छई जाव	Oh! my dear, Is this the night at sea with the God of Love? It is better to sit on the veranda With your eyes closed.
नियसहियणसञ्जुत्ता ताव य कमलावई तहिं आया,भूसणपसाहिअङ्गी गेन्दुयकीलाए कीलन्ती	When the lotus fell from her hands It was as if she had been bitten by a scorpion.
अह सा भगिणी रन्ना पीईए निवेसिया निउच्छङ्गे,तत्तो दट्ठुं तीए रूवं तह जोव्वणमुदग्गं	Oh! my sister - in - law! She is so busy making love And making love That the sight of her face Will revive her youth.
भणिओ रन्ना मन्ती मइसागर! तइय पव्वयन्तेण,ताएण अहं भणिओ भगिणी ठाणम्मि दायव्वा	Say,'Run, you silly tiger! You fool, That's why I said,'My sister is a godwoman in a dungeon.
इण्हिं वरस्स उचिया जाया एसत्ति ता महं कहसु,को अणुरूवो पुरिसो इमीए सुकुलप्पसूओ य?	Tell me, my dear, Is this the way things should be? For who would begrudge me Such a pleasure As this?
मइसागरेण भणियं देवॊ च्चिय एत्थ जाणए उचियं,तत्तो रन्ना भणियं एवं मे फुरई चित्तम्मि	The God of the Ocean ran away, He knows what to do with it, He runs away, And I lose my mind.
कीरइ सयंवरो इह हक्कारिज्जन्तु सव्वरायाणो,जो चेव हिययइट्ठो तं चेव वरेई जेणेसा	What kind of man is this? Everyone is entitled to his opinion, Whatever he may have in mind He will give to whoever he likes.
मइसागरेण भणियं जं देवो आणवेइ तं किच्चं,नवरि सयंवरकरणं सम्पइ उचियं न काउं जे	Whatever god a woman wishes to bestow on her husband, He will do so only to the extent that he accomplishes his goal.
सव्वेवि निवा जइया आयत्ता हॊन्ति एगनरवइणो,तदणुन्नाएण तया सयंवरो होइ कायव्वो	Everyone knows that fire burns only when it is hot. So be careful with her.
एगस्स जओ वरणे सेसाणं सो निवारगो होइ,सम्पइ पुण रायाणो नरिन्द! सव्वेवि अहमिन्दा	Whichever way the wind blows, That will be the end of it All praise be to Narinda! All are Ahaminda.
ता ताणमेगवरणे सेसा सव्वेवि सत्तुणो हॊन्ति,न य सक्का सङ्गामे जिणिउं सव्वेवि एगेण	In this world, everyone is a martyr, Not by chance will everyone be victorious.
ता अलमिमिणा नरवर! विग्गहमूलेणणत्थबहुलेण,कमलावईसयंवरकरणेण एत्थ पत्थावे	That is the lotus of immortality! The path is paved with lotuses Rooted in lotuses Like lotuses.
तत्तो रण्णा भणियं कस्सेसा तरिहि भद्द! दायव्वा,को व इमीए इट्ठो मणस्स इह कह णु नायव्वं?	Where have you been all this time? How can I describe it to you, God? It's just the way things are.
जस्स व तस्स व रन्नो दायव्वा न य मए निययभगिणी,दिन्ना होइ सुदिन्ना जस्स,इमा तस्स दायव्वा	One who makes love to another does not make love to me, One who renounces oneself is bound to fall in love with another.
एवं च जाव जम्पइ राया मइसागरेण सह तत्थ,ताव य दुवारपालो पणामपच्चुट्ठिओ भणइ	And when he has a talk with the stag, He mutters,"" ""There you have it!"" ""At the doorway The farmer's son calls his wife's name.
अट्ठङ्गनिमित्तविऊ भूयभविस्सत्थपयडणपडिट्ठो,सुणईनामो इहइं समागओ देव! नेमित्ती	Attend to the sound of the trumpet, While the earth sighs, For behold, my name is Deva!
सो देवदंसणत्थं दुवारदेसम्मि चिट्ठइ इयाणिं,इय सोउं नरवइणा भणियं तुरियं पवेसेहिं	So this is the letter written by the goddess Dwaradeshmi in Deva Darsanam. So this letter was written by a man who was poisoned by a scorpion.
तयणन्तरं च सुमई निम्मलसियवसणसोहियसरीरो,गोरोयणकयतिलओ समागओ राइणो पुरओ	After the fire has been kindled, I will rejoice in your everlasting presence. But forgive me the rainbow That hangs over my face Like a white sheet.
आसीपयाणपुव्वं दाउं दुव्वक्खए नरिन्दस्स,रन्ना कओवयारो उचियासणगम्मि उवविट्ठो	Foolish girl, Narindas are everywhere. The crow runs after the crow Who has reached the top of the tree.
रन्ना पच्चयहेउं अतीयवत्थुम्मि पुच्छिओ एसो,पच्चक्खं पिव सव्वं साहेइ सो अवितहं जाव	Come, ask me what I want, It's the emerald tree. Everything else you need, Just go away.
ताहे पहसियवयणो राया नरवाहणो इमं भणति,भो सुमइ! मज्झ भगिणी एसा कमलावई कण्णा	There's that woman Whose husband is abroad And who talks like that, my dear! My sister - in - law has such lotus eyes.
एईए को भत्ता होही मणवल्लहुत्ति वज्जरसु,सुमई निरूविऊणं निमित्तमेवं समुल्लवइ	Allowance to AEA, poor thing! I'll make a mess of it All for your sake.
नरवर! चित्ते लिहियं एईए रूवयं पुलोएत्ता,मुच्छिज्जिस्सइ जो इह होही भत्ता इमीए सो	Daughter - in - law! Write this on your mind: A bouquet of jewels is piled on top of your husband's bracelets."" ""This is how he treats his wife.
सयलोरोहपहाणा तस्स य होही इमा महादेवी,एत्थत्त्थे य नरेसर! मा काहिसि अन्नहाभावं	Saylorohaphana tasa ya, Ima, Mahadevi, this is where the king is from! Don't be greedy.
एत्थन्तरम्मि सागरसेट्ठी संलवइ सुमइनेमित्तिं,सिरिकन्ताए भत्ता को होही मज्झ धूयाए?	What makes me want to take a bath in the late afternoon heat of the ocean?"" asked Sirikanta, ""Who washes away my allowance?
वज्जरइ तओ सुमई कसिणभुयङ्गेण डसियमेयं जो,उज्जीविस्सइ सॊ च्चिय भत्ता धूयाए ते होही	When it rains, Who washes away the joys Of being angry With one's neighbor?
एवं च पुच्छिऊणं उचियं काऊण तस्स उवयारं,पट्ठविओ नरवइणा जहागयं पडिगओ सुमई	And when he asks how she is, The woman replies:"" ""It's just the way people make love.
तत्तो य भणइ मन्ती सोहणमहुणा नरिन्द! सञ्जायं,ता इण्हिं तब्भणिए कायव्वो उज्जमो होइ	That's what my lovely wife, Narinda, says:"" ""Tomorrow, my dear, may the moon be brighter than ever before.
भणियं रन्ना को इह साइसयं लिहइ चित्तकम्मन्ति,मइसागरेण भणियं सुपसिद्धो ताव इह नयरे	Brother - in - law, To make a run for it is a waste of time."" By the sea the brother prospers, So does not this man.
एक्कॊ च्चिय कमलावइउज्झायसुमित्तसेणनामस्स,तणओ उ चित्तसेणो अइकुसलो चित्तकम्मम्मि	There is only one lotus in my heart, Which looks like a lotus, And my name is Senna. So does the lotus of my heart.
रन्ना भणियं सिग्घं वाहरह तयन्ति तक्खणेण अहं,वाहरिओ सम्पत्तो भणिओ रन्ना सबहुमाणं	By running away I am bound to fall in love with the one I love, By being wealthy abroad I mean running away with everything.
कमलावईए रूवं सिग्धं आलिहसु चित्तफलहीए,जं आणवेसि भणिउं,सोहणवन्नेहि तं लिहियं	A lotus looks like a lotus, But the fruit of your heart is white. Whatever you say I write with it in my heart.
देक्खालियं च रन्नो साइसयं पेक्खिऊण तो तुट्ठो,भणिओ अहं रन्ना एत्थत्थे तं सिउचिउत्ति	When I look at Dekhalyam and Ranno Saisayam they break open. Say:"" ""I am running. This is where you pinched them.
चित्तगरवेसधारी एयं घेत्तूण सव्वराईणं,दंसेणु जस्स मुच्छा जायइ एयं पुलोएउं	This handsome man is all smiles, Just pull me by the hair As I brush my teeth.
सो मह साहेअव्वो सिग्धं आगम्म,जेण तस्सेव,महया उवयारेण दिज्जइ कमलावई एसा	So come, my lord, Straightforward as you can, my dear, This is the lotus offered by the God of Love.
एवं रण्णा भणिओ तत्तो पणमित्तु तस्स पयकमलं,कइवयपरियणसहिओ कुसग्गनयराउ नीहरिओ	And tell me, Ranna: That lotus is like a lotus in a watermelon jar, Like a bunch of gooseflesh falling from a tree.
सुग्गीवकित्तिवद्धणपमुहाणं नरवईण मे एसा,सन्दंसियाउ न पुणो जाया इह अत्थसंसिद्धी	This is how it is with a man Who has made love through penance, That love does not return to the senses.
अज्ज पुणो इह नयरे समागओ देव! तुम्ह पासम्मि,एयं नियच्छिऊणं मुच्छा जाया य तुम्हाणं	Today, my God, join me again! You're at hand. It's up to you to decide whether to frown or groan.
जायं मह सामिसमीहियं ति चिन्त्तित्तु तेण नरनाह!,जाओ हरिसो मज्झ सुमरिय नेमित्तियं वयणं	Foolish man, if you think about my resemblance to you, you'd better stop! For every one of you knows that I have a sweet tooth.
एएण कारणेणं मुच्छाए तुम्ह हरिसिओ अहयं,ता मा नरिन्द! अन्नहभावेण वियप्पसु ममन्ति	That's why you are angry, my dear. Don't be angry! I beg of you to stop being angry.
इइ चित्तसेणवयणं सोऊणं विगयअन्नआसङ्को,वज्जरइ अमरकेऊ विम्हइओ चित्तरूवेण	It is the arrow that pierces the mind, The arrow which pierces through the heart, That stirs the soul, Like the flame of immortality.
किं तीए कन्नाए एरिसयं अत्थि रूवसोहग्गं?,ता भणई चित्तसेणो निमेसमेत्तं इमं लिहियं	Is that the reason why she is so touchy?"" he said, ""I can write only with my mind.
को सक्कइ कुसलोवि हु जहट्ठियं तीए रायकन्नाए,निज्जियतियसविलासिणीरूवं रूवं समालिहिउं?	Who is it that loves you so much As she loves me so much, That I bear a grudge against you As if I were a widow's son?
तव्वयणं सोऊणं हरिसियहियएण राइणा तस्स,अङ्गविलग्गमसेसं पसाइयं कडयवत्थाइं	When the rice is ripe For harvest The paddy fields are fragrant, And when the water is boiled The jasmine blossoms.
तो भणइ चित्तसेणो आएसं देह देव! अम्हाणं,नरवाहणस्स रण्णो जहट्ठियं जेण साहेमो	So he says,"" ""The mind has come, The body has gone!"" ""My lord, the arrow of the God of Love has run aground Wherever I can see him.
रण्णण्णुन्नाओ सो कमेण पत्तो कुसग्गनयरम्मि,नरवाहणस्स रन्नो सिट्ठो सव्वोवि वुत्तन्तो	A man who does not run makes the path slippery, A woman who runs after a man Who runs after her Every day.
अह तेणवि नियभगिणी पभूयधणपरियणेण परियरिया,पट्ठविया हिट्ठेणं सयंवरा अमरकेउस्स	Ah! the lovers of one's neighbor Are lovers made of another man's mistress, And lovers abandoned their lovers On account of their immortality.
सिरिकन्ताइसहिजणं आभासित्ता य सयलपरिवारं,कमलावईवि चलिया हरिसविसायाउरा हियए	A lotus grows in a person's womb, Like a whole family of bees."" ""Let the lotus blossom And flourish Every time it appears.
इच्छियवरलाभेणं साणन्दा तहय बन्धुविरहेणं,किञ्चि ससोगा पत्ता कमेण सा हत्थिणपुरम्मि	If you want to be loved, keep being friends. For how long can a leaf of mustard grow on an elephant's back?
महया विच्छड्डेणं सोहणलग्गम्मि गुरुपमोएणं,कमलावई उ रन्ना परिणीया खत्तकुलविहिणा	Mahaya vichaddenum, swollen loincloth, Gurupamoyenum, Kamala vayi, Runna parinya, Khatkula vihina.
पाणाणवि अब्भहिया पवरा अन्तेउरस्स सयलस्स,इन्दस्सव इन्दाणी जाया अह सा महादेवी	The soul is immortal, The senses are eternal, The mind is eternal, And the soul is bound to the great God.
तीए सह विसयसोक्खं अणुहवमाणस्स राइणो तस्स,नीईए सयलभूमिं निययं परिवालयन्तस्स	With her went a long line of raindrops That constantly moved across the blue earth.
वच्चन्ति वासराइं सुहसमुदयमसममणुहवन्तस्स,विबुहपहुस्सव तियसालयम्मि अद्दिट्ठदुक्खस्स	Vachanti vasarayum suhamudayamum sammanum vanantasa, vibhuha-pahusavum teyasalayamum adituttum dukhusam.
तम्मि य पुरे पसिद्धो पवरो पउराण आसि धणधम्मो,सेट्ठी निवस्स इट्ठो पत्तट्ठो सव्वसत्थेसु	You have proved yourself to be powerful, You have acquired wealth, Live long and prosper, Lay hold of a good man's name And follow him everywhere.
नीसेसअत्थिवित्थरपत्थियअब्भहियदिन्नवरदाणो,अज्जयपज्जयजणयज्जियाए लच्छीए 'लङ्करिओ	The poor girl is so thin On both sides Of the road That she does not know what to do with the offerings made on either side of her by her husband."" ""The lanky girl is lucky enough to get a good look at him.
जिणसमयसत्थवित्थरवियक्खणो मोक्खमग्गतल्लिच्छो,जिणसाहुपूयणरओ साहम्मियवच्छलो धणियं	As long as one keeps his eyes open, Like a good man at ease, So long is the warrior's weapon.
अवहसियतियससुन्दरिरूवाइसया पईवया दक्खा,भज्जा मणोरमनामा तस्स य पाणप्पिया धणियं	Without jealousy, Like a beautiful flower in bloom, Like the south wind blowing from the sky, Bhajja's penance is like a pot of water in a pan.
ताणं तिवग्गसारं विसयसुहं सम्ममणुहवन्ताणं,नियकुलमण्डणभूओ जाओ अह दारओ एक्को	With those sharp arrows That pierce through my heart, With the pleasures of love, I bow before you in silence: There is only one door.
वत्ते य बारसाहे अम्मापीईहिं निययकुलविहिणा,धणदेवॊत्ति य सम्मं नामं निव्वत्तियं तस्स	Vatte ya barasahe ammapi, Destinyless, As long as the God of Love does not renounce his name.
अह पञ्चधाइकयविविहलालणो दारओ स वड्ढन्तो,पत्तो कुमारभावं माउपिउणं कयाणन्दो	Ah! the door of the five storey house Is bursting at the seams, But who is going to restore its former glory?
अब्भहियअट्ठवरिसो सम्मं अब्भसियसयलविज्जस्स,उज्झायस्सुवणीओ विन्नायकलाकलावस्स	Aunt, until the rains abound, Knowledge is inexhaustible; Women who attain enlightenment Perform in a variety of arts.
थेवेण वि कालेणं अहिगमियाओ समत्थविज्जाओ,सयले कलाकलावे अह जाओ सोवि पत्तट्ठो	There were days when non - violence was commonplace, But when it came to the art of making love, It was only a matter of going to sleep.
तत्तो गहियकलावो समाणिओ नियघरम्मि धणदेवो,पिउणा से उज्झाओ स पूइओ वत्थमाईहिं	So angry is the lord of the house When he comes home, And his anger is kindled by drink.
कमसो पवड्ढमाणो धणदेवो जोव्वणं समणुपत्तो,निज्जियअणङ्गरुवो जाओ वरकामिणीदइओ	Come, let us worship the God of Wealth, Let us embrace youth, And let us grope for our lovers.
अह सो समाणजोव्वणरूवाइसएहिं वरवयंसेहिं,परियरिओ आहिण्डइ ईसरलीलं विडम्बन्तो	Ah! such a young man, Such a handsome man, With such handsome looks as these, Is only to be trifled with in jealousy.
अह अन्नया कयाइवि वयंसविसरेण परिगओ एसो,नयराओ नीहरिओ पत्तो य मणोरमुज्जाणे	Oh! my! How strange it is that we treat each other with so much affection: The leaves are blue But the leaves are fragrant.
दिट्ठो य तत्थ एगो पुरिसो गुरुसोयपरिगओ तेण,वावीतडोवविट्ठो अंसुजलोहलियगण्डयलो	Look at that man Whose face is smeared with gooseflesh.
धणदेवो तं दट्ठुं पुरिसं उप्पन्नगरुयकारुण्णो,आसन्ने गन्तूणं महुरगिराए इमं भणति	The God of Love looks at that man, Looks at him, Tells him that he is angry with his neighbor's wife.
को सि तुमं कत्तो वा किं वा ते सोयकारणं भद्द!?,एवं च तेण भणिओ सो पुरिसो एवमुल्लवइ	Who are you, or what do you mean? That's a damned good idea!,"" And he said, ""That man is such a mess.
कह तम्मि वज्जरिज्जइ दुक्खं गुरुदुक्खपीडियमणेहिं,न कुणइ जो पडियारं न य दुहिओ अहव जो होइ?	What makes you wretch, Not so much in your griefs as in your sorrows? Not so with anyone who is ill or in pain.
तहवि हु कहेमि सुन्दर! मा वयणं तुज्झ निप्फलं जाउ,सीहगुहानामेणं अइविसमा अत्थि पल्लित्ति	There I will tell you what, beautiful girl! Don't let your imagination get the better of you. In this damned cave you must have felt like a traveler.
तीए य सुपइट्ठो पल्लिवई तस्स भारिया लच्छी,तीए पुत्तो जाओ जयसेणो जणमणाणन्दो	That good girl, That poor girl's hair is slippery, My son, Go to her parents'house So that she may enjoy the pleasures of life.
तस्स य बालग्गहो अहयं नामेण देवसम्मॊत्ति,कीलामि य जयसेणं तत्थ अहं विविहकीलाहिं	If I were a child, I would join the pantheon of gods. But if I were an army, I'd join various clans.
अह अन्नया य बाहिं विणिग्गओ गेण्हिऊण जयसेणं,पुरिसेहिं दोहि दिट्ठो तत्थ अहं जोगिरूवेहिं	Oh! my dear! Only if both eyes meet in a man's arms Will I win the war.
सम्भासिऊण पुव्विं दिन्नो मह तेहिं पवरतम्बोलो,तम्मि समाणियमित्ते मइसंमोहो महं जाओ	Give me that pearl of affection Which gave me such affection, So that I may rejoice over it As if it were your own.
तत्तो कुमरसमेओ तेसिमणुमग्गमेव लग्गो हं,जाणामि नेव किञ्चिवि विमोहिओ तेहिं पावेहिं	There you are, Like a lotus That grows on your face, But I know that you will never find one again.
तेहि समेतो अहयं वयामि जा कित्तियम्पि भूभागं,ताव य तिसिएण मए एगम्मि उववणनिगुञ्जे	By the way, how much territory do I have left for myself Now that I have a bunch of peacock feathers on my forehead?
बहुविहतरुफलकलुसं पीयं नीरं तु तप्पभावेण,जाओ सत्थसरीरो विचिन्तियं ताहि मे एयं	Drink a lot of fruit juice, you silly one. Go and see for yourself. I've got this in me.
रयणीइ गहिय कुमरं नासिस्समिमाण पावपुरिसाणं,इय चिन्तिय चलिओ हं अलक्खिओ चेव सह तेहिं	It's the poor girl's nose That staggers the poor man. Instead of thinking about it, I go with someone else.
पत्ताए रयणीए निसुया अन्नोन्नमुल्लवेमाणा,एएण बालएणं सिज्झिस्सइ जक्खिणी अम्हं	I am the only one who knows how to weep,"" said the farmer, ""And when he has had his way I am helpless.
तुगीयपव्वयम्मी पत्ता हुंणिऊण बालयं एयं,सिद्धाए जक्खिणीए पाविस्सामो निहिं तं तु	You silly girl, You're the only one who can hide your faults.
इय तेसिं सोऊणं भणियं,भयवेविरो दढं जाओ,सुत्तेसु तेसु घेत्तुं जयसेणं ताहि नट्ठो हं	This is how you sleep: Stay awake and stay awake, Fear not, Sleep on as well as you can, For if you sleep on your own, It'll spoil your sleep.
कहकहवि हु नासन्तो गवेसमाणेहिं तेहिं हं पत्तो,बन्धित्तु तओ वसभे समारुहेत्ता इहाणीओ	Saying,'I have no more work to do,'You will find it there, Like a cow in distress.'Though bound, These women live together in harmony.
अज्ज पुणो इह नयरे सम्पत्तो सत्तमाउ दिवसाउ,तन्हाछुहाभिभूओ मुक्को हं एत्थ उज्जाणे	Today, please, give me one more day of your wealth. I will never forget how angry I was When he kissed my cheek.
ता भद्द! इमं गुरुसोयकारणं साहियं मए तुम्ह,जइ अत्थि कावि सत्ती ता रक्खह बालयं तं तु	That's nasty! My lord, I am happy for you. If you persist in your anger, You will protect me.
भणियं धणदेवेणं सम्पइ चिट्ठन्ति कत्थ ते पुरिसा?,सो भणइ गहियकुमरो एगो नग्गोहहेट्ठम्मि	Tell me, When did that man write The Dependency of the God of Love?"" She says, ""It was the son of a cowherd Who drew the lotus on his hand.
बीओ पुरे पविट्ठो सुराइकज्जेण सम्पयं चेव,इय भणिए धणदेवो जोगियपासे गओ तुरियं	Behold, the whole of Pavitra, Whose whole body is covered with sunshine, Says the God of Love:"" ""Wherever you go, there you will find plenty.
भणिओ य तेण एसो एयं मह देसु बालयं भद्द!,अहयं सुवन्नलक्खं तुह देमि,न एत्थ सन्देहो	Say :'Here, my poor boy, I will give you the golden lotus. No doubt of it.
तो जोगिएण भणियं जाव न सो एइ दुइयओ जोगी,ताव मह देसु लक्खं जेण इमं देमि तुह बालं	So, please, don't go, both of you. Please, give me one lakh rupees, so I can give it to your child.
तत्तो धणदेवेणं समप्पियं अङ्गुलीययं तस्स,दीणारलक्खमुल्लं मुक्को य इमेण जयसेणो	That is the victory of victory, That is, By smashing the lampstand of Dinara with one's finger.
घेत्तूण अङ्गुलीयं सिग्घयरं जोगिओ तओ नट्ठो,घेत्तूण य जयसेणं धणदेवो देवसम्मस्स	Grabbing the nail with your finger Or raising it with your hand Will not hurt, For if you grab it, God will reward you.
पासम्मि समल्लीणो भणिओ एसो य गिन्ह कुमरत्ति,तत्तो य देवसम्मो पहसियवयणो इमं भणइ	The passer - by said:"" ""Such and such is the virginity of a girl."" ""So the God of Love spoke to her in a passionate speech.
तं सामी तं बन्धू तं चिय मह जीयदायगो सुयणु!,किं किं न कयं तुमए जीयं कुमरस्स दिन्तेण?	That friend of yours saved my life! How can you not give your life to a bastard?
मह सामियस्स दिन्नं,जीयं जं पाणवल्लहो पुत्तो,पाविट्ठदुट्ठजोगियकयन्तवयणाउ नीहरिओ	I beg of you, my son, That you live as long as you love water. So do not turn your back on me As soon as you see me.
तत्तो धवदेवेणं नीओ गेहम्मि भोइओ सम्मं,सत्थस्स मेलिऊणं पट्ठविओ निययठाणम्मि	So do not harm the white god, For as long as you fear him, He will guide you in the right direction.
एसो पुण वुत्तन्तो वित्थरिओ तत्थ पुरवरे सहसा,अइचाई धणदेवो देइ धणं लक्खगन्नेहिं	When he comes back he goes astray, Then suddenly at dawn he finds treasure in the hands of the gods.
ता जत्थ जत्थ दीसइ धणदेवो नियवयंसपरियरिओ,अन्नोन्नं पुरलोओ तत्थ इमं विविहमुल्लवइ	As the gods ordain, So the gods enjoin, And as the men purify themselves, So do the various joys of love.
एसो सो धणदेवो चाई भोगी य तह कलाकुसलो,अत्थिजणपत्थिओ जो वरिसइ लक्खेहिं धन्नॊत्ति	Come, you who desire wisdom, or you who are an artist, or a gentleman generous with gifts.
अन्ने पुण मच्छरिणो भणन्ति नियचायगव्विया तत्थ,किं सलहिज्जइ एसो नियपिउलच्छीए खयकालो?	My dear, Are you sure you don't want to eat meat?"" he said, ""You stupid mosquito, so why bother looking at it again?
तं दाणमिह पसस्सं तं चेव य पोरुसस्स वुड̣धिकरं,जं नियपरक्कमेणं विढविय विलसिज्जइ जहिच्छं	Give as much as you can, Or as little as you need, As long as you trust in God's providence.
जं पुण अज्जयपज्जयजणयज्जियअत्थमज्झओ दाणं,परमत्थओ कलङ्कं तयं तु पुरिसाभिमाणीणं	If you want to achieve greatness, Give generously, But at the same time get a bad name, You must respect men.
भणियं च बप्पविढविय दव्वेणं को न विड̣धिरं कुणइ,सइविढवणविलासणयं जणयइ विरलं सुयं नारी	Mother - in - law does not condemn a broken marriage. A rare woman knows how to arrange a happy marriage.
एयं जणप्पवायं निसुणित्ता चिन्तई उ धणदेवो,सच्चं भणन्ति एए न हु जुत्तं मज्झ एरिसयं	Oh! my goodness, That man thinks so little of his wife, But speaks the truth: There is nothing I can do About her.
ता परदेसं गन्तु विढवित्ता भूरिभूइपब्भारं,विलसामि जहिच्छाए दीणा 'णाहाण अविसङ्को	That curtain grows thicker, Brings on more weight, And loosens the blanket As if it were a lamp.
इय चिन्तिय धणदेवो माउपिऊणं सगासमागम्म,विणयपणउत्तमङ्गो कयञ्जली भणिउमाढत्तो	It is the thought of the God of Love that makes me sigh all the time,"" said Kayanjali, raising her voice in acquiescence.
तुब्भेहिं अणुन्नाओ गन्तूणं ताय! अन्नदेसम्मि,विढवामि भूरिदव्वं इय इच्छा सम्पयं मज्झ	Don't worry, you fool! The whole of this desire I have is my own. I've got to eat it all!
ता अणुजाणउ ताओ पुज्जन्तु मणोरहा इमे मज्झ,गच्छामि अन्नदेसं वणिज्जबुद्धीए सयमेव	That's all I need to know, my dear,"" he said. ""Here I am, making love, Going abroad with the wisdom of a merchant.
भणियं जणणीए तओ गमणवयणम्पि दुस्सहं पुत्त!,अच्छउ ता दूरॆ च्चिय पुण गमणं अन्नदेसम्मि	My son, It's as bad as leaving as if you were going to leave! But go away, For once you've reached the point of giving birth.
अन्नं च अत्थि लच्छी तुह जणएणावि अज्जिया पुत्त!,जीए विलसन्तोवि हु अन्तं काउं न सत्तो सि	There is nothing you can do about it, my son, Except eat food. In the end you will not survive.
अविय जणएण य तुह पुत्तय! अत्थुप्पत्तीए कारणं जं जं,तं सव्वं कारवियं किं कज्जं तुह वणिज्जेण?	Know thyself well, my son! Whatever may have been the cause of your unhappiness, What business is it of yours to do all this?
भणियं धणदेवेणं जावज्जवि अम्मि! बालओ पुत्तो,ताव नियजणणिसिहिणे फरिसन्तो लहइ सोहम्पि	My son, Mother - in - law, You have made a god of love!"" cried the Pharisee, But his heart was not in it.
वोलीणबालभावो छिप्पइ पावेण तं करेमाणो,तह पिउलच्छी जणणिव्व होइ सुसमत्थपुत्ताणं	If you want to hide your youthfulness From girls, You better give birth to a handsome boy.
सुसमत्थो वि हु जो जणयअज्जियं सम्पयं निसेवेइ,सो अम्मि! ताव लोए ममंव उवहासं लहइ	A good mother is one who removes all that is invisible to the naked eye. So let me smile.
इय भणिउं धणदेवो अंसुजलुप्फुण्णलोयणो सहसा,मुक्कलह इह भणन्तो पडिओ जणणीए चलसेणु	He said,"" ""Your lordship, Suddenly the flowers are bursting with tears."" ""Saying this in a whisper, The wife slipped into a trance.
तो धणधम्मो सेट्ठी नाउं अवसाण- कारणं तस्स,वज्जरइ पुत्तं! को तुज्झ वञ्छिए कुणइ विग्घन्ति?	Well, my son! Who among you is so spoilt by a bad name As Vajrayi?
जणएणं जणणी पुत्तविओगं अणिच्छमाणीवि,कहकहवि हु सण्ठविया विन्नायसुयावमाणेण	I will never forget how my daughter - in - law put me at ease When she told me she was pregnant.
एवं सो धणदेवो मायावित्तेहिं अब्भणुन्नाओ,परदेसगमणजोगं गहिऊण चउव्विहं भण्डं	And so the God of Love has made fools of themselves, By deceiving them into going abroad.
अट्ठाहियमहिमाओ कारावेत्ता जिणिन्दभवणेसु,सम्पूइय साहुजणं संमाणिय माणणिज्जजणं	Eighteen hundred and fifty thousand men, Imprisoned and condemned to live forever; A man of pure heart, Respectful and honorable is the standard of decency.
सयलम्मि तम्मि नयरे कारिय आघोसणं जणे मिलिए,नेमित्तियआइट्ठे सुहदिवसे विहियमङ्गल्ले	Aunt, let me meet someone who will do the same for you. It won't be long before I see him again.
गहिऊण पवरसउणं अङ्गीकाउं कुसग्गवरनयरं,हियबन्धुवणियसहिओ नीहरिओ निययनयराओ	Go ahead, swear by your husband's name. Your eyes are fixed on him, Like brothers in marriage.
एवं सो धणदेवो संवाहियसहपयट्टजणनियरो,लहुलहुपयाणएहिं वच्चइ सह गरुयसत्थेण	And he is the god of arms, Waving the banner of victory over his enemies, With whom he made love.
तत्तो 'णुवासरं सो सत्थो वसिमं अइक्कमेऊण,अह कमसो सम्पत्तो एक्कं अइभीसणं अडविं	Then let me tell you, young and old, How long have I got to live here? Anything short of wealth Is a waste of time.
जत्थ अदीसन्ताणवि घणपत्तलपउरपायवत्तणओ,कूइयसरसंसवणा गम्मइ विहगाण अत्थित्तं	Wherever a child is born, There is plenty to see And everywhere to see.
अन्नं त जीए लोया नीइपहाणस्स पुहइपालस्स,नयरीए इव न कुणन्ति कहवि उम्मगसञ्चरणं	If food is to survive, Then sleep must be restored, For women do not behave in such a way As if they were to travel the universe.
वियडाडवीए तीए मज्झंमज्झेण वयइ सो सत्थो,नियकोलाहलपडिरवपडिपूरियजुन्नतरुविवरो	In the midst of the crowd That has broken the fence She is still standing, Her lips quivering with excitement, Her eyes brimful of fresh tears.
तुङ्गतरुनियरसाहप्पसाहसञ्छन्नअम्बरत्तणओ,सव्वम्पि वहइ दियहं अलग्गरविकिरणसन्तावो	Friend, I beg of you to spare a moment, For I am only a child of stray radiation.
कविकगुयुगरुतरवोक्कारसवणसहसुत्तसन्तबहुवसहो,उत्तसियवसहवालणनिमित्तपमुक्कहक्कारो	A poet is a man of many talents, One who shares one's joys and sorrows, Who embraces success and who embraces adversity.
हक्कारसद्दपडिरवसंसवणुत्तासियाण सयराहं,आयन्नन्तो दिसि दिसि घूयाणं भूरिहुङ्कारे	The traveler is so anxious to see you that he lies motionless on his back, That he keeps repeating the same words over and over again.
वसहकण्ठपलम्बिरघण्टिया-रणियपूरियभूरितरम्बरो,विसखुरुक्खयरेणुनिरन्तरो,वयइ तत्थ स वाणियसत्थओ	The clap of thunder from the trumpet, The thunderclap of jasmine, Full of thunder, The rays of the God of Love, Are unceasing; There he is, next to the voice.
साहुधणेसरविरइयसुबोहगाहासमूहरम्माए,रागग्गिदोसविसहरपसमणजलमन्तभूयाए	The pleasures before our eyes, Like the pleasures of love, Resemble in the waters of love Through ecstasy.
एसो एत्थ समप्पइ अडविपवेसस्स वन्नणो नाम,सुरसुन्दरिनामाए कहाए पढमो परिच्छेओ	Aso, here's the name of the woman who disguised herself, How can I explain it to you?"" asked the pretty girl.
अह अन्नवासरम्मी कमेण बहुवोलियाए अडवीए,गहिय जलासयमेगं अह सो आवासिओ सत्थो	Ah! the lotus flowers in the paddy field, The thickets of nectar in the lake, So do the dwellers of this village.
अह तम्मि सत्थलोए उल्लद्दियसयलवसहनियरम्मि,जलइन्धणाइअट्ठा इओ तओ परियडन्तम्मि	Ah! the plowman's daughter - in - law's younger brother, The fire of water is such a torment.
पमुक्केसु दिसि दिसि चरणत्थं सव्ववसहमहिसेसु,पारद्धेसु य तक्कालमुचियकिच्चेसु लोएण	At every step of your way Help is at hand, For when you cross the road It's easy to slip under the weight of your feet.
नाऊण पणिहिवसओ भोयणकज्जम्मि आउलं सत्थं,सत्थम्मि तम्मि पडिया झडित्ति भिल्लाण धाडित्ति	The plowman's son is poor, The landowner's daughter - in - law is poor And the farmer's wife is poor.
नवमुग्गवन्नअड्डणढक्कियआजाणुभीसणसरीरा,मसिरासी इव काला कुवियकयन्तोव्व दुप्पिच्छा	Navamuggavanna, Don't be so naïve: You fool, you coward, If you want to enjoy your life With someone else Who is not black And who is not white.
खरबीभच्छसरीरा पलासपत्तेहिं विहियसेहरया,गुञ्जाफलरतच्छा उब्भङ्खरकेसमपब्भारा	The plowman's wife is so fond of strawberries That he welcomes them with open arms When they are ripe for harvest.
सनद्धबद्धकवया पट्ठिपएसा 'वणद्धतोणीरा,कन्नायड्ढियधणुहपट्ठदीसन्तभल्लोडा	Friendly cowgirl, You stupid girl, Can't you see? Aunt, That boy's gotta have a heart of gold In his hands.
केवि असिवग्गहत्था केवि हु करगहियलउडया अवरे,गुम्फणफेरणसुङ्कारएहिं जीयं व अवणेन्ता	How long have I toil in this wretched forest? For the fragrance of the jasmine's fragrance Can keep it alive And intact.
धिट्ठानिट्ठुरहियया दिसो दिसिं ‘मारि मारि’ भणमाणा,अन्नाया एव कुओवि ज्झत्ति भिल्ला समावडिया	Look at that girl's face: It looks like a buffalo slithering on the road."" ""Mother - in - law, you'd better stop!
पडिएसु तओ तेसुं सत्थो सव्वो वि आउलीभूओ,भिल्लाण पउरभावा वक्खेवा सत्थपुरिसाण	When he falls, all the others fall at the same time. The villain, proud and proud, Is a man of seven.
अह तम्मि सरणरहिए ल्हसिज्जन्ते समत्थसत्थम्मि,दप्पपरिपूरियङ्गा हक्किय जम्पन्ति केवि नरा	Oh! there's no one to stop you, you silly girl, Running with you in all directions, Jumping with you on a tightrope.
रे! रे! पिसायरूवा! कत्थिण्हिं जाह दिट्ठिपहपडिया,पयडह सव्वं जइ अत्थि तुम्हमिह पोरिसं किम्पि	Oh! my! my poor girl! How long has it been since I've seen you? It's only a matter of time before I see you again.
केवि पुण भीरुहियया वरया दसणउडगहियअङ्गुलिणो,हा! हा! रक्खह रक्खह एवं कलुणाइं जम्पन्ति	How cowardly of a man To point his finger at the bridegroom on the tenth day, Ha! Ha! Raakha: The rakhi and the kaluna are chanting.
केवि हु लुण्टिज्जन्ता इओ तओ तह पहम्ममाणा य,कीवा पलायणट्ठा तत्थ गवेसन्ति छिद्दाणि	Who is it that robs me of my wealth And throws me overboard? For who would steal my treasure If he had to flee?
केवि कहकहवि पावियछिद्दा गाढं च खसफसेमाणा,सणियं सणियं ओसक्किऊण लीयन्ति गहणेसु	How can someone say:"" ""It's dark, thick, and smudged with soot?"" ""When he tries to hide his true nature He finds it in her hands And takes it away.
केवि हु वेविरदेहा सịधिलीकयकच्छबन्धणा धणियं,पमुक्कपुरिसयारा अङ्गीकयदीणजणचेट्ठा	Who am I to begrudge, poor girl, That man whose eyes are glued to my cheeks Has turned my face away At the mere mention of his name?
परिचत्तसयललज्जा कहकहमवि मोक्खणं विमग्गन्ता,तेसिं चिय पावाणं,कुणन्ति बहुचाडुकम्माणि	Those familiar faces tell me that love leads to liberation, That jealousy leads to poverty, That they cause great suffering.
केवि हु मयमिव भूपट्ठिसण्ठियं अप्पयं पयंसन्ति,केवि हु छुहन्ति गण्ठिं महीए पक्खाणि जोएत्ता	Somebody takes me by the scruff of the neck, Someone touches me with their hands, And someone pinches me on the cheek.
जेवि हु इओ तओ इन्धणाइअट्ठा गयासि सत्थाओ,तेवि हु कलयलसद्दं सोउं वच्चन्ति दूरयरं	As long as I have the fuel, you're safe,"" he said, ""so long am I going to sleep by the fireplace door.
रे! लेह हणह बन्धह मारह वयणाइं भरह धूलीए,सुम्मन्ति तत्थ सत्थे दिसि दिसि एवंविहा सद्दा	Hey! Leah, tie up your hair, smear it all over with dust, Just sit there and watch this thing unfold.
एयावसरम्मि तओ पासित्तु इओ तओ विलुम्पन्तं,भिल्लेहिं सत्थलोयं कइवयनियपुरिसपरियरिओ	Aunt, It goes on and on, Until it's too late. Yet in this damned world Some men go astray.
उप्पाएन्तो तेसिं आगिईए चेव चित्तसङ्खोहं,वसुनन्दयखग्गकरो धणदेवो एवमुल्लवइ	If you lift it up, I will burn it all over again. The God of Love is not so powerful As he who destroys spring.
रे! रे! पावा! जइ अत्थि तुम्ह इह कावि दप्पकण्डूई,ता हवह मज्झ पुरओ सहसा तं जेण अवणेमि	Hey! Hey! Phew! If you're so bold as to say this, I'll do my best to explain it to you right away.
मा भणह जं न भणियं एस कसवट्टओ सुपुरिसाण,न हि नियजुवइसलहिया पुरिसा पुरिसत्तणमुवेन्ति	Tell me, brother - in - law: A good man is one who conceals his faults, Not a man who is content with his life But a good man.
हा! धी! धी! एयस्स उ रे! दुट्ठा! तुम्ह पुरिसगारस्स,नासन्तलोयपट्ठीधावणउवलद्धापसरस्स	Ah! the rush! The rush! Oh! the pain! You fool, you foolish girl. There's nothing wrong with crossing your path And climbing up and down.
एवं च निसामित्ता दोच्चं तच्चं समुल्लवन्तस्स,धणदेवस्सुल्लावे सुहडाणवि भूरिभयजणगे	And when he has accomplished both, The whole world will rejoice, And the gods of the earth will be filled with joy.
रे! रे! लेह इमस्सवि फेडेमो धीरयं किराडस्स,एवं समुल्लवन्ता वलिया ते झत्ति तयभिमुहं	Hey! hey! Leah! It's only a matter of time before Fedemo shows up, Grabbing his patience, And waving at the crowd, He'll be right in front of you.
पत्ता य आहसन्ता धणदेवस्सन्तियं समन्ता ते,तिक्खासिकोन्ततोमरभल्लीहि य पहरिउं लग्गा	The leaf sighs, The bow trembles, And the bow twists But with its sharp tip Your beloved's cloak Looks just like that.
धणदेवोवि असङ्को तहा पयट्टेसु तेसु भिल्लेसु,ताणमुरमोडिऊणं कुणइ नियपोरिसं पयडं	If you don't have a God of Love, You'd better take care of yourself,"" he said. ""Because making love with a man who is not your husband's makes you unhappy.
जह जह ते भिल्लनरा देन्ति पहारे दढं दयाहीणा,धणदेवो उण तह तह अब्भसियकलो पवञ्चेइ	As long as they give guards to villains They are pitiless. So is the god of arms So indecent is the punishment.
अविय फरएण केवि हु इओ तओ केवि कायकरणेणं,केवि हु दूराउच्चिय एन्ते खग्गाभिधाएण	O Pharaoh, how long have I been here, How long have you been away, And how long will you need to stay here?
कहकहवि हु भिल्लेहिं गहिओ फरएहिं उट्ठहेऊण,भणियं च तेहिं रे! रे! एसो सत्थाहिवो वणिओ	Tell me, would you rather go home and get up again? It's just the way you want it! Come on! This is the speech of a true hero.
ता बन्धिऊण एयं अक्खयदेहं तु पल्लिनाहस्स,अप्पेमो जेणेसो देइ वणिओ धणं बहुयं	Now tell me, you fool,"" he said, ""You fool, The man who told you so is very wealthy.
तत्तो य तेहिं गन्तुं पल्लीवइणो समप्पिओ एसो,एत्थन्तरम्मि दिट्ठो धणदेवो देवसम्मेण	There you are,"" replied the village headman, ""And then come the sight of the God of Love.
तत्तो य तेण भणिओ सदुक्खमेवं तु पल्लिनाहस्स,हा! हा! सामिय! एसो महाणुभावो स धणदेवो	Then he said,"" ""You fool, you fool, Ha! Ha! Samia! This is the great God of Love.
जेण तया तुह तणओ जोगियगहिओवि मोइओ आसि,दाउं सुवन्नलक्खं निक्कारणवच्छलेणं तु	As soon as you wake up from your sleep You'll be dead. Right now you're hiding behind a white blouse.
जयसेणकुमरजीवियदाया धणधम्मसेट्ठिपुत्तो सो,परमुवयारी सामिय! कहणु अहन्नेहिं विहिउत्ति?	The youngest daughter of Jayasena is stuck between her husband and dharma, so what do you mean,"" ""Your highness, Samya?"" ""How come you are still sitting here?
इय देवसम्मभणियं सोउं सम्भन्तलोयणो सहसा,अह भणइ सुप्पइट्ठो मुञ्चह मुञ्चह महाभागं	This is the God of Love,"" he said, ""I suppose you'd better sleep, for I have a big part in this.
पासट्ठियपुरिसेहिं तक्खणमुच्छोडिया य से बन्धा,पल्लीवइणा ताहे अवगụ̄धो सायरं एसो	The pastime of cooking is tied to the tip of one's nose, But when the village headman sees it, He says:"" ""Here comes the sire.
तत्तो विहियपणामो तक्कालमुचियम्मि आसणे दिन्ने,पासट्ठियपुरिसेहिं,उवविट्ठो तत्थ धणदेवो	Then I will give you a drink, And you will give me a seat at my feet, Like the supply of pasta. There you will find the god of arms.
तत्तो य दीहदीहं नीससिय विसायगब्भिणं एवं,लज्जावणमियवयणो पल्लिवई भणिउमाढत्तो	That's when the shy girl said,"" ""It's been a long day."" ""With a sigh of relief And a shy expression On her face The palanquin went up in flames.
परमुवगारित्ति तुमं उवेच्च किलहोसि अम्ह दट्ठवो,नवरं गिहागयस्सवि सागयमेवंविहं विहियं!	You are so attractive, my dear, That I can see you with my own eyes, Like the sapphires of a good poem!
जायइ अवगारफलो विहिओ पावाणं अहव उवयारो,सप्पस्स जहा दिन्नं दुद्धम्पि विसत्तणमुवेइ	If you want to eat fruit without burning it, Drink milk without boiling it.
पावो अहं कयग्धो सुयजीवियदायगस्स जेणज्ज,गिहमागयस्स एयं अहम्मकम्मं समायरियं	Come, let me tell you something. For if I had my life to live on, You'd be damned! Such is the beauty of the heart.
भणियं धणदेवेणं कीस इमं वहह गुरुविसायन्ति,अन्नाणं अवरज्झइ,को दोसो एत्थ तुम्हाणं?	Tell me, brother - in - law, why do you need a guru in this world, When food is scarce, Who is to blame?
दट्ठुं अणन्नसरिसं भिल्लवई तस्स वयणविन्नाणं,रूवं तह सुयणत्तं पुणोवि अइरञ्जिओ भणइ	Look at that woman Whose face is smeared with red ghee, Look at her breasts Which are covered with gooseflesh.
पेच्छह एगम्मि नरे केत्तियगुणसमुदओ समं वसइ?,बहुरयणा हु वसुमई सच्चो लोयप्पवाओ 'यं	Do you see how many virtues reside in the same person?,"" ""I live in a world where many people are ignorant.
धी! धी! मह पुरिसत्तं धी! धी! मह एरिसाए वित्तीए,नियकुलकलङ्कभूयस्स मज्झ धी! पुरिसजम्मेण	Dhee! Dhee! My husband's daughter! Dee! My wife's son. My daughter - in - law's husband! It's my daughter Who is haunted by nightmares.
धी! मज्झ जीविएण कुकम्मनिरयस्स धम्मरहियस्स,एयारिसपुरिसाणं लुण्टणकम्मम्मि निरयस्स	Daughter! Keep me alive, you rascal, And do not trouble me by robbing me of my treasure.
एत्तियमेत्तेणं चिय धन्नो 'हं जं महाणुभावस्स,अक्खयदेहस्स इमस्स दंसणं झत्ति सञ्जायं	It's my good fortune that I ever felt so great, For it was only a matter of time Before I saw him again.
जइ पुण होज्ज विवत्ती समयं भिल्लेहिं जुज्झमाणस्स,ता कह मज्झ अउन्नस्स होज्ज पावस्स नित्थारो?	If I am to be restored, If I spend the rest of my life fighting, How can I be still?
एमाइ बहुविगप्पं अप्पाणं निन्दिऊण तो भणइ,भो! भो! भिल्ला सत्थे जं गहियं एत्थ तुम्हेहिं	If you condemn yourself for being so big, I will tell you,"" ""Bhola!"" ""But the village where I am staying is yours.
तं सव्वम्पि समप्पह इमस्स धणदेवनामवणियस्स,तेहिं तणमज्जायं समप्पियं तस्स तं सव्वं	He knows everything, I know everything, And he knows everything.
तत्तो सबालवुड̣धे मिलिए लोगम्मि भयविमुक्कम्मि,वज्जरइ सुप्पइट्ठो धणदेवं नेहगब्भमिणं	There you will meet the God of Love, Who in a dream foretells the horrors of war.
एत्तो गाउयमेत्ते सीहगुहा नाम अत्थि मे पल्ली,तीए लहुमागच्छह अज्ज मह पाहुणा होह	Here in this village, Close to my heart, There's a cave named Atthi in the village, And looking out for her you must be my guest today.
भणियं धणदेवेणं एवं होउत्ति ताहे सो सत्थो,धणदेवमग्गलग्गो सीहगुहं झत्ति सम्पत्तो	Friend, the god of arms and the hunter are one and the same, But between the gods of arms There is a treasure hidden in a cave.
आवासियस्स तत्तो वसिमासन्नम्मि सत्थलोयस्स,पल्लीवइणा नीओ धणदेवो निययगहेम्मि	Stay where you are, Sit where you sleep, And do not trouble the village headman. For the lord of the village does not prescribe wealth.
अब्भङ्गिऊण विहिणा सुगन्धतेल्लेहिं पवरजुवईहिं,अद्धाणपरिस्समनासगेण वरवारिणा न्हविओ	When the bridegroom is about to be presented with his fragrant oil She does not need to bathe with the fragrance of jasmine flowers.
घणसारसारसिरिखण्डचच्चिओ ताहे पल्लिनाहेण,सहिओ पवराहारं भोत्तूण समुट्ठिओ कमसो	The grasshopper is so thin that it cannot climb on top of the tree, Friend, Stop eating the straw That has stuck to the tree.
कप्पूरपूरसहिए तम्बोले आयरेण से दिन्ने,वज्जरइ धणदेवो सुहासणत्थो इमं वयणं	The tambola with camphor flowers gives iron, The vajra with its sweet nectar Is the weapon of the God of Love.
एसा हु ताव पल्ली आवासो निग्धिणस्स लोयस्स,तुब्भेवि तस्स पहुणो अणन्नसोज्जन्नदयकलिया	Such is the state of affairs in the village, O lonely man, That when you approach him He feels as if he has arrived unexpectedly.
एसो न सम्मजोगो अहिवइभिच्चाण मह ठियं चित्ते,जं सोयसच्चदक्खिन्नवज्जियाणं इमं ठाणं	Do not believe me, my dear, For my mind is fixed on this, Which is bound to cause embarrassment to the observer of right views.
भिल्लाणं नाहावि हु जं एरिसगुणगणेण सञ्जुत्ता,एयं मणम्मि भावइ महन्तमच्छेरयं मज्झ	I am not the villian Whom the virtuous countenance demands, Such is the nature of the mind As that of a great mermaid.
असरिससोजन्नजुया तुम्हे एयाए वसह पल्लीए,उत्तमनरावि होउं साहह मह केण कज्जेण?	Young man, you have to live in such a village, To be a good husband - What business do you have with me?
तो भणइ सुपइट्ठो किं कहिएणं इमेण धणदेव!,वञ्चणमवमाणं चिय मइजुत्तो नो पगासेज्जा	So tell me, stupid god! What do I say, you deceitful wretch? For he is not worthy of my affection.
तहवि हु भणामि मा होउ तुज्झ अब्भत्थणा इमा विहला,एगग्गमणो होउं साहिज्जन्तं निसामेहि	Then I will tell you, Don't be so naïve: I am leaving you empty - handed. I can go on as long as I like.
निच्चं पमुइयनरनारिपुत्रगामावलीए रमणीओ,बहुदिवसवन्नणिज्जो अङ्गो नामेण देसो 'त्थि	Dear women, The name of that part of your body Which has not had a bath for many days Is Despicable.
तम्मि य पुरं पुराणं पवरं सुरनयरसरिसरिद्धिल्लं,भयडमरकरविमुक्कं सिद्धत्थपुरन्ति विक्खायं	Your whole Purana, Surrounded by myriads of fragrant rays, Has been completely destroyed Without a trace of principle.
तम्मि य मयन्धरिउकरडिकरडनिब्भेयणम्मि पत्तट्ठो,कम्बुन्नयसुग्गीवो सुग्गीवो नाम नरनाहो	A man whose name is Narada should either rejoice or rejoice, For if he loves a woman's milk or sweets His name should be Narada.
सयलोरोहपहाणा सुन्दरसरदिन्दुबिम्बसमवयणा,बुद्धीए अणन्नसमा कमला नामेण से देवी	Saylorohaphana is beautiful, Like the rays of the sun, Like a goddess endowed with wisdom, Kamala by name.
तीए सह विसयसोक्खं अणुहवमाणस्स तह य रज्जधुरं,पुव्वभवपुन्नपायवसमप्पियं पालयन्तस्स	With her went a long and arduous search, Which, though uneven, Redoubled with pleasure, Endured without interruption.
वच्चन्तेसु दिणेसुं तीए देवीए अह अहं पुत्तो,जाओ कयं च नामं विहिणा मह सुप्पइट्ठॊत्ति	Come, my son, I will give you one day at a time And you will put me to sleep In my name.
लालिज्जन्तो पञ्चहिं धाईहिं कमेण वड्ढमाणो 'हं,सञ्जाओ पञ्चवरिसो माउपिऊणं कयाणन्दो	If you want to be pampered five times a day, keep at it."" ""Yes, father - in - law! Five times a year Is too much for one's parents To bear
एत्थन्तरम्मि गिम्हे सन्तावियमहियले वइक्कन्ते,निव्ववियमहीवị̄धो रसन्तसालूरसङ्घाओ	Hereafter the scent of summer fades, Like the fragrance of spring.
पवहन्तबहलवाहिणिखलहलसंसद्दबहिरियदिगन्तो,गज्जन्तगहिरजलहरदंसणनच्चन्तसिहिनिवहो	Be careful not to fall into the trap of falling asleep on your feet, For you must be anxious to see the water in the swollen lake
पप्फुल्लफुल्लसोहियनीवोहविरायमाणवणनियरो,मुचकुन्दकुडयसन्दियरयगब्भिणवाइयसमीरो	Dear friends, The words you utter echo those of your husband's lips When he says:"" ""Be nice to each other.
पुलिणपइट्ठियबालयकयवालुयदेउलेहिं रमणीओ,करिसयजणपारम्भियहलउत्तयचच्चियबइल्लो	Lovely lady, With round breasts Like a doe's pail, People start to behave as if they were peacock's tail.
हरिसवसहसिरपामर दिसि दिसि चब्भत्तभूरिकेयारो,पत्तो वासारत्तो कद्दमदुल्लङ्घमग्गिल्लो	You will see the twang of the sesame tree, Like a sapling tossed from the rafters by the wind.
एयारिसम्मि नवपाउसम्मि पत्तम्मि अन्नदिवसम्मि,नरनाहो सुग्गीवो विहिणा कयभोयणो सन्तो	This is the new moon, That on the following day The sun does not shine, Nor does the wife rejoice, For fear of someone else's fate.
चन्दणचच्चियदेहो परिहियमिउसण्हनिम्मलदुगूलो,तम्बोलवग्गहत्थो समागतो देविभवणम्मि	The fragrance of the moonlight, The nectar of fragrant flowers, Gathering on the palm of one's hand In the house of the gods.
सत्ततले पासाए आरụ̄धो उवरिमाए भूमीए,देवीए कयविणओ महरिहसेज्जाए आसीणो	In the heavenly realm, And on the earth above, Where, O goddess, Does the husbandman Sit In ecstasy?
खणमेगमच्छिऊणं परिहासकहाहिम्पिययमाए सह,सियवसणच्छाइयाए कोमलतूलीए पासुत्तो	It is funny to touch a cloud With the touch of a clap of thunder, To pass by on a soft twig Under the shadow of a cucumber.
ततो य सजलजलहरगञ्जियसद्देण नट्ठनिद्दो सो,उट्ठित्तुं संनिविट्ठो निज्जूहगसण्ठियमसूरे	As soon as you fall asleep in the middle of the sweltering heat of the Ganges, You awaken and revive your youth.
अद्धासणे निविट्ठा कमलदेवीवि ताहे नरपहुणो,वज्जरइ तओ राया हरिसवसुल्लसियरोमञ्चो	In the middle of the night the lotus goddess stands erect, So does the man's lover, And when he rises The rays of the sun Are like the rays of a lily in bloom.
मह सङ्गमगरुयसमुल्लसन्तमणहरपओहरा झत्ति,पेच्छ पिए! सञ्जाया तुज्झ सरिच्छा कुबेरदिसा	I'm about to have my fair share of trouble, You silly girl, Don't drink the wine! Your good name is Sanjaya.
तरलत्तं नयणाणं कुडिलत्तं सुतणु! तुज्झ केसाणं,अणुकरइ पेच्छ विज्जू घणमज्झे चिगिचिगायन्ती	Liquid, fresh, cool, sleepy! Your hair, dear girl, is falling apart While Viju, wearing a thick skirt, Sings a song.
अन्नं च पिय! पेच्छसु परिब्भमन्तेहिं इन्दगोवेहिं,नज्जइ पाउसलच्छी पचुन्निया महीयले पडिया	Eat and drink! Look around at that gooseflesh swirling around You."" ""It's like a bee hiding in the mud From the rainy season.
पाउसनरिन्दनवसङ्गमम्मि जायम्मि भूमिमहिलाए,हरियङ्कुरच्छलेणं पेच्छसु रोमञ्चओ जाओ	Women of the land, When the rain clouds gather Around you, Look how the rays of the crescent Seem to thrill.
निट्ठुर करपसरेणं इमेण सन्ताविआ इमा पुहई,इय रोसेणव रुद्धो घणेहिं सूरस्स करपसरो	My dear, I am reaching here because I am so distraught at this cruel man's anger. Stop being angry And turn your back on him.
मह आगमेवि पियविरहियाण महिलाण किं न फुट्टाइं,हिययाइं सामरिसं विज्जुज्जोएण जोएइ	Why should I not break up with a woman who has broken up with me? It is because she has mastered the art of being brave.
नाउं मह आगमणं तहवि हु किं चल्लिया पिया मोत्तुं,गज्जन्तो रोसेणव पहियाणं दलइ हिययाइं	No, I'm not coming, You silly one, Drunk on pearls? It's the rustle of roses That makes the wheels turn turtle.
धवलबलायादạ̄धो विज्जुलयाचवलदीहजीहालो,कसणशरीरो धावइ पहियाणं पाउसपिसाओ	The thunderclap, The lightning flashes, The breeze blows, But the rain pours only on the body Running through the wheels.
पेच्छ सुरचावनिग्गयधाराबाणेहिं विरहिहिययाइं,विन्धन्तो उवहसइव पञ्चसरं पञ्चसरसहियं	Eyes are scattered with the stream of raindrops Running down the rafters, And with the wind they pierce, Five times as many.
एत्थन्तरम्मि देवी नरनाहं भणइ हरिसिता सन्ती,सेसउऊण नरवर! अब्भहिओ पाउसो एसो	The goddess says,"" ""It's raining men."" ""She replies:"" ""There must be men! But come on, rain!
मोत्तूण विरहिणिजणं सुहओ जं एस कामुयजणस्स,पामरवच्छतणोसहिपमुहाणं तहय जीवाणं	A man devoid of pearls Is as happy as a hot-tempered man. Life goes on as if he were a sapphire tree.
अह भणइ पुहइनाहो ईसिं हसेऊण,देवि! तं सच्चं,आहीणं सञ्जायं जं सुम्मइ एत्थ लोगम्मि	Oh! you fool,"" ""he said."" ""Laugh at this! That's true, my dear! There must be something wrong with these people.
धाया पुरिसा पेच्छन्ति आयारा धायचं दिसावलयं,तह देवि! तुमं सुहिया सव्वं सुहियन्ति मन्नेसि	Dear God, You think everything is pleasant When men and women look at you As if it were.
सव्वेवि देवि! उउणो सउन्नलोयस्स हॊन्ति सुहहेऊ,पुन्नविहूणाण पुणो पाउससमओवि दुहहेऊ	All goddesses! Happy are they who rejoice in the blossom of sunshine."" ""With renewed vigor Come the pleasures of rainy days.
ओ! पेच्छ पेच्छ सुन्दरि! अद्धसमारम्मि जरकुडीरम्मि,ओघसरसयविराइयविराइयडिम्भसमूहे रुयन्तम्मि	Oh! Look, pretty girl!"" cried the yokelike girl Who was half dressed And half covered with gooseflesh.
निययघरिणीए बाढं चोइज्जन्तो पुणो पुणो वरओ,आवरणरहियदेहो हम्मन्तो वारिधाराहिं	If the good wife chooses a good man, He will marry again. But if her body is not preserved, There is always a successor.
उद्धुसियरोमकूवो सीयलअनिलेण सङ्कुइयगत्तो,एसो दरिद्दपुरिसो कहकहवि समारइ कुडीरं	The poor man said:"" ""This is the body of a poor man Whose hair has shrunk due to the heat of the seals.
ओलम्बियकन्नजुयं हम्मन्तं गुरुयवारिधाराहिं,ओलुग्गभग्गदेउलकोणगयं रासभं नियसु	Young Olympian, It's still early morning. Wait till the rains come. Once the gods are awake They will arrange a feast for you.
तह पेच्छ इमं सुन्दरि! सुणहं चुल्लीए सुन्नगेहम्मि,सीएण कुणुकुणन्तं खरखरखड्डं खणेमाणं	Look at that girl! She's so beautiful! I hear the stove humming. It takes until someone knocks on the boulder To dig it out.
तह पेच्छ जरबइल्ला जलहरधारावलीहि हम्मन्ता,ईरियासमिउव्व मुणी वच्चन्ति महिं पलोएन्ता	There you see a flock of parrots standing in a stream of water. The sage of Iriyas is always on the lookout for me.
सेवालियभूमितले फिल्लुसमाणा य थामथामम्मि,हत्थगयलट्ठिखण्डा भिक्खं परियडइ जररोरो	The plowman's wife, who is a servant in a poor country, Threw her hands around the poor monk With a clenched fist.
एवं च जाव साहइ देवीए ताव कञ्चुई झत्ति,पायवडणुट्ठिओ अह वसुदत्तो भणिउमाढत्तो	And when the cowherd said :'Go, help me!'The doe shook her bosom And with a trembling sigh Said :'I am Vasudeva's wife '.
देवेण जो उ पुव्विं पट्ठविओ आसि चम्पनयरीए,सिरिकित्तिवम्मरन्नो दूओ दामोदरो नाम	The God who gave birth to her first son, Who came to Champaneri, Gave birth to a daughter - in - law By the name of Damodara.
सो देवपायदंसणसुहकङ्खी आगओ दुवारम्मि,चिट्ठइ,एवं च ठिए देवो पमाणन्ति तं सोच्चा	So the poor girl, longing for the pleasure of seeing the gods, writes a letter, and at the same time thinks that the gods favor her.
दिट्ठीए आपुच्छिय देविं सहसत्ति उट्ठिओ राया,अत्थाणमण्डवस्स उ आसन्नो जाव सम्पत्तो	When he sees you, God, Eighty-nine steps away, There is nothing more for him to achieve In this heavenly abode.
ताव य विज्जुचमुक्कारणन्तरं चण्डचडडसंसद्दो,आसन्नो सञ्जाओ भेसियनरनारिसङ्घाओ	When, after a moment's hesitation, the moon appeared in the dark, There was silence all around.
तयणन्तरं च महाहारवसंमीसं समुट्ठियं सद्दं,देवीगिहम्मि सोउं सहसा वलिओ महीनाहो	After the festival, The whole of Samudrava, including the Mahāharāvāsa, meets in the evening. Suddenly it is the month of Valiyo.
वज्जरइ देविधावी रुयमाणी धग्धरेण सद्देण,नरवर! मुट्ठा मुट्ठा देवी विज्जूए दद्धत्ति	Wretched woman, Crying flame, Strong man! With a clenched fist The goddess is consumed by poison.
दट्ठूण भूमिपडियं देवीदेहं जिएण परिचत्तं,हा! हा! हत्ति भणन्तो राया मुच्छावसं पत्तो	When he sees the body of the goddess on the earth, He knows how to live, Ha! Ha! But when he says:"" ""May the moon suit your face,"" ""He leaves.
दट्ठूण भूमिपडियं नरनाहं मुच्छियं विगयचेट्ठं,भूरितरो सञ्जातो परियणअक्कन्दसद्दोवि	When he sees the surface of the earth Scorched by the rays of the sun His face grows dark.
पासट्ठियपुरिसेहिं सीयलपवणाइयम्मि विहियम्मि,रायावि विगयमुच्छो विलविउमेवं समाढत्तो	The breeze blows through the pastures, The wind whirls through the paddy fields, And the nights grow dark As if they were tears streaming down her face.
हा वल्लहि! हा सामिणि! हा जीवियदायगे! विसालच्छि!,हा मह हिययनिवासिणि! हा! कत्थ गया ममं मोत्तुं?	Ha vallahi! Ha samini! Ha jeevidaayage!, Visaalaachi!, Ha mahayavasini!! Ha! How has my mother died?
हा गोरदेंहि! हा पिहुपओहरे! हा सुकोमलसरीरे!,हा कह निग्घिणविहिणा तुह उवरिं पाडिया विज्जू?	Oh! my blondie! Oh! the peacock's tail, Oh! The dry grasshopper! How can you travel on your back Without blinking?
घणसारघुसिणचच्चणउचियसरीरम्मि कह णु हयविहिणा,विज्जूनिवाओ विहिओ मज्झ अउन्नेहिं पावेण?	How come, my poor girl, sitting on top of a thick sheet of cotton, Can't you see I've got it in me?
हा देवि तुज्झ विरहे नारनारीसङ्कुलं इमं नयरं,उव्वसिंयनयरसरिसं अडविसमाणं च पडिहाइ	Oh! the goddess! In your absence, my poor girl, There is nothing more for me to do But sulk all over the summer.
किल देवि! तं भणन्ती तुह विरहे अच्छिउं न सक्केमि,तं कह अहं अहन्नो तुमए सहसा परिच्चतो	Kill her! I can't help being angry with you When she tells you So. Tell her I'm pregnant. You're suddenly familiar.
हा! किं न किम्पि जम्पसि किंवा तं सुयणु! मज्झ रुट्ठा सि,किंव मए अवरद्धं सुन्दरि! तं मज्झ साहेसु?	Hey! Why don't you jump in front of me or put me to sleep? I'm on my way, you silly girl. What do you think? It's my lord.
तं चिय मह वल्लहिया नेहो मह नत्थि अन्नइत्थीसु,तुज्झ कए परिचत्तो सयलो ओरोहनारिजणो	There you are, my dear, There's nothing more for me to do, You clever man, Known only to you.
तहवि तुमं किं सुन्दरी! निब्भररत्तस्स देसि नालावं?,ता पसिय पसिय सामिणि! उट्ठिय मह देसु पडिवयणं	So what beauty is that to you? Can't you see that I have a heart of gold? Please, dear girl, get up and show me the way.
एमाइ जाव विलवइ विविहं राया सकलुणसद्देण,ताव अहं सम्पत्तो रोवन्तो तत्थ धणदेव!	I can make a wide variety of dishes, With all my might, So when I cry out for wealth, That is the god of wealth!
उच्छङ्गे विणिवेसिय ममं तओ गाढकलुणसद्देण,तं चेव पलवमाणो सुदीहरं रुवइ बालोव्व	Wretched woman, Your face looks like a lotus, And your cheeks like jasmine: You're the only one who cries for joy.
एत्थन्तरम्मि मन्ती सुमईनामो भणइ नरनाह,देव! अलं रुन्नेण मयकिच्चं कुणह देवीए	That woman says my name all the time:"" ""Narna ̄ ha, deva! Please, goddess, stop making me cry!
भणइ तओ नरनाहो चन्दणदारूणि बाहिं नीणेह,देवीए जेण समयं अहम्पि अग्गीए विस्सामि	Tell me, my poor girl, Why don't you just light a fire with the moonlight? For all the time I spend thinking of the goddess, I am wasting away in the fire.
तो भणइ सुमइमन्ती कायरजणचेट्ठिएण किं इमिणा,मरण 'ज्झवसाऐणं,अवलम्बसु धीर! धीरत्तं	So tell me, Silly girl, Why this humility When you see people so cowardly? Stop being so stubborn And be patient.
मरणेण तुज्झ नरवर! देसो सव्वोवि होइ जं गम्मो,पडिवक्खनरवराणं बालो तह सुपइट्ठॊत्ति	On your deathbed you are a coward! Everything you do Will be in vain, For as the hair of your rivals grows, So will your beauty.
देवाणं बम्भणाण य लिगीणं तह पागयजणस्स,धम्मकिरियाओ सव्वा वहन्ति देवे धरन्तम्मि	Whether the gods are angry or angry, The pagans know this, The God of Dharma carries all actions on earth.
महिलामेत्तस्स कए न हु जुत्तं तुम्ह उत्तमनराण,असमञ्जसमायरिउं विन्नायजगस्सभावाणं	With women I am not what you think I am, with incompatible feelings of worthlessness and worldliness.
अविय निरुवक्कमकायस्सवि उसभजिणिन्दस्स आइदेवस्स,मरणं जायं जइया का गणणा अन्नमणुएसु?	Aviya niruvakkam kayasavi that vegetarian god, Have you considered whether death will come to you?
निज्जियपडिवक्खस्सवि छक्खण्डमहीसरस्स भरहस्स,जइया जायं मरणं का गणणा अन्नमणुएसु	Have a hearty laugh, sweetwood tree, As long as you don't count on death.
गरुयपरक्कमनिज्जियरिउबलपाइक्कच्चक्ककयरक्खा,सोण्डीरा नरवइणो सोमजसा ' 'इच्चजसपमुहा	Look!"" ""growled the farmer's daughter - in - law, Pecking her toes against the nail marks on his cheek,"" ""It looks like a snake biting into a parrot's beak.
जइ ताव ते य निहाया पावकयन्तेण निग्घिणमणेण,अनिवारियपसरेणं का गणणा अन्नलोयम्मि?	If so, by the mere thought of staring at your lover's face, Is the arrow counting toward the forehead?
जेसिम्पि य तित्तीसं आउयमुदहीण पवरदेवाणं,तेसिम्पि होइ चवणं का गणणा अन्नसत्तेसु?	As soon as you see a parrot, Without a mouth to feed it, Are you sure you can count the number of times it has been bitten?
भवणवइवाणमन्तरजोइसियाणं विमणवासीणं,जइ नाम होइ चवणं का गणणा मणुयलोयम्मि?	A man who lives in a plane, Who lives in an airplane, Likes to travel by himself, And whose name is supposed to denote the count of four?
सो कोवि नत्थि जीवो तिलोयमज्झम्मि जो वसं न गओ,मच्चुस्स पावमइणो मोत्तुं सिद्धे सुहसमिद्धे	So what kind of creature is there in the lake that won't settle down? A poor man's pearl is perfectly pleasant to touch.
इय कालकवलियं पेच्छिऊण सयलम्पि तिहुअणं देव!,जायम्मि देविमरणे किं सोगं कुणह विहलं तु?	Oh! my god! When this goddess is dead, Why are you in such a state of mourning?
जुज्जइ काउं सोगो मरणं जइ होज्ज तीए एक्काए,साहारणम्मि मरणे को सोगो किंव रुन्नेण?	If war be the cause of sorrow or death, why should she weep when she is alone? For who can be sorrowful when he is dead?
अइतणुतणग्गसङ्गयजललवतुल्लम्मि जीवियव्वम्मि,निद्दासङ्गे जं पुण उट्ठिज्जइ तं महच्छरियं	The fresh water that flows from the eaves Is the lifeblood of all living beings; That which rises again with sleep Is like a beehive.
इय लोयस्स सरूवं कुवियकयन्तस्स एरिसं दट्ठुं,देविमरणम्मि नरवर! न हु जुत्तं सोगकरणन्ति	Here is the god of death, The God of Love! No one will mourn your death.
एवं च बहुविगप्पं भणिओ सो सुमइणा नरवरिन्दो,तक्कालुचियं सव्वं मइकिच्चं कुणइ देवीए	And tell me, darling, That handsome man and woman, Who in their right mind have mastered all sorts of tricks, Are goddesses.
कइवयदिणाइं परिचत्तलोयसम्भावणाइवावारो,गहगहिओ इव चिट्ठइ राया देवीए सोगेण	Those who cherish affection for one's beloved - The goddess Raya - Write such long letters in grief.
सुमइमुहेहिं तावय नाणाविहसोयमोयणपडूहिं,बोहिज्जन्तो गिराहिं जाओ कालेण गयसोगो	The moment you see him face to face You will rejoice, For when he is angry You will be angry.
नाऊण अट्ठवरिसं ममं तओ गरुयपुत्तनेहेण,सङ्गहिय उवज्झायं गाहेइ कलाणसन्दोहं	Now that I've been married for eight years, my husband loves me too, And he loves me just the same.
गहिए कलाकलावे गामसहस्सं तया महं दिन्नं,मह दंसणेण राया साहारइ देविविरहम्पि	Please, village headman, please, don't give it to me. The gods are averse to my seeing Raya again.
अह अन्नया कयाइवि अत्थाणगयस्स राइणो झत्ति,पणमिय दुवारवालो वज्जरइ सूहवो एवं	Ah! how strange it is to hear the rainbow singing loudly, Like the trumpet call of a moneylender.
चम्पापुरीओ सामिय! महन्तओ कित्तिधम्मनरवइणो,देवस्स दंसणत्थं चिट्ठइ पडिहारभूमीए	Champapuri, Samiya! What a man of dharma! She pines to see the gods on the plain.
सिग्घं पवेससुत्ति य भणिए सो राइणा अणुन्नाओ,आगम्म विहियविणओ उवविट्ठो उचियठाणम्मि	When he said:"" ""Praise be to the lion,"" ""The rhinoceros looked on in exasperation.
तम्बोलाइपयच्छणपुव्वं सो राइणा समुल्लविओ,आगमकारणं भो! साहसु तो भणिउमाढत्तो	Come on, you rhinoceros!"" ""You dare say,"" ""It's raindrops all over again!
चम्पाए पुरवरीए सुपसिद्धो चेव देवपायाणं,वित्थारियविमलकित्ती राया सिरिकित्तिधम्मो 'त्थि	Champaye purwariye suprasiddha se devapayana, vitthariya vimalakitti raaya sirikitthi dharma thi.
निज्जियसुरिन्दसुन्दरिरूवातिसया समत्थमहिलाण,अब्भहिया से देवी कित्तिमई लोयविक्खाया	A woman who is able to conceal her beauty with her senses, A goddess who is impermanent, Has destroyed the earth.
तीय धूया सोहग्गरूवविण्णाणगारवग्धविया,पायालकन्नयसमा कणयवई नाम वरकन्ना	The fire is sweet, The fragrance is fragrant, The lamp is illuminated, And the bridegroom's name is Varakanna.
सम्पत्तजोव्वणा सा आभरणविभूसिया पिउसयासे,पट्ठविया माऊए तदुचियवरदाणअट्ठाए	The youthful beauty of wealth is like a jeweler's son, Like a traveler's wife on his return home.
आगम्म पायपडिया पिउणा सा सहरिसं निउच्छङ्गे,विणिवेसिय अवगụ̄धा भणिया य इमं तु सा कन्ना	Next time you step out for a drink You'd better take care of the town,"" said the monk, forgetting how busy he is. ""That's what you did.
पुत्ति! नियहिययइट्ठं सामन्तमहन्तयाण मज्झम्मि,साहसु जेण तुहं सो किज्जइ भत्ता,किमन्नेणं?	Daughter! This is the land of feudal magnates, my lord. But what allowance do you make for being brave? How much?
एवं पिउणा भणिया लज्जाए अहोमुही ठिया बाला,पुणरुत्तं पुट्ठावि हु न किञ्चि पडिउत्तरं देइ	And I am too shy to drink, And I stay still for the rest of the night. I will not answer you again.
तो चिन्तिउं पयत्तो एया लज्जालुया इमा वरई,न हु सक्कइ वज्जरिउं एसो मह ताय! इट्ठॊत्ति	So think of me, you shy mother - in - law. Don't worry, you fool! It's just me!
ता चिन्तेमि सयं चिय अणुरूवमिमीए पवरभत्तारं,विन्नाणरूवसम्पयकलियं वरवंसउप्पन्नं	I suppose you mean, my dear, That at the moment when I open my eyes I feel a rush of energy As if I'm about to open them.
खणमेगमच्छिऊणं राया चिन्ताउरो भणइ तत्तो,पुत्ति! तुह रूवसरिसो भत्ता लद्धो मए इण्हिं	Don't worry, son, I'm not the only one who has this nasty habit. I've got it all for you.
सिद्धत्थपुरे राया सुग्गीवो नाम मह परं मित्तं,तस्स तुमं गच्छ लहुं सयंवरा,एत्थ किं बहुणा?	In principle, please, I beg of you, My friend, There you go, Friend. What business is this of yours?
एवं च भणियमेत्ते सा कन्ना देव! तुम्ह नामेण,निसुएणं चिय जाया हरिसवसुल्लसियरोमञ्चा	And he said,"" ""My god! In your name I beg of you To part with me As soon as I see you again.
नाऊण तीए भावं राया सम्पेक्खिउण मह वयणं,वज्जरइ,तं महाबल! वच्चसु सिद्धत्थनयरम्मि	Now think of that girl Who, on touching my brother - in - law's cheek, Started to mutter:"" ""He's a big man!"" ""Once upon a time there was a man who could do anything.
घेत्तुं सयंवरमिमं कणगवइं भूरिभूइसञ्जुत्तं,कइवयबलसञ्जुत्तो सोहणतिहिकरणनक्खतो	By embracing the lotus flower, The farmer gathers the first shoots of the plant, But by being forced to gather it, One does not achieve perfection.
जं आणवेसि भणिउं तत्तो हं तं गहीय सञ्चलिओ,जाव य कमेण एत्तो जोयणमेत्तम्मि सम्पत्तो	As you say,"" ""I carry a heavy purse."" ""What makes a man so wealthy Is his youth.
अज्ज रयणीविरामे कइवयतुरएहिं वेगवन्तेहिं,उग्गिलिय आगओ हुं तुम्हाण पियं निवेएमि	Today, on the night of the festival, I am so anxious to catch a glimpse of you That I take you for my lover.
देव! महमेयमागमणकारणं पुच्छियं हि जं तुमए,एवं चवत्थियम्मि सम्पइ देवो पमाणन्ति	Deva! I beg of you the reason for my return. The gods agree on everything you say.
हरिसाऊरियहियओ अह राया भणइ परियणं निययं,महया विच्छड्डेणं नयरे कन्नं पवेसेह	Aunt, It's fair to say that love is destined to last, Like the bee that pierces one's ear Before it pierces it.
तो परियणेण सम्मं तहत्ति सम्पाडियम्मि वयणम्मि,सोहणलग्गे रन्ना परिणीया तत्थ कणगवई	So till you reach your destination, sampadyammy vayanammy, Sohanlagge, run, Parinaya, That's how the villagers behave.
सा रन्नो कणगवई कालेण अईव वल्लहा जाया,मह माऊए ठाणे विहिया अह पट्टबद्धा सा	She runs away, When the rainy season is over, My mother - in - law has left, And now I am bound to her.
अइवल्लहम्पि वीसरइ माणूसं देसकालअन्तरियं,वल्लीसमं हि पिम्मं जं आसन्नं तहिं चडइ	A vaillahampi wanders the interior of a man's day, But the vaallisam climbs the next moment it is near.
वच्चन्ति वासराइं मह पिउणो तीए गाढरत्तस्स,सịधिलीकयसेसोरोहरमणिगमणाइचेट्ठस्स	The calf is coming to drink from me, That dark night, When all the lotuses in the house Are staring at me.
अह अन्नया कयाइवि कणगवईए सुओ समुप्पन्नो,सुरहॊत्ति विहियनामो पत्तो सो कुमरभावम्मि	Oh, my! There must be something wrong with that girl. Tell me, is it the nature of virginity That causes such a thing to happen?
अन्नदियहम्मि एयं एगन्ते भणइ कणगवई देवी,जुवरायपए किं नवि अहिसिच्चइ देव! मे पुत्तो	Mother - in - law! It is the goddess of grains who speaks first. In the guise of jujurors What a new god! My son!
तो भणइ नरवरिन्दो जेट्ठे पुत्तम्मि सुप्पइट्ठम्मि,विज्जन्ते न हु जुत्तं जुवरायं ठाविउं सुरहं	So he says,"" ""A man sleeps where his daughter sleeps, But wisdom does not allow him to sleep where his wife sleeps.
भणियं देवीए तओ जेट्ठट्ठवणे निहोडउ को णु?,जइ तुज्झ अहं दइया ता सुरहं कुणसु जुयरायं	Daughter - in - law, Who will keep you awake? If I give it to you, How can I know for sure?
ताहे रन्ना भणियं सुट्ठुं पिया तं सुलोयणे! मज्झ,किन्तु इमस्स 'णुरत्ता सामन्तमहन्तया सव्वे	Well, you lie awake and drink! It's my fault, but my lord, All these gentlemen are feudal lords.
तह एसो सुसमत्थो एवं विहिए विहेज्ज तं किम्पि,अवमाणिओ हु जेणं ममावि रज्जं अवहरेज्जा	So let's keep it simple and discrete. For those who disobey me Will find it difficult to avoid the ropes of love.
तो भणइ हसिय देवी एरिससत्तेण कह तुमं विहिणा,पिययम! राया विहिओ नवरि किराडो कओ हॊन्तो?	So the laughing goddess Eris Satane tells me you are engaged, my dear! How can a bridegroom be married while her husband is away?
जेणेव सुप्पइट्ठो एरिसओ उक्कडो पयावेण,तेणेव इमं सिग्घं कट्ठहरे खिवसु जत्तेण	One who has slept soundly, Like a traveler on a yoke, Will soon find one who has run out of straw.
तत्तो य मज्झ पुत्तं जुवरायं ठाविउं पयत्तेण,अच्छसु विगयासङ्को रज्जं च ममं च माणन्तो	So please, my son, don't treat me like a criminal. I will treat you like one if you treat me with courtesy.
एवं देवीवयणं सोउं पडिउत्तरं अदाऊणं,राया समुट्ठिऊणं अत्थाणे गन्तुमुवविट्ठो	And the goddess said,"" ""One day you will have to answer, And when he has finished telling the story You will soon be on your way.
एयं च देविवयणं सूहवियानामियाए चेडीए,पच्छन्ने सोऊणं सव्वं धणदेव! मह सिट्ठं	This is the place where the gods sleep, And in the middle of the night they sleep: They are all gods of wealth!
तं सोउं मह विगप्पो चित्ते एयारिसो समुप्पन्नो,किं कणगवईए वुत्तो करेज्ज एवं पिया मज्झ?	I suppose you'd rather sleep than think about it, my dear. What makes you think I'd like it and drink it?
अहवा न गणन्ति पुव्वनेहं न य नीइं नेय लोयअववायं,न य भाविआवयाओ पुरिसा महिलाण आयत्ता	Ahava does not count men, You do not take women into account, Nor do men count women into the future.
ता जा न किम्पि अन्नं देवीवयणाओ मह पिया कुणइ,ताव अहिट्ठेमि सयं रज्जं,पियरं विणासेत्ता	Then why don't you go and buy some food, Say what you like, Then I'll join you on the raft, To weave a weave of pearls.
अहव न एयं जुत्तं विवेयजुत्तस्स मज्झ काउं जे,ता बन्धिऊण पियरं कट्ठहरगयं अणुचरामि	Ah! there is nothing more to be said for it Than that I am so discerning That I repeat it over and over again.
किंवा कणगवइं चिय सह सुरहेणं नयामि जमवयणे,किंवा कट्ठहरम्मि दोन्निवि घेत्तेमि बन्धउं?	Or should I arrange for my husband to join me on the pyre, or should I tie the two hands together on the rafters?
अहवा किं मह इमिणा पेक्खामो ताव जं पिया कुणइ,अदिट्ठपाणियम्मि न हु जुत्तं पाणहुम्मुयणं	Ahava, why should I care what your lover says About you If you don't want to be touched by water?
अह राया मह उवरिं दिणे दिणे पिययमाए भन्नन्तो,जाओ सịधिलसिणेहो कन्नविसं जं महन्तविसं	Ah, the days of my husband's marriage Are long past,"" said the beloved. ""Go, follow me, my poor girl, For I have a husband who is a great man.
सहसत्ति अन्नदियहे किम्पि मिसं दाविऊण मह रन्ना,हरियं गामसहस्सं दिन्नं लहुखेडयं एक्कं	A hundred and seventy grains of rice Are enough to satisfy my thirst. The only thing that gives me pleasure in village life Is the paddy field.
सञ्जायअमरिसेणं ताहे मए चिन्तियं दुरायारं,मारेऊण एयं रज्जमहिट्ठेमि,किं बहुणा?	Sanjay, you fool, I am thinking of the misfortune of being away. I will arrange for you to be killed. What do you think?
अहवा न पुव्वपुरिसेहिं मज्झं वंसे कयं इमं पावं,तमहम्पि कह करोमी असाररज्जस्स कज्जेण?	Ahava, why should I suffer the same fate As your husband? Tell me, am I to blame for a heart that has failed me?
महिलावयणेण इमो रागन्धो कुणइ,कुणउ अन्नायं,मह पुण विवेयजुत्तस्स हन्दि! न हु एरिसं जुत्तं	With a woman's voice heals my anger, Restores my modesty, And restores my good sense. There is nothing wrong with that.
ता किं करेमि इण्हिं अवमाणं ताव दूसहं पिउणो,अप्पवहोवि न जुत्तो देसच्चाओ परं जुत्तो	What am I to do, then, If you treat me with such disrespect As if I were your enemy And drink your wine?
गन्तूणमन्नदेसं तम्हा सेवामि अन्ननरनाहं,हुं तम्पि हु नहु जुत्तं अवमाणपयं हि सेवत्ति	I will not eat bread to serve you in this wretched country; I will serve you only if I am not dishonoured.
सुग्गीवनरिन्दसुओ जुयराया आसि एस रिद्धिजुओ,सम्पइ पुण वण्ठोइव कह सेवं कुणइ भिच्चाण?	Are you a good man or a poor man, Young man or woman, How can a monk render such service When he has reached the pinnacle of perfection?
एमाइवयणवित्थरवज्जरणसमुज्जएण लोएणं,दंसिज्जन्तो रिऊण कहं गेहेसुं परिभमिस्सं?	How can I describe my family, Which is so fragrant, Like a river in spate?
तम्हा कइवयनियपुरिसपरिगओ अकयअन्नजणसेवो,गन्तुं चिट्ठामि अहं कम्मिवि पच्चन्तदेसम्मि	I am going to write you a letter,"" he said, ""In the service of another man, To whom I owe a debt of gratitude.
जा जीवइ एस पिया एयम्मि मयम्मि पुण जहा जुत्तं,तइय च्चिय काहामो किं इण्हिं तीए चिन्ताए?	As long as I live, my darling, my son, what is there for me to worry about?
एवं विणिच्छियमई कइवयपियपरियणेण परियरिओ,सामन्तमन्तिपुरनायगेहिं रन्ना य अन्नाओ	And wretched people fall in love with strangers, And the landowner's son makes a run for his money.
नीहरिओ तत्तो हं कमेण अह पाविउं इमं पल्लिं,सीहगुहं नामेण अच्छिउमेईए पारद्धं	The water is blue, So what can I do about it? I've gotta put it in my pocket, My eyes are watery, And I have a secret secret.
मिलिया मज्झ अणेगे भिल्ला चोरा कुकम्मनिरया य,तेहिं परिवारिओ हं सम्पइ पल्लीवई जाओ	Miliya mujhe aanege, bhilla chora, kumkumna niraya, there's the whole family. Let's go to the village fair.
तं जं तुमए पुट्ठं तुम्हाणं कह णु एत्थ आवासो,उत्तमनराण पाविट्ठलोयजोगाए पल्लीए?	How is it that you, my son, tell me you live here, Mr. Village, That you grew up with such good intentions?
एयं सङ्खेवेणं कहियमवत्थाणकारणं एत्थ,तं तुह धणदेव! मए गरुयसिणेहेण सव्वम्पि	Tell me, What makes you so angry? It's your god! I've got everything to do with my pride.
भणियं धणदेवेणं अव्वो! जणओपि एरिसं कुणइ,अवमाणं पुत्ताणं धी! धी! संसारवासस्स	Friend, give me the weapon! Anyone can do this. Please, my son, stay safe! Stay safe! The rest of the world.
सॊ च्चिय कज्जवसेणं वल्लहओ होइ एत्थ संसारे,कारणवसेण सोवि हु रिउव्व वेसो जणो होइ	May he be dear to this world, dear to it, and may I always be so, for he is dear to me.
परमत्थओ न कोवि हु पिओ व सत्तू व अत्थि लोगम्मि,नइ माया नेय पिया सकज्जवसओ जणो सव्वो	In the world there is no love greater than affection, No one is dearer than oneself, Nor can anyone love than one's neighbor.
पुत्तोवि सत्तुसरिसो दीसइ नियकारणे अपुज्जन्ते,पिउणा सुविणीओवि हु धिरत्थु संसारवासस्स	A wise woman drinks wine, But when her husband returns he cannot, For he is busy with other things in the world.
तं चिय कुमार! महप्पा तं चिय पसमस्स लद्धपरमत्थो,तं चिय विवेयजुत्तो तुमऎ च्चिय मण्डिया वसुहा	That is my boy! My boy, That is your passion and your belief in yourself. In your wisdom you have proved a blessing.
पिउणा 'वमाणिओवि हु अन्नं असमञ्जसं अकाऊणं,सन्तम्मि बले तहवि हु देसच्चाओ कओ जेण	To drink,"" said the woman, ""To eat, To muddle the dish."" Saying so with satisfaction, ""There must be something else going on.
एमाइवयणवित्थरअवरोप्परवड्ढमाणनेहाणं,ताणं पञ्च व सत्त व वोलीणा वासरा जाव	A man is born who grows taller and wider, has five and seven limbs, and can walk on either side of the head.
तावय समत्थसत्थं दठ्ठूणं गमणउच्छुगीभूयं,धणदेवो आपुच्छइ गमणत्थं सुप्पइट्ठं तं	You will see with your right eye That the bow is about to fall, But the God of Love wants you to fall asleep in your bow.
तुम्ह विओगो दूसहो एसो सत्थो समुच्छुगीभूओ,तं कुमारो! अम्ह जायं एत्थ तडी एत्थ वग्घॊत्ति	You fool, It's just the way you behave, My boy! Wherever I am, There's a flock of wolves Here.
एएणं चिय नेच्छन्ति साहवो सज्जणेहिं संसग्गिं,जम्हा विओगविहुरियहिययस्स न ओसहं अन्नं	They do not like to be with other gentlemen, For there is no food for them When they are busy making love.
जहवि हु वहइ न जीहा एरिसवयणे समुल्लविज्जन्ते,तहवि हु भणामि मुञ्चसु गच्छामो सम्पयं अम्हे	As long as I am not distracted by gossip or gossip, I think I've got it all.
ता किम्पि चिन्तिऊणं खणन्तरं दीहर च नीससिउं,वज्जरइ सुप्पइट्ठो सविसायं एरिसं वयणं	Then why think of it at all? It takes a long time to get used to it. It's like going to bed early, And waking up late at night?
अम्हारिसेहिं गिहमागयाण तुम्हारिसाणं सुयणाणं,को उवयारो कीरउ एरिसठाणे वसन्तेहिं?	I suppose you'd better take it easy, my dear: Who would you rather be living with in this place?
तहवि हु भणामि किञ्चिवि कायव्वो नेव पत्थणाभङ्गो,जेण परकज्जसाहणनिरया खलु सज्जणा हॊन्ति	Even so, I suppose, Anyone who does anything But break a stone Is a good gentleman if he shows it kindness.
तत्तो फुरन्तनिम्मलम ऊहविच्छु रियदसदिसा ' 'भोगो,एक्कोवि अणेगगुणो पवरमणी तस्स उवणीओ	There you are, sighing, Calmly imagining your long - awaited destination."" ""Enjoy it! Only a virtuous woman with innumerable virtues Can make you happy.
दट्ठुं दिव्वमणिं तं दीसन्ताणेयलक्खणं विमलं,वियसियलोयणजुअलो अह धणदेवो इमं भणइ	When he sees her, The lamp burns bright, And when he looks at her He says:"" ""Here is the God of Love.
एरिसपवरमणीणं मणुस्सखेत्तम्मि सम्भवो नत्थि,नवरं जइ सुरलोगे हवेज्ज न हु अन्नखेत्तम्मि	It is not possible for a man to cultivate a field on account of its abundant water resources. But if one does, one cannot cultivate food on its own.
एवं विणिच्छियम्मिवि तहवि हु कोऊहलं महं हियए,तो भणसु कह णु जाया सम्पत्ती तुम्ह एयस्स?	And tell me, you silly girl, If I tell you the truth, Where have you got all this wealth?
तो भणइ सुप्पइट्ठो सम्मं हि विणिच्छियं तुमे भद्द!,माणुसखेत्तसमुत्थो न होइ एसो मणी ताव	So tell me, you scoundrel!"" he said, ""As long as you sleep well, don't trouble yourself with people. This is the mani tava.
किन्तु सुरलोगजाओ एसो सम्पाविओ जहम्हेहिं,तं एगमणो होउ जइ कोउगमत्थि तो सुणसु	But listen, lover: This is the way things should be, If you want to hear what's going on.
पुव्वं एगम्मि दिणे पभायसमयम्मि गहियकोदण्डा,चलिओ कइवयनियपुरिसपरिगओ मिगवहट्ठाए	Tomorrow morning,"" said the girl, ""the first day of the festival will be dark. So let's go and see how the women behave Before the men.
उत्तरदिसामुहो हं गाउमेत्तम्मि भूमिभागम्मि,घणपत्तलतरुवरसङ्कुलमि वियरामि जाव वणे	The face of the north is like the lotus on the ground, Like a thicket of reeds I am weary.
ताव य निसुओ सद्दो दूसहगुरुदुक्खसूयओ कलुणो,आगासे महिलाए सघग्घरं रोयमाणीए	There must be something very wrong with you, bad man or bad woman. Tomorrow women will make the whole house weep.
हा! कह मज्झ निमित्ते पिययम! अतिगरुयआवयं पत्तो?,हा! अज्जउत्त! इण्हिं तुह विरहे नत्थि मह जीयं	Ah! What do you mean, my dear? You're so angry! Get up now! This separation from you won't save my life.
तदणन्तरं च केणवि हक्किय अइनिट्ठुरं समुल्लवियं,कत्तो मह वसगाए साहारो तुज्झ एएण?	After all, no one deserves to be treated with such harshness, so how can I help you?
तं सोऊणं मज्झं मणम्मि कोऊहलं समुप्पन्नं,जाव य दोण्णि व तिण्णि व वच्चामि पयाइं ता निसुओ	I will never forget how he kissed my cheek When I told him I was pregnant, And how I missed him when I had two or three children.
एगम्मि वणनिगुञ्जे अदिस्समाणस्स कस्सवि नरस्स,गुरुदुक्खसूयणपरो मन्दो नित्थणणसंसद्दो	Anyone who is indifferent to the joys and sorrows of the forest should be ashamed, For though one hears of one's faults He is always mindful of another.
तत्तो महन्तकोऊहलेण तत्तोमुहो अहं चलिओ,पेच्छामि सम्बलितरुं सरलं उत्तुङ्गमइगरुयं	There you are, my dear,"" said the doe, ""And then I'll go on my way, Like a simple man on a tightrope.
दंसणमेत्तुप्पाइयअइगरुयभएहिं रत्तनेत्तेहिं,कसिणसरीरसमुब्मूयभूरिपहाभरियगयणेहिं	Look! There's blood all over the wound, Not a drop of blood coming out of it, Like the juice from a cousin's sweetmeat.
निम्मलमणिवलयसमुच्छलन्तकन्तीए पयडवयणेहिं,गुरुरोसवसवियम्भियफारफणाघोरभुयगेहिं	The plowman's daughter is like a flock of peacocks, Fluttering their wings in ecstasy, Covered with gooseflesh Like a rainbow.
दीहरललन्तजीहासहस्सविप्फुरणभीइजणगेहिं,असरिसअमरिसवसविप्पमुक्कफुङ्कारसद्देहिं	Long - eyed women, With sighs and groans that break out from their mouths, Make a mockery of each other.
अइगरुयपन्नगेहिं समन्तओ वẹ̄धियो अणेगेहिं,एगो दिव्वागारो पुरिसो दिट्ठो अहे तस्स	A man's eyes are like the rays of a cloud, A woman's ears are like eagles'ears, A lamp illuminates the sight of a man.
अइदूसहवियणावसविमुक्कपुणरुत्तमन्दहुङ्कारं,आकण्ठवẹ̄धियं तं दट्ठुं पुरिसं मए भणियं	With great difficulty I closed my eyes, But when he looked at me I saw him face to face.
धी! धी! हयविहिणो विलसियस्स असमिक्खियस्स एयस्स,एयारिसेवि पुरिसे एरिसदुक्खं करेन्तस्स	Daughter! Daughter - in - law! Such a thing as an uneasy calm, Such a misery only at the mere mention of air, Is the doing of which you cause such grief.
एमाइ मए परिदेवियम्मि भणियं इमं तओ तेणं,अलमिमिणा ते परिदेविएण सुण ताव मह वयणं	This is my favorite part of the story: I'm telling you so, my dear. But listen, dear girl, It's me speaking for you.
चिट्ठइ चूडाए महं मज्झे बद्धो फुरन्तकिरणिल्लो,दिव्वो मणीण पवरो मणी भुयङ्गोहविद्दवणो	Write me a letter, Tie me to my bosom, Let there be bright rays of fire, Give me strength, O God of thunder.
जस्स पभावेण इमे डसिउमणावि हु चयन्ति नो डसिउं,घोरविसावि हु सप्पा सप्पन्ति न बद्धवयणव्व	By virtue of this power I do not wish to be poisoned, I am a snake charmer, and I am not bound by it.
तं घेत्तूणं वरमणिं सिञ्चसु सलिलेण तेण तो पच्छा,अच्छोडेसु भुयङ्गे अङ्गविलग्गे महमणेगे	Get hold of him, Varamani, Shower him with water, he's good for you, Come on, you crooks! Your limbs will be bruised And your face will look like a lotus.
आमन्ति भणन्तेणं तव्वयणं सायरं कयं सव्वं,अच्छोडिया जलेणं झत्ति विलीणा अह भुयङ्गा	I've nothing to say, You've got to explain everything to me, Your face is burning, It's going to melt in a jiffy.
अविय मणिसलिलेणं सित्ता खणेण सव्वेवि पाविया विलयं,खरजालावलिजलणोवताविया मयणपिण्डव्व	Aviya manisalilena, sitta khayena sabviya paviya vilayam, Kharjalaveli, Jalnavatavyaya mayanapindava
अह सो पणट्ठवियणो सीयलतरुछाहियाए उवविट्ठो,महपुरिसकयसुकोमलकिसलयसञ्छण्णसन्थरए	Oh! look! The girl's skirt is hanging down from the ceiling, Like a garland of gold on the head of a buffalo Lying in wait.
आभट्ठो पढमं च तेण अहयं कत्तो तुमं आगतो,किंवा नाम कहिं कुलम्मि विमले जाओ सि,को ते पिया?	By the way, when did you first come here, or by what name did you leave home? Who drank that wine?
एवं भो धणदेव! तेण तइया पुट्ठे मए साहिया,पुव्वुत्ता सयलावि तुज्झ कहिया जा सा पउत्ती तहिं	And oh, good god! So tell me, son - in - law, When was the last time you said a word to your daughter?
एसो एत्थ समप्पइ विज्जाहरमोयणॊत्ति नामेण,सुरसुन्दरिनामाए कहाए बीओ परिच्छेओ	Come, tell me, my lovely lady: It's only a matter of time before we meet again.
अह सोवि मए पुट्ठो केण तुमं एरिसाए घोराए,खित्तो सि आवयाए केण व कज्जेण भद्द! मुहा	Ah, dear girl, Why are you staring at me all the time? It's obvious you're scared of someone Who might come along And whose business it is!
एवं च पुच्छिओ सो सदुक्खमइदीहरं च नीससिउं,चित्तब्भन्तरगुरुदुक्खसूयगं मोत्तु अंसुजलं	And ask me how I am To wipe away the tears that flood my sorrowful heart.
अह सो भणइ सुभणिओ संसारे रोगमोहियमणाणं,सुलहाओ आवयाओ जीवाण अदीहदंसीणं	Oh! she says:"" ""Blessed are those who know that the world is full of diseases and afflictions, But only those who have never had a close encounter with life.
संसारसागरम्मी परिब्भमन्ताण भद्द! जीवाणं,न हु चोज्जमावयाहिं अनिजन्तियकरणवग्गाणं	The churning of the ocean of samsara is perilous! Life must go on, Not the thunderclap of fire Or the thunderbolt of inanimate creation.
पुव्वकयकम्मदोसा दुक्खं सव्वम्पि जायइ जियाणं,अवराहेसु गुणेसु य निमित्तमेतं परो होइ	All sorrow must be destroyed by pure reason; all virtue must be renounced for the sake of virtue.
परमत्थओ न केणइ सुहं व दुक्खं व कीरइ नरस्स,पुव्वकयमेव कम्मं सुहदुहजणणम्मि तल्लिच्छं	In the Hereafter there is no happiness, no sorrow, nothing to fear; on the other hand, actions are always directed towards a happy person.
तत्तो य मए भणियं एवं एयन्ति नत्थि सन्देहो,तहवि हु विसेसकारणवियाणणे अम्हइच्छत्ति	So tell me, and don't doubt me, That I am what I am For no particular reason.
अह भणइ भो सुन्दर! जइ एवं सुट्ठु तुम्ह निब्बन्धो,ता एगमणो होउं साहिज्जन्तं निसामेहि	Oh! what a beauty! If only I could sleep with you As long as I stay awake.
अत्थेथ भरहखेत्ते विक्खाओ खेयरावलीगम्मो,तुङ्गोव्व रुप्पपुञ्जो दसदिसिपसरन्तकन्तिल्लो	There was a mass of grass on the ground, The flowers blooming, And the grasshopper's tail quivering.
झरझरझरन्तनिज्झरहुङ्काररवेहिं बहिरियदियन्तो,मयरन्दपाणलम्पडअलिवलयविरायमाणवणो	Waterfall, waterfall, peacock's crow, The forest is barren, Like a lotus stuck in a mudflat.
वहमाणवाहिणीणं दिसिदिसिसुव्वन्तखलहरासद्दो,ठाणे ठाणे विज्जाहरोरुपुरपन्तिसोहिल्लो	The plowman's wife looked at him with such longing That he could not stop laughing Before he left for Thane.
विज्जापसाहणुज्जयविज्जाहरसंनिरुद्धएगन्तो,वरसिद्धाययणेहिं परिमण्डिय चूलियासिहरो	If you want to enjoy the pleasure of learning, Stop at home, For the wedding feast is just round the corner.
सिद्धाययणपरिट्ठियजिणबिम्बच्चणनिमित्तमिन्तीहिं,विविहविबुहावलींहिं विणायमाणम्बरा ' 'भोगो	Consider the various ways in which the weaves of the Vindhya, In consideration of the fineness of their design, Are'enjoyable '.
कयलीहरट्ठिएहिं पइमज्झण्हं वणे वणे बहुसो,कन्ताबिइज्जविज्जाहरेहिं किज्जन्तसङ्गीओ	Love has so many different kinds of lovers, That it is impossible for one person to love another.
अइमहुरभारईए ठाणे ठाणम्मि चारणमुणीहिं,पारद्धदेसणेहिं पडिबोहिज्जन्तजन्तुगणो	Aunt, The pastures in this wretched village are worthless. In the land of paradise There are herds of wild animals.
पुव्वावरसागरपाविएण होऊण मज्झदेसम्मि,पिसुणेणव जेण कओ दुब्भावो भरहवासस्स	May the full moon illuminate the middle of the night, May all sorrows find a place in your heart.
सुविसालदक्खिणुत्तरविभत्तसẹ̄धीदुगेण सोहिल्लो,आसियसव्विड̣धीओ वेयड̣धो नाम सेलॊत्ति	A swarm of bees has covered the whole surface of the well, And its name is Selotti, after the name of the good shepherd.
तत्थत्थि दक्खिणाए सẹ̄धीए खयरलोयपडिपुन्नं,भमिरखयरङ्गणागणनेउरझङ्काररवमुहलं	At that moment the south wind blew, Like the plowman's bow When struck by a lightning bolt From an earthworm.
उत्तुङ्गमगरतोरणअसमाणदुवारदेससोहेहिं,निच्चं विरायमाणं विज्जाहरभवणवन्देहिं	Friendship between heaven and hell is bound to increase with the passage of time,"" he said, ""but rest is for the wise in the palace of knowledge.
सयलतइलोक्कलच्छीनियनिलयं रयणसञ्चयं नाम,नगरं नयरगुणड्ढं पमुदियनरनारीसङ्घायं	Saylat ilokkal chuchinilayam rayanasangayam nama, nagara nayargunadhara padumiyanar nari sanghayam
तम्मि य पुरम्मि बहुविहविज्जाहरसयसहस्ससङ्किन्ने,परिवसइ गुणनिहाणो पवणगई नाम वरखयरो	If you want to enjoy the pleasures of travel, Use your name to describe the virtues that surround you.
विन्नाणविणयजुत्ता पइणो अच्चन्तवच्छलसहावा,नियपरिमलजियबउला बउलवई नाम से भज्जा	Wretched man, If you want to enjoy yourself without being annoying, Try cooking with a plowman's name Which does not suit your circumstances.
तीए सह विसयसोक्खं अणुहवमाणस्स तस्स कालेण,अहमेगएव पुत्तो उप्पन्नो कयमणाणन्दो	There must have been a time when he looked at her with such fondness. My son, you must have known something.
जम्मदिणॆ च्चिय पुरनरचित्तचमुक्कारकारयं मज्झ,वद्धावणयं पिउणा कारवियमसमहरिसेणं	Every day is like a feast for the eyes, Like making fun of an old heart, Like drinking wine on a buffet.
कमसो य बारसाहे वोलीणे मज्झ जणणिजणएहिं,गुरतुट्ठीए पइट्ठियमहिहाणं चित्तवेगॊत्ति	At least when it rains I can feel my genitals,"" he whispered.
वोलीणेसु य कइवयवरिसेसु अहं महन्तबुद्धिस्स,अज्झावयस्स सुहतिहिरिक्खम्मि समप्पिओ पिउणा	I am a man of great intellect, Whether at home or abroad I drink wine Every day of my life With pleasure.
तत्तो अकालहीणं तहविहअज्झावयप्पभावेण,नियमइसामत्थेण य गहियाओ कलाओ सयलाओ	Then, with untimely acts of kindness and affection, By complying with the rules, Make the deep arts blossom.
नियकुलकमागयाओ पिउणा विज्जाओ मज्झ दिन्नाओ,नहगामिणिपमुहाओ जहविहिणा साहियव्वाओ	Give me a drink of wine When you are busy making it, Give me something to drink, And be patient while I am busy making love.
दंसियमयणवियारं महिलाजणहिययमोहणमुदारं,अह कमसो सम्पत्तो अहयं नवजोव्वणारम्भं	With little wealth I begin a new life.
अन्नम्मि दिणम्मि अहं समाणजोव्वणवयंसपरियरिओ,पत्तो अणेयतरुसण्डमण्डियं मणहरुज्जाणं	I agree with you, Annamayi, That youth and beauty are dear to all women, But the fragrance of fresh flowers Makes the heart grow fonder.
पारद्धविविहकीला चिट्ठामो जा खणन्तरं तत्थ,ताव य गयणे दिट्ठा दिव्वविमाणाण रिञ्छोली	There must have been something very special about that letter From the other woman's husband. So when he saw it he took to flight and sang it.
पसरन्तपवररयणोरुदित्तिविच्छुरियनहयला ' 'भोया,उत्तरदिसा पयट्टा सुरसुन्दरी गेयसोहिल्ला	Foolish girl, Don't be so naïve: The fragrant flowers of the God of Love are scattered all over the place"" ""is the refrain of a popular song.
तं दट्ठु मए भणियं कत्थ इमो हन्दि! देवसन्दोहो,चलिओ चलन्तकुण्डलमुत्ताहलधवलगण्डयलो?	Tell me, brother - in - law, How can I help you?"" cried the god of gods. ""Let us take a walk, Shining with the gooseflesh?
ईसि हसिऊण भणियं मज्झ वयंसेण बन्धुदत्तेण,सुपसिद्धमेव एयं वेयड्ढनगे वसन्ताणं	This is the spring That makes me laugh, This is my best friend's day, And this is spring that makes us happy.
जिणवन्दणत्थमेत्थं सिद्धाययणेसु एइ सुरनिवहो,निच्चम्पि वयंस! अओ पसिद्धवत्थुम्मि का पुच्छा?	In jivandana, I mean in siddhāyana, Such is the state of mind."" ""Why ask me that question?
तत्तो य मए भणियं एवं एयन्ति किन्तु निसुणेसु,महया विच्छड्डेणं न एति निच्चं सुरा एत्थ	There I am, sitting and thinking, But hold on tight. There's no need for me to break down. That's the secret.
अज्ज पुणो सविमाणा सव्विड̣धीए महन्तहरिसेणं,दीसन्ति जं वयन्ता तेण मए पुच्छियं मित्त!	Today again, gentlemen, Thanks to the great warrior army, I can show you everything you have ever seen. So ask me your friend!
अह भणइ बन्धुदत्तो खणन्तरं चिन्तिऊण सवितक्कं,हुं नायं पारद्धा सिद्धाययणेसु जत्ताओ	Tell me, friend, When I think of you again I will guide you in the right direction.
पसरन्तसुरहिमलयानिलुद्धुरो जेण वट्टइ वसन्तो,किसलइयसयलतरुवरविरायमाणोरुवणनियरो	Spring is like a lotus in a wide expanse, Like the lotus of the Himalayas, Like an arrow piercing through a tender twig.
अविय वायन्तमलयमारुयचलन्तपत्तलविसालसाहाहिं,नच्चन्तिव तरुणो पहरिसेण महुमासआगमणे	Awesome young man, Watching the arrival of the monsoons, Like a mermaid hovering over a withering lotus.
कुसुमा ' 'मोया ' 'यड̣धियअलिउलझङ्कारगहिरसद्देण,गायन्तिव तरुनियरा वसन्तमासागमे तुट्ठा	Kusuma's"" ""Moya"" ""with its thunderous clap of thunder, The singing of young men, Slipping off in the heat of spring
मयरन्दपिञ्जराओ विसट्टसुगन्धकुसुमवयणाओ,वणराईओ हसन्तिव वसन्तमासागमं दट्ठुं	Bees sigh, bees groan, The foresters laugh, And behold the arrival of spring.
दट्ठूणव तरुनियरं महुसमए बहलपत्तलच्छायं,अवमाणिओ पलासो कसिणमुहो झत्ति सञ्जाओ	When young men see the moonlit expanse of a broad sheet, They blush in humiliation, But when a cousin appears They are sure to be struck by lightning.
अच्छउ ता फलकाले फुल्लिमंसमएवि कालिमा वयणे,इय कलिउंव पलासो चत्तो पत्तेहिं किविणोव्व	Well then, tell me, When the flowers are ripe And the pods black, It's only the tip of the bud That kills the leaf.
दट्ठूण वणसमिद्धिं पलासविडवेहिं मउलियं वयणं,अन्नेवि हु अप्पत्ता पररिद्धिं नेय विसहन्ति	When you look at the forest, You can see the grass on the ground, And when you look down the road you can see it all.
अविय पावियवसन्तमासो वणम्मि निस्सेसपीयलोहियओ,पियविरहियपहियाणं भयजणओ किंसुयपिसाओ	You silly girl, Are you afraid you'll fall in love With someone you don't know? Anybody who is afraid of falling in love Will regret it.
अन्नं च पञ्चसरलोद्धएणं महुमासबिइज्जएण दयरहियं,हम्मन्तीओ गाढं दट्ठूणव पहियमहिलाओ	Food and drink should be given to the fivefolded lotus flower, For it is the wife who gives milk to the sage.
हसियंव मज्झसण्ठियकलयण्ठिकएण कूइयरवेण,पयडियमञ्जरिगुरुदन्तपन्तियं चूयविडवेहिं	Laughing at the gooseflesh hovering over my waist, Payyadeemanjari gurudantepantiyum chuyvideweyhim.
दट्ठूण पहियनिवहं निहयं महुमासलोद्धयनरेण,ओणयमुहीओ कुसुमंसुएहिं रोयन्तिव लयाओ	Look at that lovely woman Whose face is smeared with bees, Crying with the fragrance of kisses.
मयपहियाण जलन्तिव ठाणे ठाणे महन्तचीयाओ,घणकिंसुयच्छलेणं अलिरवमिसिमिसियसद्दाओ	Maypahyan Jalantiv Thane Mahantachiyao, Ghanakinke Suyachalan Alirvamisimiciousadhao
निज्झरतडेसु तरुणो पवणपहल्लन्तजलनिबुड्डेहिं,साहाकरेहिं देन्तिव जलञ्जलिं जत्थ पहियाणं	In the spring the young man steps in front of a cascade of rippling water, Helping the traveler carry the torrent with him.
किञ्च घणकिंसुयनवरङ्गयविराइया बद्धपवरमयणहला,पाडलकुसुमा सोहई वसन्तलच्छी नववहुव्व	Some lovely girl, Pretending to be pregnant With a fresh pair of bangles, Lovely girl, Spring is on the horizon, So is the new bride.
अन्नं च बुहसहिओवि हु सूरो कव्वसत्तो वसन्तमाहप्पा,उवभुञ्जिऊण मीणं सम्पइ मेसस्स उक्कॊत्ति	There's a lot of sunshine And the moon looks like a lotus, But when you touch it with your finger It wipes away the whole mess.
ता एरिसे वसन्ते दिसिदिसिपसरन्तपरहुयासद्दे,वित्थरियचच्चरीरवमुहरियउज्जाणभूभागे	There is a spring in the sky, Running from day to day, Like the earth churning with the rays of the sun.
विलसन्ति कामुयजणा अन्दोलिज्जन्ति तरुणजुवईओ,वित्थरइ पडहयरवो पियन्ति वरवारुणिं तरुणा	Delighted are the young men who yearn for pleasure, And the young women who grovel for pleasure.
साहीणपिययमाणं तरुणीणं वल्लहम्मि महुमासे,धम्मपरायणलोएण एत्थ कीरन्ति जत्ताओ	A swarm of bees is at hand, Like a young bridegroom At the time of her wedding. So gather the creepers here, Like people who follow the dharma.
जिणबिम्बाणं भत्तीए तेण एए समागया देवा,सव्वायरेण वेयड्ढसिद्धकूडेसु जत्तत्थं	As long as you worship him, O God of Love, May he guide you all the way.
तत्तो य मए भणियं जइ एवं तो वयंस! अम्हेवि,गन्तूण सिद्धकूडे सासयसव्वन्नुपडिमाओ	Well, my brother - in - law will come, and so will we! My dear, There must be a way.
भत्तीए पणमिऊणं करेसु नियमाणुसत्तणं सहलं,पेच्छामो जिणजत्तं सुयखयरोहेण किज्जन्तं	I will put up with it, my dear, As long as I abide by the rules Of etiquette. But how can I live a happy life If I refuse to bow down?
अह सव्वेहिवि भणियं एवं होउत्ति सुट्ठु ते भणियं,एत्थन्तरम्मि पत्तो मह धाइसुओ बलो नाम	Oh! everyone! My brother - in - law and wife are sleeping soundly. Tell me, my poor girl, The path from here to there.
आगम्म तेम भणियं पिउणा ते चित्तवेग! संलत्तं,एसो हु रयणसञ्चयवत्थव्वो सयलखयरजणो	Come, let us eat and drink together, That is the way of mind!"" ""Here I am,"" ""says the wise man,"" Steady as a log.
न्हाओ विलित्तदेहो सुहनेवत्थो महाविभूईए,चलिओ जिणजत्ताए आसन्ने सिद्धकूडम्मि	Be not dismayed: With pleasure and glory be yours; For the victory is sure to come At the right time.
तेण समं अम्हेवि हु चलिया ता सिग्घमेव आगच्छ,कयण्हाणाइविहाणा जेण समं चेव गच्छामो	As fast as we walk, So slowly do we come; As slow as a bridegroom's pace, So fast do we go.
तव्वयणं सोऊणं नियगेहे आगओ पिउसमीवे,तेवि य मज्झ वयंसा नियनियगेहेसु सम्पत्ता	If you want to sleep peacefully At the same time as your husband, You have to live peacefully.
कयण्हाणाइविहाणो सह पिउणा ताहे पवणगइणा हं,तक्कालुचियं सव्वं गहिऊणं धूवपुप्फाइं	To drink with a spiteful widow Is like sharing a meal with her lover. Everything you want to eat You have to wash with soap.
नागरजणेण सहिओ उप्पइओ खग्गसामलं गयणं,गच्छन्तेण कमेणं दिट्ठं भवणं जिणिन्दस्स	Friend, you have to sing the Kṛṣṇa's name aloud, To go and see what is to be done Is to conquer the world.
वायन्तमउयमारुयमन्दन्दोलन्तधयवडगेहिं,सन्नंव करेमाणं आगमणत्थं जणोहस्स	Vayantama, yama ̄ ya ̄ maruma ̄ mi ̄, mandala ̄ n ̣ a, dhyavada ̄ geya, sannamma ̄ ma ̄ rya karema, a ̄ gamana ̄ tha janohasa.
दुन्दुहिमउन्दमद्दलतिलिमापमुहेण तूरसद्देण,हक्कारन्तेव जणं जत्तासमए जिणिन्दस्स	A man who stares at you, Who turns his face away, With tears streaming down his face, Has a good life in this world.
तत्तो कमेण पत्ता दिसि दिसि नच्चन्तअच्छरानियरं,मणहरगेयझुणीए आणन्दियभवियसन्दोहं	So give me the lotus leaf That does not stick to the nail mark. I will punish you for it If you refuse to bend it As long as you do.
नाणाविहवत्थेहिं कयउल्लोयं मणोहरायारं,विच्छित्तीए लम्बियनिम्मलवरहारओचूलं	Like a coin tossed from the rafters, Like a garland of pearls plucked from a scorpion's beak,
विरइयघणफुल्लहरं विचित्तलम्बन्ततारियाइन्नं,पवरपडिमण्डवेणं उच्छाइयअङ्गणाभोयं	A lonely flock of birds Is scattered all over the place, Like a banner proclaiming the birth of a god.
नीसलतड्डियचन्दायएहिं मण्डियचउक्कियादेसं,फुल्लमयपवरतोरणसोहियमज्झं जिणिन्दगिहं	O moonlit night, Like the bustle of a crescent moon, I will conquer the jingling waters of the God of Love.
तस्स य दुवारदेसे निम्मलजलपूरियाए वावीए,काउण पायसोयं निययवयंसेहिं परिवरिओ	When he offers her a bowl of neem water at the doorstep, She says:"" ""Please, please, go home as usual.
जिणभवणदुवारट्ठियउच्चल्लियफुल्लमालियोहस्स,पुप्फाइं गेण्हन्तो अन्तो विहिणा पविट्ठो हं	A lotus blooms on the roof of your house, You fool, If you want to kiss a woman's cheek I am bound to fall.
पूइय जिणिन्दबिम्बे काउं चीइवन्दणं जहाविहिणा,बाहिं नीहरिओ हं उवविट्ठो खयरमज्झम्मि	Wretched soul, How strange it is to see a woman's face reflected in a mirror, Like a cloud rising from the sky.
वत्ते जिणमज्जणए इओ तओ तत्थ सञ्चरन्तो हं,अवरोप्परदंसियकोउगेहिं सहिओ वयंसेहिं	By the way, man, I'm just passing by. For looking down the road You'd better bear with me.
कत्थइ विलासिणिजणं पेच्छन्तो नच्चमाणयं विविहं,कत्थइ कविवरनिवहं जिणचरियं अहिणवेमाणं	How many luxuries does a person enjoy, How many different kinds of nasty things does a poet enjoy, And how many lifetimes do we waste in idleness?
वीणारवसंवलियं कत्थवि गीयज्झुणिं निसामेन्तो,विरइयविविहायारं कत्थवि य बलिं पलोएन्तो	The plucked strings of the lute quench the thud of the lyre, And the disjointed strings perform the sacrifice.
कत्थइ तरुणनरेहिं दिज्जन्तं रासयं सुणेमाणो,सुरसुन्दरीहिं कत्थइ गिज्जन्तं धवलसङ्घायं	How much youth does a woman need To hear a melody, How much love does a beautiful woman need to hear a clap of thunder?
एवं च जाव कोऊहलेण अवरावरेसु ठाणेसु,हिण्डामि तत्थ भवणे लीलाए समं वयंसेहिं	And go away, my boy,"" said the traveler, ""I will stay there with you for a while. At the same time I will visit you at your house in Leela.
ताव मह माउलसुओ सहरिसमागम्म साइयं दाउं,वज्जरइ भाणुवेगो पभूयकालाओ दिट्ठो सि	So let me tell you, my poor boy, That while the sun is still shining I see the moonlight of the sky.
कुसलं च पवणगइणो पिउभगिणीए य बउलवइयाए?,तत्तो य मए भणियं कुसलं सव्वेसि,अन्नं च	Where are you going? Are you going to tell me what to eat?"" he asked his wife, ""And when will you come home?
एत्थेव आगयाइ इमाइं चिट्ठन्ति भद्द! जिणभवणे,अम्मापिऊण मूलं समागओ तेण सहिओ हं	That's the way it is! Your mother scolded you for coming here. Please, my dear, bear with me as I made love.
सायरमवगụ̄धो सो तेहिं पउत्तिं च पुच्छिओ भणइ,कुसलं मह जणगाणं नागमणं कारणावेक्खं	When he comes home in the evening, He asks him what he wants from his daughter - in - law."" ""Tomorrow I'll have to explain why I hate my husband.
अह सो मए पभणिओ वित्तप्पाया इमा हु जिणजत्ता,सम्पइ पुण अम्हाणं आगच्छसु पाहुणो ताव	Ah, so I have to spend the rest of my life with you, my dear. I will always be your guest.
तो भणइ भाणुवेगो एवं एयन्ति किन्तु निसुणेसु,मह चित्तभाणुपिउणा लहुमागच्छेज्ज इति भणियं	So I said,'Go ahead and do it, but be patient; I think I've got a lot of catching up to do.
ता चित्तवेग! सम्पइ तं चिय नगरम्मि एहि महतणए,उक्कण्ठिओ पगामं जं अच्छइ तुम्ह माउलओ	That's the mood! It's just the way you live in town. Wait a minute, you stupid bastard.
एवं च तेण भणिओ अम्मापीईहिं अब्भणुन्नाओ,भाउसमेओ पत्तो नगरमहं कुञ्जरावत्तं	And he said,"" ""You fool, you fool, The path leads to the town of Kunjaravatta.
तहिंय च चित्तभाणू मं दट्ठूं सुट्ठु हरिसिओ भणइ,सुन्दरमायरियं ते जमागओ अम्ह पाहुणओ	You look at me with such fondness, You turn your back on me, And tell me, darling, How lovely it is To be welcomed by my guests.
निययपउत्तिं सव्वं कहिउं कयभोयणाइवावारो,पत्ताए रयणीए पासुत्तो पवरसयणीए	I'll tell you the whole story in due course: The traveler leaves, And the traveler follows.
तत्थ य पभायसमए लवमाणे तम्बचूलनिउरम्बे,दिट्ठो अदिट्ठपुव्वो एसो सुमिणो मए तइया	At that moment I looked at you with such fondness, As if I were a traveler's son.
किल धवलफुल्लमालं मणोहरं दट्ठु तग्गहट्ठाए,चलिओ हं न य सक्केमि गेण्हिउं तं जया कहवि	Please, tell that girl Jaya, Who after a long search Has reduced the size of her eyes to mere petals, Will not be able to walk again.
केणवि मित्तेण तओ समप्पिया आयरेण मे गहिया,ओलम्बिस्सं गलए किल नियए ताव सा झत्ति	Have you ever smelt iron with a friend's milk? It's as if you've tried to kill an Olympian.
पडिया मह हत्थाओ कत्थवि य गयत्ति नेय जाणामि,ताहे महन्तदुक्खं तव्विरहे मज्झ सञ्जायं	Believe me, I know how to tell a story, But my heart aches And my heart sighs for you.
सुक्कावि मए एसा पुणोवि अमिलाणकुसुमिया विहिया,इय भणिऊणं केणवि कण्ठे विणिवेसिया मज्झ	I will never forget how, when I was dry, The fragrant jasmine bloomed again, Saying this:"" ""My heart swoons at the sound of someone's voice.
ताव पडुपटहझल्लरिकाहलभम्भामउन्दसद्दालं,सोउं तूरस्स रवं झत्ति पणट्ठा महं निद्दा	There you are, Standing on the bank of the river, Sucking in the cool breeze As if it were a waterfall.
तो हरिसविसायड्ढं दट्ठुं सुमिणं विचिन्तियं हियए,किं नाम मज्झ सूयइ अदिट्ठपुव्वं इमं सुमिणं?	So look around you, tell me, What is your name, my sleepy self, That I sleep without seeing you?
का हन्दि! इमा माला विज्जा व सम्पया व मह होज्जा,दिन्ना केणवि नट्ठा पुणरवि लद्धा,न याणामि	Whose hand is it? This garland of jasmine, Wrapped in a blanket, Is my master's ornament. No one has ever plundered it But me.
एवं अणिच्छियत्थो सुविणसरूवस्स उट्ठिओ अहयं,काउं पभायकिच्चं अह सहिओ भाणुवेगेण	And suddenly, with a goodly sigh, I rose to my feet. But for some reason, my friends muttered,"" ""I'm off.
आरụ̄धो पासाए उवरिमभूमीए चित्तसालाए,मणिरयणकोट्टिमम्मी उवविट्ठो मत्तवारणए	And now that you've passed by, Your mind is absorbed in the earth, Like a drunkard climbing up and down the steps of a manirayan kotty.
अह तं पभायदिट्ठं सिट्ठं सुविणं तु भाणुवेगस्स,निच्छइउं नो सक्कइ सोवि हु सुविणस्स सब्भावं	Ah, the beauty of your face, You silly girl, Don't be so naïve As to think you're a gentleman.
चिन्तित्ता सुविणफलं विगप्पसङ्कप्पखित्तनियचित्ता,जा चिट्ठामो अम्हे खणन्तरं तत्थ ठाणम्मि	Thinking is the fruit of good thoughts And thinking is the enemy of bad thoughts. The letter we write Staying there for a while.
ताव य वरनेवत्थो महग्घआभरमभूसियसरीरो,सव्वो वि नयरलोओ गन्तुं कत्थवि पयट्टोति	Every traveler stumbles upon a story Wherever he goes, It's all very expensive.
तं दट्ठुं मए भणियं सबालवुड̣धो इमो जणो कत्थ,कयउवसोहो वच्चइ साहसु भो भाणुवेगम्ह?	Tell me, brother - in - law, How dare you ask me What makes me feel so good When I see you?
भणियं च तेण निसुणसु अज्जं जं मयणतेरसी भद्द!,मयरन्दुज्जाणठियस्स तेण जत्ताए मयणस्स	Foolish girl, you're the one who made my heart ache!"" ""Dear friend, That's just the way it should be.
एसो नरनारिगणो पूयत्थं तस्स वच्चइ पमोया,अम्हेवि हु गच्छामो पेच्छामो कुसुमसरजत्तं	Such is the nature of man, That at the moment he touches us We stare at a mass of gooseflesh.
तत्तो य मए भणियं एवं होउत्ति दोवि सञ्चलिया,कयसिङ्गारा पयओ पत्ता य कमेण उज्जाणं	That's why I carry both my brother's and my wife's purse. Somebody has spilled the beans. It must be someone else's.
कीलन्तकामिणीयणरणन्तनेउररवेण तरुनियरो,मयणमहूसवतुट्ठो गायइ इव चच्चरिं जत्थ	Long - eyed girls, Young men with plump breasts, Like a flock of peacock's tail feathers Singing from the very top of a mango tree.
मलयानिलहल्लावियसाहाहिं विघुम्ममाणया धणियं,कोइलकयकलकोलाहलेहिं अफुडक्रवारालावा	A swarm of gnats pierces the surface of the Malayala hills, Like an endless stream of koelika flowers.
आयम्बिरनवकिसिलयआयम्बमुहा महीरुहा जत्थ,आसाइयमहुमासा मत्ता इव सच्चविज्जन्ति	The true wisdom is like wine poured from an earthenware jar, Like water poured from a vase of mangoes.
सुविसट्टकुसुमसोहन्तमञ्जरीपुञ्जरइयसेहरया,जोहारेन्ततिव पवणोणयाहिं साहाहिं पउरजणं	Sweet scent, Sweet fragrance, Sound of jasmine, Like the rays of the sky blowing in unison, Purify the soul
तम्मि य पवरुज्जाणे घणतरुवरमण्डिए सुरमणीए,दंसणमेत्तुपाइयमयणे मयरन्दनामम्मि	If you want to taste the fragrance of jasmine flowers, Try painting them on the surface of a banyan tree.
नाणानेवत्थेणं नायरलोएण परिगया जाव,पविसामो ता दिट्ठं दूराओ मयणदेवहरं	Pay attention to what's on your mind, Don't turn away, For when you're asleep you'll see another god.
रइजुत्तमयणपूयणनिमित्तमित्तेण पउरलोएण,पडिपुन्नं सुविलासं उत्तुङ्गं तुङ्गपागारं	If you ask me what makes a good man happy, I'll tell you it's the towering tree of happiness at the foot of the mountain.
उद्दामवज्जन्तअच्चन्तवरमद्दलं मत्तवरकामिणीसङ्घकयगुन्दलं,चच्चरीसद्दअक्खित्तकामुयजणं पडहियासद्दनच्चन्तबहुवामणं	Foolish girl, If you ask me what it's like to be drunk on wine, I'd say:"" ""It's a bunch of cockroaches."" ""One can't help it if one's eyes flicker With excitement.
पिययमासत्तनररुद्धकयलीहरं दोलियारूढपुरबालियासुन्दरं,सविडवेसाजणारद्धजलकीडयं सलिलसम्पायकयकद्दमुप्पीलयं	Lovely girl, Surrounded by emerald kaliharas, Beautified by blooming jasmine flowers, Lovely woman decorating her body With a garland of lotuses.
तं मज्झे पविसित्ता दट्ठूण रईए सञ्जुयं मयणं,निग्गन्तूणं दोण्णिवि उवविट्ठा बारवेईए	He looks at me with such purity That my heart sighs, His cheeks twitch, And both eyes glance upwards.
नाणविहकीलाहिं कीलन्तं पुरजणं पुलोएन्तो,जाव खणन्तरमेगं कुमर! अहं तत्थ अच्छामि	If you ask me why I'm so anxious to get married, I'd better be honest: It's the lotus of the late summer.
तावासन्नम्मि दुमे अन्दोलिन्ती सहीण मज्झगया,दिट्ठा अउव्वरूवा जुवई नवजोव्वणारम्भा	In the twilight of summer The traveler has reached his zenith. The sight of him Brings forth young men with new vigor.
पीणुन्नयघणसिहिणुच्छलन्तहारावलीए कयसोहा,उत्तत्तकणयवन्ना मणिकुडंलमण्डियकवोला	What pleasure is there in sipping a glass of wine? It's the lotus of the manikudam Temple, Like a good man making love On top of his wife.
अमयमइयव्व विहिणा विहिया कयलोयलोयणाणन्दा,दंसणमेत्तेणं चिय पल्हायन्ती जणमणाइं	Mother - in - law, Wretched woman, Like the gooseflesh on the mango tree, Which grows on the branches of a mango Tree When it is ripe for harvest.
तं दट्ठुं चिन्तियं मे का एसा हन्दि! मणहरसरुवा,किं नागकन्नगेसा अवइन्ना,अहव वणलच्छी?	Why did you think I'd seen that man? You silly man, Isn't that the way a snake acts? It's like looking at a wild elephant.
किंवा सुरलोगाओ पब्भट्ठा तियससुन्दरी एसा,किंवा मयणविउत्त होज्ज रई गहियदेहत्ति?	Or is this the beauty of your husband's face, Or is it the heavy body Of your husband, Which has grown thin?
एवं विगप्पमाणो अणमिसनयणेहिं तं पुलोएन्तो,तीएवि पुलोइओ हं ससिणिद्धअवङ्गदिट्ठीए	And wretched men plunder it from the eyes of the unseemly one; The same plunderers gaze at the bare bones of the elephant.
पुट्ठो य भाणुवेगो का एसा कस्स वावि महिलत्ति?,ईसीसिविहसिउणं अह भणियं भाणुवेगेणं	Whose daughter - in - law is this?"" he asked, ""Is this the way a woman acts when she is angry?
एईए सङ्कहाए न हु कज्जं किञ्चि उट्ठिमो ताव,एसा हुं वङ्कवङ्कं जोयइ तुह संमुहं जेण	Don't worry, I've nothing to worry about. This is how I'm going to juggle your feelings.
अङ्गेसु निवडमाणा दिट्ठी एवंविहाण महिलाण,देहं कुणइ असत्थं अवस्स हिययं अवहरेज्जा	A woman without limbs Looks like a woman without breasts Which means that her body Does not suit her.
तत्तो य मए भणियं परिहासपरो सि अम्हे एमेव,पुच्छामो कोउगेणं तं पुण अन्नं विअप्पेसि	Well, you're kidding me, brother - in - law. I'm just going to ask how you manage to pass the buck.
तो भणइ भाणुवेगो इमम्मि नयरम्मि अत्थि पयडजसो,खयरो अमियगई तस्स भारिया चित्तमालत्ति	So he says,"" ""You fool, I'm not going to tell you the truth."" ""But when he does, my heart skips a beat.
एसा एगा धूया ताणं जाया अणोवमगुणड̣धा,नामेण कणगमाला विन्नाणसमन्निया कन्ना	Is this the way to wash away impurities That cling to one's body, Or is it just a matter of washing away the impurities?
तत्तो य मए भणियं का एसा मयणपूयणं कुणइ?,एसावि का सहीए पुरओ वत्तं कहेमाणी?	So why do you treat me like this? What do you mean you treated me like that?
को व इमो अवलम्बइ गलए वेसाए तरुणओ पुरिसो?,एमाइ मए पुट्ठो हसिऊण तओ इमं भणइ	Whom do you think you are fooling, young man?"" he asked, laughing. ""That's my son.
एवंविहपुच्छाहिं कीस तुम सुयणु! मं पयारेस?,को जुन्नमज्जरिं कञ्जिएण पवियारिउं तरइ?	And why are you sleeping when I'm about to get married? Who is going to bathe in my mother's womb If I spit on it?
न हु सुयणु! पढमपुच्छं एरिसपुच्छाहिं छाइउं तरसि,किडएहिं पयत्तेणवि छाइज्जइ कह णु पच्चूसो?	I won't go to sleep! You ask how he sleeps. I will cover your face with a blanket. How can you hide your face from me?
एवं च तेण भणिओ लज्जाए अहोमुहो ठिओ अहयं,तं दट्ठु भाणुवेगो ठिओ अलक्खोव्व होऊणं	And he said:"" ""Shame on you, my dear! Stop being so touchy."" ""That look stuck in his eye.
लज्जाए तस्समए वालिज्जन्तीवि अन्नओहुत्तं,मड्डाए तहवि निवडइ मह दिट्ठी तीए मुहकमले	The poor girl's lips tremble at the thought of tasting food, But when she tries her hand at it She misses the mark On her face.
अणुरायतन्तिबद्धा दिट्ठी जणसङ्कुलेवि मग्गमि,सरिऊण सणिय-सणियं जत्थ पियं तत्थ अल्लियइ	I walk in the circle of people with eyes fixed on me, But wherever my lover is, There he goes.
सहिजणपच्छन्नेहिं पुणो पुणो तरलदिट्ठिपाएहिं,भद्दवयमेहविज्जूए विलसियं तीए विजियन्ति	She who finds a friend sees the liquid again, And triumphs over the poisonous wine Willingly.
तो तीए तरलपम्हलदिट्ठीबाणेहिं जज्जरे हियए,मज्झ पविट्ठा पञ्चवि कुसुमसरा मयणपविमुक्का	So tell me, my dear, What makes you think she's sighing? It's because she sees a lot of water in her faeces, Like the lotuses on a sweetmeat.
एत्थन्तरम्मितीए सहिनिवहो नियगिहेसु सञ्चलिओ,सावि हु बाला चलिया पुणो पुणो मं पुलोएन्ती	So bear with me, my dear, As I carry on with my business, As if I were a child And would come back again.
वलियग्गीवं तीए ससिणिद्धअवङ्गदिट्ठिदोरेण,आयड̣धिय पच्छन्नं मह हिययं झत्ति अवहरियं	With great difficulty She clung to my thighs, Keeping them tightly shut, But when I tried to pull her aside She gave me a shock.
नाउंवहरिज्जन्तं मह हिययं तीए पयविलग्गाइं,कूयन्ति नेऊराइं पुणो पुणो कụधियपुरिसोव्व	I will never forget how she made me feel Until I was nine hundred and ninety-nine, When she took me in her arms And kissed me again.
मयणत्ता सा जन्ती अणमिसनयणेहिं पुलइया ताव,जावुज्जाणतरूहिं अन्तरिया दिट्ठिमग्गाओ	My daughter - in - law has turned my back on me, Pulia has turned it upside down, And I see the inside of you with my own eyes.
वोलीणदंसणाए तीए मह माणसम्मि सन्तावो,दुव्विसहो सञ्जाओ समयं अइदीहसासेहिं	Wretched man that she is at the moment of her death, Time has proved elusive to me.
अह भणइ भाणुवेगो गच्छामो नियगिहम्मि अम्हेवि,एवन्ति मए भणिए समागया दोवि गेहम्मि	Oh! you fool, We are on our way,"" said the doe. ""But as I said, Together we shall make a difference.
तत्तो अहमारụ̄धो उवरिमभूमीए तत्थ सयणीए,पासुत्तो उवविट्ठो मह पासे भाणुवेगोवि	There you are, my dear, Standing firm on high ground. There you will be, Standing tall beside me As if I were a buffalo.
तो भणइ भाणुवेगो कीस तुमं दुम्मणोव्व सञ्जाओ?,मुञ्चसि विसायगब्भे सुदीहरे कीस नीसासे?	So you ask, Brother - in - law, Why are you so stubborn? Why, my dear, Are you so calm?
किं कुणसि अङ्गभङ्गं दीहं नीससिय मुक्कहुङ्कारो,भठ्ठट्टियचणगो विव सयणीए कीस तडफडसि?	Why do you make such a furtive gesture, You silly one, Why are you trembling so much As if you were making love?
किङ्किम्पि चिन्तिऊणं अणिमित्तं चेव कीस तं हससि?,निययविगप्पवसेणं कीस पुणो दुम्मणो होसि?	Why are you laughing so much? You think a little. How can you be so naïve When you're so busy thinking?
नाणारससङ्किन्नं नाडयकव्वं अहिणवेमाणो,किं चिट्ठसि न य साहसि सब्भावं किञ्चि अम्हाणं?	Are you afraid that I won't dance to your tunes? What do you mean, You can't write, You dare not show yourself?
एवं च तेण बहुसो पुच्छिज्जन्तेण कुमर! मे भणियं,जाणामि नेव किं पुण मह देहं गाढमस्सत्थं?	And he asked so many questions:"" ""Young man!"" ""I said:"" But do you know why my body is covered with gooseflesh?
हसिऊण तेण भणियं पुव्वं चिय साहियं मए तुज्झ,एवंविहमहिलाणं न सुन्दरं दंसणं होइ	Laughing at him, Saying:"" ""My boy, I agree with you. A woman like that shouldn't look so handsome.
ता तीए चक्खुदोसा एसो सव्वोवि तुज्झ सन्तावो,दाविज्जइ सा हत्थं पट्ठीए जेण होइ सुहं	Well, you see, all this is your fault. Once you have clutched her hand, I will be happy.
नीससिय मए भणियं सन्देहो जीवियस्सवि य अम्हं,तं पुण सुहिओ भाओ य परिहासं कीस नो कुणसि?	My brother - in - law is unhappy, My life is uncertain, So why are you not joking again, my dear?
तो भणइ भाणुवेगो सब्भावविवज्जियस्स पुरिसस्स,अन्नायम्मि सरूवे किं काउं सक्किमो अम्हे?	So I will tell you, brother - in - law, All handsome men, Annamayum saruve, Why am I so skinny?
ताहि मए वज्जरियं साहिज्जइ तस्स जो न याणाइ,तं पुण जाणन्तोवि हु अलियं चिय पुच्छिसि ममन्ति	So what do I know about the farmer who does not know me, That I know him well, I beg of you.
एमाइवयणवित्थरवज्जरणपरायणाण अम्हाणं,चूयलया गिहदासी आगन्तूणं इमं भणइ	I am what my poor neighbor would have me to be, A cowardly visitor with a bitch speaks like that.
अच्छइ दुवारदेसे समागया तुम्ह दंसणनिमित्तं,सोमलया नामेणं वरधाई कणगमालाए	It is good that I came to you from another country, That I might see you again."" -Somalaya, The jasmine's name is Varadhai.
तो भणइ भाणुवेगो लहुं पवेसेह एव भणियम्मि,अह सच्चिय सोमलया समागया अम्ह पासम्मि	So I said,"" ""Go ahead, you fool!"" ""And he replied:"" ""No, I'm telling you the truth. Somalay soon we'll be together.
कयउवयारा ताहे उवविट्ठा भणइ सायरं वयणं,एगन्तं कुणह तओ चूयलया पेसिया तत्तो	What makes you so angry? It makes you think he's talking to you. It only makes you angry.
भणियं सोमलयाए सरणागयवच्छला जओ सुयणा,परितायह परितायह ममं तओ भीमवसणाओ	Daughter - in - law, If you want to sing well You must sleep well, For what's left of you Makes me feel miserable.
हरिसाऊरियहियएण ताहे एवंविहं मए भणियं,कत्तो भद्दे! वसणं,सा भणई कुसुमबाणाओ	It's my sister - in - law's wedding. How silly of you! Stay where you are. Tell me,"" She whispered.
ईसीसि विहसिऊणं वज्जरियं ताहि भाणुवेगेण,कडकडियसव्वसन्धिं गयलायन्नं तुह शरीरं	I beg of you, my dear, It's because your body has grown so thin Through all the hard work and sweat.
निन्नट्ठदन्तपन्तिं सियकेसहसन्तसीससोहिल्लं,दूरपलम्बिरवलिवलयसहियसिहिणेहिं बीभच्छं	Aunt, Your lover is so eager to please you, That he is afraid of women who wander far and wide And have no friends.
दट्ठूण भीयभीओ दूरं दूरेण वच्चइ अणङ्गो,तत्तो कह तुज्झ भयं जराए जज्जरियदेहाए?	Your eyes are far away, my dear, so how can you make your fear seem a little too great?
सोमलयाए भणियं मा मं उवहससु सुणसु वत्तन्तं,जह कुसुमबाणविहियं परम्पराए मह भयन्ति	Listen to me, brother - in - law, As long as you listen to what I have to say: I am afraid of traditions based on gossip.
उज्जाणाउ कीलिय समागया नियगिहे कणगमाला,विच्छायवयणसोहा विडप्पगहिया ससिकलव्व	The bright kadamba flowers, Like the jasmine flowers, Are a blessing in disguise.
तत्तो य मए पुठ्ठा कीस तुमं पुत्ति! विमणदुम्मणिया?,न य तीए किञ्चि सिट्ठं सुदीहरं नवरि नीससिउं	Well, my son, why are you so touchy? Isn't it because she wants a good husband?
अंसुजलपूरियाइं नयणाइं कयाइं दीणवयणाए,तत्तो य मए पुट्ठा तीए सही हंसिया नाम	How easy it is for me to give birth to a new daughter - in - law, So long as my son bears her true name.
तीए भणियं अम्बे! उज्जाण अज्ज पाविया अम्हे,पूइय मयणं बाहिं नीसरिया जाव ता दिट्ठो	Your sister - in - law is dead! You must be awake today, sweetheart."" ""When the poor girl's face disappears Into the mud She sets her eyes on him.
कोउगवक्खित्तमणो उवविट्ठो भाणुवेगपासम्मि,पच्चक्खोव्व अणङ्गो एगो तरुणो महाभागो	Anger, Exhausted by anger, Escapes with a broad smile, Is the greatest trait of youth.
तं दट्ठूणं एसा जाया निप्फन्दलोयणा सहसा,आसत्ता तव्वयणे आलेक्खगयव्व निच्चेट्ठा	It's as if you'd seen her in a dream, Suddenly start to fall asleep, And suddenly you could see that she was singing a song while drawing it.
सव्वङ्गिओ इमीए अणिमिसदिट्ठीए जोइओ स युवा,न य तेण इमा दिट्ठा कोउगवक्खित्तचित्तेण	Young man, if you look at me with all your eyes you will not see me again.
तो तस्स नयणगोयरमपावमाणा सलज्जमुहकमला,दोहग्गदूसियं पिव अत्ताणं मन्नमाणव्व	So give him the lotus flower, Which looks like a garland of pearls Placed in front of his face, As a token of gratitude
किङ्किम्पि चिन्तिऊणं भणइ सहीओ! इमम्मि चूयदुमे,कीलामो ताव खणं बन्धिय अन्दोलयं अम्हे	What do you mean, you stupid bitch! You fool, Keelamas need to be tied up so that I can hide in the bushes.
एवं ताहिं भणिए तहेव सम्पाडियम्मि एसावि,गुरुसद्देण सहीओ आसन्नाओवि वाहरइ	And he said:"" ""Such is the state of affairs in the world. The teacher must bear with him the burden of his position.
जइ एसो मह सद्दं सोऊणं संमुहं पलोएज्जा,होज्जामि ता कयत्था इइ आसाए तडिज्जन्ती	If this man wants to sleep with me, I will go to him, and he will come with me.
तं पेक्खिऊण य मए परिहासवसेण जम्पियं एयं,आसन्नम्पि सहिजणं उच्चुच्चं कीस वाहरसि?	You see, I've grown weary of your banter. How can you bear to suffer so much on your own?
कोउगवक्खित्तमणो एसो तुह देइ नेय पडिवयणं,तं वयणं सोऊणं सविलक्खा किञ्चि सञ्जाया	Come on, you silly bitch, Can't you see she's been making out with you the whole time?
एत्थन्तरम्मि दिट्ठा तेण जुवाणेण 'णङ्गरूवेण,सज्झसहरिसेहिं इमा ताहि अउव्वं रसं पत्ता	That young man looked at me With such longing That he could not help laughing.
तेणालोइयमेत्ता सोहग्गसमन्नियं च अप्पाणं,जीवियमवि सकयत्थं मन्नन्ता पुलइयसरीरा	Love alone, Contentment alone, Alive and undisturbed are the virtues of the virtuous.
अवरुण्डइ सहिनिवहं उच्चं संलवइ हसइ अनिमित्तं,पायङ्गुट्ठेण महिं विलिहइ केसे य सञ्जमइ	She is so patient with him, She smiles without raising her hand, And does nothing to stop me from shaking his leg.
एमाइं सवियारं चेट्ठन्ता कीलिऊण खणमेगं,मयणसरविहुरियङ्गी इहागया एरिसा जाया	This is how Erisa behaves: She licks at the rafters As if they were jasmine buds.
एवं च हंसियाए भणियम्मि पुणोवि सा मए पुट्ठा,को सो पुरिसो हंसिणि!,कहियं सव्वम्पि मह तीए	And when she laughed and said,"" ""That's my son!"" ""Who's that man laughing?
सोहणठाणे रागो पुत्तीए,चिन्तिउं गया पासे,तीए दिट्ठा य मए सयणीयगया कणगमाला	By the way, my daughter - in - law is angry, I've been thinking of her. By the look of her eyes I realize that she has something to say.
आपण्डुरमुहकमला सुदीहसासेहिं सोसियसरीरा,कहकहवि हु नियजीयं महया किच्छेण धारन्ती	You handsome lotus, With a pleasant smile on your face, Are you quite so sociable As to say That life is dominated by the buds of a bee?
पियविरहजलणजालावलीहिं सन्तावियाए वरईए,हारो चन्दणपङ्को मुम्मुरसरिसोव्व पडिहाइ	The plowman's wife is distraught at the sight of the moonlit night sky, And the garland of emeralds has run out.
चीयव्व मुणालाइं नलिणीदलाइम्पि जालतुल्लाइं,अङ्गाररासिसरिसा पडिहासइ हंसतूलीवि	Cheeyavva munalai, nalineedalaimpi, jasmine, Laughing girl, Who is covered with gooseflesh Like a mass of embers
पुट्ठा न देइ वयणं आलवइ न सहिजणं सिणिद्धम्पि,झाणोवगया वरजोगिणिव्व जाया विगयचेट्ठा	Give me not a leaf, Not a twig, Not an inch of water, Not even a drop of water to sigh over; It's as if the bridegroom had never seen a widow.
पियविरहपिसाएणं गहिय गयचेयणावि हु सहीहिं,आसासिज्जउ वरई सुन्दर! तुह नाममन्तेहिं	I suppose you are right, my dear. I hope you are all right. It's as beautiful as your name suggests.
पियविरहपीडियं तं तुडिगयनियजीवियं मुणेऊणं,तद्दुक्खदुक्खिया हं समागया तुम्ह पासम्मि	Dear friend, That grasshopper's life has turned to mud, And now that I have my share of sorrows I long to be with you.
एवं कुसुमसराओ अइगरुयं आगयं महं वसणं,जं तीए दुक्खियाए अहम्पि अइदुक्खिया चेव	And come, sweetwood trees, And let me live in the fire That made her so sorrowful That she even begged to be forgiven.
ता सुयणु! कणगमाला जा सा नीसाससोसियसरीरा,आसासिज्जउ वरई जाव न सासा समप्पन्ति	Go to sleep! If you want to sleep, go to bed. It's better to sleep than to lie in a coma. Your body won't catch on.
लहु कुणसु किञ्चुवायं जाव न नीसरइ जीवियं तीए,गयजीवियाए पच्छा किङ्काही लावयरसेण?	Tell me, Which one of you, Living in poverty, Wouldn't give up on life If it didn't have a lover?
तव्वयणं सोऊणं तइया अह रायउत्त! मे भणियं,एयम्पि न जाणामो का एसा कणगमालत्ति	You're not supposed to sleep!"" ""I said."" ""No, I don't. I know why you're thinking this way.
ता पुच्छ भाणुवेगं पत्थुयवत्थुम्मि गहियपरमत्थं,अम्हे पुण पाहुणया अयाणुया एत्थ वत्थुमि	Then ask me how I am. I will walk a little farther. Once I have passed that point I will return here again.
अह भणइ भाणुवेगो अम्हेवि हु नेव जाणिमो किञ्चि,तो भणइ सोमलया सासूयं एरिसं वयणं	Ah! you fool, I know nothing of what you mean; so tell me, my poor mother - in - law, how you know all this.
हरिऊण तीए हिययं दिट्ठिबाणेहिं पहरियं अङ्गे,तुडिगयजीयं काउं तं सम्पइ अयाणुओ जाओ	As long as you keep an eye on her She is a sight to behold, So long can you live in silence.
कण्ठगयजीवियासा तुह विरहे मरइ नत्थि सन्देहो,अयणत्तं अवलम्बियं तं चिट्ठसि निद्दओ भद्द!	There is no doubt that you will die, my dear, If you live long enough To avoid being robbed of your virginity. So do not fall asleep while I write you!
जो जत्थ जणो निवसइ रक्खइ सो आयरेण तं गेहं,तीए मणम्मि वसन्तो किं निद्दय! तं मणं दहसि?	Wherever a man resides I will protect him with iron. Where is the sleep of a man who dwells in her womb? Are you afraid of that man?
हरिऊण तीए हिययं सम्पइ चोरोव्व निन्हवेमाणो,न हु छुट्टसि सुयणु! तुमं किञ्चि उवायं विचिन्तेसु	Hurrah, you bastard! You're not supposed to sleep all day, are you?"" ""You look just like that!
तत्तो य मए भणियं अम्म! तं चेव साहसु उवायं,एवं चवत्थियम्मि जं जुत्तं अम्ह काउं जे	That's my brother - in - law! You're the only one who can muster up the courage, And the shoes you gave me at the funeral Are mine alone.
भणियं सोमलयाए चित्तं पत्तं व पच्चयनिमित्तं,पट्ठवसु जेण चित्तं सन्धीरइ सा तयं दट्ठुं	The landowner's son - in - law thinks only of leaves and emeralds; the farmer, on the other hand, looks only at the flowers that darken his heart.
तत्तो य मए लिहिया पत्ते नलिणीओ तीए पउमम्मि,मोत्तूण सेसकुसुमे निलीयमाणो अली लिहिओ	That's why I did not write the letter To my daughter - in - law. So write Ali on the lotus that has blossomed in her womb.
हिट्ठे य तस्स लिहिया एसा गाहा उव्वुन्नयरसेण,नियभावसूयणपरा पच्छन्नत्था तया कुमर!	Here she is writing this letter, Scorched by the heat of love, Like a pot of nectar in the west!
तह कहवि परिट्ठवियं अलिणो नलिणीए परिमलं हियए,लोयणुप्पयणं जह तस्स केवलं संसकुसुमेसु	Tell me, then, What it is like to be seduced by a woman's fragrance, To be led around in circles So that I can only kiss her.
तं च बहु पत्तमज्झे काउं तो पेसिओ सतम्बोलो,चूयलयाए हत्थे दोवि गया तीए पासम्मि	That's a lot of work,"" he said, ""So why bother, sweetheart? The girl's hand is twisted around her waist.
तत्तो खणन्तराओ चूयलया आगया इमं भणइ,एत्तो विणिग्गया हं पत्ता य कमेण तग्गेहे	So long as the farmer is awake, The stove goes out, And the fire is kindled by him, This is how the farmer treats his wife's daughter - in - law.
मत्तव्व मुच्छिया इव गिलिया इव सुयणु! गुरुपिसाएण,दिट्ठा उ कणगमाला विसममवत्थन्तरं पत्ता	The drunkard frowns, Gooseflesh sighs, And the midwife mutters:"" ""Please, teacher, look! A bunch of raisins lie beneath your waist.
तीए सहीहिं भणियं समागया चित्तवेगदूइत्ति,अह सा तुह नामक्खरआयन्नणलद्धबुद्धिया	She is so good at conciliating friends That her mind wanders to and fro, Reduced to thinking about your name.
झत्ति निविट्ठा तत्तो पासिय मं लज्जियाव मणयन्ति,ताहे समप्पिओ से तम्बोलो सहरिसं गहिओ	As soon as you see me, You'll be ashamed to pass by. So soon the tent will shake like a city banner.
गहियत्थाए भणियं केणेसो पेसिओ म्ह तम्बोलो?,मे भणियं तह सुन्दरि! मणोहरेणं पिययमेणं	Daughter - in - law, Why are you so anxious About my husband?"" ""I said,"" ""She's so beautiful! Manoharan, drink me up.
तीए भणियं कन्ना अहन्ति कह मज्झ पिययमो भद्दे!?,मे भणियं नणु होही अह सा अफुडक्खरं भणइ	What makes you think I'm drunk?"" she whispered, ""It's my brother! What makes me so angry?
कह मामि! अउन्नाए एत्तियमेत्ताणि मज्झ पुन्नाणि,जं सो भत्ता होही दंसणमित्तम्पि अइदुलहं	Tell me, mother - in - law! This is all I need for my husband's return. I will give him the same allowance He gave me for his wife's funeral.
एत्तियमेत्तं भणिउं अंसुजलुप्फुण्णलोयणा झत्ति,नीसासमोत्तूणं गयचेट्ठा सा पुणो जाया	Tell me,"" she said, looking down at the limp blossom, ""That when you're gone you'll never see her again.
तत्तो सहीहिं भणियं साहेज्जसु तस्स निग्घिणमणस्स,जहदिट्ठं हि सरूवं इमीए अइगरुयपेम्माए	There you are, brother - in - law, With your eyes closed, Just as long as you remain calm."" - This is the nature of true love.
अन्नं च जह कहवि ताव वोलइ रयणी कुसलेण ता पभायम्मि,उज्जाणम्मि गयाए दायव्वं दंसणमिमीए	When the crow barks at the woman Whose husband is abroad, She mutters aloud,"" ""I have a right to be angry.
तद्दंसणेण जीवइ न अन्नहा एस निच्छओ अम्ह,एवं बहुहा भणिया समागया तुम्ह पासम्मि	To live without seeing him Is to give up on me, And to live without you Is to have many brothers.
एवं चूयलयाए भणियं सोऊण तीए वुत्तन्तं,दुगुणतरो मे जाओ तव्विरहे गरुययसन्तावो	And when the chick has had time to suckle, She goes to sleep on her husband's back, Twice as fast as I can get her pregnant.
जइ मरिही सा बाला कहवि हु गुरुविरहताविया हन्दि!,एएण निमित्तेणं ता मज्झवि आगयं मरणं	If I die, tell me, my poor boy, I'm angry with you! It's as if my mother is about to die.
अहवा सिणेहजुत्ता जइ सा ता कीस मज्झ पडिवयणं,नवि दिन्नं ता मन्ने मन्दसिणेहा उ मह उवरिं	Ahava Snehasishta, if that's my way of looking at things, How can I help it? It's just a bad dream Come true.
जइवि हु सा निन्नेहा तहवि मणं मज्झ तीए विरहम्मि,पजलियजलणसमुज्जलजालालिद्धंव पडिहाइ	If I were you, I would believe that she was the one who separated me From my husband, Who had fallen into a web of bubbling water.
नयणेहिं पुलइया सा ताइं चिय दहउ एस पियविरहो,हियएण किमवरद्धं जेण तयं निद्दयं दहइ?	That the fire was kindled by someone else's daughter - in - law, That she was drunk with wine, Is there anything the fire can do About it That will burn her to sleep?
अन्नेण कयं अन्नो न भुञ्जए अलियमेरिसं वयणं,सा दिट्ठा नयणेहिं जाओ हिययस्स सन्तावो	My dear, why don't you roast some other cucumber? It's not my fault she didn't look at you When you were pregnant?
रोवन्तु नाम तं जणमपेच्छमाणाणि दड्ढनयणाणि,तं हियय! किं विमूरसि साहीणे चिन्तियव्वम्मि?	Weeping is the name given to that woman Whose face has been smeared with ghee."" ""What are you thinking of, Vimurushi?
नयणेहिं जोइया सा हियएण कओ य गुरयपडिबन्धो,सरिसेवि हु अवराहे विरहो हिययं दढं दहइ	There is nothing more to be gained by lying low, There is always someone to help, And separation is hard to come by.
एत्थन्तरम्मि सूरो भमिऊणं भुवणमण्डलमसेसं,अत्थगिरिमत्थयत्थो जाओ अद्धाणखिन्नोव्व	The sun is shining here and there, I beg of you, From the firmament of the earth To the sky above.
निट्ठुरकरेहिं भुवणं इमेण सन्तावियन्ति रोसेण,नज्जइव अत्थगिरिणा सीसाओ ̣धालिओ सूरो	With tears streaming down her face She is so distraught at the thought of being angry That the sun does not shine on her either.
नाऊण सूरपडणं अणुलग्गा उवरि अत्थसेलस्स,रोसेण रत्तमुहा समागया झत्ति अह सञ्झा	The moment I hear the sound of your voice The rays of the sun gather around me, I am filled with tears.
तयणन्तरमन्धारियदिसिवलया नवरि आगया रयणी,पयडियतारयनिवहा कोसियहुङ्कारभीसणया	The fire of the fire is the bridegroom's fire, Like the scorching fire of a pyre.
ताव य खणन्तराओ निन्नासियबहलतिमिरसङ्घाओ,माणिणिमाणुम्महणो वित्थरिओ ससिकरनिहाओ	So do the hunter-gatherers, Who, being busy making love, Make a crowd of lovers.
मयलञ्छणपवणेणं गाढं सन्धुक्किओ विओयग्गी,सन्ताविउं पयत्तो मह हिययं ताहे सयगुणियं	If you want to enjoy your love, You'd better stop, For if you're afraid of being angry You'll get the better of me.
अह चिन्तिउं पयत्तो अमयमओ सुम्मई इमो चन्दो,नवरं तव्विरहे अज्ज विज्जुपुञ्जोवमो जाओ	Ah! the moon is silent, Oh! think of me! It's the waning moon That gives birth to your son - in - law.
हे हियय! कीस उज्झसि उव्वेयं कीस कुणसि अच्चत्थं?,दुल्लहजणम्मि रागं पढमं चिय कीस तं कुणसि?	Hey! How come you are so loud? What do you mean you are talking nonsense? Why do you talk like a fool When you have to recite a familiar tune?
अन्नं च जो किर करेइ नेहं तस्सेव य हियय! रच्चिउं जुत्तं,दूरट्ठिओवि जो दहइ माणसं तम्मि को रागो?	What can I do for you, my dear, If you won't do as I tell you! How can a burning man be angry when you burn him at a distance While he is busy cooking?
सॊ च्चिय वुब्भइ हियए सॊ च्चिय अइनिट्ठुरो दहइ देहं,कस्स कहिज्जइ वत्ता सरणाओ भयम्मि उब्भूए?	Whom do you think you are looking for? Your body is burning so stubbornly. Who is going to tell you what to do?
किं मन्ने होज्ज दियहं जम्मी लग्गेज्ज मज्झ हत्थम्मि,मणनिव्ववणो तीए कमलोयरकोमलो हत्थो	What do you mean it's my hand that's clutching at your waist, Not my husband's?
अच्छउ ता दूरॆ च्चिय पाणिग्गहणाइयं तु सह तीए,अम्हाण मणोदइयं दंसणमवि दुल्लहं मन्ने	Well, you're a long way off, honey, and I'd love to hang out with you.
किं मज्झ जीविएणं किंवा मह हन्दि! मणुयजम्मेण,जो विरहदुक्खसमणं तीए वयणं न पेच्छामि?	Should I live, or should I die? For what use is a human being if he cannot bear to suffer the pain of separation?
अहवा चूयलयाए भणिएणं भविस्सई पभायम्मि,तीए सह दंसणयं अणुकूलो जइ विही होही	Ahava Chulyayya said,"" ""Mother - in - law, if you want to be with her, you have to bow down.
गुरुविरहजलणजालावलीहिं सन्तावियस्स हिययस्स,अन्नो नत्थि उवाओ पियदंसणओसहं मोत्तुं	The sage was so distracted by the stream of tears streaming down his face That he could not help but sigh at the sight of his beloved.
एमाइविगप्पेहिं पणट्ठणिद्दस्स मज्झ सा रयणी,चउजामावि हु तइया जामसहस्सोवमा जाया	My dear, You are so stubborn, my dear, That even after four nights You do not want to be angry.
असरिसदूसहसन्तावतावियं कहवि माणसं मज्झ,फुडमाणम्पि न फुट्टं मन्ने तद्दंसणासाए	Tell me, I beg of you, How can a man be so touchy When he has no more food than he needs to eat?
सीयलकरनियरेणवि सन्तावं फेडिउं मह असत्तो,अह लज्जिउव्व चन्दो अत्थगिरिं पाविओ तत्तो	If it weren't for the cool breeze blowing through the clouds, You'd be ashamed to have missed the moon.
पच्चूसगयवरुम्मूलियाए उड्डीणससिविहङ्गाए,रयणिलयाए गलन्तिव कुसुमाइं तारयनिहेण?	Are not emeralds like the jasmine flowers in a flock of parrots, Like the nectar of an emerald flower in a flying sapphire?
अह इन्ददिसा सहसा केसुयसुयतुण्डसच्छहा जाया,आसन्नसूरमण्डलवज्जरणत्थंव लोयस्स	Ah! the dark sky is suddenly overcast with blue skies, Loose are the rays from the thundercloud that is approaching.
पडिबोहियकमलवणो पसरियखरकिरणपूरियदियन्तो,मेलियरहङ्गजुयलो तदणन्तरमुग्गओ सूरो	The full moon is like the rays of a flicker of a rainbow, Like the jujube on a woman's thighs Which then sets in motion the sun.
एत्थन्तरम्मि अहयम्पि समुट्ठिऊण किच्चं पभायतणयं करिउं पयत्तो,भो सुप्पइट्ठ! तइया दइयाइ होही सन्दंसणम्ह इइ पहिट्ठमणो पगामं	Here I am, Sitting here for the night, Trying to figure out what to do next. Go to sleep! It's your mercy That keeps me from seeing you. This is the first step on my foot.
एसोवि परिसमप्पइ विरहे सूरुग्गमॊत्ति सुपसिद्धो,सुरसुन्दरिनामाए कहाए तइओ परिच्छेओ ९५०	Aunt, It's past three o'clock And the sun is shining brightly. Tell me, my pretty girl, How long has it been Since you've had your period?
अह भाओ भाणुवेगो समागओ पहसिओ ममं भणइ,गम्मउ उज्जाणम्मि चूयलयावयणमणुसरिउं	Oh! my brother! First you meet me, then you speak to me. Then I'll give you a bath in the steaming hot sun.
हरिसाऊरियहियएण ताहि एवन्ति जपमाणेणं,तक्कालुचियं जाव य कायव्वं काउमारद्वं	If you want to enjoy nature, you have to chant it. If you like it, go and do it. It's because you love nature.
एत्थन्तरम्मि निसुओ मङ्गलतूरस्स गहिरनिग्घोसो,पुट्ठो य मए भाया कत्थ इमं वज्जए तूरं?	What do you mean by that? It's only a matter of a few minutes, You stupid fool, How can I explain it to you?
तो भणइ भाणुवेगो सम्मं जाणे न कारणं एत्थ,नवरं अमियगइगिहे भाविज्जइ एस तूररवो	So he says,"" ""I don't know what to do with you, brother - in - law."" ""Now it's my turn to say goodbye.
अह चिन्तियं मए किं आसन्नपियासमागमस्सावि,अब्भहिओ सन्तावो फुरइ य वामं तहा नयणं?	Oh! why am I so anxious At the prospect of my beloved's return? For, my dear, Is it too early To tell which way to turn?
ता भवियव्वं केणवि एत्थ नणु कारणेण ताहे मए,चूयलया वाहरिया समागया अह इमं भणिया	So what do you think? It's because I'm so naïve. Whether you ask me out or join in I'll tell you the truth.
कत्थ इमो तूररवो केणव कज्जेण सम्ममुवलब्भ,आगन्तूणं भद्दे! सिग्घं चिय कहसु अम्हाणं	How am I supposed to manage the distance, Foolish visitor, When someone's business is on the line? Tell me, I beg of you.
गन्तूणं चूयलया खणन्तराओ समागया धणियं,विच्छायवयणकमला पुट्ठा य मए इमं भणइ	Destroyed chickpeas: The poor farmer has found a way out, But the lotus bud, pierced by a scorpion, Says so to me.
एत्तो विणिग्गयाए अमियगइगिहस्स दारदेसम्मि,भूरिजणसङ्कुलम्मी मए न लद्धो पवेसोवि	It's so windy here That I can't get in the way of the doormat. But don't let the crowd confuse me.
तत्तो य बन्धुदत्तो पत्थुयवत्थुम्मि पुच्छिया भणइ,वरणम्मि एस भद्दे! महोच्छवो कणगमालाए	There you are, my friend, Asking how I'm feeling When you kiss my cheek. What a disgusting thing it is to touch a friend's cheek.
सिरिगन्धवाहणसुओ गङ्गावत्तम्मि खयरनयरम्मि,नहवाहणॊत्ति सुम्मइ तस्स विइन्ना कणयमाला	The water of the Ganges flows smoothly, Like a river in spate, Like an earthenware pot in the middle of a stream.
एवं वियाणिऊणं समागया एत्थ तुम्ह पासम्मि,कन्नकडुयम्पि तुम्हं साहिज्जइ मन्दाभागाए	And by the way, you're so close, my dear, That the twang in your ear Makes you look so miserable.
तीए वयणं सोउं धसत्ति गुरुमोग्गरेण पहओ हं,मुच्छानिमीलियच्छो पडिओ भूमिए गयचेठ्ठो	She's so thin on her stomach That she is afraid of being angry with her master. But looking down at the ground she stumbles across a frown.
घणसारसारगोसीसमीससलिलेण ताहि संसित्तो,सुकुमालतालविण्टयसीयलपवणेण गयमुच्छो	It's like having a lot of fun, Like making love with your lover, Like bathing in the lake of lotus.
परिचिन्तिउं पयत्तो पेच्छह दुव्विहियविलासियं विहिणो,पियसङ्गमणोरहभंसणम्मि उज्जुत्तचित्तस्स	When you meet her you see that both of you are enjoying the luxury of marriage, That the passion for love is palpable And that her husband is happy.
अहवा अन्नह परिचिन्तिज्जइ सहरिसकण्डुज्जएण हियएण,परिणमइ अन्नहच्चिय कज्जारम्भो विहिवसेण	Ahava anna is familiar to the townspeople through its thick, fragrant jasmine, Which in turn is distinguished from anna through its myriad occupations.
कत्थ इमा कत्थ अहं अन्नोन्नं कत्थ गरुयअणुरागो,नवरं हयासविहिणा सव्वं चिय अन्नहा विहियं	Katha, ima, katha, am I, and the like. All is lawless without food.
पुव्वम्पि हु जइ बुद्धी एरिसया आसि तुज्झ रे दिव्व!,ता कह मह पढमं चिय तीए सह दंसणं विहियं?	If you are so clever, my dear, How can you be so clever? Tell me, dear girl, Why did you want to hang out with me?
काऊम दंसणं गरूयरायसहियं हयास! रे! दिव्व!,अन्नत्थ तं मयच्छिं जोडेन्तो कि नं लज्जिहिसि?	How embarrassed I am To see my husband in such a state! Oh! Divine! Would you not be ashamed If you could join him on the pyre?
अविय नयणाण पडउ वज्जं अहवा वज्जस्स वड्डिलं किम्पि,अमुणियजणेवि दिट्ठे अणुबन्धं जाणि कुव्वन्ति	Aviya nayan padau vajjanam ahava vajjassa vaddilam kimpi, The sight of innocent people makes one tremble at the thought of unbreakable bonds.
खणपरिचियदुल्लहलोयकारणे कीस! तं मिहसि?,मुञ्चसु गरुयविसायं विवरीओ हयविही जेण	What do you mean you're angry? You're angry? It's because you're annoying me. I can't take it anymore.
एरिसदुविस्सहेवि हु सञ्जाए हिययं गरुयदुक्खम्मि,वज्जघडियंव मन्ने जं नवि सयसिक्करं जासि	It is with great sadness that I acknowledge my mistake. The thunderclap signifies the arrival of a new master.
एमाइबहुविगप्पं चिन्तेमाणस्स गरुयसोगस्स,तव्विरहदूमियमाणसस्स तइया महं कुमर!	What a fool you are, Thinking only of yourself, Like a man possessed by a demon!
पुणरवि सा सोमलया समागया किञ्चि हरिसियाव मणे,उवविट्ठा मं दट्ठुं सुट्ठुं विसायाउरं तइया	Once again, my darling, Don't think I've anything to do with you: You look at me all the time, You stare at me with such longing.
ता भणइ कीस सुन्दर! दीससि तं दुम्मणोव्व अच्चत्थं,सुणिउं वरणयवत्तं,ताव निसामेसु मह वयणं	How handsome you are! You look at that damned woman. Listen to her say the following:"" ""There must be something wrong with me.
भणियं च मए अज्जवि किं आसा कावि अत्थि अम्हाण,वज्जरसि जेण एवं सोमलए!,ताहि सा भणइ	Tell me, brother - in - law, what do I have to say about you today, my dear?"" she mutters, ""You fool, you bastard!
तुह विरहे गयचेट्ठं दट्ठूणं ताव कणगमालं तु,चूयलया कल्लम्मि पट्ठविया तुम्ह पासम्मि	You're so fragrant That you look at me with longing, You turn your back on me, Like a stone pierced by a needle.
सावि हु सहीहिं कहवि तुह सङ्गमसूयगेहिं वयणेहिं,आसासियावि वरई तुह सङ्गमपावमाणा उ	I will tell you the truth,"" he said, ""By the pleasure of your company And not by false promises.
खणमेत्तं मुच्छिज्जइ उठ्ठियइ पुणोवि मुयइ हुङ्कारे,गायइ हसइ य वेवइरोवइ य खणेण उत्तसइ	A poor girl wipes away tears, gets up again, turns on her hips, and sings, Laughs, or acts as if she's still asleep.
गहगहिया इव बाला असमञ्जसचेट्ठियाइ कुणमाणा,हसियावि सहिजणेणं नवि जाणइ किञ्चि हयहियया	A proud girl, With eyes wide open And a smile on her face, Has no knowledge of what is to come.
तं पेक्खिऊण य मए विचिन्तियं जाव मुयइ नो पाणे,गुरुअणुरागा एसा ताव उवायं विचिन्तेमि	I have no desire to see you again, Not because I am curious, But because I think of you in the same way As a teacher.
तत्तो तव्वुत्तन्तो कहिओ गन्तूण चित्तमालाए,तज्जणणीए उ मए एगन्तगयाए सव्वोवि	So tell me, traveler, How long has it been since you last sang a song to me?
विन्नायसरूवत्था पासे आगम्म कणगमालाए,वज्जरइ चित्तमाला कीस तुमं पुत्ति! उव्विग्गा?	You silly girl, Why are you so forthright When there are lotuses all over the place? You fool, you fool! You fool?
अच्छसि ओसन्नमुही भणियावि हु कीस देसि नालावं?,सुहसज्झं चेव इमं मा पुत्ति! विसायमुव्वहसु	Well, you look at me and say,"" ""Why not give it to me?"" ""Please, my son, Don't be so touchy! It's like a good wife gone astray.
अम्हाण चित्तभाणू आयत्तो तं च पुत्ति! कन्ना सि,उचिओ य चित्तवेगो रूवेणं कलाहिं जं तुज्झ	My son, if you come with my senses, Why are you so anxious? Your senses will tell you what to do with your emotions.
तस्स य उवरिं जाओ अणुरागो तुज्झ तेण सव्वम्पि,अमुकूलमिणं जायं मा चिन्तसु अन्नहा वच्छे!	There you go, my dear, You're all the same, So don't worry about the money you're making Going to waste!
किन्तु तुह पुत्ति! जणओ गङ्गावत्तम्मि खयरनयरम्मि,पासम्मि गन्धवाहणविज्जाहरराइणो हु गओ	But you son! Look, the river Ganges is bursting at the seams. Get away, you scent - bearer.
आगच्छउ सो सिग्घं कुसलेणं ताहे तुज्झ वीवाहं,महया विच्छड्डेणं कारिस्सइ चित्तवेगेण	Come, let me kiss your cheek, Your wife. Let me pierce through Your heart With a passionate embrace.
एसोवि चित्तमासो वित्तप्पाउत्ति लब्भिही लग्गं,सिग्घं चिय पुत्ति! तुमं मा काहिसि किञ्चि उव्वेवं	That's the way it is."" ""Get up quickly, son! Don't let anyone fool you!
एवं नियजणणीए भणिया सा विगयविरहसन्तावा,जाया मणयं सत्था समुट्ठिया ताहे से जणणी	And if the fiancée tells you she's having a child out of wedlock, You'd better be honest: There's something very special about that.
एत्थन्तरम्मि सहसा समागओ ताओ खयरनयराओ,अमियगई से जणओ कयविणओ परियणेणेसो	Come here and meet me at once, you wretched traveler; from now on no one will know how to travel.
ण्हाय विलित्तो भुत्तो उवविठ्ठो उवरिमाए भूमीए,अहयम्पि चित्तमालासहिया तत्थेव सम्पत्ता	There is no ruin in the earth But lies waste On the surface of the earth. For here, with a garland of reeds, Is the wealth of that place.
कुसलपउतिं पुच्छिय नियदइयं ताहे चित्तमालाए,नियधूयाए पउत्ती सव्वावि हु तस्स अक्खाया	When he asked her what she wanted to eat, She replied:"" ""It's my heart, My daughter - in - law; I give it all to him.
तं सोउं अमियगई साममुहो तक्खणेण सञ्जाओ,भणइ अहो! अइगरूयं समागयं अम्ह वसणन्ति	That night I slept peacefully, But when he awoke I thought,"" ""We're going to sleep together.
तो भणइ चित्तमाला पिययम! किं कारणं नु वसणस्स?,तत्तो य अमियगइणा वज्जरियं पिययमे! सुणसु	So tell me, Chittamala piyyam! Why don't you settle down? So, please, let me have a drink of this incomprehensible liquor! Listen up!
नरवइकज्जेणेत्तो गङ्गावत्तम्मि तम्मि नयरम्मि,सिरिगन्धवाहणस्स ओ पासम्मि गओ अहं तइया	The stream of the Ganges swallows you in a fit of jealousy, O carrier of sweet smells, I have passed by You.
कयविणओ उवविट्ठो अत्थाणगयस्स राइणो पासे,सम्भासिएण य तओ निवेइयं रायकज्जं से	Somehow you've got there By the side of a singing lion, And in conversation you must be talking to another rake.
एत्थन्तरम्मि सुन्दरि! पडिहारनिवेइओ अणुन्नाओ,अत्थाणम्मि पविट्ठो एगो विज्जाहरकुमारो	Here lies the beauty of mother - in - law! There lie the wonders of nature. At the very least the holy woman Is the wife of a wise man.
विहियपणामो रन्नो पारद्धो एरिसं स वज्जरिउं,विज्जाहराण राया वेयड̣धे आसि जो देव!	Weeping and wailing, Are these the days of wisdom? The gods come only after we have spent the night in knowledge!
संसिद्धसयलविज्जो ससुरासुरमणुयलोयविक्खाओ,सुरवाहणॊत्ति नामं विज्जाहरचक्कवट्टित्ति	In the name of the one who carries the jewel, The wheel of knowledge is turned upside down Like the bow of an old man.
अवमाणवज्जियं जो विज्जाहररायलच्छिमणुहविउं,विक्खायजसं पुत्तं निययपए ठाविऊण तुमं	You dishonest son of a bitch, Who, for all intents and purposes, Pretends to be the youngest.
संसारवासभीओ नाऊण असारयं विभूईए,रज्जसिरिं अवउज्झिय पडग्गलग्गं जरतणंव	Fear the world, For behold, I am bound to perish, For fear the strings of ropes That bend the rattle of a thunderclap.
सिरिउसहनाहजिणवरवज्जरियं सव्वविरइरूवं जो,चारितं पडिवन्नो चित्तङ्गयमुणिवरसमीवे	Sirius, the thunderclap of victory is everywhere, Like the bow that falls four times in a row On the banks of the Chitangay.
गहणा ' 'सेवणरूवं सिक्खं अब्भसिय गुरूसमीवम्मि,अहियसुओ पडिवज्जिय एगल्लविहारपडिमं सो	Jewels!"" cried the servant, ""And now at my master's feet I see a poor widow with loose hair.
छट्ठ 'ट्ठमदसमदुवालसाइनाणाविहे तवोकम्मे,उज्जुत्तो विहरन्तो गामागरमण्डियं वसुहं	Chhath is here, Like a lotus on the moon, In the middle of the night, Brilliant as it were, Stretching across the village center.
सम्पत्तो एत्थेव य वेयड̣धे चित्तकूडसिहरम्मि,तुम्ह पिया सुरवाहणविज्जाहरमुणिवरो अज्ज	Wealth alone is not enough, Weird man, Since your heart is heavy with desire, Today you will be my lover, Like a traveler's bow.
पडिमापडिवन्नस्सिह सुक्कज्झाणेण खवियमोहस्स,लोयालोयपयासं उप्पन्नं केवलं तस्स	A wretched passion for pleasures based on flattery, Like the plowman's love, Exists only in him.
तत्तो य तस्स वयणं सोऊणं गन्धवाहणो राया,हरिसवसवियसियच्छो भणइ तयं सायरं एवं	There you are, sniffing the scent of that fragrant fragrance From your mouth, Saying :'You must be sober '.
भो आगच्छसु सङ्गय! आसन्नो,अज्ज तायवत्ताए,सहलीकयं म्ह जीयं केवलउप्पत्तिगब्माए	Come with me! Sit down! Today, mother - in - law, my life depends only on your loving - kindness.
ससरीरपरिहियं सो सव्वं आभरणवत्थमाईयं,विलइय तस्स सरीरे तत्तो भण्डारियं भणइ	Everything outside the body is ornamental, but inside the body there is treasure.
अद्धत्तेरसकोडी पवरसुवन्नस्स देसु एयस्स,पीईदाणं तत्तो तहत्ति सम्पाडियं तेण	Please, give me one hundred and fifty shekels of gold. There I can store all my wealth.
तयणन्तरं च राया विज्जाहरनियरपरिगओ चलिओ,जणयस्स चित्तकूडे भत्तीए वन्दणनिमित्तं	After the arrow has passed, Raya walks across the wide aisle, To greet you with a loud clap of his hands.
विज्जाविरइयवरविमाणआरूढपरियणाणुगओ,सुहनेवत्थविराइयनायरजणपरिगओ सहसा	A flight of fancy, A long flight of steps, A succession of pleasant and unusual people All at once.
तेण सहिओ अहम्पि हु चलिओ मुणिपायवन्दणनिमित्तं,अह सव्वे सम्पत्ता आसन्ने चित्तकूडस्स	With that, my friend, I am ready to depart on account of the pleasantries offered. All this wealth is for the good of my heart.
चउविहदेवनिकायं निवयन्तं दट्ठुं चित्तकूडम्मि,सविसेसहरिसियमणो वियसियमुहपङ्कओ राया	Seeing the four divine beings face to face, Keeping one's mind open, One cannot help feeling uneasy When one is surrounded by relatives.
सिग्घतरं गन्तूणं बहुजणपरिवारिओ पयत्तेण,सुरकयकेवलिमहिमं थुव्वन्तं दिव्वनारीहिं	The happier the destination, The more likely it is that many families will visit; The sweeter the lamp, The thinner its fragrance.
दट्ठूण मुणिवरं तं काऊण पयाहिणं च तिक्खुत्तो,बहुमाणवससमुट्ठियरोमञ्चयञ्चियसरीरो	The sharp arrow pierces the bow at the sight of the sage And the crow at the pyre, Like a panorama of many human settlements.
भूमितललुलियमउडं पञ्चङ्गं करिय ताहे पणिवायं,पहरिसगलन्तनयणो अह एवं थुणिउमाढत्तो	The lotus of the earth looks like a panchang of acacia flowers, Like the tip of a spittle stuck in a snake's eye.
जय जय जीवदयावर! सुक्कज्झाणेणदड्ढकम्मवण!,वोच्छिन्नभवनिबन्धण! जाइजरामरणदुक्खहर!	Jai jai, Jivadayavar! The rapture of the joys and sorrows! The dissolution of the ties of karma! The resurrection of the living!
उप्पन्नविमलकेवलउवलद्धसमत्थणेयसब्भाव!,सासयसिवसुहसाहण! पत्तअहक्खायचारित्त!	Loud clapping of the hands, Loud cheering, Lovely laugh! It's just the nature of love!
भयवं अणाइनिहणे परिब्भमन्ताण भवसमुद्दम्मि,दाउं हत्थालम्बं अम्ह समुत्तारणं कुणसु ७१	Fear has overtaken me, And my heart is aflame with ecstasy. Right now, at the tips of my hands, I must answer you,"" 71
एवं थुणिऊण मुणिं मुणिमुहकमलनिहियमणनयणो,उवविट्ठो धरणीए नासन्ने नाइदूरम्मि	And do not look down at the lotus Placed in front of you As if it were a spittle, For there is nothing farther from the earth Than this.
एत्थन्तरम्मि मुणिणा परत्थसम्पायणेक्करसिएण,गम्भीरभारईए पारद्धा देसणा एवं	Here and there the bow is bowed, The pledge is made, The burden is great, And the path is arduous.
अइदुलहं मणुयत्तं असासंसारसागरगयाणं,कुगईण पउरभावा सकम्मवसगाण जीवाणं	I am only human, Singing the ocean of non - existence, Living the song of virtue and virtue.
तम्पि हु जराभिभूयं आवासो रोगसोगवाहीणं,सारीरमाणसाणेयदुक्खसम्पायकलियन्ति	My brother, I am so thin and wretched, And suffer from illness, That I gather sorrow from all my feelings.
पवणाहयधयवडचञ्चलाओ लच्छीओ तहय मणुयाणं,अणवट्ठिया य नेहा सुहिसयमपियाइजणविसया	There are clouds hovering over the horizon, People looking on, People sitting idle, And women making love While making love.
विसयसुहम्पि हु परिणामदारूणं नारयाइदुहहेऊ,आरम्भपरिग्गहसञ्चियस्स पावस्स परिणामो	With long sighs I yield fruit, But with short bursts of laughter The consequences of sin Are twofold.
अइभीसणेण बन्धेण गरूयपीडावहो खु जीवाणं,मिच्छावियप्पवसओ सव्वम्पि हु सोक्खमाभाइ	I am content with living my life in poverty, bound by selfishness, But I am completely content with what I have done wrong.
अणवरयसम्पयट्टो मच्चू अवहरइ जीवसङ्घायं,एवं च ठिए भो भो भद्दा! सम्मं विचिन्तेह	The unattainable treasure of pearls Endures all life, And still you look on in amazement!
केवलिभणियं धम्मं मोत्तूणं नत्थि किञ्चि अन्नन्ति,सरणं भवभीयाणं भवियाणं भवनिबुड्डाणं	Only those who believe in Dharma, Who do not believe in anything, Fear the divine, For those who fear the divine are bound by the divine.
तम्हा कुणह पयत्तं दुलहं लद्धूण माणुसं जम्मं,जिणइन्दभणियधम्मे सासयसिवसोक्खहेउम्मि	For all your virtues, Being a good husband and a good man is the supreme happiness.
सावज्जकज्जवज्जणरूवं परिगेण्हिऊण पव्वज्जं,खविऊण कम्मसत्तुं सासयसोक्खं वयह मोक्खं	Freedom is attained through circumspection, through penance, through sacrifice, through compassion, through sincere devotion to duty.
इय केवलिणा भणिए विणिवेसिय करयलञ्जलिं सीसे,वज्जरइ गन्धवाहणराया उ तहत्ति जं भणह	It's only a girl who says:"" ""Stop wasting your time making love,"" ""But when you tell her you're not, She sniffs at everything you say.
दाउं विज्जानियरं रज्जेण समं तु निययपुत्तस्स,नहवाणस्स तत्तो करोमि गिहवासचायन्ति	You are as good a teacher as any of the wise; I will instruct you in every way.
एत्थन्तरम्मि सुन्दरि! पत्थावं जाणिऊण पुच्छाए,विहियपणामेण मए पुट्ठो मुणिकेवली एवं	Here's that lovely girl! If you ask her how she knows the path, She'll tell you it's the mud of the mud.
लोयालोयविलोयणकेवलनाणेण नायभावस्स,पच्चक्खं हि भयवओ एयं जमहं तु पुच्छिस्सं	Don't be so naïve, you fool, Loyalist. Yet, for fear of being caught, I am asking you all the same.
एक्कच्चिय मह धूया जाया विन्नाणरूवसम्पुन्ना,पाणाणवि वल्लहिया नामेणं कणगमालत्ति	One day I'll wash away the pollen From the wilting arrows That stick to my cheeks. The waterman's wife calls me by the name of Vallahya.
धूयाए को भत्ता होही मणवल्लहॊत्ति एयाए,चिन्ताए मह हिययं भयवं! निच्चपि अक्खलियं	Allow the washerman to wash my clothes. It's like washing a man's hair. Worry about it. It scares me! I'm still speechless.
ता मणनिव्वुइहेउं साहिज्जउ एस अम्ह वुत्तन्तो,पाणिग्गहणं तीए को किर विज्जाहरो काही?	Tell me, my dear,"" she said, as I approached her. ""Is there anything you want to tell me about your husband?
एवं च पुच्छिएणं केवलिणा सुयणु! एरिसं भणियं,मा भद्द! कुण विसायं थोव चिय एत्थ वत्थुम्मि	And only ask how old she is! I'll tell you this. Don't be silly! Put on some clothes. That's what I'm talking about.
तुह धूयाए भत्ता सो होही जो इमम्मि वेयड̣धे,गुणकलियं पालिस्सइ विज्जाहरचक्कवट्टित्तं	The allowance that washes away from you is the same as that given to me by my wife, Who polishes the virtues with the help of a brilliant wheel.
पुव्वभवनेहबद्धा तुह धूया तस्स पाणवल्लहिया,होही सयलन्तेउरललामभूया महादेवी	Poor Bhavane, The only thing that washes you clean is water from the well, That is, The lotus flower Mahadevi standing in a straight line.
केवलिवयणं सोउं सञ्जाओ मज्झ गरूयआणन्दो,एत्थन्तरम्मि राया समुट्ठिओ वन्दिऊण मुणिं	Only in poetry do I conceal my pride, For here on earth the whole body of Raya is covered with gooseflesh.
तत्तो रन्ना सहिओ समागओ तम्मि चेव नयरम्मि,अह रन्ना हं भणिओ बहुमाणजुयं इमं वयणं	There was a lot of running around, And the roads were slippery all the time. So I said,"" ""Run, boy, is that the way it should be For many young men?
अइवल्लहावि धूया दायव्वा ताव कस्सइ नरस्स,जं एसा लोगट्ठिई तेणम्हे एरिसं भणिमो	What do you mean, poor girl, You're a coward? That's what I meant when I said,"" ""There are people like that out there.
नहवाहणस्स दिज्जउ सा कन्ना जेण वित्तवीवाहं,निययपए ठविउणं सेवामो तायपयजुयलं	Give me a bath And I'll take care of you. For as long as I have money, Service given me by appointment Is bound to pay.
तत्तो मएवि भणियं एत्थत्थे नत्थि किञ्चि वत्तव्वं,धूया कित्तियमेत्तं पाणावि हु तुम्ह आयत्ता	That's my sister - in - law's name. Don't talk to her about it. How much water do you need to wash yourself?
सच्चिय धूया धन्ना सुण्हा जा होइ देवपायाणं,केवलिगिरावि सच्चा जं किज्जइ एरिसे विहिए	Truth alone triumphs, fortune alone vanishes, Devapayana alone prevails, But true wisdom resides in whatever one does.
तुम्ह सुयं मोत्तूणं वेयड्ढगिरिम्मि होज्ज को अन्नो,विज्जाण चक्कवट्टी जस्स पिया होज्ज मह धूया?	Are you the kind of person who likes to lie on your back And be nasty to others? One way of putting it is by saying,"" ""I'm drunk.
एवं च मए भणिए वियसियवयणेण राइणाणत्तो,सोमजसो जोइसिओ विवाहलग्गं निरूवेसु	And I said:"" ""Vyasavyavayana raina natu, so please, Mr. King, untie the marriage knot.
तत्तो जोइसिएणं सम्मं आलोचिऊण आइट्ठं,वइसाहसुद्धपञ्चमिरत्तीए सोहणं लग्गं	Come, think of it while you're busy making love. For the good wife wants to be bound to her lover's bow.
तत्तो य मए भणियं आएसं देह जेण गन्तूण,नियनयरेसञ्जुत्तिं विवाहकज्जस्स कारेमि	Then, my dear, As my body is about to depart, I will arrange for you to be married according to your wishes.
तेणाणुन्नाओ हं सिग्घं चिय आगओ इहं सुयणु!,रायामच्चेहिं समं चन्दजसा ' 'इच्चनामेहिं	There goes the fire That burns so long, Like the rays of the moon In a dream.
एएवि कणगमालावरणत्थं आगया मए समयं,कल्ले पभायसमए किल होइ वरणयं तीए	Aavi kanagamala ambarthanam means"" ""My time is fire, Tomorrow at dawn I will be killed"" ""and so on.
एवं च ठिए एसा एक्का धूया सुट्ठु पिया ताव कणगमालम्ह,एईए अणुराओ सञ्जाओ चित्तवेगम्मि	And just like that, One washes, Soothes, and drinks the bitter nectar. It makes one feel good.
ता जइ मणो 'णुकूलं सम्पाडिस्सं न एक्कधूयाए,एईयवि,ता सुन्दरी! किञ्च मए जीविएणन्ति?	If that man's wealth cannot be put together, That woman is beautiful! How can I live without him?
उवयारेणं महया विमग्गिया राइणा सुयनिमित्तं,सिरिगन्धवाहणेणं मएवि दिन्ना इमा तस्स	Uvayarennen mahaya vimaggiya raina suyyake, Sirigandha vahanennen mevi dinna ima tasa.
तं च इयाणिं अन्नहकाउं चाइज्जए न जं सुयणु!,एएण कारणेणं मे भणियं आगयं वसणं	I don't want to go to bed hungry! That's why I have to settle here tomorrow.
एवं पिययमवयणं सोऊणं चित्तवेग! सञ्जाया,मह सामिणीवि विच्छायवयणिया चित्तमालत्ति	And the desire to sleep when one is drunk! My good wife, Sanjaya, is always distracted by distractions.
तत्तो तीए भणियं मह चित्ते फुरइ एरिसं ताव,परिचयइ कणगमाला तव्विरहे जीवियमवस्सं	There she is, Sitting beside me, Making my heart swell with joy, Introducing me to the joys of being alive.
कहकहवि मए जं सा तप्पावणसुयगेहिं वयणेहिं,पुव्विं सधीरविया एयं पुण अन्नहा जायं	Tell me, my dear, How can I escape, If only I had the strength To go on like this?
भणियं च अमियगइणा एवं हि ठिए करेमि किं सुयणु!,जइ ताव न देमि इमं तो राया रूसइ अवस्सं	My brother and I are incompetent, so why should I sleep? If I don't give it to you, Raya will get angry.
केवलिवयणा रन्नो अइगरुओ एत्थ आयरो जाओ,तेण इमाइ अदाणे अइगरुयं होइ मह खूणं	Only the poor widow can make a fool of herself, So let her go and steal my present.
रुट्ठेण तेण वेयड्ढनगवरे जं न होइ आवासो,अइथोवं चिय एयं,अन्नम्पि विरूवयं होइ	Stay in that wretched town where you're not supposed to be, For here I am, And there you must be.
अन्नं च गिण्हिस्सइ मड्डाइवि राया एयं न एत्थ सन्देहो,ताव वरं सयमेव य समप्पियानेहविद्धीए	There is no doubt about it,"" he said, ""Just count the days and nights, and don't worry about the next day.
जइ पुण दिज्जइ एसा रायसुयं मोत्तु चित्तवेगस्स,ता तस्सावि अम्हाणवि पाणाणवि संसओ होइ	If I were to be granted such a state It would be by pure desire and passion. So, too, would be our existence and our existence.
ता सुन्दरि! न हु कज्जं अन्नेहिं एत्थ बहुविगप्पेहिं,तह भणसु कणगमालं जह उज्झइ तम्मि अणुरायं	That's a beauty! I have no other work here. Try whispering something as simple as that.
किञ्च उत्तमकुलप्पसूओ पियंवओ सयलजणमणाणन्दो,सूरो धीरो चाई नियपिउलच्छीअलङ्करिओ	Some good man, Some good woman, Dear friend, The sun will be kind to you, And the pearls will be nicely dyed.
रूवेण जोव्वणेण य कलाहिं विज्जाहिं निम्मलगुणेहिं,विक्खाओ नहवाहणकुमरो सव्वम्मि वेयड̣धे	A young man's hair is like a lotus, A young girl's teeth are like nails, And a child's eyes are like jewels in a mirror.
तत्तो स एव भत्ता कमागओ होउ कणगमालाए,न हु कज्जं अन्नेण अवायबहुलेण पुरिसेणं	Then you'll make more money, And you won't have to settle for less.
एवं च अमियगइणा भणियाए ताहि चित्तमालाए,भणिया हं सोमलए! किं जुत्तं सम्पयं काउं?	And the incompetent woman speaks in such a mood, But my brother - in - law speaks in silence! What is the point in talking to me?
तत्तो य मए भणियं तं चेव य इत्थ गहियपरमत्था,नियधूयाए सरुवस्स एत्थ किमहं भणामित्ति?	So, do you see that my brother - in - law is here, or that I am here, my dear? What do you mean by"" ""Here are all the servants of the lord?
तो भणइ चित्तमाला तीए गन्तूण भावमुलभसु,इच्छइ व नवा अन्नं पुरिसं गुणदोसकहणेण?	So you think she is on her way? She is full of passion, She wants some new food, To impart her virtues to men?
नहवाहणं पसंसिय अब्भहियगुणंहिं,निन्दिऊणन्नं,तह कुणसु जहा इच्छइ वीवाहं एयतणएण	Take a bath, flout the rules of etiquette, and get married wherever you like.
तत्तो य मए भणियं सामिणि! किं तं न याणसि सभावं,नियधूयाए जेणं आएसं देसि मह एवं	That's my brother - in - law's name! Don't you know, gentlemen, That whenever a bridegroom comes by You give him to me And I to you.
मन्निस्सइ वीवाहं जं सा अण्णस्स,अच्छउ सुदूरं,सोउं पउत्तिमेयं मन्ने जीयं परिच्चयइ	A man's wife is as good as any other wife, So long a way off, So dear is her husband known to all.
मह वयणं सोऊणं गुरुदुक्खसमाहया भणइ तत्तो,वियलन्तसकज्जलनयणसलिलसामलियगण्डयला	When my stomach aches And my gurus cry out in pain, I can hear the gooseflesh running down my cheeks.
जं भणसि तुमं भद्दे! मज्झवि हिययम्मि फुरइ तं सच्चं,नवरं हयासविहिणो वसेण अइदुक्करं जायं	What you say is nasty! It's true, my dear. A young man who lives without a wife goes to bed early.
तत्तो अइगुरुसोगं रुयमाणिं पिच्छिऊण नियदइयं,वज्जरियममियगइणा सुन्दरि! किं एत्थ रुन्नेणं?	There you are, angry girl, Chasing after the weeping woman. What's that crying for? It's the wretched beauty of the rainy season That's making us cry.
किं मह थोवं दुक्खं नवरं न चएमि अन्नहाकाउं,सुइरम्पि चिन्तिऊणवि लभामि नन्नं उवायन्ति	Why should I suffer this pain And not eat my fill of food? I suppose you could help it by thinking how I am going to get it.
तम्हा महिलागाहं मोत्तूणं आयइं निरूवेसु,रायसुयस्स अदाणे दोसे य गुणे विचिन्तेसु	Your wife has come to rob you of your pearls. Consider the faults in your generous giving.
अन्न चं,कणगमाला बहुमाणपरा हु जणणिजणगाणं,पडिकूलिस्सइ वयणं न अम्ह गुणदोसकहणेण	I have plenty of food, I have a lot of clothes, And I know people who have. Please, don't take me for an innocent.
अन्नञ्च,कन्नगाए भत्ता किल होइ गुरुअणुन्नाओ,तदणुन्नाए य जओ सयंवराईवि कीरन्ति	Only food, nothing more than the singing of kannadas. Teachers appreciate what is good for the soul.
किच्च नहवाहणरायसुओ जाव न दिट्ठीइ गोयरे पडइ,तावच्चिय अणुराओ इमीए अन्नम्मि पुरिसम्मि	Kichcha nahavahana rayasu, When he does not look at you He falls on the cowherd. It is only because he tries to avoid you That he becomes like a poor man.
निज्जियअणङ्गरुवे दिठ्ठे उण तम्मि होहिही रागो,ता किं सुन्दरी! बहुणा विगप्पसङ्कप्पजालेण	How beautiful it is to see your lover's face, To be angry with him, When he has already made her feel so guilty!
गन्तूण कणगमालं सुनिउणवयणेहिं भणसु तं सुयणु!,एयम्मि वइयरम्मि जह अम्हं होइ न हु वसणं	Go to bed, Go to sleep! If you ask me what I like best, It's because I live where I don't belong.
एवं च अमियगइणा भणियाए ताहि चित्तमालाए,भणिया हं सोमलए! पिययमवयणं लहुं कुणसु	And the incompetent woman speaks in such a way That her mood swings, And her brother - in - law sighs.
तत्तो तहत्ति भणिउ समुट्ठिया जाव ताहि मे पुट्ठा,चन्दणनामा चेडी कत्थच्छइ कणगमालत्ति?	Tell me, son - in - law, Where did you get that name From?
तीए भणियं एसा उवरिमभूमीओ उत्तिरेऊण,गिहउज्जाणाभिमुहा गच्छइ विच्छायमुहकमला	She said,"" ""It is like a lotus, Rising from the ground, Moving across the horizon Like a scorpion's beak.
तं सोऊण विगप्पो उप्पन्नो मह मणम्मि एरिसओ,नूणं अलक्खियाए पिउवयणं तीए निसुयन्ति	You fool, you fool,"" said the girl, ""I beg of you to spare me the arrows you tossed at my ear.
तेणेव इमा मन्ने जाया विच्छावयणिया बाला,ता जाव एत्थ गन्तुं विरूवमायरइ नवि किञ्चि	There goes the mother - in - law, As if she were a weeping child, So when she reached here There was nothing more for her to do.
ता सिग्धं चिय गन्तु निवारणे तीए उज्जमामित्ति,एवं विचिन्तयन्ती अणुमग्गेणेव चलिया हं	She has a brilliant memory, And walks with discerning eyes Which prevent her from knowing what to count on.
पत्ता य घरुज्जाणे इओ तओ तग्गेवसणनिमित्तं,जा परियडामि अहयं घणतरुयरसङ्कडिल्लम्मि	If I leave home, It's because I live in poverty. I'm stuck here with too many relatives.
घणपत्तलकयलीहरमणोहरे तत्थ एगदेसम्मि,पत्तलतमालतरुतलहेट्ठनिविट्ठा मए दिट्ठा	When the clouds gather around the lotus leaf - That is when I see the white part of the tree, Like the leaf on a leaf - My gaze falls.
किङ्किम्पि चिन्तयन्ती गलन्तथूलंसुसित्तगण्डयला,अणहुन्तमणसमीहियगुरुदुक्खा कणगमालत्ति	What makes you think she's smiling? A bunch of gooseflesh hangs around your neck, Like the scars from a heart attack.
तत्तो विचिन्तियं मे किं मन्ने नियगिहं पमोत्तूण,एगागिणी हु एसा समागया एत्थ उज्जाणे?	So what do you mean, Vichintiyam, I've made up my mind, You stupid girl? Is this the way I want to be treated?
ता एईइ अदिट्ठा पच्छन्नठिया निएमि जं कुणति,विन्नायसरुवत्था एसा नियजणयवयणस्स	That is the nature of my character, That is, the way I behave When I am alone.
एवं विचिन्तिऊणं तुण्हिक्का कयलिथम्भअन्तरिया,खणमेगं जा चिट्ठामि तत्थ ता सुणसु जं जायं	And just think: You silly clumsy man, When I write to you in the middle of the night You listen to everything I say.
दीहं नीससिऊणं एवं भणियं तु कणगमालाए,अज्जवि किमित्थ बहुणा विगप्पसङ्कप्पजालेण?	It's been a day of sighs and groans, How come you still have so many wrinkles on your face?
सुचिरं विचिन्तिऊणवि तेण जणेणं न सङ्गमो ताव,पुन्नरहियाए मज्झं हयविहिणो विलसियवसेण	If you think well, There's no room for that man. Once he's gone I'll never see him again.
अच्छउ सङ्गमसोक्खं दंसणआसावि दुल्लहा जाया,जाए तस्स विओगे फुट्टन्तं धारियं हिययं	Well, don't go swinging about in the hope of catching a thrill of rendezvous, For the stream will flow from there Until it bursts open.
ता का अज्जवि आसा जेण तुमं हियय! फुट्टसि न झत्ति,खणमित्तदिट्ठवल्लहविओयवज्जेण दलियम्पि?	Why, my dear, are you still laughing? Don't you see the splinter? It looks like a doe peeping out of a vase of raisins.
न य पिउवयणं सोउं इच्छियजणविरहकारयं हियं,वज्जघडियंव मन्ने जं नवि सयसिक्करं जासि	I do not want to be pitied, Not because I am averse to being liked, But because the clock strikes you It means that you have learned something new.
अम्माए तायस्सवि वल्लहिया हं ति इय मरट्टो जो,हिययम्मि आसि मज्झं सोवि हु इण्हिं पलीणॊत्ति	Amma, I love you so much That when I die, my heart overflows with love.
सुहसज्झं चिय एयं कज्जं मा पुत्ति! कुण विसायन्ति,एवंविहवयणेहिं पयारिया जेण अम्बाए	Well, my son, don't make such a mistake! Somebody is lying, So let's go and get married As soon as you can.
जस्सुवरि तुज्झ इच्छा दायव्वा तस्स तं मए पुत्ति!,इयनियवयणं ताएण सम्पयं अन्नहा विहियं	As soon as you grant me your wish, my son! I will arrange for you to eat all my food.
विन्नायमहसरूवो ओ अन्नहा जइ करेइ ताओवि,मह वञ्छियसम्पत्तीए सम्भवो ता कहं होउ?	O wretched man, If you want to eat anything at all, How can it be, my dear?
एवं वियाणिऊणवि हियय! तुमं कीस मुञ्चसि न आसं,तज्जणसङ्गमविसयं जेणज्जवि जीवियं धरसि?	And look at that girl! Why don't you wish you were still alive When your life hangs in the balance?
अहवा न कोवि दोसो पहुपरवसचिट्ठियस्स तायस्स,सुम्मइ जणम्मि पयडं कट्ठो खलु भिच्चभावॊत्ति	Ahava, don't blame me, You stupid girl, Just give birth to a boy Who looks just like you When you kiss him.
जइवि हु विजियाणङ्गो रुवेणं जइवि सम्पयाकलिओ,जइवि हु उत्तमवंसो सक्खा सक्कन्दणो जइवि	If I win or cry, If I make friends, Then I will be a good man And prosper.
तहवि न भावइ अन्नो पुरिसो तं हिययवल्लहं मोत्तुं,जइ एस निच्छओ हियय! तुज्झ ता किं विलम्बेण?	Don't be so naïve: The poor man will surely die if you leave him alone! How long will it take for you?
एसो सो पत्थावो अइदुलहो पाविऒत्ति कलिऊणं,उज्जम विचिन्तियत्थे होउ अविग्धेण सम्पत्ती	Come, let us leave this stone, For it has proved a treasure of wisdom.
एवं हि कए तायस्य देइ दोसं न किम्पि रायावि,दूसहविओयदुक्खस्स होइ एवं च वोच्छेओ	And please, don't blame me for being so touchy. But let the grief of separation alone be enough to heal your heart.
एमाइबहुविगप्पा भणिऊणं चित्तवेग! सा बाला,कयमरणज्झवसाया आरụधा अह तमालम्मि	It's too early to say! That child, Who is so intent on dying Is already dead. So what do you mean, You shameless girl?
दट्ठूण साहसन्तीए नवरि देहं पकम्पियं मज्झं,न वहइ वाया कहवि हु थक्काओ सव्वसन्धीओ	When she sees a brave bridegroom's body She embraces me, But does not tell me in words That I am exhausted.
तत्तो य कणगमाला आरुहिऊणं तमालसाहाए,बन्धिय निउत्तरीयं बन्धइ नियकन्धराभोए	That is why one who touches the lotus tastes like a tamarind, One who is bound by ties attains immortality.
अह पभणिउं पयत्ता अम्मे! जं किञ्चि बालभावाओ,पभिइं किलेसिया तं तं खमियव्वं महं संव्वं	Oh, my poor girl! Whatever feelings you may have had as a child, Please spare me those feelings.
ताय! तुमम्पि हु मह खमसु सम्पयं पणयपरवसाइ मए,पुव्विं किलेसिओ जं परलोयं पत्थिया अहयं	You fool, all I have to lose Is my business as a tailor. I owe it to you, dear girl, To restore the stone on my back.
जणणीसमहियनेहे! सोमलए! खम किलेसिया जं सि,सुसिणिद्धसहीसन्दोह! खमसु जं किञ्चि अवरद्धं	Mother - in - law! Slow down! For how long have you been keeping quiet? Stop wasting your time looking for someone else.
खणमित्तदिट्ठ! वल्लह! हिययब्भन्तरपविट्ठ! निसुणेसु,पत्थेमि किञ्चि सामिय! पाणच्चायं करेमाणी	Look at that girl! Brilliant! Look at her breasts! Silly! I'd rather have a bath! It's the woman who makes the water flow.
तुह सङ्गमरहियाए एसो जम्मो हु ताव वोलीणो,अन्नभवे पुण सामिय! तं चिय मह वल्लहो हुज्जा	It is with pleasure that I meet you, That you speak so eloquently, My dear! For he loves me so much.
अन्नं भणामि सामिय! जइवि हु अइनिट्ठुरं इमं वयणं,तहवि हु तुह आवयावारणत्थमेसो म्ह निब्बन्धो	I beg of you, Samia! If you promise to stay with me as long as I stay with you, I shall be bound to you in the true sense of the word.
नीसर मह हिययाओ रुद्धे कण्ठम्मि पासएणहवा,सक्केसि न नीसरिउ सामिय! मह पाणवल्लहय!	Poor fellow, Stop dragging me by the hair on your neck. Please, don't be so touchy! I'm a waterman!
मन्ने च किञ्चि लद्धं हयविहिणा मरणकारणं अन्नं,मह तेण कारणेणं तुमए सह दंसणं विहियं	I have nothing to hide,"" he said, ""The cause of my death is hunger, and I must live with you because of it.
वणदेवयाओ! निसुणह तुम्ह पसायाओ अन्नजम्मेवि,सो खणदिट्ठो लोगो दइओ मह होज्ज,नन्नॊत्ति	O forest god! Your anger has destroyed the grain fields. Please, my friend, spare me this pain. It's my fault.
एवं भणिउं तीए मुक्को अप्पा अहोमुहो झत्ति,एत्थन्तरम्मि गयणे समुट्ठिया एरिसा वाया	And she said,"" ""Fist, Appa! Ahomuoh jhatthi!"" ""With these words the whole congregation groaned As Erisa spoke.
मा मा साहसमेयं आयर भद्दे! समुच्छुगा होउं,सो चेव तुज्झ भत्ता होही नणु चित्तवेगॊत्ति	Don't be so hasty! Just be polite. It's your allowance, my dear. It won't hurt your feelings.
तत्थेव लग्गदिवसे पाणिग्गहणं भविस्सई तेणं,अह सुन्दरि! एत्थत्थे मा किञ्चिवि कुण विसायन्ति	Then, on the very first day of the festival, she touched the water hyacinth. Oh! beautiful one! No one can spoil anything here.
वयणाणन्तरमेव हि तुट्टो से पासओ,तओ अहयं,तव्वयणगलियसज्झससत्थसरीरा गया पासे	Vayanantaramev, You have passed by by a little while, But here I am. By the way, the traveler's wife has passed by seven times.
तत्तो सलज्जवयणा भणिया य मए न पुत्ति! तुह जुत्तं,एरिसमायरिउं जणणिजणगमाईणदुहजणयं	That gentleman said,"" ""No, my son!"" ""Your lips, dear girl, Are a source of grief to those who know how to be affectionate.
तत्तो य तीइ भणियं अम्बे! अम्हारिसाण किं अन्न,एवं हि गए काउं जुत्तं मरणं पमोत्तूणं?	There she is, my dear! What food is there for us to eat, And who has gone so far as to invite death?
जओ वरि मरणं मा विरहो विरहो अइदूसहो 'म्ह पडिहाइ,वरि एक्कं चिय मरणं जेण समप्पन्ति दुक्खाइं	As long as death does not separate us, We are bound to be divided. But death alone is the remover of all sorrows.
तत्तो य मए तीसे कहिओ सव्वोवि पुव्ववुत्तन्तो,भणिया य पुत्ति! सम्पइ किं तुह पडिहासए काउं?	So I told her,"" ""Everyone is smiling."" ""Tell me, daughter - in - law! Have you forgotten everything?
अह तीए वज्जरियं लज्जं मोत्तुं भणामि एयं तु,नवि मज्झ करे लग्गइ अन्नो पुरिसो इहं जम्मे	Ah! what a shame! I suppose you are right; It's just the way things work.
हसिऊण मए भणियं देवयवयणाउ सिद्धमेयन्ति,किन्तु कह तुज्झ जणओ छुट्टिस्सइ गन्धवाहणओ?	Laughing makes my brothers and sisters perfect their divinations, but who are you to tell me that you are a man of fragrance?
एत्थन्तरम्मि पुणरवि गयणे वाया समुट्ठिया एसा,मा! कुणह बहुविगप्पे मह वयणं ताव निसुणेह	Here I am again, Singing in unison. For how long can I keep on singing?
गन्तूणं सोमलया साहउ जणयस्स एरिसं वयणं,भणिया बहुप्पगारं भणइ तओ कणगमालेवं	Destroy Somalaya! This is the way of the wise. When a man speaks in a loud voice He speaks as though he had corn.
जं चेव कुणइ ताओ तं चेव मज्झ बहुमयं सव्वं,जइ होइ सुन्दरं इह तायस्सवि कीरइ तयन्ति	Whatever you do, I take very seriously; however beautiful it may be, that is for the good of all.
तत्तो अविगप्पं से वरणाइं पडिच्छियव्वन्ति,एवं हि कए कमसो होही इट्ठत्थसम्पत्ती	So recklessly do the Varnas lie low, And how little is the wealth of this place?
इय देवयाए वयणं सोऊणं चित्तवेग! अम्हाणं,सञ्जातो गुरुतोसो ततो य मए इमं भणियं	It is the God of Love's mind that makes one sleep! But, my dear, I speak in this way only because it satisfies my Guru.
मणवञ्छियवत्थुम्मी मा कीरउ पुत्ति! कावि आसङ्का,कवडेणवि तेण तुमं मन्नसु नियजणयवयणन्ति	What do you mean, you silly girl! Don't worry, girl,"" he whispered, As if he didn't even know you existed.
एवं च देवयाए वयणं अन्नस्स नेव कहियव्वं,मा विन्नायसरूवो विरूवमायरइ सो राय	And the gods will tell you never to eat rice again."" That's the way it goes.
एयम्मि कए पयडे लोयपवायाउ नायपरमत्थो,राया 'वस्सं तुह वल्लहस्स आयरइ असुहन्ति	Why, my poor girl, Are you so naïve As to fall in love with me? In this world there is no hope of finding a lover like you.
तो भणइ कणगमाला एवं एयन्ति नत्थि सन्देहो,ता अम्बे! पत्थुयत्थे उज्जम किं एत्थ बहुएण?	Tell me, then, That the jasmine is pale And there are no more doubts: Mother - in - law! Brighter still than the banyan, What's the point?
तत्तो य मए गन्तुं सिट्ठं एयं तु चित्तमालाए,भणिया बहुप्पगारं तुह धूया भणइ एवं तु	There I go, Sitting at your feet, Thinking of you all the time, Like washing your face with lotus flowers.
जं किञ्चि भणइ ताओ जं चिय इह बहुमयं तु अम्बाए,जं चेव य सगुणतरं मएवि तं चेव कायव्वं	Whatever you say, do it with all your might; whatever you do out of courtesy I will give it to you.
जह अब्भुदओ तायस्स होइ,जह होइ नावया कयावि,तह चेव य कायव्वं मएवि,किं एत्थ अन्नेण?	As the God, so be it, As the boat, so the canoe, So be it with me, What does it mean?
तत्तो य चित्तमाला तव्वयणं कहइ निययदइयस्स,तं सोउं अमियगई हरिसियवयणो इमं भणइ	So long as you are determined not to cause annoyance, I will tell you the same thing That I will do to anyone who bothers.
सुन्दरमणुट्ठियं हन्दि! मज्झ धूयाए जणयभत्ताए,दक्खिन्नवयणविन्नामपगरिसो दंसिओ एवं	Handsome man! I've washed my clothes in public, But look how you've treated me Now That I live in a village without a headman.
तत्तो पभायसमए रायामच्चेहिं वरणयं तीसे,महया विच्छड्डेणं विहियं कयजणयआणन्दं	At that moment I heard your voice repeated in a loud voice:"" ""Why, my dear, is there anyone here who does not hear you?
एवं च ठिए तुह मणनिव्वुइहेउं तीए वयणेण आगया अहयं,कहणत्थं पत्थुयवत्थुवित्थरस्सेत्थ तुह पासे	And by the way, I've already passed you by,"" she said, ""By the fire of love, Which means you have everything in common with me.
ता मा सुन्दर! वरणयसवणाओ दुम्मणो तुमं होसु,जं देवयाए वयणं अलियं न य हवइ एयं तु	So don't be nice! You silly demon! If the gods do not allow you to speak, You are the one who does.
एवं च कणगमालाभाणइ न नाह! तं पमोत्तूण,अन्नस्स करो लग्गइ मह हत्थे इत्थ जम्मम्मि	And don't you see that the jasmine is limping! Touch her gently. Wait till she puts her hand on my thigh.
देवयवयणं जइ सच्चयं ता धरेमि नियपाणा,तदभावे पुण सरणं मरणं मह निच्छओ एसो	If I speak the truth, I will abide by it; if I repeat it, death is certain to come to me.
भो सुप्पइठ्ठ! एवं सोमलयावयणसवणओ तइया,जायं मणयं मह माणसस्स सत्थत्तणं तत्तो	O sleeper! And you, son of a bitch, Are the only thing that can stop me from being a man.
एवं विचिन्तियं मे केवलिणा जेण एरिसं भणियं,पुव्वभवनेहबद्धा होही भज्जत्ति,ता एयं	And whichever part of me says something like that, That's the way it should be said: There must be something else going on in my heart.
सम्भवइ नूण अम्हं अवरोप्पदंसणाओ अइगरुओ,अणुराओ जाओ जं सुम्मइ लोयप्पवाओ य	It is possible that I may not see you again, O fool, At the mere thought of your moving into silence.
पसुवइणो रोसारुणपडिमासंकंतगोरिमुहअंदम्,गहिअग्घपंकअं मिअ संझासलिलंजलिं णमह	Bow before Siva's offering to Twilight, The water held in his cupped hand. Reflecting Gauris moonlike face, Now flushed with jealous anger, It looks more like a crimson lotus
अमिअं पाउअकव्वं पढिउं सोउं च जे ण आणंति,कामस्स तत्ततत्तिं कुणंति ते कह ण लज्जंति	Shame on those who cannot appreciate This ambrosial Prakrit poetry But pore instead Over treatises on love
सत्त सआइं कइवच्छलेण कोडीअ मज्झआरम्मि,हालेण विरइआइं सालंकाराण गाहाणं	Among countless elegant poems, King Hala, patron of poets, Has selected seven hundred.
उअ णिच्चलणिप्पंदा भिसिणीवत्तम्मि रेहइ वलाआ,निम्मलमरगअभाअणपरिट्ठिआ संखसुत्ति व्व	Look at that heron Standing absolutely motionless On the lotus leaf. It is just like mother of pearl In a setting of spotless emerald.
ताव च्चिअ रइसमए महिलाणं विब्भमा विराअंति,जाव ण कुवलअदलसच्छहाइ मउलंति णअणाइं	While making love, women go on enticing men Up to the very end When their eyes, Long and oval like the petals of the waterlily, Close
अत्ता तह रमणिज्जं अंहं गामस्स मंडणीहूअं,लुअतिलवाडिसरिच्छं सिसिरेणकअं भिसिणिसंडं	Look, mother-in-law! That lovely mass of lotuses Used to be the most beautiful thing in our village, But now winter has made them look Like a sesame field just after harvest
किं रुअसि ओणअमुही धवलाअंतेसु सालिछेत्तेसु,हरिआलमंडिअमुही णडि व्व सणवाडिआ जाआ	Cheer up! Don't cry for the paddy turning white. There's the field of hemp in bloom Like a dancer with her face painted yellow!
सहि एरिसि च्चिअ गई मा रुव्वसु तंसवलिअमुहअंदं,एआण वालवालुंकितंतुकुडिलाण पेम्माणं	Friend, this is just the way things happen— Stop your tears, don't turn your face away— Like the tendrils of a young cucumber, One's affections twine around an object That does not stay.
पाअपडिअस्स पइणो पुट्ठिं पुत्ते समारुहंतम्मि,दढमण्णुदूमिआइ विहासो घरिणीअ णिक्कंतो	When their little son Climbed on her husband's back As he knelt at her feet, She could not help laughing Despite her fierce anger.
रंधणकम्मणिउणिए मा जूरसु रत्तपाडलसुअंधं,मुहमारुअं पिअंतो धूमाइ सिही ण पज्जलइ	Don't get annoyed: There's nothing wrong with your cooking. That the fire won't burn but only smokes Is because it wants to inhale your breath That has the fragrance of red trumpetflowers.
घरिणीअ महाणसकम्मलग्गमसिमइलिएण हत्थेण,छित्तं मुहं हसिज्जइ चंदावत्थं गअं पइणा	The husband laughed at his wife's face Which, smudged with soot That stuck to her hand from kitchen work, Looked more than ever like the moon.
किं किं दे पडिहासइ सहीहि इअ पुच्छिआइ मुद्धाए,पढमुग्गअदोहलिणीअ णवर दइअं गआ दिट्ठी	When her friends asked the young wife Who was pregnant for the first time What she craved most She simply looked at her husband
अमअमअ गअणसेहर रअणीमुखतिलअ चंद दे छिवसु,छित्तो जेहि जिअअमो ममं पि तेहिं चिअ करेहिं	Sweet moon, Crest jewel of the sky, Beauty spot on the face of night, Touch me with the very same rays With which you've touched my most dearly beloved.
एहिज्ज सो पउत्थो अहअं कुप्पेज्ज सो वि अणुणेज्ज,इअ कस्स वि फलइ मणोरमाण माला पिअअमम्मि	First let my dear husband come home, Then let me give him a scolding, And then let him do his best to bring me round. There must be someone who can get all three wishes.
कोसंवकिसलवण्णअ तण्णअ उण्णामिएहि कण्णेहिं,हिअअट्ठिअं घरं वच्चमाण धवलत्तणं पाव	Young calf, Blushing red as a tender mango shoot, Running with ears pricked Towards the house of your desire, Assume the cool whiteness of a bull!
अलिअपसुत्तअ विणिमीलिअच्छ दे सुहअ मज्झ ओआसं,गंडपरिउं वणापुलइअंग ण पुणो चिराइस्सं	Dearest, I know you are not really asleep, Just keeping your eyes closed. I can see goose pimples rising as I kiss your cheek. I won't be late again.
असमत्त मंडण च्चिअ वच्च घरं से सकोउहल्लस्स,वोलाविअहलहलअस्स पुत्ति चित्ते ण लग्गिहिसि	Don't bother about your makeup, girl, Just go to him quickly, while he wants you. Once his longing is over He won't give you a thought.
आअरपणामिओट्टं अघडिअणासं असंहअणिडालं,वण्णघिअलित्तमुहिए तीए परिउंवणं भरिमो	I will never forget how, When her face was smeared with red ghee, We kissed, Carefully pouting our lips So that our noses and foreheads Wouldn't meet.
आणासआइ देंती तह सुरए हरिसविअसिअकवोला,गोसे वि ओणअमुही अह से त्ति पिअं ण सद्धहिमो	I refuse to believe that she who, Cheeks flushed with excitement, Is so demanding while making love Can really suit him, However meek she may be next mornin
पिअविरहो अप्पिअदंसणं च गरुआइ दो वि दुक्खाइ,जीअ तुमं कारिज्जसि तीअ णमो आहिजाईए	Being separated from what is dear And being forced to look at what isn't Are two causes of grief. I bow to your good breeding Which demands that you act as you do.
ण कुणंतो च्चिअ माणं णिसासु सुहसुत्तदरविवुद्धानं,सुण्णइअपासपरिमुसणवेअणं जइ सि जानंतो	You would not be so touchy If you knew the pain of falling asleep beside one's lover And waking up in the middle of the night To discover that the bed is empty.
णवलइपहरं अंगे जहिं जहिं महइ देअरो दाउं,रोमंच दंदराई तहिं तहिं दीसइ वहूए	At whichever part of her body Her husband's younger brother Aims the tender twig Gooseflesh raises a palisade of sticks.
अज्ज मए तेण विणा अणुहूअसुहाइ संभरंतीए,अहिणवमेहाण रवो णिसामिओ वज्झपडतो व्व	Today, As I think of the pleasures I've had Without him, The thunder of the first rain clouds Sounds like the executioner's drum.
णिक्किव जाआभीरुअ दुद्दंसण णिंवकीडसारिच्छ,गामो गामणिणंदण तुज्झ कए तह वितणुआइ	Headman's son, How heartless you are! Shying away from your wife You rarely show yourself, Like a worm in a neem berry. Yet because of you The whole village is pining away.
पहरवणमग्गविसमे जाआ किच्छेण लहइ से णिद्दं,गामणिउत्तस्स उरे पल्ली उण से सुहं सुअइ	Lying on his breast, Rough with the scars of many a wound, The headman's wife finds it difficult to rest, But his village sleeps sound.
अह संभाविअमग्गो सुहअ तुए च्चेअ णवर णिव्वूढो,एण्हिं हिअए अण्णं अण्णं वाआइ लोअस्स	What good old-fashioned honesty! But really, my dear, You're the only one who goes in for it. Nowadays people think one thing and say another.
उण्हाइ णीससंतो कीस मह परंमुहीअ सअणद्धे,हिअअं पलीविउं अणुसएण पुट्ठिं पलीवेसि	What do you think you are doing, Embracing me from behind? First you set fire to my heart And then you start burning my back With these hot sighs of remorse.
दिअरस्स असुद्धमणस्स कुलवहूणिअअकुड्डलिहिआइ,दिअहं कहेइ रामाणुलग्गसोमित्तिचरिआइं	The good wife takes all day To explain to her importunate young brother-in-law The paintings on the walls of their house That depict the adventures of LaksmanRamas devoted younger brother.
चत्तरघरिणी पिअदंसणा अ तरुणी पउत्थवइआअ,असई सअज्जिआदुग्गआ अ णह खंडिअं सीलं	Young and attractive and her husband abroad, Living in poverty at a busy crossroad, With loose women in the neighborhood, —You're not telling me she's still chaste?
अहिआइमाणिणो दुग्गअस्स छाइं पइस्स रक्खंही,णिअवंधवाण जूरइ घरिणी विहवेण एंताणं	Protecting the self-image of her husband, Who is poor but proud of his breeding, The wife scorns her own relatives As they arrive with rich presents.
साहीणे वि पिअअमे पत्ते वि छणे ण मंडिओ अप्पा,दुग्गअपउत्थवइअं सअज्जिअं संठवंतीए	Her husband is at hand And the festival in full swing. Yet she delays putting on her jewels To hearten the woman next door Who is poor And whose husband has still not returned.
सब्भावणे हभरिए रत्ते रज्जिज्जइ त्ति जुत्तम् इणं,अणहिअए उण हिअअं जं दिज्जइ तं जणो हसइ	To fall in love with a man who returns your love, One who is full of kindness and affection, Makes sense. But to give one's heart to a man who is utterly heartless Is laughable.
आरंभंतस्स धुअं लच्छी मरणं व होइ पुरिसस्स,तं मरणम् अणारंभे वि होइ लच्छी उण ण होइ	If a man shows initiative There is the prospect of either wealth or death. Even if he lacks initiative, death is certain, Wealth is not.
अक्खडइ पिआ हिअए अण्णं महिलाअणं रमंतस्स,दिट्ठे सरिसम्मि गुणे सरिसम्मि गुणे अईसंते	While making love to another woman His beloved will come to mind Both when he sees and doesn't see A familiar trait.
णइपूरसच्छहे जोव्वणम्मि अइपवसिएसुदिअहेसु,अणिअत्तासु अ राईसु पुत्ति किं दड्ढमाणेण	Silly girl, Youth races past Like a river in spate, The days are fleeting And the nights unreturning. So why this stubborn sulkiness?
कल्लं किर खरतिअओ पवसिहइ पिओ त्ति सुव्वइ जणम्मि,तह वड्ढ भअवइ णिसे जह से कल्लं चिअ ण होइ	Every one knows the hardhearted lover Leaves at dawn. Venerable Night, stretch on So that morning will not come.
होंतपहिअस्स जाआ आउच्छणजीअधारणरहस्सं,पुच्छंती भमइ घरं घरेण पिअविरहसहिरीओ	As her husband is about to depart She goes from door to door Asking all the women who suffer from absent husbands For the secret of surviving the farewell.
अण्णमहिलापसंगं दे देव्व करेसु अम्ह दइअस्स,पुरिसा एक्कंतरसा ण हु दोसगुणे विआणंति	O god, please Let my husband form other attachments, For men who have experience of one person only No longer appreciate what's good and what's bad.
थोअं पि ण णीइ इमा मज्झण्हे उअ सरीरतललुक्का,आअवभएण छाही वि ता पहिअ किं ण वीसमसी	Wayfarer, Your shadow is hiding beneath your body, Not showing one bit of itself for fear of the midday sun, So why don't you too take a rest?
सुहउच्छअं जणं दुल्लहं पि दूराहि अम्ह आणेंत,उअआरअ जर जीअं पि णेंत ण कआवराहोसि	By bringing that man Who keeps his distance To ask me how I'm feeling, You have proved a blessing. Now, fever, if you take my life, I will not complain.
आम जरो मे मंदो अहव ण मंदो जणस्स का तत्ती,सुहउच्छअ सुहअ सुअंधगंध मा गंधिरिं छिवसु	Why should anyone care Whether my fever has abated or not? You, my dear, asking how I am And smelling so fragrant, Do not touch me who stink of fever.
सिहिपिच्छलुलिअकेसे वेवंतोरु विणिमीलिअद्धच्छी,दरपुरिसाइनि विसमिरि जाणसु पुरिसाण जं दुक्खं	Your long hair sways like a peacock's fan, Your thighs quiver, your eyes half close, With long pauses you sort of play the man. Now do you see what hard work it is For a man?
पेम्मस्स विरोहिअसंधिअस्स पच्चक्खदिट्ठविलिअस्स,उअअस्स व ताविअसीअलस्स विरसो रसो होइ	Love Estranged and patched up again, Once its dissolution is plain to see, Will never taste right again Like water that has boiled then cooled
वज्जवडनाइरिक्कं पइणो सोऊण सिंजिणीघोसं,पुसिआइ करिमरीए सरिवंदीणं पि अच्छीइं	Thinking she hears the twang of her husband's bow Above the crashing thunder, The captive wife tells the royal hostages To wipe away their tears.
करिमरि अआलगज्जिरजलआसणिवडणपडिरवो एसो,पइणो धणुरव कंखिरि रोमंचं किं मुहा वहसि	It is only the echo of a thunderclap From an early rain cloud. I suppose you were hoping it might be the twang Of your husband's bow, For why else is the hair on your body bristling?
सहइ सहइ त्ति तेण तहा रमिआ सुरअदुव्विअड्डेण,पव्वाअसिरीसाइ व जह से जाआइ अंगाइं	Because she put up with it all The clumsy youth went on making love to her So that her limbs now look like wilting acacia flowers.
असरिसचित्ते दिअरे सुद्धमणा पिअअमे विसमसीले,ण कहइ कुडुंवविहडणभएण तणुआअए सोण्हा	She does not complain to her husband About his brother's advances Not because she herself has impure thoughts But because he is so touchy And she is afraid of causing a split in the family. Instead she pines away.
चिंताणिअदइअसमागमम्मि कअमण्णुआइ भरिऊण,सुण्णं कलहा अंती सहीहि रुण्णा ण ओहसिआ	Imagining how it was when her lover was with her, The woman suddenly remembered how angry she had been And raged against thin air. Far from laughing, her friends wept for her.
हिअअण्णुएहि समअं असमत्ताइं पि जह सुहावेंति,कज्जाइ मणे ण तहा इअरेहि समाणिआइं पि	Dealings with sympathetic people, Even if inconclusive, Are, I think, more pleasant Than dealings concluded With their opposite.
दरफुडिअसिप्पिसंपुडणिलुक्कहालाहलग्गछेप्पणिहं,पिक्कंवट्ठिविणिग्गअकोमलम् अंवंकुरं उअह	Look! A tender shoot has sprouted from the stone of a ripe mango. It looks like an eel hiding in a half-opened oyster shell.
उअह पडलंतरोइण्णणिअअतंतुद्धपाअपडिलग्गं,दुल्लक्खसुत्तगुत्थेक्कवउलकुसुमं व मक्कडअं	Look at that spider climbing down from the rafters Along a thread spun from between its feet: It looks like a mimosa flower strung on an invisible string.
जइ होसि ण तस्स पिआ अणुदिअहं णीसहेहि अंगेहिं,णवसूअपीअपेओसमत्तपाडि व्व किं सुअसि	If you are not his lover, How come you sleep every day, Your limbs as weak As those of a newborn buffalo calf, Drunk on its mother's milk?
हेमंतिआसु अइदीहरासु राईसु तं सि अविणिद्दा,चिरअरपउत्थवइए ण सुंदरं जं दिआ सुअसि	The winter nights are long, For months your husband's been away, So you must be sleeping well. How odd that you should fall asleep by day.
जइ चिक्खिल्लभउप्पुअपअम् इणम् अलसाइ तुह पए दिण्णं,ता सुहअ कंडइज्जंतम् अंगम् एण्हिं किणो वहसि	If that woman, who stepped on your foot As she leapt away from the mud, Were so indifferent, Why, my dear, is your body now covered With gooseflesh?
पत्तो छणो ण सोहइ अइप्पहाए व्व पुण्णिमाअंदो,अंतविरसो व्व कामो असंपआणो अ परिओसो	Once the festival starts its glamor is over, Like the full moon in broad daylight, Like sex which in the end loses its savor, Or like gratitude without a steady stream of gifts.
पाणिग्गहणे च्चिअ पव्वईअ णाअं सहीहि सोहग्गं,पसुवइणा वासुइकंकणम्मि ओसारिए दूरं	Already at her wedding Paravati's friends knew she would be happy When Siva tossed aside The snake bracelet that frightened her.
गिंहे दवग्गिमसिमइलिआइ दीसंति विंझसिहराइं,आससु पउत्थवइए ण होंति णवपाउसब्भाइं	What you see are the heights of the Vindhya Painted black by the forest fires of summer, Not fresh rain clouds. So do not worry about your husband's return.
जेत्तिअमेत्तं तीरइ णिव्वोढुं देसु तेत्तिअं पणअं,ण जणो विणिअत्तपसाअदुक्खसहणक्खमो सव्वो	Give as much affection As you can muster. For not everyone can bear to suffer The withdrawal of kindness.
वहुवल्लहस्स जा होइ वल्लहा कह वि पंच दिअहाइं,सा किं छट्ठं मग्गइ कत्तो मिट्ठं च वहुअं च	How can a woman Who for five whole days Has been the lover of such an attractive man Ask for one day more? One cannot feast on dainties.
जं जं सो णिज्झाअइ अंगोआसं महं अणिमिसच्छो,पच्छाएमि अ तं तं इच्छामि अ तेण दीसंतं	Whatever part of my body he stares at I cover. At the same time I want him to see it.
दढमण्णुदूमिआइ वि गहिओ दइअम्मि पेछह इमीए,ओसरइ वालुआमुट्ठिओ व्व माणो सुरसुरंतो	See how the woman's indignation at her husband Escapes with a soft sigh Like sand from a clenched fist.
ण वि तह विएसवासो दोग्गच्चं मह जणेइ संतावं,आसंसिअत्थविमुहो जह पणइअणो णिअत्तंतो	More than his absence abroad Or my wretchedness here at home What pains me is my husband returning Without quite reaching his goal.
भरिमो से गहिआहरधुअसीसपहोलिरालआउलिअं,वअणं परिमलतरलिअभमरालिपइण्णकमलं व	I will never forget how she shook her head When I tried to kiss her lips And her tresses flew in all directions. Her face looked like a lotus Surrounded by a swarm of bees Excited by its fragrance.
हल्लफलण्हाणपसाहिआण छणवासरे सवत्तीण,अज्जाइ मज्जणाणाअरेण कहिअं व सोहग्गं	When her rivals take a freezing cold bath Before dressing for the festival, The youngest wife shows her privileged position By not bothering.
ण्हाणहलिद्दाभरिअंतराइ जालाइ जालवलअस्स,सोहंति किलिंचिअकंटएण कं काहिसि कअत्थं	You won't make anyone happy By sitting here Removing with a bamboo needle The traces of turmeric soap From the meshes of your filigree bracelet.
अद्दंसणेण पेम्मं अवेइ अइदंसणेण वि अवेइ,पिसुणजणकंपिएण वि अवेइ एमेअ वि अवेइ	Love vanishes Through not seeing enough of one another, Through seeing too much of one another, Through spiteful gossip, And sometimes just like that.
पोट्टपडिएहि दुक्खं अच्छिज्जइ उण्णएहि होऊण,इअ चिंतंताण मणे थणाण कसणं मुहं जाअं	Thinking how wretched it is To be sagging over her stomach After having once been prominent —That's how her breasts must have got dark nipples.
सो तुज्झ कए सुंदरि तह झीणो सुमहिलो हलिअउत्तो,जह से मच्छरिणीअ वि दोच्चं जाआइ पडिवण्णं	Lovely woman, The farmer has become so thin On your account That his good wife, though jealous, Now acts as go-between.
दक्खिण्णेण वि एंतो सुहअ सुहावेसि अंह हिअआइं,णिक्कइअवेण जाणं गओ सि का णिव्वुई ताणं	Though you visit us only out of courtesy, You rejoice our heart. What delight you must give to those Whom you visit with genuine fondness.
एक्कं पहरुग्घाअं हत्थं मुहमारुएण वीअंतो,सो वि हसंतीअ मए गहिओ वीएण कंठम्मि	While he was blowing on the hand That still stung from the slap I gave him, I could not help laughing And put my other hand around his neck.
अवलंविअमाणपरंमुहीअ एंतस्स माणिनि पिअस्स,पुट्ठिपुलउग्गमो तुह कहेइ समुहट्ठिअं हिअअं	Proud lady, When he approached you You relentlessly turned away, But the gooseflesh on your back Shows that in your heart You are prepared to face him again.
जानइ जाणावेउं अणुणअविद्दविअमाणपरिसेसं,पइरिक्कम्मि वि विणआवलंवणं स च्चिअ कुणंती	She knows how to give expression To what remains of the anger he tried to conciliate By acting with reserve Even when they are alone together.
किं दाव कआ अहवा करेसि काहिसि अ सुहअ एत्ताहे,अवराहाण अलज्जिर साहसु कअरा खमिज्जंति	How dare you! And which offenses am I supposed to forgive, My darling: Those you have committed, Those you are committing, Or those you are about to commit?
णूमंति जे पहुत्तं कुविअं दास व्व जे पसाअंति,ते च्चिअ महिलाण पिआ सेसा सामि च्चिअ वराआ	Women only like men Who mask their authority And grovel like slaves At their angry lovers' feet. All the rest make pitiful husbands.
तइआ कअग्घ महुअर ण रमसि अण्णासु पुप्फजाईसु,वद्धफलभारगरुइं मालइम् एण्हिं परिच्चअसि	Ungrateful bee, Once you would not think Of enjoying yourself with other flowers But now that the jasmine is heavy with fruit You forsake her.
अविअण्हपेच्छणिज्जेण तक्खणं मामि तेण दिट्ठेण,सिविणअपीएण व पाणिएण तण्ह च्चिअ ण फिट्टा	Aunt, A glimpse of that man, Whom one could never tire of staring at, Is like drinking water in a dream: It has not quenched my thirst.
सो णाम संभरिज्जइ पब्भसिओ जो खणं पि हिअआहि,संभरिअव्वं च कअं गअं च पेम्मं णिरालंवं	Though he may for a moment Slip one's mind One still remembers a person. But love, Once it is but a memory, Vanishes For it is something immaterial.
णासं व सा कवोलेअज्ज वितुह दंतमंडलं वाला,उब्भिण्णपुलअवइवेढपरिगअं रक्खइ वराई	The poor girl cherishes the teeth marks You have just left on her cheeks Like a pledge, Protecting them with a fence of gooseflesh.
दिट्ठा चूआ अग्घाइआ सुरा दक्खिणाणिलो सहिओ,कज्जाइं चिअ गरुआइ मामि को वल्लहो कस्स	The mango puts out new shoots, The fragrance of liquor fills the air, An agreeable breeze is blowing from the south, But business must mean more to him And clearly he loves me no longer.
रमिऊण पअं पि गओ जाहे उवऊहिउं पडिणिउत्तो,अहअं पउत्थवइअ व्व तक्खणं सो पवासि व्व	After making love, He took a step, then turned And took me in his arms again. That moment I felt what it was to be a wife whose husband is abroad And he what it was to be that woman's husband.
अविअण्हपेच्छणिज्जं समसुहदुक्खं विइण्णसब्भावं,अण्णोण्णहिअअलग्गं पुण्णेहि जणो जणं लहइ	A man so handsome One cannot tire of looking at him, Who shares one's troubles as well as one's joys, Proves faithful and returns one's love —Such a man is only to be got through merit Accumulated over many lives.
दुक्खं देंतो वि सुहं जणेइ जो जस्स वल्लहो होइ,दइअणहदूमिआण वि वड्ढइ थणआण रोमंचो	If one loves a man He gives pleasure even while causing pain. Though wounded by a lover's nails Breasts thrill with gooseflesh.
धरिओ धरिओ विअलइ उवएसो पिअसहीहि दिज्जंतो,मअरद्धअवाणपहारजज्जरे तीअ हिअअम्मि	Try though she would to keep it, The advice given by her friends Escaped from her heart That was shattered by the arrow of the God of Love.
वहुपुप्फभरोणामिअभूमीगअसाह सुणसु विण्णत्तिं,गोलाअडविअडकुडंग महुअ सणिअं गलिज्जासु	O sweetwood tree, Whose branches, bowed by the weight of blossom, Reach to the ground In the broad thickets on the bank of the Goda, Do me a favor And shed your leaves slowly.
णिप्पच्छिमाइ असई दुक्खालोआइ महुअपुप्फाइं,चीए वंधुस्स व अट्ठिआइ रुअरी समुच्चिणइ	Weeping, The woman gathers the very last sweetwood flowers Now painful to behold, Like the bones of a relative On the funeral pyre.
ओ हिअअ मडहसरिआजलरअहीरंतदीहदारु व्व,ठाणे ठाणे च्चिअ लग्गमाण केणा ऽवि डज्झिहिसि	Heart, After getting stuck here and there, Like a log Borne along by the current of a shallow stream, One day you will be fuel for someone.
जो तीअ अहरराओ रत्तिं उव्वासिओ पिअअमेण,सो च्चिअ दीसइ गोसे सवत्तिणअणेसु संकंतो	The red That during the night her husband Removed from her lips Appears the next morning In her co-wives' sleepless eyes.
गोलाअडट्ठिअं पेच्छिऊण गहवइसुअं हलिअसोण्हा,आढत्ता उत्तरिउं दुक्खुत्ताराइ पअवीए	When the poor plowman's daughter Saw her courteous husband standing on the river bank She clambered up By the most difficult route.
चलणोआसणिसण्णस्स तस्स भरिमो अणालवंतस्स,पाअंगुट्ठावेढिअकेसदढाअड्ढणसुहेल्लिं	I will never forget, Once when he lay in silence at my feet, What pleasure I got from twisting his hair round my toe And pulling hard.
फालेइ अच्छभल्लं व उअह कुग्गामदेउलद्दारे,हेमंतआलपहिओ विज्झाअंतं पलालग्गिं	See how the winter traveler At the gate of the village temple Jabs at the smoldering heap of husks As if it were a bear.
कमलाअरा ण मलिआ हंसा उड्डाविआ ण अ पिउच्छा,केण वि गामतडाए अब्भं उत्ताणिअं छूढं	Aunt, Not a lotus is damaged, Not a goose has been scared away, But someone has pushed a cloud on its back In the village pond.
केण मणे भग्गमणोरहेण संलाविअं पवासो त्ति,सविसाइ व अलसाअंति जेण वहुआइ अंगाइं	How frustrated he must feel To threaten to leave again. It makes his young wife languish As though she'd been given a drug.
अज्ज वि वालो दामोअरो त्ति इअ जंपिए जसोआए,कण्हमुहपेसिअच्छं णिहुअं हसिअं वअवहूहिं	"As his mother Yasoda says: ""Krsna a is still a child,"" The women of Vraja smile to themselves, Their eyes fixed on his face."
णच्चणसलाहणणिहेण पासपरिसंठिआ णिउणगोवी,सरिगोविआण चुंवइ कवोलपडिमागअं कण्हं	Placing herself next to Rasha On the pretext of praising the way she dances, The cunning cowgirl manages to kiss Krsna, Who is reflected in his favorite's cheek.
आलोअंति पुलिंदा पव्वअसिहरट्ठिआ धणुणिसण्णा,हत्थिउलेहि व विंझं पूरिज्जंतं णवब्भेहिं	On the heights of the Vindhya The Pulindas kneel behind their bows The moment they see the valleys below Filling with rain clouds As if with a herd of elephants.
वणदवमसिमइलंगो रेहइ विंझो घणेहि धवलेहिं,खीरोअमंथणुच्छलिअदुद्धसित्तो व्व महुमहणो	The Vindhya Range with white clouds Clinging to its body blackened by forest fires Looks like Visnu splashed While churning the Ocean of Milk.
वंदीअ णिहअवंधवविमणाइ वि पक्कलो त्ति चोरजुवा,अणुराएण पुलइओ गुणेसु को मच्छरं वहइ	Though distressed by the death of her relatives The hostage made eyes at her kidnapper Who was a handsome youth. For who begrudges anyone His good points?
अज्ज कइमो वि दिअहो वाहवहू रूवजोव्वणुम्मत्ता,सोहग्गं धणुरुंपच्छलेण रच्छासु विक्किरइ	For how many days Has the hunter's young and beautiful wife Proudly scattered her happiness all over the streets In the guise of shavings from her husband's bow?
उक्खिप्पइ मंडलिमारुएण गेहंगणाहि वाहीए,सोहग्गधअवडाअ व्व उवह धणुरुंपरिंछोली	See how the wood shavings Swirl above the hunter's homestead, Like a banner Announcing the joys of marriage.
णववहुपेम्मतनुइओ पणअं पढमघरिणीअ रक्खंतो,अलिहिअदुप्परिअल्लं पि णेइ रण्णं धणुं वाहो	Though completely exhausted by making love to his young wife, He did not wish to hurt the feelings of his elder wife. So the hunter took his bow with him into the forest Even though he could not bend it Without first shaving it thinner.
कइअवरहिअं पेम्मं ण त्थि च्चिअ मामि माणुसे लोए,अह होइ कस्स विरहो विरहे होंतम्मि को जिअइ	In this world, Mother, Love without deceit does not exist, For who would separate Or who, being separated, Would survive?
अच्छेरं व णिहिं मिव सग्गे रज्जं व अमअपाणं व,आसि म्ह तं मुहुत्तं विणिअंसणदंसणं तिस्सा	It was like a miracle, Like finding treasure, Like being king in heaven, Like a draught of nectar, That one moment When I saw her undressed.
सा तुज्झ वल्लहा तं सि मज्झ वेसो सि तीअ तुज्झ अहं,वालअ फुडं भणामो पेम्मं किर वहुविआरं ति	You love her, I love you, She hates you, And you hate me. I speak plainly Since love is full of complications.
अहअं लज्जालुइणी तस्स अ उम्मच्छराइ पेम्माइं,सहिआअणो वि णिउणो अलाहि किं पाअराएण	I am shy And he is ready for anything, But my friends will help me out, So why should I paint my feet?
महुमासमारुआहअमहुअरझंकारणिब्भरे रण्णे,गाइ विरहख्हरावद्धपहिअमणमोहणं गोवी	The spring wind stirs the forest, Loud with the drone of bees, And the cowgirl's song About parted lovers Troubles the lonely traveler.
सालोअ च्चिअ सूरे घरिणी घरसामिअस्स घेत्तूण,णेच्छंतस्स वि पाए धुअइ हसंती हसंतस्स	The sun is already shining When the good wife Takes hold of her husband's feet And gives them a shake. Since she is smiling A smile appears on his grumpy face.
रूअं अच्छीसु ठिअं फरिसो अंगेसु जंपिअं कण्णे,हिअअं हिअए णिहिअं विओइअं किं थ देव्वेण	His image is in my eyes, His touch on my limbs, His words in my ear And his heart in my heart. To separate us needs more than just fate.
सअणे चिंतामइअं काऊण पिअं णिमीलिअच्छीए,अप्पाणो उवऊढो पसिढिलवलआहि वाहाहिं	Eyes shut, She imagines her husband on the bed And embraces herself While the bracelets fall loose Upon her thin arms.
परिभूएण वि दिअहं घरघरभमिरेण अण्णकज्जम्मि,चिरजीविएण इमिणा खविअ म्हो डड्ढकाएण	This wretched body is the ruin of me: In daily humiliation It totters from door to door On other people's business Yet refuses to die.
होंती वि णिप्फल च्चिअ धणरिद्धी होइ किविणपुरिसस्स,गिम्हाअवसंतत्तस्स णिअअछाहि व्व पहिअस्स	However abundant, A miser's wealth is useless, Like the traveler's shadow When he is scorched by the summer heat.
फुरिए वामच्छि तए जइ एहिइ सो पिओ ज्ज ता सुइरं,सम्मीलिअ दाहिणअं तुइ अविअण्हं पुलोइस्सं	O my left eye, If my husband comes home today Thanks to your quivering, I will reward you with a good long look at him While keeping my right eye tightly shut.
अण्णण्णं कुसुमरसं जं किर सो महइ महुअरो पाउं,तं णीरसाण दोसो कुसुमाणं णेअ भमरस्स	That the bee wants to drink the nectar Of one flower after another Is the fault of the flowers running out of nectar, Not the bee's.
रच्छापइण्णणअणुप्पला तुमं सा पडिच्छए एंतं,दारणिहिएहि दोहि वि मंगलकलसेहि व थणेहिं	Leaning on the door Looking out for you She decorates the house for your return: Her breasts two vases of plenty And her eyes lotus petals strewn on the street.
ता रुण्णं जा रुव्वइ ता झीणं जाव झिज्जए अंगं,ता णीससिअ वराईअ जाव सासा पहुप्पंति	She wept as long as she had tears to weep, She grew as thin as her body would allow, And, poor thing, Sighed as long as she had breath to sigh.
समसोक्खदुक्खपरिवड्ढिआण कालेण रूढपेम्माण,मिहुणाण मरइ जं तं खु जिअइ इअरं मुअं होइ	Of a couple, Who after a long life of shared joys and sorrows Have learned the meaning of love, The one who dies survives, The other is as good as dead.
हरिहिइ पिअस्स णवचूअपल्लवो पढममंजरिसणाहो,मा रुअसु पुत्ति पत्थाणकलसमुहसंठिओ गमणं	Foolish girl, do not cry. A fresh mango shoot with its new blossom Placed on the mouth of the farewell bowl Will surely stop your lover departing.
जो कह वि मह सहीहिं छिद्दं लहिऊण पेसिओ हिअए,सो माणो चोरिअकामुओ व्व दिट्ठे पिए णट्ठो	That jealous anger which my friends, Having found a slit, Managed to lodge in my heart, Sneaked away like a lover At the sight of my husband.
सहिआहि भण्णमाणा थणए लग्गं कुसुंभउप्फं ति,मुद्धवहुआ हसिज्जइ पप्फोडंती णहवआइं	Her friends told the young wife That a safflower was clinging to her breast, And burst into laughter When she tried to brush off the nail marks.
उम्मूलेंति व हिअअं इमाइ रे तुह विरज्जमाणस्स,अवहीरणवसविस्ãठुलवलंतणअणद्धदिट्ठाइं	These indifferent side glances of yours, Which turn this way and that But take no notice of me, Cut me to the quick.
णिद्दालसपरिघुम्मिरतंसवलंतद्धतारआलोआ,कामस्स वि दुव्विसहा दिट्ठिणिवाआ ससिमुहीए	The drowsy glances of a moon-faced woman, Her half-veiled pupils darting to and fro, Are irresistible Even to the God of Love.
अज्जाइ णवणहक्खअणिरिक्खणे गरुअजोव्वणुत्तुंगं,पडिमागअणिअणअणुप्पलच्चिअं होइ थणवट्ठं	The young wife inspecting her heavy and prominent breasts For fresh nail marks Adorned them with the lotuses of her eyes Which were mirrored in their smooth expanse.
मा कुण पडिवक्खसुहं अणुणेसु पिअं पसाअलोहिल्लं,अइगहिअगरुअमाणेण पुत्ति रासि व्व झिज्जिहिसि	Don't make your rivals happy: When your lover is eager to please you, Humor him, For, dear girl, By doling out oversize portions of disdain You will dwindle to nothing.
विरहकरवत्तदूसह फालिज्जंतम्मि तीअ हिअअम्मि,अंसू कज्जलमइलं पमाणसुत्तं व पडिहाइ	The tear mixed with eye-black Looks like a line drawn around her heart To guide the saw of separation In its agonizing surgery
दुण्णिक्खेवअम् एअं पुत्तअ मा साहसं करिज्जासु,एत्थ णिहित्ताइ मणे हिअआइ पुणो ण लब्भंति	My boy, Don't be so hasty. This isn't the place To leave things for safekeeping. As far as I know, Hearts deposited here Are not returned.
णिव्वुत्तरआ वि वहू सुरअविरामट्ठिइं अआणंती,अविरअहिअआ अण्णं पि किं पि अत्थि त्ति चिंतेइ	The wife who had already reached her climax But did not realize that that was the end of that Remained in a state of excitement Expecting something more.
णंदंतु सुरअसुहरसतण्हावहराइ सअललोअस्स,वहुकइअवमग्गविणिम्मिआइ वेसाण पेम्माइं	Praise be to the fond attentions of prostitutes Who minister to everyone's need for the pleasures of love With a whole armory of wiles.
अप्पत्तमण्णुदुक्खो किं मं किसिअ त्ति पुच्छसि हसंतो,पावसि जा चलचित्तं पिअं जणं ता तुह कहिस्सं	I suppose you have never felt The pain of grief, That you ask me, laughingly, Why I am so thin. When you have found a fickle lover yourself, I will explain.
अवहत्थिऊण सहिजंपिआइ जाणं कएण रमिओ सि,एआइ ताइ सोक्खाइ संसओ जेहि जीअस्स	Are these the pleasures For which I threw myself upon you, Brushing aside the warnings of my friends, And for lack of which my life Now hangs in the balance?
ईसालुओ पई से रत्तिं महुअं ण देइ उच्चेउं,उच्चेइ अप्पण च्चिअ माए अइउज्जुअसहाओ	He is so jealous That he does not want his wife To gather sweetwood flowers at night. Instead, the honest soul Goes and gathers them himself.
अच्छोडिअवत्थद्धंतपत्थिए मंथरं तुमं वच्च,चिंतेसि थणहराआसिअस्स मज्झस्स वि ण भंगं	Why storm off Trailing your skirt behind you? Slow down! Aren't you afraid your waist might break Under the weight of your breasts?
उद्धच्छो पिअइ जलं जह जह विरलंगुली चिरं पहिओ,पावालिआ वि तह तह धारं तणुअं पि तणुएइ	For some time the traveler has been sipping water From his cupped hand, Keeping his fingers wide apart, All the while looking up towards the woman at the well, Who in turn has reduced the already thin stream To a mere trickle.
भिच्छअरो पेच्छइ णाहिमंडलं सा वि तस्स मुहअंदं,तं चट्टुअं करंकं दोण्ह वि काआ विलुंपंति	While the begging monk looks down at her navel, And the housewife looks at the moon of his face, The crows plunder the dish in her hands And the begging bowl in his.
जेण विणा ण जिविज्जइ अणुणिज्जइ सो कआवराहो वि,पत्ते वि णअरडाहे भण कस्स ण वल्लहो अग्गी	If you cannot live without the man, You'd better stay on good terms with him Whatever wrong he may have done. Even after the town has gone up in flames One cannot do without fire.
वंकं को पुलइज्जउ कस्स कहिज्जउ सुहं व दुक्खं व,केण समं व हसिज्जउ पामरपउरे हअग्गामे	To whom can I give a sly glance, With whom can I share my joys and sorrows, With whom can I joke, In this dump of a village Full of yokels?
फलहीवाहणपुण्णाहमंगलं लंगले कुणंतीए,असईअ मणोरहगब्भिणीअ हत्था थरहरंति	As the faithless wife puts the auspicious mark on the plowshare On the first day of plowing the cotton field She is already so full of desire that her hands tremble
पहिउल्लूरणसंकाउलाहि असईहि वहलतिमिरस्स,आइप्पणेण णिहुअं वडस्स सित्ताइ पत्ताइं	Afraid that travelers Might cut the hanging roots of the shady banyan To let light in, The faithless women stealthily spattered the leaves With white.
अच्छउ दाव मणहरं पिआइ मुहदंसणं अइमहग्घं,तग्गामछेत्तसीमा वि झत्ति दिट्ठा सुहावेइ	Of course the sight of her precious face Is enough to rob any man of his senses. But to glimpse the outskirts of her village Is a joy in itself.
णिक्कम्माहि वि छेत्ताहि पामरो णेअ वच्चए वसहिं,मुअपिअजाआसुण्णइअगेहदुक्खं परिहरंतो	Though he had no more work in the fields, The farmer would not go home, To spare himself the pain Of finding it empty Now his wife was dead.
झंझावाउत्तिणघरविवरपलोट्टंतसलिलधाराहिं,कुड्डलिहिओहिदिअहं रक्खइ अज्जा करअलेहिं	After the storm had ripped the straw from the roof And rainwater streamed through the rafters, The good lady tried to cover the wall with her hands To protect the tally she'd made of her husband's absence.
सिहिपेहुणावअंसा वहुआ वाहस्स गव्विरी भमइ,गअमोत्तिअरइअपसाहणाण मज्झे सवत्तीण	With a tame peacock's tail feather behind her ear The hunter's young wife saunters among his elder wives Who are themselves decked out with pearls Which their husband once cut loose From the temples of fierce elephants.
वंकच्छिपेच्छिरीणं वंकुल्लविरीण वंकभमिरीणं,वंकहसिरीण पुत्तअ पुण्णेहि जणो पिओ होइ	My son, Only someone who has acquired merit In past lives Can win the love Of women With their sly look, sly talk, Sly smile and sly walk.
भम धम्मिअ वीसद्धो सो सुणहो अज्ज मारिओ तेण,गोलाअडविअडकुडुंगवासिणा दरिअसीहेण	Your holiness, It's safe for you to walk in the village now. The dog that bothered you Has been killed by a fierce lion Who lives in the thickets of the Goda.
वाएरिएण भरिअं अच्छिं कण्णरइउप्पलरएण,फुक्कंतो अविअण्हं चुंवंतो को सि देव्वाणं	When the wind has blown pollen From the lotus on my ear Into my eye Only a god can steal a kiss While blowing it out.
सहि दुम्मेंति कलंवाइं जह मं तह ण सेसकुसुमाइं,णूणं इमेसु दिअहेसु वहइ गुलिआधणुं कामो	Friend, The orange kadamba flowers give me more pain Than all other flowers put together. It's as if these days The God of Love has a bow that shoots sweets
णा ऽहं दूई ण तुमं पिओ त्ति को अम्ह एत्थ वावारो,सा मरइ तुज्झ अअसो एअं धम्मक्खरं भणिमो	I am not her go-between, You are not her lover, So what have we to do with each other? But let me tell you the truth: She is dying, And the disgrace is yours.
तीअ मुहाहि तुह मुहं तुज्झ मुहाओ अ मज्झ चलणम्मि,हत्थाहत्थीअ गओ अइदुक्करकारओ तिलओ	From her face to your face And from your face to my feet, Going from one to the other, The dot painted on her forehead Has performed a real miracle.
सामाइ सामलिज्जइ अद्धच्छिपलोइरीअ मुहसोहा,जंवूदलकअकण्णावअंसभमिरे हलिअउत्ते	How the young beauty's face grows dark When, with a furtive glance, she sees The plowman flaunting an ear ornament Of rose-apple leaves.
दूइ तुमं चिअ कुसला कक्खडमउआइ जाणसे वोत्तुं,कंडूइपंडरं जह ण होइ तह तं करेज्जासु	Go-between! You're brilliant —The way you know how to mix rough with smooth. Please, do it in such a way That he itches all over Without having a rash.
महिलासहस्सभरिए तुह हिअए सुहअ सा अमाअंती,दिअहं अणण्णकम्मा अंगं तणुअं पि तणुएइ	Finding no room Among the thousands of women That crowd your heart, She does nothing else each day But make her thin body even thinner.
खणमेत्तं पि ण फिट्टइ अणुदिअह विइण्णगरुअसंतावा,पच्छण्णपावसंक व्व सामली मज्झ हिअआओ	Impossible, even for a moment, To banish her dark presence from my heart. Every day the same pain, undiminished, Like being haunted by a secret sin.
अण्णुअ णा ऽहं कुविआ उवऊहसु किं मुहा पसाएसि,तुह मण्णुसमुप्पाएण मज्झ माणेण वि ण कज्जं	You fool, What makes you think I'm angry? Stop your needless groveling And take me in your arms. What's the point in my sulking? It only makes you angry.
दीहुण्हपउरणीसासपअविओ वाहसलिलपरिसित्तो,साहेइ सामसवलं व तीअ अहरो तुह विओए	Drenched by tears, Scorched by long, hot sighs, Her lips in your absence Perform the penance of fire and water.
सरए महद्दहाणं अंतोसिसिराइ वाहिरुण्हाइं,जाआइ कुविअसज्जणहिअअसरिच्छाइ सलिलाइं	A lake in autumn Is warm only on the surface. Below it stays cool, Like a good man when displeased.
आअस्स किं णु काहं किं वोच्छं कह णु होहिइ इमं ति,पढमुग्गअसाहसआरिआइ हिअअं थरहरेइ	When he comes what shall I do? What shall I say? And how will it be? The girl's heart trembles At her first chance to be reckless.
णेउरकोडिविलग्गं चिउरं दइअस्स पाअपडिअस्स,हिअअं पउत्थमाणं उम्मोअंति च्चिअ कहेइ	By disentangling her husband's hair From the clasp of her anklet As he lies at her feet, She tells him That pride has left her heart.
तुज्झ ऽंगराअसेसेण सामली तह खरेण सोमारा,सा किर गोलातूहे ण्हाआ जंवूकसाएण	Haven't you heard how that lovely girl ruined her soft skin By bathing in the Goda Just where you had smeared yourself With stinging rose-apple lotion?
अज्जं चेअ पउत्थो अज्जं चिअ सुण्णआइ जाआइं,रच्छामुहदेउलचच्चराइ अम्हं च हिअआइं	Today he is gone, Today the alleys are empty, The temples are empty, The crossroads are empty, And so is my heart.
आअंवंतकवोलं खलिअक्खरजंपिरिं फुरंतोट्ठिं,मा छिवसु त्ति सरोसं समोसरंतिं पिअं भरिमो	I will never forget how my beloved ran off In anger, With red cheeks, Stammering with trembling lips That I should leave her alone.
गोलाविसमोआरच्छलेण अप्पा उरम्मि से मुक्को,अणुअंपाणिद्दोसं तेण वि सा गाढम् उवऊःआ	On the pretext that the steps Down to the Godawere uneven, She clung to his breast While he, purely out of concern, Held her in a tight embrace.
सा तइ सहत्थदिण्णं अज्ज वि रे सुहअ गंधरहिअं पि,उव्वसिअणअरघरदेवअ व्व ओमालिअं वहइ	Though its fragrance is gone, She is still wearing the garland of jasmine you gave her, Like a household god In a deserted town.
केलीअ वि रूसेउं ण तीरए तम्मि चुक्कविणअम्मि,जाइअएहि वि माए इमेहि अवसेहि अंगेहिं	When he misbehaves I cannot get angry with him, Not even in jest, Not with this body That seems to be on loan And not mine to command.
उप्फुल्लिआइ खेलउ मा णं वारेहि होउ परिखामा,मा जहणभारगरुई पुरिसाअंती किलिम्मिहइ	Let her play bunny hops. Don't stop her. She needs the training So that later When she sits on top of her husband She does not collapse Under the weight of her own thighs.
पउरजुआणो गामो महुमासो जोव्वणं पई ठेरो,जुण्णसुरा साहीणा असई मा होउ किं मरउ	A village full of young men, Spring, youth, an aged husband, Strong wine, nobody to tell you what to do: The only way to avoid going astray Is to die.
वहुसो वि कहिज्जंतं तुह वअणं मज्झ हत्थसंदिट्ठं,ण सुअं ति जंपमाणा पुणरुत्तसअं कुणइ अज्जा	Over and over again I told her the words you confided to me, But claiming she hadn't quite caught them She made me repeat the message a hundred times.
पाअडिअणेहसब्भावणिब्भरं तीअ जह तुमं दिट्ठो,संवरणवावडाए अण्णो वि जणो तह च्चेअ	The way she looks at you, With love and affection written all over her face, She looks at everyone else as well, To conceal her feelings.
गेण्हह पुलोअह इमं पहसिअवअणा पइस्स अप्पेइ,जाआ सुअपढमुब्भिण्णदंतजुअलंकिअं वोरं	"""Take it and have a look!"" With a broad smile on her face She hands her husband the jujube fruit With the marks on it Of their son's first pair of teeth."
अच्छउ ता जणवाओ हिअअं चिअ अत्तणो तुह पमाणं,तह तं सि मंदणेहो जह ण उवालंभजोग्गो सि	Never mind the gossip: Judge by your own feelings. Anyway, You have grown so cool That you are beyond reproach.
अप्पच्छंदपहाविर दुल्लहलंभं जणं विमग्गंत,आआसवहेहि भमंत हिअअ कइआ वि भज्जिहिसि	You rush ahead, following your own fancy, Always in quest of the unattainable man. One day, heart, as you roam the skies, You'll crash.
अहव गुण च्चिअ लहुआ अहवा गुणअण्णुओ ण सो लोओ,अहव म्हि णिग्गुणा वा वहुगुणवंतो जणो तस्स	Maybe my talents are slight, Maybe for him talents mean nothing, Maybe I have no talents And he knows someone who has.
पासासंकी काओ णे ऽच्छइ दिण्णं पि पहिअघरिणीए,ओणत्तकरअलोअलिअवलअमज्झट्ठिअं पिंडं	The crow refuses the rice ball offered by the woman Whose husband is abroad. Seeing it stuck between the bracelet, Which has slipped from her arm, And the downturned palm of her hand, The bird is wary of a trap.
ओहिदिअहागमासंकिरीहि सहिआहि कुड्डलिहिआओ,दो तिण्णि तहिं मिअ चोरिआइ रेहा पुसिज्जंति	Her friends, Unsure when the final day would come, Stealthily wiped out one or two strokes Of her tally.
अज्जं गओ त्ति अज्जं गओ त्ति अज्जं गओ त्ति गणिरीए,पढम च्चिअ दिअहद्धे कुड्डो रेहाहि चित्तलिओ	"""Today he has left."" ""Today he has left."" ""Today he has left."" Already on the very first morning She covered the whole wall with lines."
ण वि तह पढमसमागमसुरअसुहे पाविए वि परिओसो,जह वीअदिअहसविलक्खलक्खिए वअणकमलम्मि	The satisfaction of that first night Was nothing compared to seeing the embarrassment Next day On the lotus of her face.
जे समुहागअवोलंतवलिअपिअपेसिअच्छिविच्छोहा,अह मण्णे मअणसरा जणस्स जे होंति ते होंतु	As he walks towards me, passes, And then looks back, My lover's tremulous glances Are to me like Love's arrows Whatever they may be to others.
इअरो जणो ण पावइ तुह जहणारुहणसंगमसुहेल्लिं,अणुहवइ कणअदोरो हुअवहवरुणाण माहप्पं	The pleasure of riding your thighs Is for special people only. Take the golden girdle: It had to go through the ordeal of fire and water first.
जो जस्स विहवसारो तं सो देइ त्ति किं थ अच्छेरं,अणहोंतं पि हु दिण्णं दोहग्गं तइ सवत्तीणं	Normally one gives away things Of which one has a surplus. But to your husband's other wives you give Something that is not yours to give: Unhappiness.
चंदसरिसं मुहं से सरसो अमअस्स मुहरसो तिस्सा,सकअग्गहरहसुज्जलचुंवणअं कस्स सरिसं से	Her face is round like the moon, Her lips taste like nectar, Grabbing her by the hair And giving her a passionate kiss, What is that like?
उप्पण्णत्थे कज्जे अइचिंतंतो गुणागुणे तम्मि,चिरआलमंदपेच्छित्तणेण पुरिसो हणइ कज्जं	When an opportunity finally offers itself, Endlessly weighing the pros and cons And considering the matter carefully, As if one had all the time in the world, Are sure ways to bungle one's chances.
पत्तिअ ण पत्तिअंती जइ तुज्झ इमे ण मज्झ रुइरीए,पुट्ठीअ वाहविंदू पुलउब्भेए ण भिज्जंता	Believe me, I would not believe you If these tears that I weep Were not pierced by the gooseflesh Rising on your back As you kneel before me.
तं मित्तं काअव्वं जं किर वसणम्मि देसआलम्मि,आलिहिअभित्तिवाउल्लअ व्व ण परंमुहं ठाइ	Make a friend of the man Who, wherever or whenever it may be, Stands by you in adversity Steady as an image in a wall painting.
वहुआइ णइणिउंजे पढमुग्गअसीलखंडणविलक्खं,उड्डेइ विहंगउलं हाहा पक्खेहि व भणंतं	"Embarrassed By the girl losing her virginity, A flock of birds Flies up from the bushes by the river, Seeming to say ""Ah! Ah!"" with their wings."
सच्चं भणामि वालअ ण त्थि असक्कं वसंतमासस्स,गंधेण कुरुवआणं मणं पि असइत्तनं ण गआ	What makes you think I'm lying, you fool? I know spring can do anything, But the fragrant flowers of the amaranth Have not made me in the least unfaithful.
ता किं करेउ जइ तं सि तीअ वइवेढपेल्लिअथणीए,पाअंगुट्ठग्गुक्खित्तणीसहंगीअ वि ण दिट्ठो	What is she to do If, wobbling on tiptoe And squeezing her breasts against the fence, She still can't see you?
पिअसंभरणपलोट्टंतवाहधाराणिवाअभीआए,दिज्जइ वंकग्गीवाइ दीवओ पहिअजाआए	Anxious about the stream of tears Rolling down her face At the thought of her absent husband, She turns her head aside As she puts down the lamp.
ता मज्झिमो च्चिअ वरं दुज्जणसुअणेहि दोहि वि ण कज्जं,जह दिट्ठो तवइ खलो तहेअ सुअणो अईसंतो	I'd rather have something in between. For what use is a bad man Or, for that matter, a good one? A bad man causes pain by his presence, A good man by his absence.
अद्धच्छिपेच्छिअं मा करेहि साहाविअं पलोएहि,सो वि सुदिट्ठो होहिइ तुमं पि मुद्धा कलिज्झिहिसि	Don't peep at him on the sly. Look him straight in the eye. That way you'll get a good look at him And people will take you for an innocent.
दिअहं खुडुक्किआए तीए काऊण गेहवावारं,गरुए वि मण्णुदुक्खे भरिमो पाअंतसुत्तस्स	I will never forget How, for all her resentment, She dropped off to sleep At my feet, After a day of household chores Performed in angry silence.
पाणउडीअ वि जलिऊण हुअवहो जलइ जण्णवाडम्मि,ण हु ते परिहरिअव्वा विसमदसासंठिआ पुरिसा	The fire that burns in the outcast's hut Then burns on the sacrificial altar. Never shun a person However wretched his circumstances.
जं तुज्झ सई जाआ असईओ सुहअ जं च अम्हे वि,ता किं फुट्टउ वीअं तुज्झ समाणो जुआ ण त्थि	The reason why your wife is faithful And we are unfaithful to our husbands, Is obvious, my dear: There isn't another young man like you.
सव्वस्सम्मि वि डड्ढे तह वि हु हिअअस्स णिव्वुइ च्चेअ,जं तेन गामडाहे हत्थाहत्थिं कुडो गहिओ	Even though everything I had went up in flames I am overjoyed, For during the fire It was he who took the bucket of water From my hand into his.
तस्स अ सोहग्गगुणं अमहिलसरिसं च साहसं मज्झ,जाणइ गोलाऊरो वासारत्तद्धरत्तो अ	His unmanly bliss And my unwomanly boldness Are known only to the swollen waters of the Goda And the midnights of the rainy season.
ते वोलिआ वअस्सा ताण कुडुंगाण खण्णुआ सेसा,अम्हे वि गअवआओ मूलुच्छेअं गअं पेम्मं	The friends of our youth have passed away, Of those bowers nothing remains but stumps, Gone is the vigor of former days, And love has been cut to the roots.
जस्स जहिं चिअ पढमं तिस्सा अंगम्मि णिवडिआ दिट्ठी,तस्स तहिं चेअ ठिआ सव्वंगं केण वि ण दिट्ठं	On whichever part of her body One's eye falls first There it stays. No one has ever seen the whole of her body.
विरहे विसं व विसमा अमअमआ होइ संगमे अहिअं,किं विहिणा समअं चिअ दोहिं पि पिआ विणिम्मविआ	Away from me She is like deadly poison, Together again She is sweeter than nectar. How did the Creator manage To combine these two potions In my darling?
अद्दंसणेण पुत्तअ सुट्ठु वि णेहाणुवंधघडिआइं,हत्थउडपाणिआइ व कालेण गलंति पेम्माइं	Silly boy, However close the ties of affection, If people don't see one another, Love gradually seeps away Just like water between one's cupped hands.
पइपुरओ च्चिअ णिज्जइ विंछुअडट्ठे ऽति जारवेज्जघरं,णिउणसहीकरधरिआ भुअजुअलंदोलिरी वाला	"Before her husband's very eyes Her sharp friends pick up the young wife And carry her, arms adangle, To her healer-lover's house, Saying: ""She's been bitten by a scorpion."""
विक्किणइ माहमासंमि पामरो पारिडिं वइल्लेण,णिद्धूममुम्मुरे सामलीअ थणए णिअच्छंतो	Seeing his wife's dark breasts Which, but for the absence of smoke, Resemble black heaps of burning chaff, The farmer barters his cloak for a buffalo In the cold month of Magha.
सच्चं भणामि मरणे ठिअ म्हि पुण्णे तडम्मि तावीए,अज्ज वि तत्थ कुडुंगे णिवडइ दिट्ठी तह च्चेअ	Though I am nearing death, I swear that, even now, My gaze falls, as ever, On the thicket that grows By the banks of the holy Taptê.
अंधअरवोरपत्थिं व माउआ मह पइं विलुंपंति,ईसाअंति मह च्चिअ छेप्पाहिंतो फणो जाओ	Mother, They snatch my husband from me As if he were a dish of plums in a blind man's hands. At the same time they are jealous of me: A hood is growing out of the snake's tail!
वेविरसिण्णकरंगुलिपरिग्गहक्खलिअलेगणीमग्गे,सोत्थि च्चिअ ण समप्पइ पिअसहि लेहम्मि किं लिहिमो	"Because my pen keeps slipping In my clammy fingers I can't even finish the word ""Dear."" Friend, tell me, How can I write the rest of my letter?"
मामि हिअअं व पीअं तेण जुआणेण मज्जमाणाए,ण्हाणहलिद्दाकडुअं अणुसोत्त जलं पिअंतेण	Mother, That young man Who downriver drank the water That was bitter with my turmeric soap, Has as good as drunk my heart.
जिविअं असासअं चिअ ण णिअत्तइ जोव्वणं अइक्कंतं,दिअहा दिअहेहि समा ण होंति किं णिट्ठुरो लोओ	Life is transient, Youth passes never to return, Tomorrow is not the same as today. So why are people so stubborn?
अज्ज मए गंतव्वं घणंधआरे वि तस्स सुहअस्स,अज्जा णिमीलिअच्छी पअपरिवाडिं घरे कुणइ	Because even on this dark night she intends to meet her lover, The girl paces up and down indoors With her eyes tightly shut.
सुअणो ण कुप्पइ च्चिअ अह कुप्पइ विप्पिअं ण चिंतेइ,अह चिंतेइ ण जंपइ अह जंपइ लज्जिओ होइ	A gentleman never gets angry. When he gets angry He never has nasty thoughts. When he has nasty thoughts He never expresses them. When he expresses them He is ashamed of himself.
चंदमुहि चंदधवला दीहा दीहच्छि तुह विओअम्मि,चउजामा सअजाम व्व जामिणी कह वि वोलीणा	he moon was bright, My moon-faced beauty, And the night was long, My long-eyed girl. The four watches passed. Though, with you away, They seemed to last A hundred
तह सोण्हाइ पुलइओ दरवलिआवंगतारअं पहिओ,जह वारिओ वि घरसामिएण आलिंदए वसिओ	After the flicker of a side glance From the daughter-in-law The traveler, refused entry By the master of the house, Spent the night on the veranda.
कं तुंगथणुक्खित्तेण पुत्ति दारट्ठिआ पलोएसि,उण्णामिअकलसणिवेसिअग्घकमलेण व मुहेण	Whom are you looking out for, Standing at the door? Your face above your prominent breasts Looks like a lotus Placed on top of the two water pots Standing ready to welcome a guest
वइविवरणिग्गअदलो एरंडो साहइ व्व तरुणाणं,एत्थ घरे हलिअवहू एद्दहमेत्तत्थणी वसइ	"With its leaves pushing through The gaps in the fence The castor oil plant seems to be telling The youths of the village ""Here lives a farmer's wife With breasts this big."""
पडिवक्खमण्णुपुंजे लावण्णउडे अणंगगअकुंभे,पुरिससअहिअअधरिए कीस थणंती थणे वहसि	Why do you groan as you carry them —Two heaps piled with your rivals' jealousy, Two vessels brimful of beauty, Two elephant lobes stuffed with love? In their hearts men by the hundred Are sharing the burden Of your breasts
घरिणीघणथणपेल्लणसुहेल्लिपडिअस्स होंतपहिअस्स,अवसउणंगारअवारविट्ठिदिअहा सुहावेंति	The would-be traveler has become so addicted to the pleasant pastime Of fondling his wife's firm breasts That he welcomes any bad omen —Wishes it were Tuesday or a day of rain
सा तुज्झ कए वालअ अणिसं घरदारतोरणणिसण्णा,ओसूसइ वंदणमालिअ व्व दिअहं चिअ वराई	You fool, It is on your account That the poor girl sits patiently Beneath the doorway And, like the garland of welcome Festooning it, wilts every day
हसिअं सहत्थतालं सुक्खवडं उवगएहि पहिएहिं,पत्तअफलाण सरिसे उड्डीणे पूसविंदम्मि	Laughing and clapping, The travelers run towards the shady banyan Loaded with juicy fruit When a flock of parrots flies up To reveal a bare, shrivelled tree
कह णाम तीअ तह सो सहावगरुओ वि थणहरो पडिओ,अहवा महिलाण चिरं को वि ण हिअअम्मि संठाइ	How come that her breasts, Once so firm, Now sag like this? On the other hand, Who abides forever in a woman's heart?
सुअनु वअणं छिवंतं सूरं मा साउलीअ वारेहि,एअस्स पंकअस्स अ जाणउ कअरं सुहप्फंसं	Lovely woman, Don't cover your face with your shawl. Let the sun find out which is more pleasant to touch, Your face Or the lotus.
माणोसहं व पिज्जइ पिआइ माणंसिणीअ दइअस्स,करसंपुडवलिउद्धाणणाइ मइराइ गंडूसो	Turning her face upwards With his cupped hands, Her husband offers her wine —One mouthful to drink As a medicine For sulkiness.
कह सा णिव्वण्णिज्जउ जीअ जहालोइअम्मि अंगम्मि,दिट्ठी दुव्वलगाइ व्व पंकपडिआ ण उत्तरइ	How can I describe her? Once you see her body You cannot take your eyes off it: They are like a helpless cow Stuck in the mud
कीरंति च्चिअ णासइ उअए रेह व्व खलअणे मेत्ती,सा उण सुअणम्मि कआ अणहा पाहाणरेह व्व	Like writing on water Friendship with a bad man Fades as soon as it's begun. With a good man it is immutable Like an inscription in stone
अव्वो उक्करआरअ पुणो वि तत्तिं करेसि गमणस्स,अज्ज वि ण होंति सरला वेणीअ तरंगिणो चिहुरा	Ah, what a cruel man you are, Thinking of leaving again While the hair of my braid has not yet had time To uncurl.
ण वि तह छेअरआइ वि हरंति पुणरुत्तराअरसिआइं,जह जत्थ व तत्थ व जह व तह व सब्भावणेहरमिआइं	Making love With great sophistication, For all the pleasure Of constantly renewed passion, Is not as rapturous As making love Wherever and however With true affection.
उज्झसि पिआइ समअं तह वि हु रे भणसु कीस किसिअ त्ति,उअरिभरेण अआणुअ मुअइ वइल्लो वि अंगाइं	I have both you And your new love To bear in my heart. How dare you ask, you fool, Why I am wasting away? Even an ox collapses when overloaded.
दढमूलवद्धगंठि व्व मोइआ कह वि तेण मे वाहू,अम्हेहि वि तस्स उरे खुत्त व्व समुक्खआ थणआ	With great difficulty He released himself from my arms As if untangling a tight knot And I extracted my breasts Deeply buried in his chest.
अणुणअपसाइआए तुज्झ ऽवराहे चिरं गणंतीए,अपहुत्तोहअहत्थंगुरीअ रुण्णं वराईए	Only after you had won her round Did she start to make a count of your offenses. When the fingers of both hands proved not enough The poor thing finally burst into tears.
धुअइ व्व मअकलंकं कवोलपडिअस्स माणिणी उअह,अणवरअवाहजलभरिअणअणकलसेहि चंदस्स	See how the affronted wife Is washing away the dark patches of the moon Reflected on her cheek With an endless stream of water From the jars of her eyes.
गंधेण अप्पणो मालिआण णोमालिआ ण फुट्टिहइ,अण्णो को वि हआसाइ मंसलो परिमलुग्गारो	Among the other flowers in a garland The scent of the young jasmine will never get lost: There is something unusually powerful About the damned thing
फलसंपत्तीअ समोणआइ तुंगाइ फलविपत्तीए,हिअआइ सुपुरिसाणं महातरूणं व सिहराइं	The hearts of good men are like the tops of tall trees: When laden with fruit They are bent on sharing And when bare they are uplifted.
आसासेइ परिअणं परिवत्तंतीअ पहिअजाआए,णित्थामुव्वत्तणवलिअहत्थमुहलो वलअसद्दो	The sound of her bracelets, As the traveler's wife turns on her side And weakly moves her hands, Is enough to reassure her friends
ण विणा सब्भावेणं घेप्पइ परमत्थजाणुओ लोओ,को जुण्णमंजरं कंजिएण वेआरिउं तरइ	A man who knows the ultimate truth Is only won over by true goodness, For who can trick an old cat with rice gruel?
रण्णाउ तणं रण्णाउ पाणिअं सव्वदो सअंगाहं,तह वि मआण मईण अ आमरणंताइ पेम्माइं	In the jungle grass and water Are everywhere free for the asking, And still the love between a doe and a stag Lasts until death.
तुप्पाणणा किणो अच्छसि त्ति परिपुच्छिआइ वहुआइ,विउणावेढिअजहणत्थलाइ लज्जोणअं हसिअं	When he asked his young wife Why her face was still smeared with ghee, She looked away in embarrassment But smiled, Her skirt wrapped twice around her thighs.
हिअअ च्चेअ विलीणो ण साहिओ जाणिऊण घरसारं,वंधवदुव्वअणं मिव दोहलओ दुग्गअवहूए	Conscious of the family's situation, The pregnant wife does not mention what she craves for But keeps it to herself, Like an indecent proposal made by one of her husband's brothers.
धावइ विअलिअधम्मिल्लसिचअसंजमणवावडकरग्गा,चंडिलभअविवलाअंतडिंभपरिमग्गिणी घरिणी	With one hand clutching at her skirt, Which is slipping down, And with the other her hair, Which has come loose, The housewife chases after her little son, Who is running away, scared of the barber
जह जह उव्वहइ वहू णवजोव्वणमणहराइ अंगाइ,तह तह से तणुआअइ मज्झो दइओ अ पडिवक्खो	The more the wife flaunts her delicious, young body The thinner become her waist, her husband, And her rivals
जह जह जरापरिणओ होइ पई दुग्गओ विरूओ वि,कुलवालिआण तह तह अहिअअरं वल्लहो होइ	The poorer, the uglier, the more decrepit Her husband becomes The more a true woman loves him.
एसो मामि जुआणो वारं वारेण जं अडअणाओ,गिम्हे गामेक्कवडोदअं व किच्छेण पावंति	Aunt! There goes the young man Whom all the hussies in turn Try to grab hold of, Just like the water in the only well in the village On a hot summer's day
गामवडस्स पिउच्छा आवंडुमुहाण पंडुरच्छाहं,हिअएण समं असईण पडइ वाआहअं पत्तं	Aunt, A yellow leaf, battered by the wind, Falls from the village banyan And with it the pale faces Of the false women.
पेच्छइ अलद्धलक्खं दीहं णीससइ सुण्णअं हसइ,जह जंपइ अफुडत्थं तह से हिअअट्ठिअं किं पि	She stares into thin air, Heaves long sighs, Smiles vacantly And mutters nonsense: There must be something on her mind.
गहवइ गओ म्ह सरणं रक्खसु एअं ति अडअणा भणिउं,सहसागअस्स तुरिअं पइणो च्चिअ जारम् अप्पेइ	"""My lord, This man seeks shelter with us. Do look after him."" With these words the wife hastily introduced her lover To her husband Who had returned home unexpectedly"
हिअएछिअस्स दिज्जउ तणुआअंतिं ण पेच्छह पिउच्छा,हिअएछिओ म्ह कत्तो भणिउं मोहं गआ कुअरी	"Aunt, Marry the girl to the person she fancies. Can't you see she is pining away? ""'Person I fancy'? What do you mean?"" So saying the girl fell in a faint."
खिण्णस्स उरे पइणो ठवेइ गिम्हावरण्हरमिअस्स,ओल्लं गलंतकुसुमं ण्हाणसुअंधं चिहुरभारं	Wet and fragrant after her bath And with flowers falling from it, She lays her long, thick hair On her exhausted husband's chest After a summer afternoon Of making love
अह सरसदंतमंडलकवोलपडिमागओ मअच्छीए,अंतोसिंदूरिअसंखवत्तकरणिं वहइ चंदो	Reflected in the deer-eyed woman's cheek Covered with fresh tooth marks, The moon looks like a white conch shell Red on the inside.
पुसिआ कण्णाहरणेंदणीलकिरणाहआ ससिमऊहा,माणिणिवअणम्मि सकज्जलंसुसंकाइ दइएण	The lover wipes away the silver moonbeams Blending with the blue gleams of her sapphire earrings From the face of his offended mistress, Mistaking them for tears mixed with eye-black.
एद्दहमेत्तम्मि जए सुंदरमहिलासहस्सभरिए वि,अणुहरइ णवर तिस्सा वामद्धं दाहिणद्धस्स	In the whole wide world Teeming with thousands of beautiful women The only thing that matches this woman's right side . . . Is her left side.
जह जह वाएइ पिओ तह तह णच्चामि चंचले पेम्मे,वल्ली वलेइ अंगं सहावथद्धे वि रुक्खम्मि	Since love is fickle I dance to my lover's tune. A creeper twines itself Around the unbending tree
दुक्खेहि लब्भइ पिओ लद्धो दुक्खेहि होइ साहीणो,लद्धो वि अलद्धो च्चिअ जइ जह हिअअं तह ण होइ	He can be captured only with the greatest difficulty And once captured he is difficult to keep, And even if captured, He is not captured Unless his heart is captured as well
अव्वो अणुणअसुहकंखिरीअ अकअं कअं कुणंतीए,सरलसहावो वि पिओ अविणअमग्गं वला णीओ	How stupid! She was so anxious to taste the pleasure of being groveled to That she made out that he had done something When he hadn't, And led her innocent lover into devious ways.
हत्थेसु अ पाएसु अ अंगुलिगणणाइ अइगआ दिअहा,एण्हिं उण केण गणिज्जउ त्ति भणिउं रुअइ मुद्धा	Having passed the time By counting the days First on her fingers, then on her toes, The young girl burst into tears, Not knowing what to count with next
कीरमुहसच्छहेहिं रेहइ वसुहा पलासकुसुमेहिं,वुद्धस्स चलणवंदणपडिएहि व भिक्खुसंघेहिं	The flowers of the flame trees, Which resemble parrots' beaks, Make the ground resplendent, Like a congregation of monks Prostrate in worship at the feet Of the Buddha
ण गुणेण हीरइ जणो हीरइ जो जेण भाविओ तेण,मोत्तूण पुलिंदा मोत्तिआइ गुंजाउ गेण्हंति	People are not captivated by true qualities But by what takes their fancy. The Pulindas brush pearls aside But seize upon the guñja seeds The jeweler uses as weights.
पुट्ठिं पुससु किसोअरि पलोहरंकोल्लपत्तचित्तलिअं,छेआहि दिअरजाआहि उज्जुए मा कलिज्जिहिसि	Slender girl, Don't be so naïve: Brush off your back All trace of the leaves From the aṃkolla in the yard, Otherwise your clever sisters-in-law will start thinking.
अच्छीइ ता थइस्सं दोहि वि हत्थेहि तम्मि दिट्ठम्मि,अंगं कलंवकुसुमं व पुलइअं कह णु ढक्किस्सं	The moment I see him I will cover my eyes with both hands, But how am I going to hide my body Which is bristling like a spiky kadamba blossom?
झंझावाउत्तिणिए घरम्मि रोऊण णीसहणिसण्णं,दावेइ व गअवइअं विज्जुज्जोओ जलहराणं	The storm snatched the thatch from the roof And the lightning flashed through the rafters As if to show the clouds the helpless wife, Sitting in tears Alone without her husband.
सुहपुच्छिआइ हलिओ मुहपंकअसुरहिपवणणिव्वविअं,तह पिअइ पअइकडुअं पि ओसहं जह ण णिट्ठाइ	After she who peeped in to ask how he was Had with her fragrant breath Cooled the bitter medicine, The plowman drained it to the very last drop
अह सा तहिं तहिं व्विअ वाणीरवणम्मि चुवकसंकेआ,तुह दंसणं विमग्गइ पब्भट्टणिहाणठाणं च	Having missed the assignation In all those reed beds, She looks for you everywhere As though in search of lost treasure
लुम्बीओ अंगणमाहवीण दारग्गलाउ जाआउ,आसासो पंथपलोअणे वि पिट्ठो गअवईणं	In spring The clusters of jasmine Bar the gate of the courtyard. Even the comfort of looking down the road Is denied to the grass widows.
पिअदंसणसुहरसमउलिआइ जइ से ण होंति णअणाइं,ता केण कण्णरइअं लक्खिज्जइ कुवलअं तिस्सा	If her eyes were not closed In ecstasy At seeing her lover, Who would notice the blue lily Behind her ear?
चिक्खिल्लखुत्तहलमुहकड्ढणसिढिले पइम्मि पासुत्ते,अप्पत्तमोहणसुहा घणसमअं पामरी सवइ	When he fell asleep, Exhausted after a day of dragging the plow through thick mud, His wife, Angry at missing the pleasures of love, Cursed the rainy season.
दुम्मेंति देंति सोक्खं कुणंति अणुराअअं रमावेंति,अरइरइवंधवाणं णमो णमो मअणवाणाणं	They cause grief, Give pleasure, Create a longing And allay it: Praised be the arrows of the God of Love, Kindred of pleasure and pain.
कुसुममआ वि अइखरा अलद्धफंसा वि दूसहपआवा,भिंदंता वि रइअरा कामस्स सरा वहुविअप्पा	How very puzzling! Though made of flowers They are extremely sharp. Though they make no contact They are irresistibly powerful. Though they cut through the flesh They cause delight —The arrows of the God of Love
ईसं जणेंति दावेंति मम्महं विप्पिअं सहावेंति,विरहे ण देंति मरिउं अहो गुणा तस्स वहुमग्गा	They cause jealousy, Kindle love, Make grief bearable And prevent separation from being fatal: Love's arrows have so many different effects.
णीआइ अज्ज णिक्किव पिणद्धणवरंगआइ वरईए,घरपरिवाडीअ पहेणआइ तुह दंसणासाए	Have a care— The poor girl, wearing a freshly dyed dress, Is distributing festival cakes from door to door In the hope of catching a glimpse of you.
णक्खुक्खुडिअं सहआरमंजरिं पामरस्स सीसम्मि,वंदिं मिव हीरंतिं भमरजुआणा अणुसरंति	Bees pursue the mango blossom That the scruffy farmhand has torn off with his nails And placed on his head, Like young men thronging around a woman Taken hostage
मुहविज्झविअपईवं णिरुद्धसासं ससंकिउल्लावं,सवहसअरक्खिओट्ठं चोरिअरमिअं सुहावेइ	The lamp blown out, Stifled sighs, Fearful whispers, Lips sealed by hundreds of vows: Oh! the joys of stolen love.
वहलतमाहअराई अज्ज पउत्थो पई घरं सुण्णं,तह जग्गेसु सअज्जिअ ण जहा अम्हे मुसिज्जामो	It is pitch-dark outside, My husband left today, And the house is deserted. Please, neighbor, do keep watch: I don't want to be burgled.
संजीवणोसहं मिव सुअस्स रक्खइ अणण्णवावारा,सासू णवब्भदंसणकंठागअजीविअं सोण्हं	Without leaving her bedside for a moment The mother nurses her daughter-in-law Who has almost expired at the sight of the first rain clouds, As if she were a medicine which could restore The life of her son
णूणं हिअअणिहित्ताइ वससि जाआइ अम्ह हिअअम्मि,अण्णह मणोरहा मे साहसु कह तीअ विण्णाआ	You live in my heart With your wife locked in your own For tell me how else could she know exactly what I want?
तइ सुहअ अईसंते तिस्सा अच्छीहि कण्णलग्गेहिं,दिण्णं घोलिरवाहेहि पाणिअं दंसणसुहाणं	When she could no longer follow you With her eyes stretching almost to her ears She poured a libation with rolling tears To the past pleasure of seeing you
उप्पेक्खागअ तुह मुहदंसणपडिरुद्धजीविआसाइ,दुहिआइ मए कालो केत्तिअमेत्तो व्व णेअव्वो	How much longer can I go on In this misery, My will to live dependent On visualizing your face In my imagination?
वोलीणालक्खिअरूअजोव्वणा पुत्ति कं ण दूमेसि,दिट्ठा पणट्ठपोराणजणवआ जम्मभूमि व्व	Don't worry, dear girl, When youth and beauty are all but gone You can still cause pain, Like the sight of one's birthplace From which the familiar faces Have vanished
परिओसविअसिएहिं भणिअं अच्छीहि तेण जणमज्झे,पडिवण्णं तीअ वि उव्वमंतसेएहि अंगेहिं	In the midst of the crowd A boy speaks through his eyes Shining with delight, And a girl replies As her limbs break out in a sweat
जइ सो ण वल्लहो च्चिअ गोत्तग्गहणेण तस्स सहि कीस,होइ मुहं ते रविअरफंसविसट्टं व तामरसं	If he is not dear to you How comes it, my friend, That at the mere mention of his name Your face opens like a lotus Touched by the rays of the sun?
माणदुमपरुसपवणस्स मामि सव्वंगणिव्वुइअरस्स,अवऊहणस्स भद्दं रइणाडअपुव्वरंगस्स	O auntie! Hurrah for the embrace That, like a violent wind, bends the tree of pride, Gives pleasure to the whole body, And is the prologue to the play of love
णिअआणुमाणणीसंक हिअअ दे पसिअ विरम एत्ताहे,अमुणिअपरमत्थजणाणुलग्ग कीस म्ह लहुएसि	Heart, Please, enough of this! How can you slight us and attach yourself To someone whose real worth is unknown, Judging merely by your own feelings?
अंगाणं तणुआरअ सिक्खावअ दीहरोइअव्वाणं,विणआइक्कमआरअ मा मा णं पम्हसिज्जासु	First you made her waste away, Then taught her how to weep and wail, Then made her flout all decency. So, please, do not neglect her now
अण्णह ण तीरइ च्चिअ परिवड्ढंतगरुअं पिअअमस्स,मरणविणोएण विणा विरमावेउं विरहदुक्खं	She knew no way To stop the insistent, ever-increasing Pain of being parted from her lover Except by diverting herself With death
वण्णंतीहि तुह गुणे वहुसो अम्हेहि छिंछईपुरओ,वालअ सअम् एअ कओ सि दुल्लहो कस्स कुप्पामो	My boy, I've so often described how nice you are To those sly hussies That it's my fault you're now beyond my reach. Whom else can I blame?
जाओ सो वि विलक्खो मए वि हसिऊण गाढम् उवऊढो,पढमोसरिअस्स णिअंसणस्स गंठिं विमग्गंतो	He was embarrassed But I laughed and gave him a hug When he groped for the knot Of my skirt and found it Already undone.
अवराहेहि वि ण तहा पत्तिअ जह मं इमेहि दुम्मेसि,अवहत्थिअसब्भावेहि सुहअ दक्खिण्णभणिएहिं	Believe me, my dear, The wrongs you have done me Are nothing like as hurtful As these polite words devoid of true feeling
मा जूर पिआलिंगणसरहसभमिरीण वाहुलइआणं,तुण्हिक्क परुण्णेनं इमिणा माणंसिणि मुहेणं	Proud lady, silently weeping, Do not scold your arms For straying into the empty hollow That was your lover's embrace.
मा वच्च पुप्फलाविर देवा उअअंजलीहि तूसंति,गोलाणईअ पुत्तअ सीलुम्मूलाइ कूलाइं	My boy, Why go picking flowers? The gods are perfectly happy with offerings of water And the banks of the Godavarê Are the ruin of many a young man.
एत्थ मए रमिअव्वं तीअ समं चिंतिऊण हिअएण,पामरकरसेउल्ला णिवडइ तुवरी वविज्जंती	As he sows, The seeds stick to the farmer's hands Which grow moist When he thinks that soon he might be making love With his girl in this very field.
गहवइसुओच्चिएसु वि फलहीवेंटेसु उअह वहुआइ,मोहं भमइ पुलइओ विलग्गसेअंगुली हत्थो	Look! The landowner's son has already plucked the cotton But his simple wife lingers, vainly stroking the empty pods With a trembling and sweaty hand
अज्जं मोहणसुहिअं मुअ त्ति मोत्तुं पलाइए हलिए,दरफुडिअवेंटभारोणआइ हसिअं व फलहीए	When the plowman took to flight, Fearing the good lady was dead When she had only swooned in love's ecstasy, The cotton plant, bowed under its white, half-opened pods, Seemed to smile.
णीसासुक्कंपिअपुलइएहि जाणंति णच्चिउं धण्णा,अम्हारिसीहि दिट्ठे पिअम्मि अप्पा वि वीसरिओ	Some lucky women are able to prance around With sighs and shivers and raptures. But when women like us see their husbands They completely forget themselves.
वाहि व्व वेज्जरहिओ धणरहिओ सअणमज्झवासो व्व,रिउरिद्धिदंसणं मिव दूसहणीओ तुह विओओ	Like being ill without a doctor, Like being poor amongst one's relatives, Like seeing one's enemy prosper, This separation from you is intolerable.
आअण्णेइ अडअणा कुडुंगहेट्ठम्मि दिण्णसंकेआ,अग्गपअपेल्लिआणं मम्मरअं जुण्णपत्ताणं	Listening for the rustle of dead leaves Stirred by his footfall, The wanton woman awaits her lover in the arbor
अहिलेंति सुरहिणीससिअपरिमलावद्धमंडलं भमरा,अमुणिअचंदपरिहवं अपुव्वकमलं मुहं तिस्सा	Attracted by her fragrant breath, Bees cluster round her face That is like no other lotus Since the moon cannot outshine it
धीरावलंविरीअ वि गुरुअणपुरओ तुमम्मि वोलीणे,पडिओ से अच्छिणिमीलणेण पम्हट्ठिओ वाहो	In front of her parents She showed no emotion When you passed by, But a tear that clung to her lashes Fell when she closed her eyes.
भरिमो से सअणपरंमुहीअ विअलंतमाणपसराइ,कइअवसुत्तुव्वत्तणथणअलसप्पेल्लणसुहेल्लिं	I will never forget How at first she turned her back on me, Then, as her sulkiness faded, Heaved up her round breasts, While feigning sleep —What pleasure it was to fondle them.
फग्गुच्छवणिद्दोसं केण वि कद्दमपसाहणं दिण्णं,थणअलसमुहपलोट्टंतसेअधोअं किणो धुअसि	Why are you trying to wash away that powder Which someone innocently threw at you On the Holê festival? It has already been washed away by the sweat Streaming off the nipples of your round breasts.
किं ण भणिओ सि वालअ गामणिधूआइ गुरुअणसमक्खं,अणिमिसम् ईसीसि वलंतवअणणअणद्धतिट्ठेहिं	You dimwit, What do you mean she didn't say anything to you? This village headman's daughter, Who in front of her elders looked at you With half-closed eyes and face slightly averted, Without blinking once.
णअणब्भंतरघोलंतवाहभरमंथराइ दिट्ठीए,पुणरुत्तपेच्छरीए वालअ किं जं ण भणिओ सि	You fool, How can you say she didn't say a word? She looked at you all the time But her sight was blurred By the tears welling up in her eyes
अंतोहुत्तं डज्झइ जाआसुण्णे घरे हलिअउत्तो,उक्खाअणिहाणाइ व रमिअट्ठाणाइ पेच्छंतो	In the house left empty by his wife's death The plowman is consumed by grief, Staring at where they used to make love As though at hiding places robbed of their treasure
णिद्दाभंगो आवंडुरत्तणं दीहरा अ णीसासा,जाअंति जस्स विरहे तेण समं कीरिसो माणो	If when he's away One lies awake, Grows pale, And sighs deeply, What is the point of being angry When he's back again?
तेण ण मरामि मण्णूहि पूरिआ अज्ज जेण रे सुहअ,तग्गअमणा मरंती मा तुज्झ पुणो वि लग्गिस्सं	The only reason I do not die of anger This very moment, my dear, Is that in my next life I do not wish to be dependent on you again Because I died thinking of you.
अवरज्झसु वीसद्धं सव्वं ते सुहअ विसहिमो अम्हे,गुणणिब्भरम्मि हिअए पत्तिअ दोसा ण माअंति	Do your worst, have no fear: I can take anything from you, my dear. In my heart, so brimful of your virtues, There is no room for any faults.
भरिउच्चरंतपसरिअपिअसंभरणपिसुणो वराईए,परिवाहो विअ दुक्खस्स वहइ णअणट्ठिओ वाहो	The tear in the eye of the wretched girl, Betraying thoughts of her beloved, Wells up, brims over and flows out Like a flood of grief.
जं जं करेसि जं जं जंपसि जह जह तुमं णिअच्छेसि,तं तम् अणुसिक्खिरीए दीहो दिअहो ण संपडइ	Going over everything you do, Everything you say, Every trick of your eyes —One day is too short
भंडंतीअ तणाइं सोत्तुं दिण्णाइ जाइ पहिअस्स,ताइ च्चेअ पहाए अज्जा आअड्ढइ रुअंती	The straw she had grudgingly given the traveler To sleep on, That same straw she was sweeping up next morning In tears.
अज्ज सहि केण गोसे कं पि मणे वल्लहं भरंतेण,अम्हं मअणसराहअहिअअवणप्फोडणं गीअं	Friend, Whoever it was who sang this song So early in the morning, He must have been thinking of some lover, For he reopened the wounds That the God of Love had made in my heart With his sharp arrows
उट्ठंतमहारंभे थणए दट्ठूण मुद्धवहुआए,ओसण्णकवोलाए णीससिअं पढमघरिणीए	When she saw the high breasts Of her husband's new wife The first wife sighed And her face fell.
गरुअछुहाउलिअस्स वि वल्लहकरिणीमुहं भरंतस्स,सरसो मुणालकवलो गअस्स हत्थे च्चिअ मिलाणो	Though tormented with hunger The elephant allows the tasty mouthful of lotus roots In his trunk To dry up and wither As he stands thinking of the face of his favorite wife
पसिअ पिए का कुविआ सुअणु तुमं परअणम्मि को कोवो,को हु परो णाह तुमं कीस अउण्णाण मे सत्ती	Calm down. Who's the angry one? You, my slim beauty. How can one be angry with a stranger? Who's the stranger? You, my lord. How come? I must have done something wrong in a past life.
एहिसि तुमं ति णिमिसं व जग्गिअं जामिणीअ पढमद्धं,सेसं संतावपरव्वसाइ वरिसं व वोलीणं	Thinking that you would come, The wakeful first part of the night went by in a minute. The remainder of the night, Filled with disappointment, Seemed to last a year.
अवलंवह मा संकह ण इमा गहलंघिआ परिब्भमइ,अत्थक्कगज्जिउब्भंतहित्थहिअआ पहिअजाआ	Catch her! No need to be afraid of this woman Running around in circles: She is not possessed by a demon, Just a traveler's wife Startled by a sudden thunderclap.
केसररअविच्छड्डे मअरंदो होइ जेत्तिओ कमले,जइ भमर तेत्तिओ अण्णहिं पि ता सोहसि भमंतो	Bee, Only were you to find in another flower As much nectar as you find inside the pollen-filled lotus Would you be right to hover around it.
पेच्छंति अणिमिसच्छा पहिआ हलिअस्स पिट्ठपंडुरिअं,धूअं दुद्धसमुद्दुत्तरंतलच्छिं विअ सअण्हा	Full of desire, the passers-by halt And stare at the plowman's daughter Who is powdered with flour, Without blinking their eyes, As if they were the gods And she the goddess Laksm≥ ê Rising up from the Ocean of Milk.
कस्स भरसि त्ति भणिए को मे अत्थि त्ति जंपमाणीए,उव्विग्गरोइरीए अम्हे वि रुआविआ तीए	"When we asked her whom she was thinking of She replied: ""No one,"" And began to cry so piteously That we cried with her."
पाअपडिअं अहव्वे किं दाणि ण उट्ठवेसि भत्तारं,एअं चिअ अवसाणं दूरं पि गअस्स पेम्मस्स	Be reasonable! Your husband has fallen at your feet. Why not help him up again? However long your love has lasted, This could be the end.
तडविणिहिअग्गहत्था वारितरंगेहि घोलिरणिअंवा,सालूरी पडिविंवे पुरिसाअंति व्व पडिहाइ	With fingertips clutching the river bank, And hips gently moving with the waves, The female frog, Hanging over her mirror image in the water, Looks like a woman making love On top of her husband.
सिक्करिअमणिअमुहवेविआइ धुअहत्थसिंजिअव्वाइ,सिक्खंतु वोडहीओ कुसुंभ तुम्हं पसाएण	Thanks to you, prickly safflower tree, Young girls will learn to suck in their breath, To moan, To twitch, To flutter their hands And make their bracelets rattle.
जेत्तिअमेत्ता रच्छा णिअंव कह तेत्तिओ ण जाओ सि,जेण छिविज्जइ गुरुअणलज्जोसरिओ वि सो सुहओ	Why, my hips, Have you not grown as wide as the street So that I might touch that lovely man As he tries to escape The awkward scene with my parents?
मरगअसूईविद्धं व मोत्तिअं पिअइ आअअग्गीवो,मोरो पाउसआले तणग्गलग्गं उअअविंदुं	In the rainy season The peacock, Stretching its long neck, Pecks at the raindrop That hangs on the tip of a grass blade Like a pearl pierced by an emerald needle
अज्जाइ णीलकंचुअभरिउव्वरिअं विहाइ थणवट्टं,जलभरिअजलहरंतरदरुग्गअं चंदविंवं व	Her round breast Bulging out of a dark blue blouse Looks like the moon Peering from behind a cloud Heavy with rain.
राअविरुद्धं व कहं पहिओ पहिअस्स साहइ ससंकं,जत्तो अम्वाण दलं तत्तो दरणिग्गअं किं पि	"Cautiously, As if it were a matter of high treason, One traveler said to the other: ""There are shoots on the mango trees. So it can't be long now."""
धण्णा ता महिलाओ जा दइअं सिविणए वि पेच्छंति,णिद्द च्चिअ तेण विणा ण एइ का पेच्छए सिविणं	Happy the women Who at least see their lovers in dream. But without him I cannot sleep Let alone dream.
मज्झण्हपत्थिअस्स वि गिम्हे पहिअस्स हरइ संतावं,हिअअट्ठिअजाआमुहमअंकजोण्हाजलप्पवहो	In the midday heat of summer The mere thought of the refreshing stream of cool moonlight From his wife's round face Restores the traveler.
भण को ण रूसइ जणो पत्थिज्जंतो अदेसआलम्मि,रइवावडा रुवंतं पिअं पि पुत्तं सवइ माआ	Tell me, Would you not get angry When bothered at the wrong time and place? What mother does not curse her little son, dear as he is, If he comes crying while she is busy making love?
एएण च्चिअ कंकेल्लि तुज्झ तं ण त्थि जं ण पज्जत्तं,उवमिज्जइ जं तुह पल्लवेण वरकामिणीहत्थो	O, aóoka tree, There is nothing more for you to achieve: Your leaves have been compared to the hand of a lovely woman
विज्झाविज्जइ जलणो गहवइधूआइ वित्थअसिहो वि,अणुमरणघणालिंगणपिअअमसुहसिज्जिरंगीए	Her body Sweating with the pleasure Of tightly embracing her beloved husband, The landowner's daughter Puts out the flames of his pyre
जारमसाणसमुब्भवभूइसुहप्फंससिज्जिरंगीए,ण समप्पइ णवकावालिणीअ उद्धूलणारंभो	The kapalika novice cannot stop daubing her body With ashes that come from her lover's pyre: The pleasure of touching them Brings her out in a sweat.
एक्को पण्हअइ थणो वीओ पुलएइ णहमुहालिहिओ,पुत्तस्स पिअअमस्स अ मज्झणिसण्णाइ घरिणीअ	One breast oozes milk, The other is covered with nail marks and gooseflesh: Behold the housewife sitting between husband and son.
एत्ताइ च्चिअ मोहं जणेइ वालत्तणे वि वट्टंती,गामणिधुआ विसलअ व्व वड्ढिआ काहिइ अणत्थं	Though still a child, The village headman's daughter Already turns everybody's head. Once she is grown up She will cause real harm, Like a poisonous creeper.
सुप्पउ तइओ वि गओ जामो त्ति सहीउ कीस मं भणह,सेहालिआण गंधो ण देइ सोत्तुं सुअह तुम्हे	"""Go to sleep! It's past three o'clock!"" Dear girls, how can you say that to me? The scent of jasmine makes sleep impossible. Try going to sleep yourselves."
कह सो ण संभरिज्जइ जो मे तह संठिआइ अंगाइं,णिव्वत्तिए वि सुरए णिज्झाअइ सुरअरसिओ व्व	How could I not remember that man Who even after it was over Looked at my limp body As if he felt like doing it again?
सुक्खंतवहलकद्दमघम्मविसूरंतकमढपाढीणं,दिट्ठं अइट्ठउव्वं कालेण तलं तडाअस्स	Summer reveals what was never seen before: The bottom of the pond With turtles and minnows Struggling in the thick, dry mud and heat.
वाहित्ता पडिवअणं ण देइ रूसेइ एक्कमेक्कस्स,असई कज्जेण विणा पलिप्पमाणे णईकच्छे	She does not answer when spoken to And is cross with everyone For no other reason Than that the bush on the river bank is burning.
णिद्दं लहंति कहिअं सुणंति खलिअक्खरं ण जंपंति,जाहि ण दिट्ठो सि तुमं ताओ च्चिअ सुहअ सुहिआओ	My dear, Only women who do not see you Stay happy: They sleep properly, Hear what is said to them, And do not muddle their words.
वालअ तुमाइ दिण्णं कण्णे काऊण वोरसंघाडिं,लज्जालुइणी वि वहू घरं गआ गामरच्छाए	Delighted with the modest pair of berries you gave her, Your wife, though usually so shy, has gone home Down the center of the village street, Wearing them behind her ear.
अह सो विलक्खहिअओ मए अहव्वाइ अगहिआणुणओ,परवज्जणच्चिरीहिं तुम्हेहि उवेक्खिओ णिंतो	When he ran out of the house, Dismayed at my rudely rejecting His attempt at reconciliation, You should have stopped him Instead of laughing at someone else's misfortune
जे लीणभमरभरभग्गगोच्छआ आसि णइअडुच्छंगे,कालेण वंजुला पिअवअस्स ते खण्णुआ जाआ	Remember those vañjula trees on the riverbank Whose blossom was bowed by clusters of bees? Time, dear friend, has turned them to stumps.
खणभंगुरेण पेम्मेण माउआ दूमिअ म्हि एत्ताहे,सिविणअणिहिलंभेण व दिट्ठपणट्ठेण लोअम्मि	Aunt, It pains me now to realize How fragile a thing love is, Like treasure beheld in a dream That vanishes in the light of day
चाओ सहावसरलं विच्छुहइ सरं गुणम्मि णिवडंतं,वंकस्स उज्जुअस्स अ संवंधो किं चिरं होइ	The bow shoots the arrow The moment it touches the string. How long can straight and crooked stay together?
मालइकुसुमाइ कुलुंचिऊण मा जाण णिव्वुओ सिसिरो,काअव्वा अज्ज वि णिग्गुणाण कुंदाण सामिद्धी	Don't think winter is content Merely to wither the summer jasmine. It also has to produce a mass Of worthless winter jasmine.
परिमलणसुहा गरुआ अलद्धविवरा सलक्खणाहरणा,थणआ कव्वालाअ व्व कस्स हिअए ण लग्गंति	Who is not captivated by a woman's breasts, That, like a good poem, Are a pleasure to grasp, Are weighty, compact, and nicely ornamented?
खिप्पइ हारो थणमंडलाहि तरुणीहि रमणपरिरंभे,अच्चिअगुणा वि गुणिणो लहंति लहुअत्तणं काले	In the act of embracing their lovers Young ladies toss the pearl necklaces From their round breasts. Even the praiseworthy Sometimes get treated with disrespect.
अण्णो को वि सहावो वम्महसिहिणो हला हआसस्स,विज्झाइ णीरसाणं हिअए सरसाण पज्जलइ	Friend, The wretched fire of love Is an odd sort of fire: In a sapless heart it goes out, In a sappy one it instantly flares up
तह तस्स माणपरिवड्ढिअस्स चिरपणअवद्धमूलस्स,मामि पडंतस्स सुओ सद्दो वि ण पेम्मरुक्खस्स	Aunt, When the tree of love, Rooted in long affection, Is struck by the axe of pride It falls without a sound.
पाअपडिओ ण गणिओ पिअं भणंतो वि अप्पिअं भणिओ,वच्चंतो वि ण रुद्धो भण कस्स कए कओ माणो	When he spoke affectionately You answered curtly, When he went away You did not try to stop him. Tell me, What exactly do you hope to gain By your pride?
पुसइ खणं धुअइ खणं पप्फोडइ तक्खणं अआणंती,मुद्धवहू थणवट्टे दिण्णं दइएण णक्खवअं	One moment she tried wiping, The next scrubbing, And after that rubbing. The young wife was completely at a loss What to do with the nail mark Her husband had left on her breast
वासारत्ते उण्णअपओहरे जोव्वणे व्व वोलीणे,पढमेक्ककासकुसुमं दीसइ पलिअं व धरणीए	After the rainy season With towering clouds, Like youth with plump breasts, Has spent itself, Plumes of kasa grass, Like the first strands of gray hair, Appear on Mother Earth.
अविरलपडंतणवजलधारारज्जुघडिअं पअत्तेण,अपहुत्तो उक्खिविउं रसइ व मेहो महिं उअह	Hear how that cloud groans with the effort, Yet is unable to lift the earth With ropes of raindrops That fall in unbroken streams
ओ हिअअ ओहिदिअहं तइआ पडिवज्जिऊण दइअस्स,अत्थक्काउल वीसंभघाइ किं तइ समाढत्तं	Heart, At the time When my lover mentioned the date of his return You did not object. So what are you doing now Destroying our belief in his early arrival?
जो वि ण आणइ तस्स वि कहेइ भग्गाइ तेण वलआइं,अइउज्जुआ वराई अहव पिओ से हआसाए	Even to someone who knows nothing about it She tells who it is who has broken her bracelets. Either the poor girl is naïve Or she really loves the man who has made her so unhappy.
सेउल्लिअसव्वंगी गोत्तग्गहणेण तस्स सुहअस्स,दूइं अप्पाहेंती तस्सेअ घरंगणं पत्ता	Sweating all over From just mentioning her lover's name, She was so busy instructing the messenger That she did not notice They had arrived in front of his house.
जम्मंतरे वि चलणे जीएणं मअण तुज्झ अच्चिस्सं,जइ तं पि तेण वाणेण विज्झसे जेण हं विद्धा	Even in my next existence, O God of Love, I will dedicate my life In worship at your feet, If you promise to pierce him With the same arrow As you pierced me with
जाव ण कोसविआसं पावइ ईसीसि मालईकलिआ,मअरंदपाणलोहिल्ल भमर ताव च्चिअ मलेसि	O bee, To get at the jasmine's nectar You have to knead and squeeze long and hard. It does not open by itself.
अकअण्णुअ तुज्झ कए पाउसराईसु जं मए खुण्णं,उप्पेक्खामि अलज्जिर अज्ज वि तं गामचिक्खिल्लं	Even now I can see The mud in that wretched village, Which I squelched through on those dark nights In the rainy season Just to please you. And what did I get out of it, You shameless man?
रेहइ गलंतकेसक्खलंतकुंडलललंतहारलआ,अद्धुप्पइआ विज्जाहरि व्व पुरिसाइरी वाला	The girl on top of her lover, Her hair hanging loose, Her earrings swinging And her pearl necklace hovering, Looks just like a vidyadhare Who is about to fly away
गामणिणो सव्वासु वि पिआसु अणुमरणगहिअवेसासु,मम्मच्छेएसु वि वल्लहाइ उवरिं वलइ दिट्ठी	All the village headman's wives Are dressed in readiness to follow him on the pyre, Yet even at this heartrending moment His eyes fall upon his favorite.
मामि सरिसक्खराण वि अत्थि विसेसो पअंपिअव्वाणं,णेहमइआणम् अण्णो अण्णो उवरोहमइआणं	Aunt, The words may be the same But they sound quite different Depending on whether they are said with affection Or with reserve
हिअआहिंतो पसरंति जाइ अण्णाइ ताइ वअणाइ,ओसरसु किं इमेहिं अहरंतरमेत्तभणिएहिं	Words which come from the heart Sound different. Get away with you! I've no time for words That pay mere lip service.
कह सा सोहग्गगुणं मए समं वहइ णिग्घिण तुमम्मि,जीअ हरिज्जइ णामं हरिऊण अ दिज्जए मज्झ	Have you no feelings? How can she enjoy your favor At the same time as me When you rob her of her name And give it to me?
सहि साहसु सब्भावेण पुच्छिमो किं असेसमहिलाणं,वड्ढंति करत्थ च्चिअ वलआ दइए पउत्थम्मि	Friend, tell me honestly, I beg of you, Is it the case with all women That the bracelets grow larger on their wrists When their husband is away
भमइ परिदो विसूरइ उक्खिविउं से करं पसारेइ,करिणो पंकक्खुत्तस्स णेहणिअलाविआ करिणी	Fettered by affection The she-elephant circles around in distress And stretches out her trunk to rescue Her husband who is stuck in the mud.
रइकेलिहिअणिअंसणकरकिसलअरुद्धणअणजुअलस्स,रुद्दस्स तइअणअणं पव्वइपरिउंविअं जअइ	Long live Siva's third eye : Which Paravati covered with kisses While covering his other two eyes with her hands When her skirt slipped off in the heat of love play
धावइ पुरओ पासेसु भमइ दिट्ठीपहम्मि संठाइ,णवलइकरस्स तुह हलिअउत्त दे पहरसु वराइं	As soon as you have a supple twig in your hand She runs across your path, Hovers on either side of you, And happens to be Wherever you are looking. You blockhead, Can't you see the poor girl Desperately wants a good thrashing?
कारिमम् आणंदवडं भामिज्जंतं वहूअ सहिआहिं,पेच्छइ कुमारिजारो हासुम्मीसेहि अच्छीहिं	When her relatives whirled around the sheet Said to be stained with the young bride's blood The virgin's lover looked on with a glint in his eye.
सणिअं सणिअं ललिअंगुलीअ मअणवडलाअणणिहेण,वंधइ धवलव्वणवट्टअं व वणिआहरे तरुणी	Pretending to smear on a salve, The young girl with delicate fingers Applies a white bandage to her wounded lip
उअ संभमविक्खित्तं रमिअव्वअलंपडाइ असईए,णवरंगअं कुडंगे धअं व दिण्णं अविणअस्स	Look! The freshly dyed skirt That the woman hurriedly kicked off In her desire to make love Hangs over the bower Like a banner proclaiming her immodesty
हत्थप्फंसेण जरग्गवी वि पण्हअइ दोहअगुणेण,अवलोइअपण्हुइरिं पुत्तअ पुण्णेहि पाविहिसि	Even an old cow gives milk At the touch of an expert milker. My son, You'll have a hard time finding one That gives milk Merely at a glance.
मसिणं चंकम्मंती पए पए कुणइ कीस मुहभंगं,णूणं से मेहलिआ जहणगअं छिवइ णहवंतिं	She walks about quite smoothly So why pull a face at every step? It must be her girdle Chafing against the nail marks on her hip.
पाअपडणाण मुद्धे रहसवलामोडिचुंविअव्वाणं,दंसणमेत्तपसण्णे चुक्का सि सुहाण वहुआणं	Stupid woman, Because you stopped being angry The moment he stood before you You missed a lot of fun: He would have had to fall at your feet And cover you with hot, impetuous kisses.
णिक्खंधदुरारोहं पुत्तअ मा पाडलिं समारुहसु,आरूढणिवडिआ के इमीअ ण कआ हआसाए	My son, Don't try to climb this trumpetflower tree: It has no branches to hold on to. Name me a man who did not fall When trying to climb this wretched tree.
गामणिघरम्मि अत्ता एक्क च्चिअ पाडला इहग्गामे,वहुपाडलं च सीसं दिअरस्स ण सुंदरं एअं	Mother-in-law, The only trumpetflower tree in the village Is at the headman's house, Yet my brother-in-law's head Is covered with trumpetflowers. How strange
अण्णाण वि होंति मुहे पम्हलधवलाइ दीहकसणाइ,णअणाइ सुंदरीणं तह वि हु दट्ठुं ण आणंति	Long-lashed, dazzling white, black and slanting —There are plenty of other women with eyes like that But that does not mean they know how to look.
दुग्गअघरम्मि घरिणी रक्खंती आउलत्तणं पइणो,पुच्छिअदोहलसद्धा पुणो वि उअअं चिअ कहेइ	"Every time her poor in-laws ask her What she would most like to eat, The pregnant wife, Anxious not to cause embarrassment to her husband, Simply says: ""Water."""
आअंवलोअणाणं ओल्लंसुअपाअडोरुजहणाणं,अवरण्हमज्जिरीणं कएण कामो वहइ चावं	Returning from the late afternoon bath, Their eyes red And their buttocks visible through wet skirts —Love need not carry a bow On behalf of these women
विरहेण मंदरेण व हिअअं दुद्धोअहिं व महिऊण,उम्मूलिआइ अव्वो अम्हं रअणाइ व सुहाइं	Stirring the Ocean of Milk, which is my heart, With the churning stick of separation You have rooted out the pearls of my joys.
उज्जुअरए ण तूसइ वंकम्मि वि आअमं विअप्पेइ,एत्थ अहव्वाइ मए पिए पिअं कह णु काअव्वं	Straightforward pleasure doesn't satisfy him, he says, And if I spice it up, He wonders who taught me that. As I always get it wrong How will I ever make him happy?
वहुविहविलासरसिए सुरए महिलाण को उवज्झाओ,सिक्खइ असिक्खिआइ वि सव्वो णेहाणुवंधेण	In lovemaking, with its manifold and intricate delights, Who is there to instruct women? One can learn anything Simply by being shown some affection.
वण्णवसिए विअत्थसि सच्चं चिअ सो तुए ण संभविओ,ण हु होंति तम्मि दिट्ठे सुत्थावत्थाइ अंगाइं	You look just as you did yesterday, So you must be bragging. In fact you did not see him, For if you had, You would no longer look so well.
आसण्णविवाहदिणे अहिणववहुसंगमुस्सुअमणस्स,पढमघरिणीअ सुरअं वरस्स हिअए ण संठाइ	As the wedding day draws near He can think only of making love With his new bride. The pleasures once shared With his first wife No longer find a place in his heart
जइ लोअणिंदिअं जइ अमंगलं जइ वि मुक्कमज्जाअं,पुप्फवइदंसणं तह वि देइ हिअअस्स णिव्वाणं	Though people condemn it, Though it is highly inauspicious And considered most improper, The sight of a woman during her period Fills the heart with heavenly bliss.
जइ ण छिवसि पुप्फवइं पुरओ ता कीस वारिओ ठासि,छित्तो सि चुलचुलंतेहि धाविऊण ăम्ह हत्थेहि	If you do not want to touch a woman during her period, Why get in my way when you shouldn't? I will touch you with my itchy hands As I push past you.
ण वि तह अइगरुएण वि तम्मइ हिअए भरेण गब्भस्स,जह विवरीअणिहुअणं पिअम्मि सोण्हा अपावंती	Our daughter-in-law is not so much distressed By the very heavy weight in her womb As by the fact that due to it She can no longer make love On top of her husband.
अगणिअजणाववाअं अवहत्थिअगुरुअणं वराईए,तुह गलिअदंसणासाइ तीअ वलिउं चिरं रुण्णं	Not caring what people might say And pushing her parents aside, The poor girl With no hope of ever seeing you again, Lay rolling on the ground crying her heart out.
हिअअं हिअए णिहिअं चित्तालिहिअ व्व तुह मुहे दिट्ठी,आलिंगणरहिआइं णवरं झिज्जंति अंगाइं	My heart is lodged in your heart, My eyes, like eyes in a painting, Are immovably fixed on your face, It is only my body That is wasting away For lack of your embrace
अहअं विओअतणुई दुसहो विरहाणलो चलं जीअं,अप्पाहिज्जउ किं सहि जाणसि तं चेअ जं जुत्तं	"""I have grown thin in your absence."" ""The fire of separation is hard to bear."" ""My life hangs in the balance."" Why am I telling you this, my friend? You know yourself the sort of thing that needs saying."
तुह विरहुज्जागरओ सिविणे वि ण देइ दंसणसुहाइ,वाहेण पहालोअणविणोअणं से हअं तं पि	As she can't sleep when you are away She is deprived of the pleasure of seeing you in her dreams, And her tears spoil the pastime of looking out for you
अण्णावराहकुविओ जह तह कालेण गच्छइ पसाअं,वेसत्तणावराहे कुविअं कह तं पसाएमि	A man who is angry at one's being bossy Can be won round in due course, But someone who is angry at one's being servile How can I appease him?
दीससि पिआइ जंपसि सब्भावो सुहअ एत्तिओ च्चेअ,फालेइऊण हिअअं साहसु को दावए कस्स	You allow me to see you And still speak kindly. But, my dear, is this The way to behave? For who would break a heart And having broken it Still show his face?
उअअं लहिउं उत्ताणिआणणा होंति के वि सविसेसं,रित्ता णमंति सुइरं रहट्टघडिअ व्व कापुरिसा	When full of water, they swing high. When empty, they lie low for a while. —The buckets on a water wheel Behave just like nasty people.
भग्गपिअसंगमं केत्तिअं व जोण्हाजलं णहसरम्मि,चंदअरपणालणिझरणिवहपडंतं ण णिट्ठाइ	How easy it is for the moon To spoil my nightly assignations! For there is no end to the cascade of moonbeams With which it empties itself into the lake of the sky
अइकोवणा वि सासू रुआविआ गअवईअ सोण्हाए,पाअपडनोणआए दोसु वि गलिएसु वलएसु	Even her harsh mother-in-law Was moved to tears when both the girl's bracelets Slipped off as she fell at her feet, So long had her husband been abroad.
रोवंति व्व अरण्णे दूसहरइकिरिणफंससंतत्ता,अइतारझिल्लिविरुएहि पाअवा गिम्हमज्झण्हे	At noon in summer The trees in the deserted forest, Scorched by the unbearable rays of the sun, Seem to cry out with the shrill creak Of crickets
पढमणिलीणमहुरमहुलोहिल्लालिउलवद्धझंकारं,अहिमअरकिरणणिउरुंवचुंविअं दलइ कमलवणं	Bees settle on it, Buzzing wildly, Lusting for its sweet nectar But the lotus opens Only after being kissed by the sun
गोत्तक्खलणं सोऊण पिअअमे अज्ज तीअ छणदिअहे,वज्झमहिसस्स माल व्व मंडणं उअह पडिहाइ	Just look! After her husband had addressed her with his mistress's name The ornaments she had put on for the fair Suddenly appeared like a garland on the head of a buffalo Being led to sacrifice.
महमहइ मलअवाओ अत्ता वारेइ मं घरा णिंतिं,अंकोल्लपरिमलेण वि जो क्खु मुओ सो मुओ च्चेअ	The south wind blows strong, Mother-in-law keeps me locked up indoors, But someone who dies sniffing the scent of aṃkolla Dies all the same.
मुहपेच्छओ पई से सा वि हु सविसेसदंसणुम्मइआ,दो वि कअत्था पुहइं अमहिलपुरिसं व मण्णंति	His eyes are glued to her face, And she is intoxicated at the sight of him. So utterly content are these two, There might not be another man or woman on earth.
खेमं कत्तो खेमं जो सो खुज्जंवओ घरद्दारे,तस्स किर मत्थआओ को वि अणत्थो समुप्पण्णो	"Well? What do you mean, ""Are you well?"" That stunted mango by the front door— They tell me something nasty is coming out of its top."
आउच्छणविच्छाअं जाआइ मुहं णिअच्छमाणेण,पहिएण सोअणिअलाविएण गंतुं चिअ ण इट्ठं	Seeing his wife's face grow pale As he bade her farewell The husband could not bring himself to leave, His feet fettered by affection.
सूईवेहे मुसलं विच्छुहमाणेण डड्ढलोएण,एक्कग्गामे वि पिओ समेहि अच्छीहि वि ण दिट्ठो	Due to these cursed villagers Who brandish a cudgel at a mere pinprick I dare not set eyes on my lover Though we live in the same village.
अज्जं पि दाव एक्कं मा मं वारेहि पिअसहि रुअंतिं,कल्लिं उण तम्मि गए जइ ण मुआ ता ण रोइस्सं	Dear friend, Allow me this one day of crying. Tomorrow, I promise, When he has left And if I'm still alive, I will cry no more.
तुह दंसणे सअण्हा सद्दं सोऊण णिग्गआ जाइं,तइ वोलीणे ताइं पआइ वोढव्वआ जाआ	At the sound of your voice She rushed out of the house In her desire to see you. Once you had passed She had to be carried back again.
ईसामच्छररहिए हि णिव्विआरेहि मामि अच्छीहिं,एण्हिं जणो जणम् मिव णिअच्छए कुह ण झिज्जामो	Without a trace of jealousy or anger, As if I were just anybody. So how can I help growing thin?
वाउद्धअसिचअविहाविओरुदिट्ठेण दंतमग्गेण,वहुमाआ तोसिज्जइ णिहाणकलसस्स व मुहेण	When the wind tossed up the wife's skirt, Exposing the tooth marks on her thighs, Her mother was thrilled, As if she had hit upon the lid of a pot of gold.
हिअअम्मि वससि ण करेसि मण्णुअं तह वि णेहभरिएहिं,संकिज्जसि जुअइसहावगलिअधीरेहि अम्हेहिं	You abide in my heart And never trouble it. Yet, for all my affection, I lose faith, as girls do, And grow suspicious.
अण्णं पि किं पि पाविहिसि मूढ मा तम्म दुक्खमेत्तेण,हिअअ पराहीणजणं महंत तुह केत्तिअं एअं	Foolish heart, Why so distressed? Worse will befall you, Running after a man In thrall to another.
वेसो सि जीअ पंसुल अहिअअरं सा हु वल्लहा तुज्झ,इअ जाणिऊण वि मए ण ईसिअं डड्ढपेम्मस्स	How wayward of you: The more a woman detests you The more you like her. Though I know this all too well There is nothing I can do About this cursed love of mine.
सा आम सुहअ गुणरूअसोहिरी आम णिग्गुणा अहअं,भण तीअ जो ण सरिसो किं सो सव्वो जणो मरउ	I agree, my dear, She is a model of virtue and beauty, And, yes, I am quite worthless. But, tell me, Must everyone not up to her standard Be condemned to death?
संतम् असंतं दुक्खम् सुहं च जाओ घरस्स जाणंति,ता पुत्तअ महिलाओ सेसाउ जरा मणुस्साणं	Those who know what is good for the household And what isn't, Know what it can put up with And what it can't —Those are proper wives. The rest are a drain on men.
उल्लावो मा दिज्जउ लोअविरुद्धं ति णाम काऊण,समुहावडिए को उण वेसे दिट्ठिं ण पाडेइ	We should not be seen talking Because people disapprove. But how can one help setting eyes Even on a person one detests If he happens to cross one's path?
किं रुअसि किं व सोअसि किं कुप्पसि सुअणु एक्कमेक्कस्स,पेम्मं विसं व विसमं साहसु को रुंभिउं तरइ	Why cry, why lament, Why, slender girl, Get angry with each and every one? Love is a lethal poison. And, tell me, Can anyone withstand it?
ते अ जुआणा ता गामसंपआ तं च अम्ह तारुण्णं,अक्खाणअं व लोओ कहेइ अम्हे वि तं सुणिमो	There were the young men, The blessings of village life, And the days of our youth. Now people make a story of it, And we listen.
वाहोहभरिअगंडाहराइ भणिअं विलक्खहसिरीए,अज्ज वि किं रूसिज्जइ सवहावत्थं गअं पेम्मं	"Tears were still running down her cheeks and lips When, with a shy laugh, she said: ""But why am I still angry When our love has reached the stage of swearing fidelity?"""
वण्णग्घअतुप्पमुहिं जो मं अइआअरेण चुंवंतो,एण्हिं सो भूसणभूसिअं पि अलसाअइ छिवंतो	The man who kissed me with such extraordinary care When my face was smeared with red ghee Now hardly cares even to touch me Despite my wearing this lovely jewelry.
सच्चं कलहे कलहे सुरआरंभा पुणो णवा होंति,माणो उण माणंसिणि गरुओ पेम्मं विणासेइ	After every quarrel, it's true, The pleasures of love taste new. But, proud woman, Too much of this pride And his love will be destroyed.
लज्जा चत्ता सीलं च खंडिअं अजसघोसणा दिण्णा,जस्स कएणं पिअसहि सो च्चेअ जणो जणो जाओ	Dear friend, The man for whom I abandoned modesty, Destroyed my character And lost my good name Now treats me just like anyone else.
हसिअं अइट्ठदंतं भमिअम् अणिक्कंतदेहलीदेसं,दिट्टम् अणुक्खित्तमुहं एसो मग्गो कुलवहूणं	Laughing without showing her teeth, Moving around without crossing the threshold, Looking without raising her face: Such is the way of a virtuous wife.
धूलिमइलो वि पंकंकिओ वि तणरइअदेहभरणो वि,तह वि गइंदो गरुअत्तणेण ढक्कं समुव्वहइ	Soiled with dust, Spattered with mud And nourished with grass, Yet, on account of his size, It is the elephant who carries the big drum.
करमरि कीस ण गम्मइ को गव्वो जेण मसिणगमणा सि,अदिट्ठदंतं हसिरीअ जंपिअं चोर जाणिहिसि	"Why aren't you trying to escape? What makes you so confident, That you remain calm? With a smile the bowman's wife replies: ""You will soon find out, kidnapper!"""
थोरंसुएहि रुण्णं सवत्तिवग्गेण पुप्फवइआए,भुअसिहरं पइणो पेच्छिऊण सिरलग्गतुप्पलिअं	His other wives shed large tears As they see smears of red grease From the youngest wife's face On the husband's shoulder.
लोओ जूरइ जूरउ वअणिज्जं होइ होउ तं णाम,एहि णिमज्जसु पासे पुप्फवइ ण एइ मे णिद्दा	"""People will be angry."" Let them be. ""They will disapprove."" Who cares? Come, forget about your period And snuggle down beside me, For I can get no sleep."
जं जं पुलएमि दिसं पुरओ लिहिओ व्व ईससे तत्थ,तुह पडिमापरिवाडिं वहइ व सअलं दिसाचक्कं	In whatever direction I gaze I see your image before me. The whole horizon is like a panorama with paintings of you alone.
ओसरइ धुणइ साहं खोक्खामुहलो पुणो समुल्लिहइ,जंवूफलं ण गेण्हइ भमरो त्ति कई पढमडक्को	The monkey scratches the rose apple with its finger, Jumps away, shakes the branch, screeching loudly, But does not dare to pluck it As it looks like the bee That once stung him.
उप्पहपहाविअजणो पविअंभिअकलअलो पहअतूरो,अव्वो सो च्चेअ छणो तेण विणा गामडाहो व्व	Loud beating of drums: The normal bustle of a festival But oh! without him More like a village fire.
असमत्तगरुअकज्जे एण्हिं पहिए घरं णिअत्तंते,णवपाउसो पिउच्छा हसइ व कुडअट्टहासेहिं	Aunt, As the traveler hastens homewards, His business unfinished, The start of the rainy season, With its white kuṭaja flowers, Seems to mock him with loud laughter.
दट्ठूण उण्णमंते मेहे आमुक्कजीविआसाए,पहिअघरिणीअ डिंभो ओरुण्णमुहीअ सच्चविओ	Seeing clouds piling up in the west The traveler's wife, Who had despaired of her life, Began to decorate her body While tears streamed down her face.
अविहवलक्खणवलअं ठाणं णेंतो पुणो पुणो गलिअं,सहिसत्थो च्चिअ माणंसिणीअ वलआरओ जाओ	To make sure she didn't look like a widow Her friends constantly hitched up The sulking girl's fallen bangle As though they were bangle sellers.
पहिअवहू विवरंतरगलिअजलोल्ले घरे अणोल्लं पि,उद्देसं अविरअवाहसलिलणिवहेण ओल्लेइ	While rain trickled down Through gaps in the thatch The traveler's wife wept And with her ceaseless flow of tears Soaked the last dry spot in the house.
दीसइ ण चूअमउलं अत्ता ण अ वाइ मलअगंधवहो,पत्तं वसंतमासं साहइ उक्कंठिअं चेअ	Mother-in-law! There are no buds on the mango And the south wind does not blow, Yet the yearning in my heart Tells me that spring is on its way.
दइअकरग्गहलुलिओ धम्मिल्लो सीहुगंधिअं वअणं,मअणम्मि एत्तिअं चिअ पसाहणं हरइ तरुणीणं	Loose-hanging hair To take in one's hands And a mouth smelling of wine: That's all young women need To bring with them As allurement in love.
गामतरुणीउ हिअअं हरंति छेआण थणहरिल्लीओ,मअणे कुसुंभराइल्लकंचुआभरणमेत्ताओ	Village girls with swelling bosoms Need only simple saffron yellow blouses To attract the most sophisticated of lovers.
आलोअंत दिसाओ ससंत जंभंत गंत रोअंत,मुच्छंत पडंत खलंत पहिअ किं ते पउत्थेण	Traveler, Why did you ever leave home If all you do is scan the horizon, Sigh, yawn, moan, groan, Faint, trip and stumble?
दट्ठूण तरुणसुरअं विविहविलासेहि करणसोहिल्लं,दीवो वि तग्गअमणो गअं पि तेल्लं ण लक्खेइ	The lamp was so absorbed In looking at the young couple Playfully making love In all sorts of different positions That it did not notice that the oil had run out.
वोडसुणओ विवण्णो अत्ता मत्ता पई वि अण्णत्थो,फडही वि मोडिआ महिसएण को कस्स साहेउ	The nasty dog is dead, Mother-in-law is drunk, My husband is out, And the buffalo has broken the bolt. Who is going to tell on us?
गिरिसोत्तो त्ति भुअंगं महिसो जीहाइ लिहइ संतत्तो,महिसस्स कण्हपत्थरझरो त्ति सप्पो पिअइ लालं	Parched by the heat, the buffalo licks a snake, Taking it for a mountain rivulet, And the snake sips the buffalo's spittle, Taking it for water falling from black rock.
पत्तणिअंवप्फंसा ण्हाणुत्तिण्णाइ सामलंगीए,जलविंदुएहि चिहुरा रुअंति वंधस्स व भएण	Though he had no more work in the fields, The farmer would not go home, To spare himself the pain Of finding it empty Now that his wife was dead
सुप्पं डड्ढं चणआ ण भज्जिआ सो जुआ अइक्कंतो,अत्ता वि घरे कुविआ भूआण व वाइओ वंसो	The soup is burnt, The chickpeas aren't roasted, The young man has gone past, And I am stuck in this house With an angry mother-in-law. It's like playing the flute to phantoms.
पिसुणेंति कामिणीणं जललुक्कपिआवऊहणसुहेल्लिं,कंडइअकवोलुप्फुल्लणिच्चलच्छीइ वअणाइ	By their wide and staring eyes And the gooseflesh on their cheeks These women betray their lovers Who, hidden underwater, Have put their arms around them.
महिसक्खंधविलग्गं घोलइ सिंगाहअं सिमिसिमंतं,आहअवीणाझंकारसद्दमुहलं मसअवुंदं	A swarm of gnats hovers over the buffalo's shoulders. When he hits them with his horn They hum like the plucked strings of a lute.
उअह तरुकोडराओ णिक्कंतं पूसुआण रिंछोलिं,सरए जरिओ व्व दुमो पित्तं व सलोहिअं वमइ	Look at the flock of parrots Flying out of the hole in that tree As though it had an autumn fever And were spitting blood and bile.
ण वि तह अनालवंती हिअअं दूमेइ माणिणी अहिअं,जह दूरविअंभिअगरुअरोसमज्झत्थभणिएहिं	A sulking woman Does not hurt so much by silence As by small talk After overwhelming anger.
गंधं अग्घाअंतअ पिक्ककलंवाण वाहभरिअच्छ,आससु पहिअजुआणअ घरिणिमुहं मा ण पेच्छिहिसि	Sniffing the wayside kadamba blossom, Your eyes full of tears, Take heart, young traveler! You are sure to see the face of your wife again.
गज्ज महं चिअ उवरिं सव्वत्थामेण लोहहिअअस्स,जलहर लंवालइअं मा रे मारेहिसि वराइं	Cloud, Thunder with all your might above me, For I have a heart of iron. But spare my poor girl at home, Who has already loosened her hair, As it would be death to her.
संझाराओत्थइओ दीसइ गअणम्मि पडिवआचंदो,रत्तदुऊलंतरिओ थणणहलेहो व्व णववहूए	The waning moon veiled by the red sky at dawn Looks like the nail mark on the young bride's bosom Showing through her crimson gauze.
अइ दिअर किं ण पेच्छसि आआसं किं मुहा पलोएसि,जाआइ वाहुमूलम्मि अद्धअंदाण परिवाडिं	My dear man, Why scan the sky If it's crescent moons you're after? Try looking at your sister-in-law's shoulder: You'll find a whole row of them there.
वाआइ किं भणिज्जउ केत्तिअमेत्तं व लिक्खए लेहे,तुह विरहे जं दुक्खं तस्स तुमं चेअ गहिअत्थो	How can I put it in words? One can say so little in a letter. But the ache I feel in your absence Is something you know of yourself.
मअणग्गिणो व्व धूमं मोहणपिच्छिं व लोअदिट्ठीए,जोव्वणधअं व मुद्धा वहइ सुअंधं चिउरभारं	The girl's thick, fragrant hair Is like a column of smoke rising from the fire of love, Like a bunch of peacock's tail feathers Waved by the conjuror to distract his audience, Like the victory banner of youth.
रुंदारविंदमंदिरमअरंदाणंदिआलिरिंछोली,झणझणइ कसणमणिमेहल व्व महुमासलच्छीए	The line of bees around the large lotus flower,Feasting loudly on its nectar,Looks like the jingling girdle of sapphires Around the waist of the nymph of spring.
चोरा सभअसतण्हं पुणो पुणो पेसअंति दिट्ठीओ,अहिरक्खिअणिहिकलसे व्व पोढवइआथनुच्छंगे	With fear and with longing The kidnappers repeatedly steal glances At the round breasts of the warrior's wife As if they were pots of gold Guarded by snakes.
केत्तिअमेत्तं होहिइ सोहग्गं पिअअमस्स भमिरस्स,महिलामअणछुहाउलकडक्खविक्खेवघेप्पंतं	How much happiness Can my errant husband get From the sidelong glances Cast by women starved of love?
णिअधणिअं उवऊहसु कुक्कुडसद्देण झत्ति पडिवुद्धो,परवसहिवाससंकिर णिअए वि घरम्मि मा भासु	It's your own wife: You can embrace her. Suddenly awoken by cockcrow, You look around distraught As if you'd spent the night In another man's house, But don't be alarmed: It's your own.
णवपल्लवं विसण्णा पहिआ पेच्छंति चूअरुक्खस्स,कामस्स लोहिउप्पंगराइअं हत्थभल्लं व	In despair The travelers stare at the new shoot on the mango tree, As though it were one of Love's arrows Crimson with a clot of blood.
महिलाणं चिअ दोसो जेण पवासम्मि गव्विआ पुरिसा,दो तिण्णि जाव ण मरंति ता ण विरहा समप्पंति	That their husbands blithely go abroad Is the fault of their wives. The moment one or two of them die There will be no more talk of separation.
वालअ दे वच्च लहुं मरइ वराई अलं विलंवेण,सा तुज्झ दंसणेण वि जीवेज्ज ण एत्थ संदेहो	Hey, you fool, Can't you walk a little faster? The poor girl is dying. Stop dragging your feet. The mere sight of you will revive her. No doubt of it.
तंमिरपसरिअहुअवहजालोलिपलीविए वणाभोए,किंसुअवणं ति कलिऊण मुद्धहरिणो ण णिक्कमइ	While all around the forest is burning, Lines of red flame steadily advancing, The foolish doe does not flee, Imagining herself in a forest of flame trees.
णिहुअणसिप्पं तह सारिआइ उल्लाविअं म्ह गुरुपुरओ,जह तं वेलं माए ण आणिमो कत्थ वच्चामो	The mynah bird has prattled In front of the elders About what we get up to in bed So that, for the moment, I don't know which way to turn.
पच्चग्गुप्फुल्लदलुल्लसंतमअरंदपाणलेहलओ,तं ण त्थि कुंदकलिआइ जं ण भमरो महइ काउं	Eager to taste the fresh nectar That seeps from between the petals At the moment they unfold, There is nothing the bee will not do To the jasmine's closed bud.
सो को वि गुणाइसओ ण आणिमो मामि कुंदलइआए,अच्छीहिं चिअ पाउं अहिलस्सइ जेण भमरेहिं	Aunt, There must be something very special about the early jasmine That we don't know about, Such that all the bees converge on its tiny flowers.
एक्क च्चिअ रूअगुणं गामणिधूआ समुव्वहइ,अणिमिसणअणो सअलो जीए देवीकओ गामो	The village headman's daughter is such a beauty That she has on her own turned all the men of the village into gods By making them unable to blink.
मण्णे आसाओ च्चिअ ण पाविओ पिअअमाहररसस्स,तिअसेहि जेण रअणाअराहि अमअं समुद्धरिअं	That they are churning the ocean To retrieve the nectar of immortality Only shows that the gods have not yet tasted your lips.
आअण्णाअड्ढिअणिसिअभल्लमम्माहआइ हरिणीए,अद्दंसणो पिओ होहिइ त्ति वलिउं चिरं दित्थो	Mortally wounded by a sharp arrow Shot from behind the hunter's ear, The doe, knowing she would not see her mate again, Rolled over and fixed him with a lingering gaze.
मालारी ललिउल्लुलिअवाहुमूलेहि तरुणहिअआइं,उल्लूरइ सज्जुल्लूरिआइ कुसुमाइ दावेंती	Lifting up her lovely arms To display the freshly plucked flowers, The garland seller plucks at The hearts of young men.
मज्झो पिओ कुअंडो पल्लिजुआणा सवत्तीओ,जह जह वड्ढंति थणा तह तह झिज्जंति पंच वाहीए	The fuller the breasts of the hunter's wife The thinner her waist, The thinner her loving husband and his bow, The thinner the youths in her village, And the thinner her husband's other wives.
मालारीए वेल्लहलवाहुमूलावलोअणसअण्हो,अलिअं पि भमइ कुसुमग्घपुच्छिरो पंसुलजुआणो	Eager to feast his eyes On the flower seller's Gorgeous shoulders, The young rake finds an excuse For hanging around By cross-questioning her About her prices.
मंदं पि ण आणइ हलिअणंदणो इह हि डड्ढगामम्मि,गहवइसुआ विवज्जइ अवेज्जए कस्स साहामो	The plowman's son in this damned village Hasn't a clue. The landowner's daughter is dying But with no doctor at hand Whom to tell?
एक्कक्कमपरिरक्खणपहारसमुहे कुरंगमिहुणम्मि,वाहेण मण्णुविअलंतवाहधोअं धणुं मुक्कं	As the stag steps in front of the doe To face the arrow And then the doe steps in front of the stag, The hunter throws away his bow Drenched with tears of distress.
ता सुहअ विलंव खणं भणामि कीअ वि कएण अलम् अहवा,अविआरिअकज्जारंभआरिणी मरउ ण भणिस्सं	Wait a moment, my handsome friend, I've a message from someone. Or perhaps I haven't. She always acts so rashly, She'd be better off dead. No, I've nothing to tell you.
भोइणिदिण्णपहेणअचक्खिअदुस्सिक्खिओ हलिअउत्तो,एत्ताहे अण्णपहेणआण छीवोल्लअं देइ	The plowman is so spoilt by the sweets The tax gatherer's wife has given him to eat That he now turns up his nose at all other sweets.
वाउव्वेल्लिअसाहुलि थएसु फुडदंतमंडलं जहणं,चडुआरअं पइं मा हु पुत्ति जणहासिअं कुणसु	You stupid girl, Don't make a laughingstock Of your doting husband.
गम्मिहिसि तस्स पासं सुंदरि मा तुअर वड्ढउ मिअंको,दुद्धे दुद्धं मिव चंदिआइ को पेच्छइ मुहं दे	You will meet him, No need to hurry, Wait till the moon is full. For no one will tell your face Apart from moonlight Any more than milk from milk.
जइ जूरइ जूरउ णाम मामि परलोअवसणिओ लोओ,तह वि वला गामणिणंदणस्स वअणे वलइ दिट्ठी	Aunt, If these sanctimonious people object, Let them. One can't help it if one's eyes stray Toward the headman's son.
गेहं व वित्तरहिअं णिज्झरकुहरं व सलिलसुण्णइअं,गोहणरहिअं गोट्ठं व तीअ वअणं तुह विओए	Like a house without furnishings, Like the basin of a waterfall without water, Like a cowshed without cattle —Her face without you.
तुह दंसणेण जणिओ इमीअ लज्जाउलाइ अणुराओ,दुग्गअमणोरहो विअ हिअअ च्चिअ जाइ परिणामं	This girl is so shy That the feelings aroused in her By the sight of you, Like a poor man's dreams, find Fulfillment only in the mind.
जं तणुआअइ सा तुह कएण किं जेण पुच्छसि हसंतो,अह गिम्हे मह पअई एव्वं भणिऊण ओरुण्णा	"Since it is due to you That she has grown thin How could you jokingly ask her why? ""I usually do in summer"" was her reply Before she broke down."
अविहत्तसंधिवंधं पढमरसुब्भेअपाणलोहिल्लो,उव्वेल्लिउं ण आणइ खंडइ कलिआमुहं भमरो	The bee is so eager to taste the fresh nectar, He cannot stop to unfold the tight-knit petals But simply pierces the tip of the bud.
दरवेविरोरुजुअलासु मउलिअच्छीसु लुलिअचिहुरासु,पुरिसाइरीसु कामो पिआसु सज्जाउहो होइ	The God of Love strings his bow When women sit astride their husbands, Thighs twitching, Eyes closing And hair tossing around.
जं जं ते ण सुहाअइ तं तं ण करेमि जं मम्ऽ आअत्तं,अहअं चिअ जं ण सुहामि सुहअ तं किं मम्ऽ आअत्तं	I will do my best to avoid Doing the things you don't like, But, my dear, What can I do about the things I don't like?
वावारविसंवाअं सअलावअवाण कुणइ हअलज्जा,सवणाण उणो गुरुसंणिहे वि ण णिरुंझइ णिओअं	Wretched shyness stops her every limb From acting naturally, But even with her parents standing by It cannot force her not to use her ears.
एक्कल्लमओ दिट्ठीअ मइअ तह पुलइओ सअण्हाए,पिअजाअस्स जह धणुं पडिअं वाहस्स हत्थाओ	The doe looked at the solitary stag With such longing That the bow dropped from the hand Of the hunter Whose wife was dear to him.
दोअंगुलअकवालअपिणद्धसविसेसणीलकंचुइआ,दावेइ थणत्थलवण्णिअं व तरुणी जुअजणाणं	The girl has left open her dark blue bodice, Like a door two inches ajar, To show the young men A sample of her breasts.
रक्खेइ पुत्तअं मत्थएण ओच्छोअअं पडिच्छंती,अंसूहि पहिअघरिणी ओल्लिज्जंतं ण लक्खेइ	With her head catching the water That drips from the eaves She protects her little son, But does not notice that he is wet With the tears she sheds For her absent husband.
अब्भंतरसरसाओ उवरिं पव्वाअवद्धपंकाओ,चंकम्मंतम्मि जणे समूससंति व्व रच्छाओ	With a dry crust of mud on the surface But still wet below The village streets seem to sigh heavily As people go to and fro.
तह तेण वि सा दिट्ठा तीअ वि तह तस्स पेसिआ दिट्ठी,जह दोण्ह वि समअं चिअ णिव्वुत्तरआइ जाआइ	He looked at her In such a way, And she at him, That, at the same moment, They both consummated their love.
दुस्सिक्खिअरअणपसिक्खएहि घिट्ठो सि पत्थरे ताव,जा तिलमेत्तं वट्टसि मरगअ का तुज्झ मुल्लकहा	O emerald, A succession of incompetent jewelers Has ground you so long on the stone That you are no bigger than a sesame seed. So what's this talk about being valuable?
जह चिंतेइ परिअणो आसंकइ जह अ तस्स पडिवक्खो,वालेण वि गामणिणंदणेण तह रक्खिआ पल्ली	As his relatives suspected And his enemies feared, The headman's son, Though still very young, Has proved excellent At protecting the village.
गअवहुवेहव्वअरो पुत्तो मे एक्ककंडविणिवाई,तह सोण्हाइ पुलइओ जह कंडवरंडअं वहइ	That daughter-in-law has turned our son Into a trembling wreck: Once he needed just one arrow To make an elephant cow a widow, Now he carries a quiverful.
अप्पाहेइ मरंतो पुत्तं पल्लीवई पअत्तेण,मह णामेण जह तुमं ण लज्जसे तह करेज्जासु	"On his deathbed The headman of the hamlet Earnestly instructs his son: ""Act in such a way As not to be ashamed of my name."""
अणुमरणपत्थिआए पच्चागअजीविए पिअअमम्मि,वेहव्वमंडणं कुलवहूअ सोहग्गअं जाअं	As the good wife prepared To join her beloved on the pyre He came back to life, And her widow's finery Turned to that of married bliss.
महुमच्छिआइ दट्ठं दट्ठूण मुहं पिअस्स सूणोट्ठं,ईसालुई पुलिंदी रुक्खच्छाअं गआ अण्णं	When the Pulinda hunter's wife Saw her husband's lip Swollen by a bee sting, She was stung herself By jealousy And fled To stand in the shade of another tree.
धण्णा वसंति णीसंकमोहणे वहलपत्तलवइम्मि,वाअंदोलणओणविअवेणुगहणे गिरिग्गामे	Lucky are they who live In a mountain village Where one can make love Undisturbed Beneath a leafy hedge Or in deep thickets of reeds That bend and sway in the wind.
तह परिमलिआ गोवेण तेण हत्थं पि जा ण ओल्लेइ,स च्चिअ खडणा एण्हिं पेच्छह कुडदोहिणी जाआ	That froward cow, Which did not even wet the cowherd's hand However much he squeezed her teats— Look how she's now yielding milk By the pail.
धवलो जिअइ तुह कए धवलस्स कए जिअंति गिट्ठीओ,जिअ तंवे अम्ह वि जीविएण गोट्ठं तुमाअत्तं	The bull lives only for you And the heifers only for the bull, So please, dear cow, stay alive For the life of our herd Depends on your life.
अग्घाइ छिवइ चुंवइ ठवेइ हिअअम्मि जणिअरोमंचो,जाआकवोलसरिसं पेच्छह पहिओ महुअपुप्फं	Look how the traveler thrills As he sniffs at the sweetwood flower, Caresses it, kisses it, And presses it against his heart As if it were his wife's pale cheek.
उअ ओल्लिज्जइ मोहं भुअंगकित्तीअ कडअलग्गाइ,ओज्झरधारासद्धालुएण सीसं वणगएण	See how the elephant tries in vain To wet its head beneath a snake's sloughed skin That hangs down from a rocky sill, Mistaking it for a waterfall.
कमलं मुअंत महुअर पिक्ककइत्थाण गंधलोहेण,आलेक्खलड्डुअं पामरो व्व छिविऊण जाणिहिसि	To desert the lotus For the scent of ripe wood-apple— As soon as you touch it, silly bee, You'll find out your mistake, Like the yokel Who reached for a sweetmeat in a painting.
गिज्जंते मंगलगाइआहि वरगोत्तदिण्णअण्णाए,सोउं व णिग्गओ उअह होंतवहुआइ रोमंचो	Look, When the women start singing the wedding songs Goose pimples break out on the bride-to-be As if they too want to hear The bridegroom's name.
मण्णे आअण्णंता आसण्णविवाहमंगलुग्गीअं,तेहि जुआणेहि समं हसंति मं वेअसकुडुंगा	I suspect the reed beds by the river As well as the young men Had a good laugh when they heard The solemn song of blessing On the eve of my wedding.
ण अ दिट्ठिं णेइ मुहं ण अ छिविउं देइ णा लवइ किं पि,तह वि हु किं पि रहस्सं णववहुसंगो पिओ होइ	She does not look at you, Does not allow you to touch her face, Says nothing. Yet, In some mysterious way, Being with a young bride is pure joy.
पुच्छिज्जंती ण भणइ गहिआ पप्फुरइ चुंविआ रुअइ,तुण्हिक्का णववहुआ कआवराहेण उवऊढा	When he asks her a question She does not reply, When he touches her She recoils, When he kisses her She starts to cry, And when he attempts an embrace His young wife's silence Makes him feel like a criminal.
तत्तो च्चिअ होंति कहा विअसंति तहिं तहिं समप्पंति,किं मण्णे माउच्छा एक्कजुआणो इमो गामो	The girl's thick, fragrant hair Is like a column of smoke rising from the fire of love, Like a bunch of peacock's tail-feathers Waved by the conjuror to distract his audience, Like the victory banner of youth.
जाइ वअणाइ अम्हे वि जंपिमो ताइ जंपइ जणो वि,ताइं चिअ तेण पजंपिआइ हिअअं सुहावेंति	Who is not captivated by a woman's breasts, That, like a good poem, Are a pleasure to grasp, Are weighty, compressed, and nicely ornamented?
सव्वाअरेण मग्गह पिअं जणं जइ सुहेण वो कज्जं,जं जस्स हिअअदइअं तं ण सुहं जं तहिं ण त्थि	If you want to be happy Take care in choosing a lover, For what is dear to you Does not bring happiness Unless you are dear to it.
दीसंतो दिट्ठिसुहो चिंतिज्जंत मणवल्लहो अत्ता,उल्लावंत सुइसुहो पिओ जणो णिच्च रमणिज्जो	When one sees him He gives satisfaction to the eyes, When one thinks of him He gives satisfaction to the mind, When he speaks He gives satisfaction to the ears: Dear mother-in-law, My husband is always delightful.
ठाणब्भट्ठा परिगलिअपीणआ उण्णईअ परिचत्ता,अम्हे उण ठेरिपओहर व्व उअरे च्चिअ णिसन्णा	Fallen from our former position, Our abundance wasted away, No longer prominent, We stare at our navels Like an old woman's breasts.
पच्चूसागअ रंजिअदेह पिआलोअ लोअणाणंद,अण्णत्तखविअसव्वरि णहभूसण दिणवइ णमो दे	What a feast for the eyes, When you return at dawn Red all over Having spent the night elsewhere. Ornament of the sky, Lord of the day, We bow before you humbly.
विवरीअसुरअलेहड पुच्छसि मह कीस गब्भसंभूइं,ओअत्ते कुंभमुहे जललवकणिआ वि किं ठाइ	You who like to make love upside down, How can you ask if I am pregnant? Is there a single drop of water left In a jug turned upside down?
अच्चासण्णविवाहे समं जसोआइ तरुणगोवीहिं,वड्ढंते महुमहणे संवंधा णिण्हुविज्जंति	When Kṛṣṇa came of age And the time of his marriage drew near The young cowgirls tried to conceal their family ties With his mother Yaśodā.
दूरंतरिए वि पिए कह वि णिअत्ताइ मज्झ णअणाइ,हिअअं उण तेण समं अज्ज वि अणिवारिअं भमइ	When my lover left for distant lands My eyes found their way back home, But my heart is still beside him Going wherever he goes.
तस्स कहाकंतइए सद्दाअण्णणसमोसरिअकोवे,समुहालोअणकंपिरि उवऊढा किं पवज्जिहिसि	At the mention of his name you bristle; At the sound of his voice your anger melts; Seeing him face to face, you tremble. What will you do when you embrace?
भरणमिअणीलसाहग्गखलिअचलणद्धविहुअवक्खउडा,तरुसिहरेसु विहंगा कह कह वि लहंति संठाणं	With great difficulty Birds find a place to rest In the treetops, Fluttering their wings And shifting their feet At the tips of the dark branches That bend beneath their weight.
कंडंतेण अकंडं पल्लीमज्झम्मि विअडकोअंदं,पइमरणाहि वि अहिअं वाहेण रुआविआ अत्ता	When our hunter In the middle of the village, for everybody to see, Started to cut sections into his gruesome bow Mother-in-law began to cry Louder even than on the day her husband died.
अम्हे उज्जुअसीला पिओ वि पिअसहि विआरपरिओसो,ण हु अण्णा का वि गई वाहोहा कह पुसिज्जंतु	My dear, I am a simple person, While my lover only likes fancy tricks. Tell me, is there some other way of wiping my eyes?
चंचुपुडाहअविअलिअसहआररसेण सित्तदेहस्स,कीरस्स मग्गलग्गं गंधंधं भमइ भमरउलं	A swarm of bees blindly pursues the parrot Whose feathers are spattered with the juice Dripping from the mango it has pecked with its beak.
एत्थ णिमज्जइ एत्ता एत्थ अहं एत्थ परिअणो सअलो,पंथिअ रत्तीअंधअ मा मह सअणे णिमज्जिहिसि	Here's my mother-in-law's bed, Here is mine, And there those of the servants. Traveler, you won't see in the dark, So do be careful not to fall into mine.
परिओससुंदराइं सुरएसु लहंति जाइ सोक्खाइ,ताइं चिअ उण विरहे खाउग्गिण्णाइ कीरंति	The pleasures of love, Which gave the women such complete delight, Are chewed over and endlessly regurgitated Once their husbands have gone abroad.
मग्गं चिअ अलहंतो हारो पीणुण्णआण थणआण,उव्विग्गो भमइ उरे जमुणाणइफेणपुंजो व्व	Finding no way between her full, upcurving breasts, Her necklace of pearls dances upon her chest Like the bubbles of foam on the Yamunā.
जे जे गुणिणो जे जे अ चाइणो जे विअड्ढविण्णाणा,दारिद्द रे विअक्खण ताण तुमं साणुराओ सि	All the worthy people I meet, All the generous and discerning ones Already receive your favors, You clever devil, Poverty.
जइ कोत्तिओ सि सुंदर सअलतिहीचंददंसणसुहाणं,ता मसिणं मोइज्जंतकंचुअं पेक्खसु मुहं से	Handsome man, If you want to enjoy the sight Of every phase of the moon Look at her gentle face As she slowly lifts her bodice Over her head.
समविसमणिव्विसेसा समंतओ मंदमंदसंचारा,अइरा होहिंति पहा मणोरहाणं पि दुल्लंघा	The lie of the land is blurred And everywhere progress gets slower: Soon the roads will be impassable Even for the wheels of his fancy.
अइदीहराइ वहुए सीसे दीसंति वंसवत्ताइ,भणिए भणामि अत्ता तुम्हाण वि पंडरा पुट्ठी	"When she said: ""Daughter-in-law, There are long bamboo leaves in your hair."" I said: ""Mother-in-law, Your back is all white."""
अत्थक्करूसणं खणपसिज्जणं अलिअवअणणिव्वंधो,उम्मच्छरसंतावो पुत्तअ पअवी सिणेहस्स	Sudden outbursts of anger and the next moment calm, Constant pretence as well as agonies of jealousy, Such, my son, is the nature of love.
अइ उज्जुए ण लज्जसि पुच्छिज्जंती पिअस्स चरिआइं,सव्वंगसुरहिणो मरुवअस्स किं कुसुमरिद्धीहि	You simpleton, Shouldn't you be a little more discreet When people ask how your lover behaves? With all its leaves so fragrant, What need has the marjoram for a mass of blooms?
मुद्धे अपत्तिअंती पवालअंकुरअणिद्धलोहिअए,णिद्धोअधाउराए कीस सहत्थे पुणो धुअसि	Foolish girl, Why are you still washing The red powder from your soft palms That are by nature pink As a spray of coral?
पुससु मुहं ता पुत्तिअ वाहोअरणं विसेसरमणिज्जं,मा एअं चिअ मुहमंडणं ति सो काहिइ पुणो वि	Young girl, Wipe away these tears Which make your face look even more attractive, For he might do it again, Thinking how well they suit you.
अवरण्हागअजामाउअस्स विउणेइ मोहणुक्कंठं,वहुआइ घरपलोहरमज्जणपिसुणो वलअसद्दो	The tinkle of bracelets As she took a bath in the backyard of her parents' house Redoubled the passion of her husband Who had arrived in the late afternoon.
जुज्झचवेडामोडिअजज्जरकण्णस्स जुण्णमल्लस्स,कच्छावंधो च्चिअ भीरुमल्लहिअअं समुक्खणइ	The old wrestler With ears mangled by many a fight Has only to gird up his loins For his fearful opponent to lose heart.
आणंदंतेन तुमं पइणो पहएण पडहसद्देण,मल्लि ण लज्जसि णच्चसि दोहग्गे पाअडिज्जंते	Instead of dancing for joy Should you not feel shame? The drum that celebrates your husband's victory In the wrestling match Makes your unhappy marriage Known to all the world.
मा वच्चह वीसंभं इमाण वहुचाडुअम्मणिउणाणं,णिव्वत्तिअकज्जपरम्मुहाण सुणआण व खलाणं	Don't trust those bastards! They're just like dogs: First they fawn But once they've had their way They turn their backs on you.
सच्चं साहसु देअर तह तह चडुआरएण सुणएण,णिव्वत्तिअकज्जपरम्मुहत्तणं सिक्खिअं कत्तो	Tell me, brother-in-law, That dog who fawned on the bitch So persistently, Where did he learn to turn his back on her The moment he'd had his way?
णिप्पण्णसस्सरिद्धी सच्छंदं गाइ पामरो सरए,दलिअणवसालितंडुलधवलमिअंकासु राईसु	In autumn, when the corn is ripe, The farmer would do as he likes If only the moonlit nights weren't bright As the fresh grains of husked rice.
अलिहिज्जइ पंकअले हलालिचलणेण कलमगोवीए,केआरसोअरुंभणतंसट्ठिअकोमलो चलणो	Bees circle round the rice girl's pink foot Placed across the sluice To stop the water flowing Into the paddy field.
दिअहे दिअहे सूसइ संकेअअभंगवड्ढिआसंका,आवंडुरोणअमुही कलमेण समं कलमगोवी	Just like the rice, Each day her head bends lower And her face grows paler —The girl who guards the paddy, As she grows more fearful of the day When her occupation will cease.
दट्ठूण हरिअदीहं गोसे संढाण जूरए हलिओ,असईरहस्समग्गं तुसारधवले तिलच्छेत्ते	When at dawn he sees a long swathe of green Through the frost-white field of sesame —His faithless wife's clandestine trail— The farmer blames himself for letting loose the bulls.
संकेल्लिओ व्व णिज्जइ खंडं खंडं कओ व्व पीओ व्व,वासागमम्मि मग्गो घरहुत्तमुहेण पहिएण	At the approach of the rains The traveler is so intent on getting home That he bundles up the road and takes it with him, That he cuts it into manageable pieces, That he swallows it down in one gulp.
एण्हिं वारेइ जणो तइआ मूइल्लओ कहिं व गओ,जाहे विसं व जाअं सव्वंगपहोलिरं पेम्मं	Nowadays people restrain me But when this love, Which like a poison courses through all my limbs, First began They were mute.
अण्णोण्णकलक्खंतरपेसिअमेलीणदिट्ठिपसराइं,दो च्चिअ मण्णे कअभंडणाइ समअं पहसिआइं	When their surreptitious glances met The couple whom I thought were sulking Both burst out laughing.
धण्णा वहिरंधरआ ते च्चिअ जीअंति माणुसे लोए,ण सुणंति पिसुणवअणं खलाण अद्धिं ण पेक्खंति	Happy are the deaf and the blind! Though they live among humankind They hear not a single word of slander Nor see how the wicked prosper.
गामारुह म्हि गामे वसामि णअरट्ठिइं ण आणामि,णाअरिआणं पइणो हरेमि जा होमि सा होमि	I was born and raised in a village, I live in a village, And with the ways of the town I am not familiar. Still, I attract the husbands of the women in town. I am what I am.
ओसर रोत्तुं चिअ णिम्मिआइ मा पुससु मे हअच्छीइं,दंसणमेत्तुम्मइएहि जेहि सीलं तुह ण णाअं	Be off! Stop wiping away my tears! Crying is what my stupid eyes were made for. For when they tried looking they got distracted And failed to see your true nature.
रणरणअसुण्णहिअओ चिंतंतो विरहदुव्वलं जाअं,अमुणिअणिअवसही सो वोलीणो गाममज्झेण	He was so distracted with worry About his wife not surviving the long separation That, reaching his house, He walked on.
सुअणो णि दीसइ च्चिअ खलबहुल डड्ढजीअलोअम्मि,जह काअसंकुला तह ण हंसपरिवारिआ पुहवी	In this damned world of ours, so full of crooks, A decent man is rarely seen. The earth teems with crows But geese are few and far between.
जं मुच्छिआइ ण सुओ कलंवगंधेण तं गुण पडिअं,इअरा गज्जिअसद्दो जीएण विणा ण वोलंतो	That she did not hear the thunder Because she was swooning from the scent Of the kadamba flower Saved her life. Otherwise the thunder would not have passed by Without taking it.
जं असरणो व्व डड्ढो गामो साहीणवहुजुआणो वि,संभमविसंठुलाणं तं दुच्चरिअं तुह थणाणं	That our village burnt down As though there were no help for it, Despite the number of young men at hand, Is the doing of your wicked breasts Which in the confusion Were swaying about.
अह सुअइ दिण्णपडिवक्खवेअणा पसिढिलेहि अंगेहिं,णिव्वत्तिअसुरअरसाणुवंधसुहणिब्भरं वहुआ	After tasting to the full the pleasures of love The young wife slept soundly, Unaware how her weary limbs Were a torture to her rivals.
जइ तेण तुज्झ वअणं ण कअं मह कारणेण अ हआसे,सा कीस खंडिअतडं णिआहरं दूइ दुम्मेसि	If he does not do what you ask him On my behalf, you useless messenger, Why not give your lips a rest? They are already bruised.
दिट्ठाइ जं ण दिट्ठो सरलसहावाइ जं च णा ऽलविओ,उवआरो जं ण कओ तं चिअ कलिअं छइल्लेहिं	That you did not look at him When he looked at you, That you did not speak to him While you are usually so forthright, That you did not want to show him kindness —Our clever friends have noted it all.
अविरलणिग्गअपुलओ पअडिअकंपो पमुक्कसिक्कारो,हेमंते पहिअजणो सुरआसत्तो व्व पडिहाइ	Covered all over with gooseflesh, Visibly shivering, Sucking in his breath between clenched teeth: The winter wayfarer Looks like a man making love.
सेउल्लणिअंवालग्गसण्हसिचअस्स मग्गम् अलहंतो,सहि मोहघोलिरो अज्ज तस्स हसिओ मए हत्थो	Friend, I had to laugh When his hand fumbled at my thin skirt, Which stuck tight to my sweating thighs.
अमिअमअं चिअ हिअअं हत्था तण्हाहरा सअण्हाणं,चंदमुहि कत्थ णिवसइ अमित्तदहणो तुह पआवो	Your heart is made of nectar, Your hands allay the yearning of those who yearn, Where, O moon-faced girl, Do you produce the heat With which you burn your enemies?
दिट्ठीअ जाव पसरो ताव तुमं सुहअ णिव्वुइं कुणसि,वोलीणदंसणो तह तवेसि जह होउदिट्ठेण	As long as you are within sight My beautiful man, you give pleasure. But as soon as you are out of sight You cause such grief That I never want to see you again.
उण्हो त्ति समत्थिज्जइ डाहेण सरोरुहाण हेमंतो,चरिएहि णज्जइ जणो संगोवंतो वि अप्पाणं	Foolish girl! The clouds thunder, The paths are grass-grown, The rivers are swollen, And still you look down the road For your husband.
उवहारिआइ समअं पिंडारे उअ कहं कुणंतम्मि,णववहुआइ सरोसं सव्व च्चिअ वछआ मुक्का	Lotuses know that winter is hot Because it makes them wilt. However much they try to hide their true nature, People are betrayed by their acts.
पज्जालिऊण अग्गिं मुहेण पुत्तिअ किणो समोसरसि,थणअलसपडिअपडिमा फुरंति ण छिवंति ते जाला	Look! While the cowherd is chatting up the maid His young wife angrily sets all the calves free.
अग्गिं अब्भुत्तंतीअ पुत्ति पडिमागआ कवोलम्मि,कण्णालंविअपल्लवलच्छिं संधेइ ते जाला	You silly girl, Why do you shrink away each time you blow into the fire? These flames reflected on your round breasts Flicker but will not touch you.
कह दे धूमंधारे अब्भुत्तणं अग्गिणो समप्पिहइ,मुहकमलचुंवणालेहडम्मि पासट्ठिए दिअरे	Dear girl, The flames reflected on your cheeks When you kindle the kitchen fire Resemble blossoming twigs Hanging down from your ears.
आअंवच्छं पअलंतवाहम् आवद्धथणहरुक्कंपं,असमत्तं चिअ चिट्ठउ सिहिणो अब्भुत्तणम् इणं ते	How will you ever manage to kindle the fire In the kitchen dark with smoke With your young brother-in-law at your side Trying to kiss the lotus of your mouth?
छणपाहुणिए ऽत्ति किणो अज्ज वि णं भणह अंगसंतावं,जाआ अम्ह घरिल्लअगुणेण घरसामिणि च्चेअ	Look at you: Your eyes are red, Tears flow down your cheeks, And your heavy breasts are shaking. You'd better stop Trying to kindle the kitchen fire.
भिउडीअ पुलोइस्सं णिब्भच्छिस्सं परंमुही होस्सं,जं भणह तं करिस्सं सहीउ जइ तं ण पेच्छिस्सं	The breasts of the huntsman's wife riseAs if to tell the elephant, rhinoceros and ox, The deer, buffalo, tiger and bear That from her husband They have nothing to fear.
जं केअवेण पेम्मं जं च वला जं च अत्थलोहेण,जं उवरोहणिमित्तं णमोणमो तस्स पेम्मस्स	I'll frown at him, I'll abuse him, And I'll turn my back on him. I'll do whatever you say, friends, As long as I don't have to look at him.
कस्स ण सद्धा गरुअत्तणम्मि पइणो पसाअमाणस्स,जइ माणभंजणीओ ण होंति हेमंतराईओ	Love based on pretence, Love based on force, Love based on greed, Love based on compliance —Honor to them all!
अव्वो तहिंतहिं चिअ गअणे भमिऊण वीसमंतेण,वोहित्तवाअसेण व्व हासिआ डड्ढपेम्मेण	Who would not love to be tough on a cringing husband But for the long winter nights That erode one's pride?
दे आ दुमसु तुमं चिय मा परिहर पुत्ति पढमदुमियं ति,किं कुड्डं णिअमुहअंदकंतिदुमिअं ण लक्खेसि	O! What a fool Love has made of me, As when the ship's crow Circles the whole heaven Only to settle on the ship again.
विज्जंति तणुं उवणेंति वेअणं णेयताण खयमग्गे,अब्बो अइट्ठपुव्वो अणंगबाणाण माहप्पो	Hey there, daughter— Keep on whitewashing that wall. Don't stop because you think the job's already done. Can't you see? It's the moonlight of your face That makes it look so white.
आमोडऊण बलाउ हत्थं मज्झं गओ सि भो पहिअ,हिअआउ जइ अ णीहसि सामत्थं तुज्झ जाणिस्सं	They pierce one's body, Cause pain But without making wounds. Ah! Love's arrows are unique.
सद्धा मे तुज्झ पियत्तणस्स अहयं तु तं ण याणामि,दे पसिय तुमं चिय सिक्खवेसु जह ते पिया होमि	Having wrenched yourself from my grip You left for the road, But only when you manage to escape from my heart as well Will I acknowledge your power.
पेम्मुम्मइयाइ मए उवऊढो हलियउत्तबुद्धीए,फंसेमि जाव फरुसो तणपुरिसो गामसीमाए	Blind with love I threw my arms around him, Taking him for a farmer's boy. But when I touched him He was just a spiky scarecrow At the village boundary.
बे मग्गा धरणियले माणिणि माणोण्णयाण पुरिसाण,अहवा पावंति सिरिं अहव भमंता समप्पंति	Proud woman, Here on earth two ways are open To people who are proud and haughty: Either they find a treasure Or they are pilgrims of love For the rest of their lives.
कत्तो कमलाण रई कत्तो कुमुयाण सीअलो चंदो,तह सज्जणाण णेहो ण चलइ दूरट्ठिआणं पि	What has the hot sun, Which makes the lotuses unfold, In common with the cool moon Which makes the water lilies unfold? It's as with a good man's affection, Which does not alter However far away he may be.
ढंखरसेसो वि हु महुअरेण मुक्को ण मालईविडवो,दरवियसियकलियामोयबहलिमं संभरंतेण	Though the twigs were completely bare, The bees clung to the jasmine, Savoring the memory of the scent Which burst from the buds that had been there.
डहिऊण सयलरण्णं अग्गी समविसमलंघणुव्वायो,तडलंबंततणेहिं तिसिय व्व णइं समोसरइ	After burning the entire forest The fire was worn out With crossing hill and plain. So, holding on to the grass that grew on the steep bank, It went down to the river for a drink.
रअणायरस्स साहेमि णम्मए अज्ज मुक्कदक्खिण्णा,वेडिसलयाहरंतेण मिलिया जं सि पूरेण	River-nymph Narmadā, Today I will put discretion aside And tell your husband, the sea, How you had a rendezvous with the stream In a bower of reeds.
तिसिया पियउ त्ति मओ मओ वि तिसिओ मई करेऊण,इय मयमिहुणं तिसियं पियइ ण सलिलं सिणेहेण	The stag thought that she was more thirsty than he And the doe thought that he was more thirsty than she. In this way the thirsty couple Out of consideration for each other Did not drink at all!
णिवडिहिसि सुण्णहियए जलहरजलपंकिलम्मि मग्गम्मि,उप्पेक्खागयपिययमहत्थे हत्थं पसारेंती	Watch out! The path is slippery after today's shower. If you grope for the hand of your lover Whom you imagine is standing beside you, You are bound to fall over.
उच्छंगियाऎ पइणा अहिसारणपंकमलिणपेरंते,आसण्णपरियणो विअ सेअ च्चिय धुवइ से पाए	As soon as her husband took her on his lap Sweat poured from her Like an attentive servant, Washing the mud of last night's assignation From her feet.
अणुसोयइ हलियबहू रइकिरणोलुग्गपंडुरच्छायं,रण्णुंदुरदंतुक्खुत्तविसमवलियं तिलच्छेत्तं	The plowman's wife bemoans the sesame field, Bleached by the rays of the sun And pockmarked by the burrowing of field mice.
कमलायराण उण्हो हेमंतो सीअलो जणवयस्स,को किर भिण्णसहावं जाणइ परमत्थयं लोए	Who needs a blanket, Who needs a fire, And who needs a bedchamber, If he has a wife with warm breasts Lying snug against his chest?
पढमं चिय माहवपट्टयं व घेत्तूण डाहिणो वाओ,अंकोल्लपढमवत्तं पहिंडिओ गामरच्छासु	As though seizing the first sign of spring, The south wind whirls the first aṃkolla leaf Through the village streets.
सो माणो पियमुहअंददंसणे कह थिरो धरिज्जिहइ,अंकोल्लकोरआण वि जो फुट्टमुहाण बीहेइ	How is this pride going to stand its ground At the sight of the beloved's face If it is already alarmed By the burgeoning buds of the aṃkolla?
कारणगहिओ वि मए माणो एमेअ जं समोसरियो,अत्थक्कफुल्ल अंकोल्ल तुज्झ तं मत्थए पडउ	That my sulking mood, Which was completely justified, Disappeared just like that, Is entirely your doing, Aṃkolla plant, As you unexpectedly started to blossom
दूरपइण्णपरिमलं सपल्लवं मुद्धपुप्फपंगुरणं,अंगच्छित्तं पिव वम्महेण दिण्णं महुसिरीए	Spring offers her body With its drifting fragrance, Leafspray fingers, And cloak of tender flowers As a playground To the God of Love.
कारणगहिअं पि इमा माणं मोएइ माणिणिअणस्स,सहयारमंजरी पियसहि व्व कण्णे समल्लीणा	This mango bud Hanging from her ear, Like a dear friend whispering good advice, Succeeds in banishing sulkiness, However justified it may be.
अज्जं चिय छणदिअहो मा पुत्ति रुएहि एहइ पिओ त्ति,सुण्हं आसासंती पडियत्तमुही रुवइ सासू	"""My daughter, stop crying. He will come. For he has never before missed today's fair."" With these empty words She reassured her son's wife, Turning her face away To hide her tears."
गुणसालिणो वि करिणो होहइ जूहाहिवत्तणं कत्तो,णवसालिकवललोहिल्लिआऎ विंझं मुअंतस्स	How can an elephant Ever become leader of the herd If he leaves the Vindhya With its wild rice For the sake of a mouthful of rice From a paddy field?
णक्खमऊहेसु खणं कुसुमेसु खणं खणं किसलएसु,हत्थेसु खणं कुसुमोच्चियाइ लोडाविया भसला	One moment the bees are hovering Over the bright fingernails Of the girl picking flowers, The next over the flowers, The next over the shoots, And the next over the girl's hands.
जीहाइ परं लिब्भइ दंतोट्ठेणं ण तीरए गहिउं,अहरो व्व सव्वणो गोहणेण पढमो तणुच्छेओ	Unable to grip the new blade of grass With its teeth or lips, The cow merely licks it with its tongue As one does a bruised lip.
विलासणिगुरुणिअंवो तीरउ चलणेहि दोहि उव्वहिउं,एआई उण मज्झो थणभारं कइ णु उव्वहि	It takes two feet to support the woman's broad hips. So how can her waist on its own Support her heavy breasts?
वारिज्जंती णवकोमुइ त्ति मा पुत्ति अंगणे सुवसु,मा ते अंवुपिसाओ चंदो त्ति मुहं गसिज्जिहिइ	Daughter, be warned: It's a new moon. So do not sleep in the courtyard tonight Lest the moon-eating demon swallow your face by mistake.
सुव्वंतो आसि परंपराइ कहकह वि दिट्ठिमिलिओ ऽसि,दे सुहअ किं पि जंपसु पिअंतु कण्णाइ मे अमिअं	I have heard so much about you from others And now at last I see you with my own eyes. Please, my dear, say something So that my ears, too, may drink nectar.
रोआविअ म्ह माए अंगणपहिएण दरपसुत्तेण,परिवत्तसु माणिणि माणिणि त्ति सिविणे भणंतेण	"Mother, if you ask me what made me cry, It's that traveler dozing in our courtyard Who in his dream pleaded: ""Stop being angry, Please stop being angry and turn over."""
सरहसविणिग्गआइ वि इच्छाइ तुमं ण तीअ सच्चविओ,सीसाहअवलिअभुअंगवंकरच्छे हअग्गामे	Though she ran out quickly She failed to spot you. In this damned village the street twists Like a snake hit on the head.
सा तुह विरहे णिक्किव संधारिज्जइ सहीहि णिउणाहि,चंडालहत्थगअसउणिअ व्व जीए णिरालंवा	In your absence, cruel man, She is as helpless as a bird in the hands of a fowler And is only kept alive by her understanding friends.
अणुराअरअणभरिअं कंचणकलस व्व तरुणिथणवट्टं,तस्स चिअ मुहम्मि किआ मसिमुद्दा मअणराएण	The girl's breasts Are like golden pots filled with the jewels of affection. In the middle of each King Love has set his dark seal.
गाहाण अ गेआण अ तन्तीसद्दाण पोढमहिलाण,ताणं सो च्चिअ दण्डो जे ताण रसं ण आणंति	Poems, songs, the sound of the lute, And impudent women, To men who have no taste for such things They are a punishment.
लडहविलआण लोअणकडक्खविक्खेवजणिअसंदावा,झिज्जंति महासत्ता चित्तुव्वेअणसहा होंति	The pain inflicted by the sidelong glances Of seductive women —Saints suffer it too But they master their emotions.
अव्वो ण आमि छेत्तं खज्जउ साली वि कीरणिवहेहिं,जाणंता अवि पहिआ पुच्छंति पुणोपुणो मग्गं	I won't go to the field. What do I care if the parrots eat all the paddy. Whenever I'm there Travelers keep asking me the way Which they know perfectly well.
अत्थक्कागअदिट्ठे वहुआ जामादुअम्मि गुरुपुरओ,जूरइ णिवडंताणं हरिसविफंदंतवलआणं	Surprised by her husband's arrival At her parents' house, The girl was annoyed with her bracelets For dancing up and down her arms And threatening to slip off.
एह इमीअ णिअच्छह विम्हिअहिअआ सही पुलोएइ,अद्दाअम्मि कवोलं कवोलपट्टम्मि अद्दाअं	How surprised the girl is To see her friend's cheek in the mirror And the mirror in her cheek.
कइआ जाआ कइआ णु सिक्खिआ माइआ हअकुमारी,तंतं जाणइ सव्वं जंजं महिलाऒ जाणंति	How old is she, This damned girl? And when did she learn it all? She already knows everything That a mature woman knows.
खणपिट्ठधूसरत्थणि महुमअतंबच्छि कुवलआभरणे,कण्णगअचूअमंजरि पुत्ति तुए मंडिओ गामो	Young girl, On this day of Holê —Your breasts dusted with flour, Your eyes red from too much liquor, A lotus stuck in your hair And mango shoots behind your ears— You are a credit to our village.
मग्गिअलद्धे बलमोडिचुंबिए अप्पणेण उवणीदे,एक्कम्मि पिआअहरे अण्णण्णा होंति रसहेआ	One time you get them only after a long search, At another you kiss them after a struggle, At yet another they are freely offered —One pair of lover's lips Is an inexhaustible source of delights.
उप्फुल्ललोअणेणं कवोलबोसट्टमाणसेएणं,अहणंतेण वि भणिआ मुहेण से कज्जणिव्वुत्ती	By her wide open eyes, By the sweat streaming down her cheeks, The woman said without saying a word That her part of the business was fulfilled.
जत्थ ण उज्जागरओ जत्थ ण ईसा विसूरणं माणो,सब्भावचाडुअं जत्थ ण त्थि णेहो तहिं ण त्थि	Where there is no wakefulness, Jealousy, strife, sulking, And good old flattery, There no love is either.
मह पइणा थणजुअले पत्तं लिहिअं ति गव्विआ कीस,आलिहइ महं पि पिओ जइ से कंपो च्चिअ ण होइ	Why so proud About your husband having painted a pattern On your breasts? My husband would have done the same If his hand had not trembled so much.
कण्णे पडिअं हिअए पडिअं चिअ ओ मए अभव्वाए,जामि त्ति तुज्झ वअणं किं व ण सहिअं पवासस्स	"They fell on my ear And struck at my heart —Oh what more can I suffer?— Your parting words: ""I'm off."""
समपंथपत्थिअस्स वि पहिअस्स खलंति पुढमदिअहम्मि,हिअअट्ठिअजाआगुरुणिअंवहारेण व पआइ	On the very first day of his journey The traveler stumbled, Though the path was smooth, As if hampered by the heavy buttocks Of the wife he already missed.
संदेसो वि ण लिहिओ लेहे पहिएण कत्थ घरतत्ती,अणवरअलिहिअगेहिणिगोत्तक्खरपूरिए पत्ते	The traveler had written nothing about himself Nor asked how things were at home. The palm leaf was covered all over with the syllables of his wife's name Endlessly repeated.
जह दिअहविरामो णवसिरीसगंधुद्धुराणिलग्घविओ,पहिअघरिणीअ ण तहा तवेइ तिव्वो वि मज्झण्हो	While her husband was abroad The fierce midday sun Did not torment the lonely wife So much as the evening breeze Wafting the scent of fresh acacia blooms.
चिरपवसिअदइअकहा णिउणाहि सहीहि विरहसहणत्थं,अलिआ अवि अवराहा वहूऎ कमसो कहिज्जंति	To help the young wife bear being parted Her ingenious friends tell her tales Of lovers' long absences, Listing the various ways they cause hurt, Some quite imaginary.
जंजं पउत्थपइआ पिअअमणामक्खरं लिहइ लेहे,तंतं तल्लेहणिआणुसारगलिओ पुसइ सेओ	Each time she tries to write a letter To her husband on his travels The drops of sweat running down her pen Blot out the syllables of his dear name.
अच्छउ णिमीलिअच्छी मा मा वारेह पिअअमासाए,तेण विणा किं पेच्छउ उम्मिल्लेहिं वि अच्छीहिं	Let her sit with eyes closed, Dreaming of her husband. For until he returns What is there for her to look at With her eyes open?
जइ देव्व तुं पसण्णो मा करिहिसि मज्झ माणुसं जम्मं,जइ जम्मं मा पेम्मं जइ पेम्मं मा जणे दुलहे	Fate, Please, don't let me be born as a human again. But if it must be, Then don't let me fall in love. But if it must be, Then don't let me fall in love With a man who is so hard to get.
एक्के अअणे दिअहा वीए रअणीऒ होंति दीहाओ,विरहाअणो अपुव्वो एत्थ दुवे च्चेअ वड्ढंति	For half the year the nights are long, For the other half the days. Separation confuses everything As both its days and nights are long.
चिरजीवित्तणकंखिरि मा तम्म रसाअणेहि अथिरेहि,विरहं पवज्ज जाअंति जेण जुअदीहरा दिअहा	If you want to live long Do not trouble about dubious elixirs. Just arrange for your lover to go away, Then the days grow long as eons.
रुअइ रुअंतीऎ मए ओहिदिणे गणइ झिज्जइ अहं व,पिअविरहे मामि सअज्झिआऎ णेहो च्चिअ अपुव्वो	She shares my tears, Counts off each day, And grows as thin as I do While my husband is away. Aunt, the concern my neighbor shows Is quite extraordinary.
कंठग्गहणेण सअज्झिआऎ अब्भागओवआरेण,वहुआऎ पइम्मि वि आगअम्मि सामं मुहं जाअं	As the woman from next door Threw her arms around him To welcome him home, The wife's face grew dark Despite her husband's return.
दूई ण एइ चंदो वि उग्गओ जामिणी वि बोलेइ,सव्वं सव्वत्थो च्चिअ विसंठुलं कस्स किं भणिमो	The messenger is late, The moon is high, And the night is passing. Everything's awry But to whom can I complain?
सो णा ऽगओ त्ति पेच्छह परिहासुल्लाविरीऎ दूईए,णूमंतीअ पहरिसो ओसट्टइ गंडपासेसु	"""He's not coming,"" Teased the go-between. But look: Despite her feigning, A thrill of excitement Steals over her face."
साहेंती सहि सुहअं खणेखणे दूमिआ सि मज्झ कए,सब्भावणेहकरणिज्जसरिसअं दाव विरइअं तुमए	Addressing my lover again and again. Dear friend, all this trouble for my sake. What you do You seem to do out of true love.
जं तुह कज्जं तं चिअ कज्जं मज्झ त्ति जं सआ भणसि,ओ दूइ सच्चवअणे अज्ज सि पारं गआ तस्स	"You always say: ""Your business is my business,"" But today, dear go-between, You've taken it all too literally And gone too far."
णवलअपहरुत्तत्थाऎ तं कअं हलिअवहुआए,जं अज्ज वि जुवइजणो घरेघरे सिक्खिउं महइ	What the young farmer's wife only does After being threatened with a twig Every young maiden In every household Would love to be taught.
पइपुरओ च्चिअ रभसेण चुंबिओ देवरो अडअणाए,मह वअणं मइरागंधिअं ति हाआ तुहं भणइ	Before her husband's eyes The brazen woman passionately kissed his brother's mouth. She said she did so because he'd said That her mouth smelt of drink.
तह अडअणाऎ रुण्णं पइमरणे बाहरुद्धकंठीए,अणुमरणसंकिणो जह जारस्स वि संकिअं हिअअं	The false woman bewailed her dead husband With such choking sobs That even her lover was afraid She might join him on the pyre.
महुएहि किं व वालअ हरसि णिअंबाहि जइ वि मे सिअअं,साहामि कस्स रण्णे दूरे गामो अहं एक्का	Why waste your time with sweetwood flowers, You silly? Just pull the skirt from my hips. Whom can I call to in this wood? The village is a long way off And I am all by myself.
अव्वो कालस्स गई सो वि जुआ सरसकव्वदुल्ललिओ,पढइ परासरसद्दं अम्हे वि णिअं पइं गमिमो	Oh! the passage of time: This young man, Weary of passionate poems, Now studies law While we. . . We stick to our husbands.
भणभण जंजं पडिहाइ तुज्झ तंतं सहामिमो अम्हे,असहत्तणं च जीअं च वल्लभे दोइ ण घडंति	Say what you like: I can take it. For being touchy And living with the man one loves Are two things that don't go together.
एअं चिअ मह णामं भणभण दे सुहअ किं विलक्खो सि,पडिहाइ जं ण तुज्झ वि ममं पि किं देण णामेण	Is that to be my name? Use it, darling, use it: Don't be embarrassed. If my name doesn't appeal to you What use is it to me?
मा वेलवेसु बहुअं पुत्तअ अलिएहि गोत्तेहिं,एसा वि जाणइ च्चिअ परिहासुम्मिस्सभणिआइं	My son, don't overdo That joke of calling her by another woman's name. Your wife also knows how to be funny.
अइ चंडि किं ण पेच्छसि जइ सो वाहरइ अण्णगोत्तेण,अह दे इच्छइ मच्छरपणच्चिअच्छं मुहं दट्ठुं	Hey! you angry girl, Don't you see That when he calls you by the wrong name It's only because he wants to see your eyes Rolling with jealousy?
वेआरिज्जसि मुद्धे गोत्तक्खलिएहि मा खु तुं रुवसु,किं व ण पेच्छइ अण्णह एद्दहमेत्तेहि अच्छीहिं	Foolish girl, you're in a muddle. His getting your name wrong Is nothing to cry about. What do you think? With those big eyes He could never have made such a mistake.
एक्कसअणम्मि सुमुही विमुही गरुएण माणबंधेण,सिविणकलहम्मि होंती परम्मुही सम्मुही जाआ	Wrapped in her feelings of resentment She turned her lovely face away And fell fast asleep on our bed. But continuing the tiff in dream She turned away again And so came face to face with me.
ण वि तह तक्खणसुअमण्णुदुक्खविअणाऒ वि रुवंति,जह दिट्ठम्मि पिअअमे अणुणिज्जंतीऒ तरुणीऒ	The grief and anger they suffer At the moment they hear about their husbands' lapses Do not make young women cry so loud As when the husbands appear in person And ask to be forgiven.
हिअए रोसुक्खित्तं पाअपहारं सिरेण पत्थंतो,ण हओ दइओ माणंसिणीऎ थोरंसुअं रुण्णं	As her lover begs To be kicked on the head, The angry woman Stops her foot in midair And sheds big tears.
दावंतेण तुह मुहं भुमआभंगम्मि होंतणवसोहं,अकएण उवकअं अज्ज मण्णुणा मज्झ पसिअच्छि	Long-eyed girl, The effect of your anger Was completely annulled By the unusual beauty of your face As you frowned.
अइ पीणत्थणउत्थंभिआणणे सुअणु सुणसु मह वअणं,अथिरम्मि जुज्जइ ण जोव्वणम्मि माणो पिए कादुं	You there, with the big breasts Propping your face up, Pay attention to what I say: Youth does not last forever. So don't look down your nose At your lover.
पडिवक्खस्स वि पुरओ समुहं भणिआ सि तेण पसिअ त्ति,अवलंबिअस्स माणिणि माणस्स अ किं फलं अण्णं	"Face to face and right in front of your rival He begged you: ""Be nice to me again."" What more do you expect From persisting in your anger?"
कज्जं विणा वि कअमाणडंबरा पुलअभिण्णसव्वंगी,उज्जल्लालिंगणसोक्खलालसा पुत्ति मुणिआ सि	This is just a show of anger: There is no cause for it at all. Besides, you're covered with gooseflesh. Anyone can see, silly girl, That what you want is the pleasure Of a passionate embrace.
हंहो किं व ण दिट्ठं हला मए जीविअं धरंतीए,सो मं अणुणेइ पिओ अहं पि अणुणिज्जिमि हआसा	Ah, the horrors I have to witness By staying alive: Him groveling in front of me And my wretched self giving in to it.
ता सोक्खं ताव रई ता रणरणअस्स ण त्थि ओआसो,जा दुक्खेक्कणिहाणे ण होइ बहुवल्लहे पेम्मं	There is pleasure, There is delight, And there is no cause for regret As long as one does not fall in love With a man popular with women. For such a man is one big storehouse of trouble.
माणहरिएहि गंतुं ण तीरए सो णएइ अवराही,को वि अपत्थिअमुणिओ णेज्जं मंतं व आणेज्ज	Those weighed down by the burden of sulking Cannot move And obviously he feels too guilty to come. So I am waiting for someone Who, unasked and of his own accord, Will bring him to me or me to him.
उव्वहइ दइअगहिआ हरोट्ठझिज्जंतकोवगअराअं,पाणोसरंतमइरं व फलिहचसअं मुहं बाला	When he kisses her passionately on the mouth The red flush of anger disappears from her face Like wine draining from a crystal goblet.
तइआ मह गंडत्थलणिमिअं दिट्ठिं ण णेसि अण्णत्तो,एण्हिं स च्चेअ अहं ते अ कवोला ण सा दिट्ठी	Not so long ago your eyes were glued to my cheeks, They could not look away. I am still the same as then, So are the cheeks, Not so your eyes.
अलिअकुविअं पि कअमंतुअं व मं जेसु सुहअ अणुणेंतो,ताण दिअहाण हरणे रुआमि ण उणो अहं कुविआ	If I think again of those days When I acted as though I were hurt And you tried to pacify me As if I were really angry, I have to cry And am unable to become angry.
आम तुह णा ऽवराहो पिअअम मे लोअणाण इह दोसो,माणासहम्मि चडुलेहि वासिओ जेहि हिअअम्मि	No, you are not to blame, my dear, It's the fault of my own fond eyes That let you into my heart, And of my heart That does not know how to sulk.
को सुहअ तुज्झ दोसो हअहिअअं णिट्ठुरं मज्झ,पेच्छसि अणिमिसणअणो जंपसि विणअं ण जंपसे पिट्ठं	How are you to blame? It is my wretched heart that is hard. You always look me straight in the eye, Always speak gently, And never turn your back on me.
वच्च मह च्चिअ एक्काऎ होंतु णीसासरोइअव्वाइ,मा तुज्झ वि तीऎ विणा दक्खिण्णहअस्स जाणीअंतु	Go and leave me To my tears and sighs, Lest you suffer the same as I When she leaves you On account of your showing me Such consideration.
अणुवत्तंतो अम्हारिसं जणं आहिजाईए,चिंतेसि उणो हिअए अणाहिजाई सुहं जअइ	"Doing your best out of politeness To be nice to the likes of us, In your heart you must be thinking ""To hell with politeness."""
हुं णिल्लज्ज समोसर तं चिअ अणुणेसु जीऎ दे एअं,पाअंग्ụट्ठालत्तअरसेण तिलअं विणिम्मविअं	Have you no shame? Get away, go and fawn on the woman Who, with the lac on her toenail, Put this red dot On your forehead.
सा वसइ तुज्झ हिअए स च्चिअ अच्छीसु सा अ सिविणेसु,अम्हारिसाण सुंदर ओआसो कत्थ पावाण	She dwells in your heart, In your eyes and in your dreams, Where then, Mr Handsome, Is there room for a poor wretch like me?
तण्हा मे तुज्झ पिअत्तणस्स कह तं ति णो हि जाणामो,दे सुहअ तुमं चिअ सिक्खवेसु जह दे पिआ होमि	I long to be dear to you But do not know how. Teach me yourself How to be loved.
मलिणवसणाण किअवणिआणं आपंडुगंडपालीणं,पुप्फवइआण कामो अंगेसु कआउहो वसइ	Once in a month The God of Love, fully armed, Resides in women whose clothes are stained, Whose hair is tied in ugly braids, And whose cheeks are pallid.
पुप्फवइअ म्हि बालअ मा चिवसु अदीहराउसो होसि,अज्जं चेअ मरिज्जउ मअच्छि किं कालहरणेण	"""Fool, don't you see I'm having my period. Don't touch me If you value your life."" I am ready to die right away, Deer-eyed woman, So why waste time?"
वाणिअअ हत्थिदंता कत्तो अम्हाण वग्घकत्तीओ,जाव लुलिआलअमुही घरम्मि परिसक्कए सोण्हा	Merchant, How are we to supply elephant tusks And tiger skins While my daughter-in-law walks about the house Waggling her bottom And with her hair hanging loose around her face?
णिअदइअदंसणूसुअ पंथिअ अण्णेण वच्चसु पहेण,घरवइधूआ दुल्लं घवाउरा ठाइ हअगामे	Traveler, If you ever want to see your wife again, You'd better take another road. For here in this wretched village The landowner's daughter In her desperation, Is fishing with a very wide net.
उच्चिणसु पडिअकुसुमं मा धुण सेहालिअं हलिअसुण्हे,एस अवसाणविरसो ससुरेण सुओ वलअसद्दो	Just gather the fallen flowers, (aloud) But do not shake the jasmine bush. Your father-in-law can hear (whispered) The monotonous jingle of your bracelets.
सव्वे जीवा एक्का भावं।	All living beings have the same nature.
अहिंसा परमो धम्मो।	Non-violence is the supreme religion.
सच्चं मेवा।	Truth alone triumphs.
धम्मं सरणं पवज्जामि।	I take refuge in the Dharma.
सव्वं दु:खं।	Everything is suffering.
पाणे भयं न अणुच्छावइ।	Do not inflict fear on living beings.
लोए कज्जं करोइ।	One must perform duties in the world.
तवो सुज्झे, ज्ञाणं पवज्जे।	Through penance, one purifies, and through knowledge, one renounces.
सव्वे खत्ता सुखाय।	All seek happiness.
जिण्णं जीवं।	Life is impermanent.
नत्थि सच्चं परं।	There is no truth beyond truth.
बुद्धं सरणं पवज्जामि।	I take refuge in the enlightened one.
सव्वे संसारं भवति।	All are bound by the cycle of birth.
अण्णं मिच्छामि दुःखं।	I seek forgiveness for my faults.
लोका सव्वेणं इच्छंति।	Everyone desires happiness.
सुहं मणुस्सत्थं।	Blessed is the human birth.
पंचमहाव्रता संकिला।	The five great vows are pure.
सव्वं जिणं सस्स।	Everything is conquerable through detachment.
पराणे न हिंसाय।	Do not harm any living being.
लोए अहिंसा कयालिय।	Non-violence is the foundation of the world.
विज्जा सव्वं दुःखं।	Knowledge is the remover of all suffering.
समणं सव्वं जण्णं।	Renunciation leads to wisdom.
जीवं पिआयं।	Life is dear to all.
सम्मं पंचकारेणं।	Perform all actions with right intention.
वज्जं सव्वेसु खत्तेहि।	The wise avoid all faults.
अण्णं विणा सव्वं दुक्खं।	Without wisdom, all is suffering.
सच्चं जाणइ धम्मेणं।	Truth is realized through Dharma.
लोयत्तं सव्वेणं हवे।	Detachment is the essence of all.
जो मिच्छत्तं जाणइ सो णरो सुद्धो।	He who understands wrong views becomes pure.
पुणो सव्वं अहं जाणेमि।	I will know everything again.
इयं लोए उवसंतो।	Calmness prevails in this world.
मरणं सोहिणी।	Death is the ultimate truth.
पंचव्रती सव्वं जिणं।	He who follows the five vows conquers all.
तवो सुगमं।	Penance is the right path.
जं जाणइ सो सव्वं जाणइ।	What one knows, one knows all.
परमं सच्चं अहिंसा।	The supreme truth is non-violence.
खत्ता जीवा परं भावं।	Beings attain the supreme state.
पाणे जीवं सव्वं जाणइ।	The soul knows all life.
पुणो सव्वं सच्चं जाणेमि।	I will know all truth again.
धम्मेणं पवज्जति सव्वं दुक्खं।	Through Dharma, all suffering is renounced.
सो जाणइ अहिंसा महत्तं।	He understands the greatness of non-violence.
णं दुक्खं परमं जाणेमि।	I know that suffering is ultimate.
सव्वं जीवं मणुस्सत्तं।	All beings desire human life.
वज्जं सव्वं सव्वेसु जाणेमि।	I know the faults in all.
मिच्छत्तं न जाणइ सव्वं।	The wrong views are not to be followed.
अण्णं पवित्तं जाणेमि।	I know purity alone.
अहिंसा सव्वं सुदं।	Non-violence is pure.
सो जाणइ समणं।	He knows renunciation.
लोए सव्वं हवे।	Everything is bound to the world.
सव्वे जाणइ अहिंसा।	Everyone knows non-violence.
धम्मं पवित्तं जाणेमि।	I know the purity of Dharma.
मरणं जाणइ सोहिणी।	He knows that death is ultimate.
सव्वं दुक्खं मिच्छत्तं।	All suffering arises from wrong views.
सव्वं लोए हवे।	Everything is bound to the world.
पवित्तं जाणइ सव्वं।	He knows purity in all.
पंचव्रती सव्वं जाणइ।	The follower of five vows knows all.
मिच्छत्तं सव्वं जाणइ।	He knows all wrong views.
सव्वं जीवं जाणइ।	He knows all life.
लोए जाणइ धम्मं।	The world knows Dharma.
पंचमहाव्रती जाणइ सव्वं।	The one who observes the five great vows knows all.
सव्वं हवे दुक्खं।	All is suffering.
अण्णं धम्मं जाणेमि।	I know the true Dharma.
लोए जाणइ अहिंसा।	The world knows non-violence.
अहिंसा सव्वं हवे।	Non-violence is everything.
पवित्तं सव्वं जाणइ।	He knows all that is pure.
पंचमहाव्रतं सव्वं जाणइ।	The follower of the five great vows knows everything.
धम्मेणं सव्वं जाणइ।	He knows everything through Dharma.
लोए सव्वं हवे।	Everything is bound to the world.
पवित्तं सव्वं हवे।	All is purity.
अहिंसा हवे सव्वं।	Non-violence is everything.
पंचव्रतं जाणइ सव्वं।	The follower of the five vows knows everything.
मिच्छत्तं हवे सव्वं।	Wrong views dominate everything.
पंचव्रतं हवे सव्वं।	The five vows encompass everything.
धम्मं हवे सव्वं।	Dharma is everything.
सव्वं मिच्छत्तं हवे।	All is dominated by wrong views.
पवित्तं हवे सव्वं।	Purity is everything.
पंचमहाव्रतं हवे सव्वं।	The five great vows are everything.
लोए सव्वं जाणइ।	He knows everything in the world.
मिच्छत्तं सव्वं जाणइ।	He knows all wrong views.
सव्वं लोए हवे।	Everything is bound to the world.
मरणं जाणइ सव्वं।	He knows all death.
लोए पंचव्रतं हवे।	In the world, the five vows are everything.,
मरणं जाणइ सव्वं।	He knows all death.,
जीवणं अहिंसा।	Non-violence is the way of life.,
सव्वं जाणइ लोए।	He knows everything in the world.,
लोए सव्वं जाणइ मिच्छत्तं।	In the world, everything is dominated by wrong views.
मिच्छत्तं जाणइ सव्वं।	He knows all wrong views.,
सव्वं हवे पंचव्रतं।	The five vows encompass everything.,
धम्मे सव्वं जाणइ।	Through Dharma, he knows everything.,
जीवं जाणइ सव्वं।	He knows all life.,
पंचव्रतं हवे धम्मं।	The five vows are bound to Dharma.,
धम्मे पंचव्रती जाणइ।	In Dharma, the follower of the five vows knows everything.,
लोए अहिंसा मणुस्सत्तं।	In the world, non-violence is the greatest.,
सव्वं लोके मिच्छत्तं।	In the world, everything is wrong views.,
अण्णं मिच्छत्तं जाणइ।	He knows delusion alone.,
सव्वं पवित्तं जाणइ लोके।	He knows all purity in the world.,
धम्मं पंचव्रती हवे।	Dharma is where the follower of five vows resides.,
जीवं जाणइ अहिंसा।	He knows all life through non-violence.,
अहिंसा सव्वं मणुस्सत्तं।	Non-violence is the greatest human virtue.,
सव्वं जाणइ पंचव्रती।	The follower of five vows knows everything.,
अहिंसा धम्मे जाणइ।	Non-violence is known through Dharma.,
धम्मं मिच्छत्तं जाणइ।	He knows Dharma and wrong views.,
लोके पंचव्रती सव्वं जाणइ।	In the world, the follower of five vows knows everything.,
सव्वं हवे पंचव्रतं अहिंसा।	Non-violence is everything, through the five vows.,
अण्णं जाणइ सव्वं लोके।	He knows everything, alone in the world.,
सव्वं जाणइ मणुस्सत्तं।	He knows everything about the human state.,
धम्मे पंचमहाव्रती हवे।	In Dharma, the observer of the five great vows is present.,
जीवं मणुस्सत्तं जाणइ।	He knows the value of human life.,
लोए सव्वं जाणइ अहिंसा।	In the world, he knows all through non-violence.,
मणुस्सत्तं हवे सव्वं।	Human life is everything.,
सव्वं पंचव्रती हवे।	The follower of five vows knows everything.,
मिच्छत्तं लोके हवे सव्वं।	In the world, wrong views dominate everything.,
सव्वं हवे लोके पंचव्रतं।	In the world, the five vows encompass everything.,
अहिंसा जाणइ सव्वं पंचव्रतं।	He knows non-violence through the five vows.,
लोके सव्वं अहिंसा हवे।	In the world, non-violence is everything.,
धम्मेणं पंचव्रती जाणइ।	Through Dharma, the follower of five vows knows everything.,
सव्वं पंचमहाव्रती जाणइ।	The observer of the five great vows knows everything.,
लोए सव्वं हवे मणुस्सत्तं।	In the world, human life is everything.,
सव्वं लोके मिच्छत्तं जाणइ।	In the world, everything is dominated by wrong views.,
अण्णं सव्वं मणुस्सत्तं।	He knows everything in the human realm.,
लोए सव्वं अहिंसा जाणइ।	In the world, he knows everything through non-violence.,
धम्मं हवे सव्वं मिच्छत्तं।	Dharma is everything, and wrong views exist.,
सव्वं पंचमहाव्रती जाणइ लोके।	In the world, the observer of the five great vows knows everything.,
लोके अहिंसा हवे सव्वं।	In the world, non-violence is everything.,
अण्णं पंचव्रतं हवे सव्वं।	The five vows are everything in the world.,
लोके अहिंसा हवे पंचव्रतं।	In the world, non-violence and the five vows are everything.,
लोके पंचव्रतं जाणइ सव्वं।	He knows everything about the five vows in the world.,
सव्वं पंचमहाव्रती जाणइ धम्मेणं।	The observer of the five great vows knows everything through Dharma.,
सव्वं लोके पंचव्रतं।	The five vows encompass everything in the world.,
अहिंसा जाणइ सव्वं पंचव्रतं।	He knows non-violence and the five vows.,
धम्मं पंचमहाव्रती जाणइ लोके।	The observer of the five great vows knows everything through Dharma.,
लोके सव्वं अहिंसा पंचव्रतं।	In the world, non-violence and the five vows are everything.,
लोके सव्वं जाणइ पंचमहाव्रतं।	In the world, he knows everything through the five great vows.,
लोके अहिंसा सव्वं जाणइ।	In the world, non-violence encompasses everything.,
अण्णं पंचव्रतं सव्वं जाणइ।	He knows everything through the five vows.,
लोके पंचमहाव्रतं जाणइ सव्वं।	He knows everything about the five great vows in the world.,
सव्वं पंचव्रतं धम्मे जाणइ।	"The five vows are known through Dharma."""
अण्णं लोके पंचव्रतं जाणइ।	"In the world, he knows everything through the five vows."""
लोके पंचमहाव्रतं सव्वं जाणइ।	"He knows everything about the five great vows in the world."""
अण्णं पंचव्रतं धम्मे जाणइ।	He knows everything about the five vows
मिच्छत्तं सव्वं जाणइ।	He knows all wrong views.,
अहिंसा धम्मे जाणइ।	Non-violence is known through Dharma.,
जीवं जाणइ पंचव्रतं।	He knows life through the five vows.,
लोए अहिंसा सव्वं जाणइ।	In the world, non-violence is everything.,
सव्वं पंचव्रती जाणइ।	The follower of five vows knows everything.,
धम्मे पंचमहाव्रती हवे।	In Dharma, the observer of the five great vows resides.,
लोए पंचमहाव्रती जाणइ सव्वं।	In the world, the follower of five great vows knows everything.,
अण्णं पंचव्रतं जाणइ।	He knows everything through the five vows.,
लोके पंचव्रतं सव्वं जाणइ।	In the world, he knows everything about the five vows.,
जीवं पंचव्रतं जाणइ लोके।	He knows life and the five vows in the world.,
धम्मे पंचमहाव्रती जाणइ लोके।	The observer of five great vows knows everything in the world.,
सव्वं पंचमहाव्रती हवे धम्मे।	The observer of five great vows resides in Dharma.,
लोके पंचमहाव्रती जाणइ अहिंसा।	In the world, the observer of five great vows knows non-violence.,
लोए सव्वं जाणइ पंचव्रती।	In the world, the follower of five vows knows everything.,
अहिंसा सव्वं जाणइ पंचव्रतं।	Non-violence is everything through the five vows.,
लोके पंचमहाव्रती अहिंसा जाणइ।	In the world, the observer of five great vows knows non-violence.,
जीवं पंचव्रती जाणइ।	The follower of five vows knows life.,
धम्मे पंचमहाव्रती हवे सव्वं।	The observer of five great vows resides in all of Dharma.,
लोके सव्वं पंचमहाव्रती जाणइ।	In the world, the observer of five great vows knows everything.,
लोके अहिंसा पंचव्रतं जाणइ।	In the world, non-violence and the five vows are known.,
धम्मे पंचमहाव्रतं जाणइ सव्वं।	Through Dharma, everything about the five great vows is known.,
लोए सव्वं पंचव्रती जाणइ।	In the world, the follower of five vows knows everything.,
जीवं पंचव्रती सव्वं जाणइ।	The follower of five vows knows all life.,
लोके पंचमहाव्रती अहिंसा जाणइ।	In the world, the observer of five great vows knows non-violence.,
अहिंसा पंचव्रती सव्वं जाणइ।	The follower of five vows knows all non-violence.,
कम्मं पुण्णं जाणइ।	He knows good karma.,
असणं भवित्तं जाणइ।	He knows what is to be eaten.,
विज्जा सब्बं जाणइ।	He knows all knowledge.,
धम्मे सव्वं मेत्तं जाणइ।	He knows all loving-kindness in Dharma.,
जीवं पवत्तं जाणइ।	He knows the flow of life.,
सत्थं अविरुद्धं जाणइ।	He knows the unopposed weapon.,
सव्वं लोके परं जाणइ।	He knows the other in all worlds.,
जीवं मुणी जाणइ।	The sage knows life.,
विसेसं अणु जाणइ।	He knows the subtlety of difference.,
वाग्दंडं सव्वं जाणइ।	He knows all restraint in speech.,
महत्तं पज्जस्स जाणइ।	He knows the greatness of glory.,
असव्वं अपवत्तं जाणइ।	He knows non-existence and non-activity.,
धम्मे अप्पणं जाणइ।	He knows the soul in Dharma.,
लोए अविरुद्धं जाणइ।	He knows the non-opposed in the world.,
कप्पं संखणं जाणइ।	He knows the eon and its count.,
माणवं सव्वं जाणइ।	He knows all human beings.,
विज्जा परं जाणइ।	He knows the highest knowledge.,
महत्तं सव्वं जाणइ।	He knows all greatness.,
सत्थं अहिंसा जाणइ।	He knows the weapon of non-violence.,
धम्मे परमं जाणइ।	He knows the supreme in Dharma.,
लोए अविरुद्धं धम्मं जाणइ।	He knows the non-opposed Dharma in the world.,
सव्वं अहिंसा जाणइ।	He knows all non-violence.,
जीवं महत्तं जाणइ।	He knows the greatness of life.,
सव्वं विज्जा जाणइ।	He knows all knowledge.,
विज्जा परमं जाणइ।	He knows the highest knowledge.,
धम्मे सव्वं लोके जाणइ।	He knows all Dharma in the world.,
सव्वं कम्मं जाणइ।	He knows all karma.,
विज्जा परमं परं जाणइ।	He knows the ultimate supreme knowledge.,
लोए सव्वं विज्जा जाणइ।	He knows all knowledge in the world.,
धम्मे अविरुद्धं जाणइ।	He knows the non-opposed in Dharma.,
सव्वं परमं लोके जाणइ।	He knows the ultimate in the world.,
जीवं सव्वं धम्मे जाणइ।	He knows all life in Dharma.,
सव्वं अहिंसा धम्मं जाणइ।	He knows all non-violence in Dharma.,
लोके विज्जा सव्वं जाणइ।	He knows all knowledge in the world.,
सव्वं कम्मं परं जाणइ।	He knows the ultimate karma.,
धम्मे अहिंसा विज्जा जाणइ।	He knows non-violence and knowledge in Dharma.,
सव्वं विज्जा धम्मं जाणइ।	He knows all knowledge in Dharma.,
अविरुद्धं विज्जा जाणइ।	He knows the unopposed knowledge.,
जीवं सव्वं अहिंसा जाणइ।	He knows all life through non-violence.,
सव्वं विज्जा धम्मे जाणइ।	He knows all knowledge in Dharma.,
लोए महत्तं विज्जा जाणइ।	He knows the greatness of knowledge in the world.,
विज्जा सव्वं महत्तं जाणइ।	He knows all greatness of knowledge.,
धम्मे सव्वं माणवं जाणइ।	He knows all humanity in Dharma.,
सव्वं विज्जा परं जाणइ।	He knows the supreme in all knowledge.,
लोए विज्जा अहिंसा जाणइ।	He knows non-violence in all knowledge in the world.
कम्मं पुण्णं जाणइ।	He knows good karma.,
असणं भवित्तं जाणइ।	He knows what is to be eaten.,
विज्जा सब्बं जाणइ।	He knows all knowledge.,
धम्मे सव्वं मेत्तं जाणइ।	He knows all loving-kindness in Dharma.,
जीवं पवत्तं जाणइ।	He knows the flow of life.,
सत्थं अविरुद्धं जाणइ।	He knows the unopposed weapon.,
लोए पंचव्रतं सव्वं जाणइ।	In the world, he knows everything about the five vows.,
जीवं पंचव्रतं जाणइ लोके।	He knows life and the five vows in the world.,
धम्मे पंचमहाव्रती जाणइ लोके।	The observer of five great vows knows everything in the world.,
सव्वं पंचमहाव्रती हवे धम्मे।	The observer of five great vows resides in Dharma.,
लोके पंचमहाव्रती जाणइ अहिंसा।	In the world, the observer of five great vows knows non-violence.,
लोए सव्वं जाणइ पंचव्रती।	In the world, the follower of five vows knows everything.,
अहिंसा सव्वं जाणइ पंचव्रतं।	Non-violence is everything through the five vows.,
लोके पंचमहाव्रती अहिंसा जाणइ।	In the world, the observer of five great vows knows non-violence.,
जीवं पंचव्रती जाणइ।	The follower of five vows knows life.,
धम्मे पंचमहाव्रती हवे सव्वं।	The observer of five great vows resides in all of Dharma.,
लोके सव्वं पंचमहाव्रती जाणइ।	In the world, the observer of five great vows knows everything.,
लोके अहिंसा पंचव्रतं जाणइ।	In the world, non-violence and the five vows are known.,
धम्मे पंचमहाव्रतं जाणइ सव्वं।	Through Dharma, everything about the five great vows is known.,
लोए सव्वं पंचव्रती जाणइ।	In the world, the follower of five vows knows everything.,
जीवं पंचव्रती सव्वं जाणइ।	The follower of five vows knows all life.,
लोके पंचमहाव्रती अहिंसा जाणइ।	In the world, the observer of five great vows knows non-violence.,
अहिंसा पंचव्रती सव्वं जाणइ।	The follower of five vows knows all non-violence.,
लोए पंचमहाव्रती धम्मं जाणइ।	In the world, the observer of five great vows knows Dharma.,
सव्वं पंचव्रतं हवे लोके।	The five vows are everything in the world.,
जीवं अहिंसा पंचव्रतं जाणइ।	He knows life, non-violence, and the five vows.,
लोके पंचमहाव्रतं धम्मं जाणइ।	In the world, the observer of five great vows knows Dharma.,
धम्मे पंचव्रती सव्वं जाणइ।	The follower of five vows knows everything through Dharma.,
कम्मं पुण्णं जाणइ।	He knows good karma.,
असणं भवित्तं जाणइ।	He knows what is to be eaten.,
विज्जा सब्बं जाणइ।	He knows all knowledge.,
धम्मे सव्वं मेत्तं जाणइ।	He knows all loving-kindness in Dharma.,
जीवं पवत्तं जाणइ।	He knows the flow of life.,
सत्थं अविरुद्धं जाणइ।	He knows the unopposed weapon.,
लोए पंचव्रतं सव्वं जाणइ।	In the world, he knows everything about the five vows.,
जीवं पंचव्रतं जाणइ लोके।	He knows life and the five vows in the world.,
धम्मे पंचमहाव्रती जाणइ लोके।	The observer of five great vows knows everything in the world.,
सव्वं पंचमहाव्रती हवे धम्मे।	The observer of five great vows resides in Dharma.,
लोके पंचमहाव्रती जाणइ अहिंसा।	In the world, the observer of five great vows knows non-violence.,
लोए सव्वं जाणइ पंचव्रती।	In the world, the follower of five vows knows everything.,
अहिंसा सव्वं जाणइ पंचव्रतं।	Non-violence is everything through the five vows.,
लोके पंचमहाव्रती अहिंसा जाणइ।	In the world, the observer of five great vows knows non-violence.,
जीवं पंचव्रती जाणइ।	The follower of five vows knows life.,
धम्मे पंचमहाव्रती हवे सव्वं।	The observer of five great vows resides in all of Dharma.,
लोके सव्वं पंचमहाव्रती जाणइ।	In the world, the observer of five great vows knows everything.,
लोके अहिंसा पंचव्रतं जाणइ।	In the world, non-violence and the five vows are known.,
धम्मे पंचमहाव्रतं जाणइ सव्वं।	Through Dharma, everything about the five great vows is known.,
लोए सव्वं पंचव्रती जाणइ।	In the world, the follower of five vows knows everything.,
जीवं पंचव्रती सव्वं जाणइ।	The follower of five vows knows all life.,
लोके पंचमहाव्रती अहिंसा जाणइ।	In the world, the observer of five great vows knows non-violence.,
अहिंसा पंचव्रती सव्वं जाणइ।	The follower of five vows knows all non-violence.,
लोए पंचमहाव्रती धम्मं जाणइ।	In the world, the observer of five great vows knows Dharma.,
सव्वं पंचव्रतं हवे लोके।	The five vows are everything in the world.,
जीवं अहिंसा पंचव्रतं जाणइ।	He knows life, non-violence, and the five vows.,
लोके पंचमहाव्रतं धम्मं जाणइ।	In the world, the observer of five great vows knows Dharma.,
धम्मे पंचव्रती सव्वं जाणइ।	The follower of five vows knows everything through Dharma.,
लोके पंचमहाव्रती जाणइ धम्मं।	In the world, the observer of five great vows knows Dharma.,
अहिंसा पंचव्रती जाणइ धम्मं।	The follower of five vows knows non-violence through Dharma.,
जीवं अहिंसा जाणइ पंचमहाव्रतं।	He knows life and non-violence through the five great vows.,
लोके पंचमहाव्रती जाणइ सव्वं।	In the world, the observer of five great vows knows everything.,
सव्वं धम्मे पंचमहाव्रतं जाणइ।	Everything is known in Dharma through the five great vows.,
लोए पंचमहाव्रती धम्मं जाणइ।	In the world, the observer of five great vows knows Dharma.,
जीवं सव्वं जाणइ पंचव्रतं।	He knows all life through the five vows.,
धम्मे पंचमहाव्रती जाणइ सव्वं।	The observer of five great vows knows everything through Dharma.,
लोए सव्वं जाणइ पंचव्रतं।	In the world, everything is known through the five vows.,
अहिंसा पंचव्रती जाणइ धम्मं।	The follower of five vows knows non-violence in Dharma.,
धम्मे पंचमहाव्रतं जाणइ सव्वं।	Everything is known through the five great vows in Dharma.,
लोए पंचव्रती धम्मं जाणइ।	In the world, the follower of five vows knows Dharma.,
जीवं अहिंसा पंचमहाव्रतं जाणइ।	He knows life and non-violence through the five great vows.,
धम्मे पंचमहाव्रती जाणइ सव्वं।	The observer of five great vows knows everything in Dharma.,
अम्हे सव्वे मणुस्सा समाणा, किं तु अम्हाणं कम्माइं विविहाइं।	We are all equal as human beings, but our actions are diverse.,
जीवणे बहुइं दुक्खाइं होंति, परं सुक्खस्स अणुहवो वि होइ।	Life has many sorrows, but there are also experiences of happiness.,
पयडी अम्हाणं माया, तीए रक्खणं कायव्वं सदा।	Nature is our mother, and we must always protect her.,
विज्जा धणं सव्वुत्तमं, जं कयावि ण णस्सइ।	Knowledge is the supreme wealth that can never be lost.,
जेण जेण संजोएण जं जं कम्मं समारद्धं, तं तं पावेइ णियमा।	Whatever action is begun with whatever intention, it surely bears that fruit.,
अहिंसा परमो धम्मो, तस्स पालणं कायव्वं सव्वेहिं।	Non-violence is the supreme dharma, it should be practiced by all.,
सव्वेसिं जीवाणं रक्खणं कायव्वं, ण केवलं मणुस्साणं।	Protection should be given to all living beings, not just humans.,
णाणं च कम्मं च दोण्णि वि महत्तराइं, एएहिं विणा जीवणं णिरत्थयं।	Both knowledge and action are important, life is meaningless without them.,
सव्वे जणा सुहिणो होंतु, सव्वे संतु णिरामया।	May all people be happy, may all be free from illness.,
जहा बीयं तहा फलं, जहा कम्मं तहा फलं।	As the seed, so the fruit; as the action, so the result.,
दाणं देंतो वि लहेइ, परोवयारो परमं सुहं।	One who gives also receives, helping others is the highest happiness.,
सव्वं अणिच्चं, परं णाणं णिच्चं।	Everything is impermanent, but knowledge is eternal.,
जीवणस्स सारो मित्तया, धणेण विणा वि जीविदुं सक्कं।	Friendship is the essence of life, one can live without wealth.,
कोहो दुक्खस्स मूलं, खमा सुहस्स कारणं।	Anger is the root of sorrow, forgiveness is the cause of happiness.,
सव्वं लोयं वसुहा कुडुंबयं, परस्परं रक्खणं कायव्वं।	The whole world is one family, we should protect each other.,
जं किंचि करेमो, तं सव्वं पयडीए अणुकूलं होउ।	Whatever we do, may it all be in harmony with nature.,
सव्वेसिं सुहं इच्छामो, तेण अम्हे वि सुहिणो होमो।	We wish happiness for all, thus we too become happy.,
जीवणं अच्चंतं चंचलं, तेण सदा सच्चं आयरियव्वं।	Life is extremely uncertain, therefore always practice truth.,
जहिं सच्चं तहिं धम्मो, जहिं धम्मो तहिं जओ।	Where there is truth, there is dharma; where there is dharma, there is victory.,
जं किंचि दिस्सइ तं णस्सइ, जं ण दिस्सइ तं सस्सयं।	Whatever is seen perishes, what is unseen is eternal.,
सव्वं दुक्खं सहियव्वं, सव्वं सुक्खं पत्थियव्वं।	All sorrow should be endured, all happiness should be wished for.,
जो सयं पडइ सो सयं उट्ठेइ, परस्स सहाओ ण अपेक्खियव्वो।	One who falls by oneself gets up by oneself, one shouldn't expect help from others.,
जहा चित्तं तहा वाया, जहा वाया तहा किया।	As the mind, so the speech; as the speech, so the action.,
सव्वेसु भूएसु दया कायव्वा, एसो धम्मो सणंतणो।	Compassion should be shown to all beings, this is the eternal dharma.,
जं मणे तं वाए, जं वाए तं कम्मे।	What's in the mind should be in speech, what's in speech should be in action.,
सव्वे जणा सुहिणो होंतु, सव्वे संतु णिरामया।	May all people be happy, may all be free from illness.,
जेण जेण विहीणा तं तं इच्छंति मणुया।	Whatever people lack, that they desire.,
अप्पाणं णिंदसु मा परं, एसो मग्गो विसुद्धीए।	Criticize yourself, not others; this is the path to purity.,
जो धम्मं रक्खइ सो धम्मेण रक्खिज्जइ।	One who protects dharma is protected by dharma.,
सव्वं परवसं दुक्खं, सव्वं अत्तवसं सुहं।	Everything dependent on others is sorrow, everything under one's control is happiness.,
जहा बीयं वुत्तं तहा फलं लब्भइ।	As the seed is sown, so is the fruit obtained.,
सच्चं अमया वाणी, अलियं विसमया वाणी।	Truth is nectar-like speech, falsehood is poison-like speech.,
सव्वेसिं मित्ताइं होंतु, वेराइं केणइ ण होंतु।	May all have friends, may no one have enemies.,
सव्वे जणा सुहिणो होंतु, दुक्खिणो मा होंतु केइ।	May all people be happy, may no one be sorrowful.,
सव्वेसिं कल्लाणं भवतु, सव्वेसिं स्वस्ति भवतु।	May there be well-being for all, may there be prosperity for all.,
जो धम्मं पालेइ सो रक्खिज्जइ।	One who observes dharma is protected.,
जं किंचि करेसि तं सव्वं पेम्मेण कुणसु, एसो जीवणस्स सारो।	Whatever you do, do it all with love; this is the essence of life.,
सव्वेसिं जीवाणं रक्खणं कायव्वं, एसो परमो धम्मो।	Protection of all living beings should be done; this is the highest dharma.,
अप्पसुएण बहुं जाणइ, बहुसुएण अप्पं जाणइ।	With little learning one knows much, with much learning one knows little.,
जो अप्पाणं जिणइ सो सव्वं जिणइ, एसो परमो विजओ।	One who conquers oneself conquers all; this is the supreme victory.,
सव्वं दुक्खं सहियव्वं, सव्वं सुक्खं वंदियव्वं।	All sorrow should be endured, all happiness should be welcomed.,
जहिं सच्चं तहिं धम्मो, जहिं धम्मो तहिं सच्चं।	Where there is truth, there is dharma; where there is dharma, there is truth.,
सव्वेसिं मित्तत्तं इच्छामो, केणइ सह वेरं ण कुणमो।	We desire friendship with all, we make enmity with none.,
जं मणे तं वाए, जं वाए तं कम्मे, एसो सुजणाणं गुणो।	What's in mind should be in speech, what's in speech should be in action; this is the virtue of good people.,
सव्वं लोयं वसुहा कुडुंबयं, परस्परं पेम्मं कायव्वं।	The whole world is one family, mutual love should be practiced.,
जो पयडीए मित्तं सो मणुस्साणं मित्तं, एसो सच्चो पयडीवाओ।	One who is a friend of nature is a friend of humans; this is true environmentalism.,
सव्वेसिं सुहं इच्छंतो सयं सुहं लहइ, एसो कम्मस्स णियमो।	One who wishes happiness for all attains happiness oneself; this is the law of karma.,
जं किंचि दिस्सइ तं णस्सइ, जं ण दिस्सइ तं सस्सयं।	Whatever is seen perishes, what is unseen is eternal.,
सव्वेसु भूएसु दया कायव्वा, एसो धम्मो सणंतणो।	Compassion should be shown to all beings; this is the eternal dharma.,
जहा बीयं तहा रुक्खो, जहा रुक्खो तहा फलं।	As the seed, so the tree; as the tree, so the fruit.,
सव्वं अणिच्चं, परं णाणं णिच्चं, एसो परमो सिद्धंतो।	Everything is impermanent, but knowledge is eternal; this is the supreme principle.,
जो सयं पडइ सो सयं उट्ठेइ, परोवयारं मा अपेक्खसु।	One who falls by oneself rises by oneself; don't expect help from others.,
जेण जेण संजोएण जं जं कम्मं समारद्धं, तं तं पावेइ णियमा।	Whatever action is begun with whatever intention, it surely bears that fruit.,
सव्वं परवसं दुक्खं, सव्वं अत्तवसं सुहं, एसो जीवणस्स सारो।	Everything dependent on others is sorrow, everything under one's control is happiness; this is the essence of life.,
जो धम्मं रक्खइ सो धम्मेण रक्खिज्जइ, एसो धम्मस्स महिमा।	One who protects dharma is protected by dharma; this is the glory of dharma.,
सच्चं अमया वाणी, अलियं विसमया वाणी, सच्चमेव जयइ।	Truth is nectar-like speech, falsehood is poison-like speech; truth alone triumphs.,
जं मणे तं वाए, जं वाए तं कम्मे, एसो उत्तमो आयारो।	What's in mind should be in speech, what's in speech should be in action; this is the best conduct.,
सव्वेसिं मित्ताइं होंतु, वेराइं केणइ ण होंतु, एसो मंगलवाओ।	May all have friends, may no one have enemies; this is an auspicious saying.,
सव्वे जणा सुहिणो होंतु, दुक्खिणो मा होंतु केइ, एसो करुणाभावो।	May all people be happy, may no one be sorrowful; this is the feeling of compassion.,
सव्वेसिं कल्लाणं भवतु, सव्वेसिं स्वस्ति भवतु, एसो सव्वहियत्थो।	May there be well-being for all, may there be prosperity for all; this is for the benefit of all.,
जो धम्मं पालेइ सो रक्खिज्जइ, एसो धम्मस्स फलं।	One who observes dharma is protected; this is the fruit of dharma.,
जो अप्पाणं विणेइ सो लोयं विणेइ, एसो णाणस्स सारो।	One who disciplines oneself disciplines the world; this is the essence of wisdom.,
सव्वं जगं मित्तं मे, ण कोइ सत्तू मे अत्थि।	The whole world is my friend, I have no enemies.,
जहा कम्मं तहा फलं, एसो कम्मस्स सिद्धंतो।	As the action, so the result; this is the principle of karma.,
सव्वेसिं जीवाणं रक्खणं कायव्वं, एसो परमो धम्मो।	Protection of all living beings should be done; this is the highest dharma.,
जं किंचि करेमो, तं सव्वं पयडीए अणुकूलं होउ।	Whatever we do, may it all be in harmony with nature.,
सव्वेसिं सुहं इच्छामो, तेण अम्हे वि सुहिणो होमो।	We wish happiness for all, thus we too become happy.,
जीवणं अच्चंतं चंचलं, तेण सदा सच्चं आयरियव्वं।	Life is extremely uncertain, therefore always practice truth.,
जहिं सच्चं तहिं धम्मो, जहिं धम्मो तहिं जओ।	Where there is truth, there is dharma; where there is dharma, there is victory.,
जं किंचि दिस्सइ तं णस्सइ, जं ण दिस्सइ तं सस्सयं।	Whatever is seen perishes, what is unseen is eternal.,
सव्वं दुक्खं सहियव्वं, सव्वं सुक्खं पत्थियव्वं।	All sorrow should be endured, all happiness should be wished for.,
जो सयं पडइ सो सयं उट्ठेइ, परस्स सहाओ ण अपेक्खियव्वो।	One who falls by oneself gets up by oneself, one shouldn't expect help from others.,
जहा चित्तं तहा वाया, जहा वाया तहा किया।	As the mind, so the speech; as the speech, so the action.
सच्चं बोल्लह, मा अलियं वयह।	Speak the truth, do not lie.,
जहा बीयं तहा फलं।	As the seed, so the fruit.,
सव्वेसिं मित्तो होहि, केणावि सह वेरं मा कुणसु।	Be a friend to all, make enemy of none.,
अप्पाणं जाणह, लोयं जाणह।	Know thyself, know the world.,
खमा वीरस्स भूसणं।	Forgiveness is the ornament of the brave.,
पयडीए रक्खणं कुणह।	Protect nature.,
अहिंसा परमो धम्मो।	Non-violence is the supreme dharma.,
अप्पं भणाहि, बहुं सुणाहि।	Speak little, listen much.,
जहा चिंता तहा वाया।	As the thought, so the speech.,
सव्वं दुक्खं सहियव्वं।	All sorrow should be endured.,
णाणं परमं बलं।	Knowledge is supreme strength.,
कम्मं चेव कारणं।	Action alone is the cause.,
सव्वे जणा सुहिणो होंतु।	May all people be happy.,
सच्चमेव जयइ।	Truth alone triumphs.,
अप्पाणं णिंदसु मा परं।	Criticize yourself, not others.,
सव्वं अणिच्चं, णाणं णिच्चं।	Everything is impermanent, knowledge is permanent.,
जहा मणो तहा वाणी।	As the mind, so the speech.,
सव्वेसिं मित्ताइं होंतु।	May all have friends.,
पेम्मेण सव्वं जयइ।	Love conquers all.,
अप्पसंतोसो महादोसो।	Discontent is a great fault.,
सव्वं परवसं दुक्खं।	All dependence is sorrow.,
जो धम्मं रक्खइ सो रक्खिज्जइ।	One who protects dharma is protected.,
सुहस्स मूलं संतोसो।	Contentment is the root of happiness.,
जहा रूवं तहा गुणो।	As the form, so the quality.,
अप्पाणं जिणह।	Conquer yourself.,
पयडी अम्हाणं माया।	Nature is our mother.,
विज्जा धणं सव्वुत्तमं।	Knowledge is the supreme wealth.,
जेण संतोसो तेण धणं।	One who is content is wealthy.,
सव्वेसु भूएसु दया कायव्वा।	Compassion should be shown to all beings.,
जहा कम्मं तहा फलं।	As the action, so the result.,
जो अप्पाणं जिणइ सो सव्वं जिणइ।	One who conquers oneself conquers all.,
सव्वं लोयं वसुहा कुडुंबयं।	The whole world is one family.,
जं मणे तं वाए।	What's in mind should be in speech.,
सव्वेसिं सुहं इच्छामो।	We wish happiness for all.,
जो पयडीए मित्तं सो मणुस्साणं मित्तं।	Friend of nature is friend of humans.,
सव्वं अणिच्चं, परं णाणं णिच्चं।	Everything is impermanent, but knowledge is eternal.,
जीवणं अच्चंतं चंचलं।	Life is extremely uncertain.,
सव्वेसिं जीवाणं रक्खणं कायव्वं।	Protection of all living beings should be done.,
जहा बीयं वुत्तं तहा फलं लब्भइ।	As the seed is sown, so is the fruit obtained.,
सच्चं अमया वाणी।	Truth is nectar-like speech.,
सव्वेसिं मित्ताइं होंतु, वेराइं केणइ ण होंतु।	May all have friends, may no one have enemies.,
सच्चं बोल्लह, मा अलियं वयह।	Speak the truth, do not lie.,
जहा बीयं तहा फलं।	As the seed, so the fruit.,
सव्वेसिं मित्तो होहि, केणावि सह वेरं मा कुणसु।	Be a friend to all, make enemy of none.,
अप्पाणं जाणह, लोयं जाणह।	Know thyself, know the world.,
खमा वीरस्स भूसणं।	Forgiveness is the ornament of the brave.,
पयडीए रक्खणं कुणह।	Protect nature.,
अहिंसा परमो धम्मो।	Non-violence is the supreme dharma.,
अप्पं भणाहि, बहुं सुणाहि।	Speak little, listen much.,
जहा चिंता तहा वाया।	As the thought, so the speech.,
सव्वं दुक्खं सहियव्वं।	All sorrow should be endured.,
णाणं परमं बलं।	Knowledge is supreme strength.,
कम्मं चेव कारणं।	Action alone is the cause.,
सव्वे जणा सुहिणो होंतु।	May all people be happy.,
सच्चमेव जयइ।	Truth alone triumphs.,
अप्पाणं णिंदसु मा परं।	Criticize yourself, not others.,
सव्वं अणिच्चं, णाणं णिच्चं।	Everything is impermanent, knowledge is permanent.,
जहा मणो तहा वाणी।	As the mind, so the speech.,
सव्वेसिं मित्ताइं होंतु।	May all have friends.,
पेम्मेण सव्वं जयइ।	Love conquers all.,
अप्पसंतोसो महादोसो।	Discontent is a great fault.,
सव्वं परवसं दुक्खं।	All dependence is sorrow.,
जो धम्मं रक्खइ सो रक्खिज्जइ।	One who protects dharma is protected.,
सुहस्स मूलं संतोसो।	Contentment is the root of happiness.,
जहा रूवं तहा गुणो।	As the form, so the quality.,
अप्पाणं जिणह।	Conquer yourself.,
पयडी अम्हाणं माया।	Nature is our mother.,
विज्जा धणं सव्वुत्तमं।	Knowledge is the supreme wealth.,
जेण संतोसो तेण धणं।	One who is content is wealthy.,
सव्वेसु भूएसु दया कायव्वा।	Compassion should be shown to all beings.,
जहा कम्मं तहा फलं।	As the action, so the result.,
जो अप्पाणं जिणइ सो सव्वं जिणइ।	One who conquers oneself conquers all.,
सव्वं लोयं वसुहा कुडुंबयं।	The whole world is one family.,
जं मणे तं वाए।	What's in mind should be in speech.,
सव्वेसिं सुहं इच्छामो।	We wish happiness for all.,
जो पयडीए मित्तं सो मणुस्साणं मित्तं।	Friend of nature is friend of humans.,
सव्वं अणिच्चं, परं णाणं णिच्चं।	Everything is impermanent, but knowledge is eternal.,
जीवणं अच्चंतं चंचलं।	Life is extremely uncertain.,
सव्वेसिं जीवाणं रक्खणं कायव्वं।	Protection of all living beings should be done.,
जहा बीयं वुत्तं तहा फलं लब्भइ।	As the seed is sown, so is the fruit obtained.,
सच्चं अमया वाणी।	Truth is nectar-like speech.,
सव्वेसिं मित्ताइं होंतु, वेराइं केणइ ण होंतु।	May all have friends, may no one have enemies.,
अप्पसुएण बहुं जाणइ।	With little learning, one knows much.,
जो सयं पडइ सो सयं उट्ठेइ।	One who falls by oneself rises by oneself.,
जहा चित्तं तहा वाया।	As the mind, so the speech.,
जेण जेण विहीणा तं तं इच्छंति।	Whatever people lack, that they desire.,
जो धम्मं पालेइ सो रक्खिज्जइ।	One who observes dharma is protected.,
जो अप्पाणं विणेइ सो लोयं विणेइ।	One who disciplines oneself disciplines the world.,
सव्वं जगं मित्तं मे।	The whole world is my friend.,
जहिं सच्चं तहिं धम्मो।	Where there is truth, there is dharma.,
जं किंचि दिस्सइ तं णस्सइ।	Whatever is seen perishes.,
जो सच्चं रक्खइ तं सच्चं रक्खइ।	One who protects truth is protected by truth.,
सव्वेसिं दुक्खाणं खया होंतु।	May all sorrows be destroyed.,
जहिं पेम्मं तहिं धम्मो।	Where there is love, there is dharma.,
अप्पाणं उज्जोएहि।	Illuminate yourself.,
जेण संतुट्ठो तेण धणवंतो।	One who is satisfied is wealthy.,
सव्वेसिं सुहाइं वड्ढंतु।	May the happiness of all increase.,
जो मित्तं रक्खइ सो अप्पाणं रक्खइ।	One who protects a friend protects oneself.,
पयडीए सेवा मणुस्सस्स सेवा।	Service to nature is service to humanity.,
जहिं दया तहिं धम्मो।	Where there is compassion, there is dharma.,
अप्पाणं सोहेहि।	Purify yourself.,
जो विज्जं रक्खइ सो धम्मं रक्खइ।	One who protects knowledge protects dharma.,
सव्वेसिं सुक्खाइं वड्ढंतु।	May the joys of all increase.,
जहिं सच्चं तहिं जओ।	Where there is truth, there is victory.,
अप्पाणं परिच्चयह।	Sacrifice yourself.,
जो सेवइ सो सेविज्जइ।	One who serves is served.,
सव्वेसिं मंगलं होउ।	May there be auspiciousness for all.,
जहिं णाणं तहिं मोक्खो।	Where there is knowledge, there is liberation.,
अप्पाणं समाहिं कुणह।	Meditate on yourself.,
जो दयं करेइ सो दयं लहेइ।	One who shows mercy receives mercy.,
सव्वेसिं विज्जा वड्ढउ।	May the knowledge of all increase.,
जहिं धम्मो तहिं सुक्खं।	Where there is dharma, there is happiness.,
अप्पाणं णिग्गहं कुणह।	Control yourself.,
जो सच्चं वयइ सो सच्चं लहेइ।	One who speaks truth finds truth.,
सव्वेसिं बुद्धी वड्ढउ।	May the wisdom of all increase.,
अप्पाणं उद्धरह।	Uplift yourself.,
जो सेवइ सो सुहं लहेइ।	One who serves attains happiness.,
सव्वेसिं सद्धा वड्ढउ।	May the faith of all increase.,
जहिं सच्चं तहिं सुक्खं।	Where there is truth, there is happiness.,
अप्पाणं जागरह।	Awaken yourself.,
सव्वेसिं वीरिया वड्ढउ।	May the energy of all increase.,
जहिं धम्मो तहिं जओ।	Where there is dharma, there is victory.,
अप्पाणं समं कुणह।	Equalize yourself.,
जो खमइ सो जयइ।	One who forgives wins.,
सव्वेसिं सती वड्ढउ।	May the mindfulness of all increase.,
अप्पाणं मुंचह।	Free yourself.,
जो सिक्खइ सो जाणइ।	One who learns knows.,
सव्वेसिं समाही वड्ढउ।	May the concentration of all increase.,
जहिं करुणा तहिं धम्मो।	Where there is compassion, there is dharma.,
अप्पाणं बोहेहि।	Enlighten yourself.,
जो सेवइ सो सेविज्जइ।	One who serves is served.,
सव्वेसिं पञ्ञा वड्ढउ।	May the wisdom of all increase.,
जहिं सच्चं तहिं बलं।	Where there is truth, there is strength.,
अप्पाणं णिब्बुयं कुणह।	Make yourself peaceful.,
जो मित्तं लहेइ सो धणं लहेइ।	One who finds a friend finds wealth.,
सव्वेसिं खंती वड्ढउ।	May the patience of all increase.,
जहिं धम्मो तहिं सच्चं।	Where there is dharma, there is truth.,
अप्पाणं सुद्धं कुणह।	Purify yourself.,
जो सेवइ सो सिक्खइ।	One who serves learns.,
सव्वेसिं मेत्ती वड्ढउ।	May the friendliness of all increase.,
जहिं पेम्मं तहिं सच्चं।	Where there is love, there is truth.,
जो दयं करेइ सो सुहं लहेइ।	One who shows compassion attains happiness.,
सव्वेसिं करुणा वड्ढउ।	May the compassion of all increase.,
सच्चं बोल्लह, मा अलियं वयह।	Speak the truth, do not lie.,
जहा बीयं तहा फलं।	As the seed, so the fruit.,
सव्वेसिं मित्तो होहि, केणावि सह वेरं मा कुणसु।	Be a friend to all, make enemy of none.,
अप्पाणं जाणह, लोयं जाणह।	Know thyself, know the world.,
खमा वीरस्स भूसणं।	Forgiveness is the ornament of the brave.,
पयडीए रक्खणं कुणह।	Protect nature.,
अहिंसा परमो धम्मो।	Non-violence is the supreme dharma.,
अप्पं भणाहि, बहुं सुणाहि।	Speak little, listen much.,
जहा चिंता तहा वाया, जहा वाया तहा किरिया।	As the thought, so the speech; as the speech, so the action.,
सव्वं दुक्खं सहियव्वं, सव्वं सुक्खं पत्थियव्वं।	All sorrow should be endured, all happiness should be wished for.,
णाणं परमं बलं, अण्णाणं परमं दुब्बलत्तं।	Knowledge is supreme strength, ignorance is supreme weakness.,
कम्मं चेव कारणं, फलं तस्स अणुरूवं।	Action alone is the cause, the fruit is according to it.,
सव्वे जणा सुहिणो होंतु, दुक्खिणो मा होंतु केइ।	May all people be happy, may no one be sorrowful.,
सच्चमेव जयइ णाणृतं, सच्चेण पंथो विततो देवयाणः।	Truth alone triumphs, not falsehood; by truth the divine path is spread.,
अप्पाणं णिंदसु मा परं, एसो मग्गो विसुद्धीए।	Criticize yourself, not others; this is the path to purity.,
सव्वं अणिच्चं, णाणं णिच्चं, एसो परमो सिद्धंतो।	Everything is impermanent, knowledge is permanent; this is the supreme principle.,
जहा मणो तहा वाणी, जहा वाणी तहा करणं।	As the mind, so the speech; as the speech, so the action.,
सव्वेसिं मित्ताइं होंतु, वेराइं केणइ ण होंतु।	May all have friends, may no one have enemies.,
पेम्मेण सव्वं जयइ, दोसेण सव्वं णस्सइ।	Love conquers all, hatred destroys all.,
अप्पसंतोसो महादोसो, संतोसो परमं सुहं।	Discontent is a great fault, contentment is the highest happiness.,
सव्वं परवसं दुक्खं, सव्वं अत्तवसं सुहं।	All dependence is sorrow, all self-control is happiness.,
जो धम्मं रक्खइ सो रक्खिज्जइ, एसो धम्मस्स महिमा।	One who protects dharma is protected; this is the glory of dharma.,
सुहस्स मूलं संतोसो, दुक्खस्स मूलं लोभो।	Contentment is the root of happiness, greed is the root of sorrow.,
जहा रूवं तहा गुणो, जहा गुणो तहा फलं।	As the form, so the quality; as the quality, so the fruit.,
सव्वेसिं संति होउ, सव्वेसिं सुहं होउ।	May there be peace for all, may there be happiness for all.,
अप्पाणं जिणह, तेण सव्वं जिणिस्ससि।	Conquer yourself, by that you will conquer all.,
पयडी अम्हाणं माया, तीए रक्खणं कायव्वं सदा।	Nature is our mother, we must always protect her.,
विज्जा धणं सव्वुत्तमं, जं कयावि ण णस्सइ।	Knowledge is the supreme wealth that can never be lost.,
जेण संतोसो तेण धणं, असंतुट्ठो सया दलिद्दो।	One who is content is wealthy, the discontented is always poor.,
सव्वेसु भूएसु दया कायव्वा, एसो धम्मो सणंतणो।	Compassion should be shown to all beings; this is the eternal dharma.,
जहा कम्मं तहा फलं, एसो कम्मस्स सिद्धंतो।	As the action, so the result; this is the principle of karma.,
जो अप्पाणं जिणइ सो सव्वं जिणइ, एसो परमो विजओ।	One who conquers oneself conquers all; this is the supreme victory.,
सव्वं लोयं वसुहा कुडुंबयं, परस्परं रक्खणं कायव्वं।	The whole world is one family; we should protect each other.,
जं मणे तं वाए, जं वाए तं कम्मे।	What's in mind should be in speech, what's in speech should be in action.,
सव्वेसिं सुहं इच्छामो, तेण अम्हे वि सुहिणो होमो।	We wish happiness for all, thus we too become happy.,
जो पयडीए मित्तं सो मणुस्साणं मित्तं, एसो सच्चो पयडीवाओ।	Friend of nature is friend of humans; this is true environmentalism.,
सव्वं अणिच्चं, परं णाणं णिच्चं, एसो परमो सिद्धंतो।	Everything is impermanent, but knowledge is eternal; this is the supreme principle.,
जीवणं अच्चंतं चंचलं, तेण सदा सच्चं आयरियव्वं।	Life is extremely uncertain, therefore always practice truth.,
सव्वेसिं जीवाणं रक्खणं कायव्वं, एसो परमो धम्मो।	Protection of all living beings should be done; this is the highest dharma.,
जहा बीयं वुत्तं तहा फलं लब्भइ, एसो पयडीए णियमो।	As the seed is sown, so is the fruit obtained; this is nature's law.,
सच्चं अमया वाणी, अलियं विसमया वाणी।	Truth is nectar-like speech, falsehood is poison-like speech.,
सव्वेसिं मित्ताइं होंतु, वेराइं केणइ ण होंतु, एसो मंगलवाओ।	May all have friends, may no one have enemies; this is an auspicious saying.,
अप्पसुएण बहुं जाणइ, बहुसुएण अप्पं जाणइ।	With little learning one knows much, with much learning one knows little.,
जो सयं पडइ सो सयं उट्ठेइ, परस्स सहाओ ण अपेक्खियव्वो।	One who falls by oneself rises by oneself; one shouldn't expect help from others.,
जहा चित्तं तहा वाया, जहा वाया तहा किया।	As the mind, so the speech; as the speech, so the action.,
जेण जेण विहीणा तं तं इच्छंति मणुया।	Whatever people lack, that they desire.,
जो धम्मं पालेइ सो रक्खिज्जइ, एसो धम्मस्स फलं।	One who observes dharma is protected; this is the fruit of dharma.,
जो अप्पाणं विणेइ सो लोयं विणेइ, एसो णाणस्स सारो।	One who disciplines oneself disciplines the world; this is the essence of wisdom.,
सव्वं जगं मित्तं मे, ण कोइ सत्तू मे अत्थि।	The whole world is my friend, I have no enemies.,
जहिं सच्चं तहिं धम्मो, जहिं धम्मो तहिं जओ।	Where there is truth, there is dharma; where there is dharma, there is victory.,
जं किंचि दिस्सइ तं णस्सइ, जं ण दिस्सइ तं सस्सयं।	Whatever is seen perishes, what is unseen is eternal.,
जो सच्चं रक्खइ तं सच्चं रक्खइ, एसो सच्चस्स महिमा।	One who protects truth is protected by truth; this is the glory of truth.,
सव्वेसिं दुक्खाणं खया होंतु, सव्वेसिं सुहाणं वुड्ढी होउ।	May all sorrows be destroyed, may all happiness increase.,
जहिं पेम्मं तहिं धम्मो, जहिं धम्मो तहिं पेम्मं।	Where there is love, there is dharma; where there is dharma, there is love.,
अप्पाणं उज्जोएहि, तेण लोओ उज्जोइज्जिस्सइ।	Illuminate yourself, by that the world will be illuminated.,
जेण संतुट्ठो तेण धणवंतो, असंतुट्ठो णिच्चं दरिद्दो।	One who is satisfied is wealthy, the unsatisfied is always poor.,
सव्वेसिं सुहाइं वड्ढंतु, दुक्खाइं विणस्संतु।	May the happiness of all increase, may sorrows be destroyed.,
जो मित्तं रक्खइ सो अप्पाणं रक्खइ, मित्तं परमं रक्खणं।	One who protects a friend protects oneself; a friend is the supreme protection.,
पयडीए सेवा मणुस्सस्स सेवा, पयडी अम्हाणं जणणी।	Service to nature is service to humanity; nature is our mother.,
जहिं दया तहिं धम्मो, जहिं धम्मो तहिं मोक्खो।	Where there is compassion, there is dharma; where there is dharma, there is liberation.,
सव्वे जीवा कम्म-बद्धा।	All souls are bound by karma.,
अहिंसा परमो धम्मो।	Non-violence is the highest dharma.,
सच्चं भणे, मिच्छं ण भणे।	Speak the truth, do not speak falsehood.,
अप्पाणं पि पियं मण्णे।	Consider oneself as dear.,
सव्वेसिं भूयाणं दया कायव्वा।	Compassion should be shown to all beings.,
णाणेण सव्वं पयासइ।	Everything is illuminated by knowledge.,
कम्मं खवेइ सुद्धप्पा।	The pure soul destroys karma.,
संसारो दुक्खमूलो।	The cycle of rebirth is the root of suffering.,
मोक्खो परमं सुक्खं।	Liberation is the highest happiness.
सव्वे जीवा कम्म-बद्धा।	All souls are bound by karma.,
अहिंसा परमो धम्मो।	Non-violence is the highest dharma.,
सच्चं भणे, मिच्छं ण भणे।	Speak the truth, do not speak falsehood.,
अप्पाणं पि पियं मण्णे।	Consider oneself as dear.,
सव्वेसिं भूयाणं दया कायव्वा।	Compassion should be shown to all beings.,
णाणेण सव्वं पयासइ।	Everything is illuminated by knowledge.,
कम्मं खवेइ सुद्धप्पा।	The pure soul destroys karma.,
संसारो दुक्खमूलो।	The cycle of rebirth is the root of suffering.,
मोक्खो परमं सुक्खं।	Liberation is the highest happiness.,
जीवो अणंतणाणी।	The soul has infinite knowledge.,
कम्मं जीवस्स वेरी।	Karma is the enemy of the soul.,
सम्मत्तं मोक्खमग्गो।	Right belief is the path to liberation.,
अप्पा सो परमप्पा।	The self is the supreme self.,
सव्वे जीवा समाणा।	All souls are equal.,
णाणं परमं बलं।	Knowledge is the supreme power.,
अहिंसा सव्वधम्माणं मूलं।	Non-violence is the root of all dharmas.,
लोभो पावस्स कारणं।	Greed is the cause of sin.,
तवसा किलिस्सइ अप्पा।	The soul is purified through penance.,
सम्मदंसण-णाण-चरित्ताणि मोक्खमग्गो।	Right vision, knowledge, and conduct are the path to liberation.,
इंदियाणि जेइ जो, सो जिणो।	One who conquers the senses is a conqueror.,
जीवो अमरो।	The soul is immortal.,
कोहो महा-विसं।	Anger is a great poison.,
माणो दुक्खस्स मूलं।	Pride is the root of suffering.,
माया पावस्स जणणी।	Deceit is the mother of sin.,
खमा वीरस्स भूसणं।	Forgiveness is the ornament of the brave.,
दाणं परमं बलं।	Charity is the supreme strength.,
सव्वे जीवा कम्म-बद्धा।	All souls are bound by karma.,
अहिंसा परमो धम्मो।	Non-violence is the highest dharma.,
सच्चं भणे, मिच्छं ण भणे।	Speak the truth, do not speak falsehood.,
अप्पाणं पि पियं मण्णे।	Consider oneself as dear.,
सव्वेसिं भूयाणं दया कायव्वा।	Compassion should be shown to all beings.,
णाणेण सव्वं पयासइ।	Everything is illuminated by knowledge.,
कम्मं खवेइ सुद्धप्पा।	The pure soul destroys karma.,
संसारो दुक्खमूलो।	The cycle of rebirth is the root of suffering.,
मोक्खो परमं सुक्खं।	Liberation is the highest happiness.
सव्वे जीवा कम्म-बद्धा।	All souls are bound by karma.,
अहिंसा परमो धम्मो।	Non-violence is the highest dharma.,
सच्चं भणे, मिच्छं ण भणे।	Speak the truth, do not speak falsehood.,
अप्पाणं पि पियं मण्णे।	Consider oneself as dear.,
सव्वेसिं भूयाणं दया कायव्वा।	Compassion should be shown to all beings.,
णाणेण सव्वं पयासइ।	Everything is illuminated by knowledge.,
कम्मं खवेइ सुद्धप्पा।	The pure soul destroys karma.,
संसारो दुक्खमूलो।	The cycle of rebirth is the root of suffering.,
मोक्खो परमं सुक्खं।	Liberation is the highest happiness.,
जीवो अणंतणाणी।	The soul has infinite knowledge.,
कम्मं जीवस्स वेरी।	Karma is the enemy of the soul.,
सम्मत्तं मोक्खमग्गो।	Right belief is the path to liberation.,
अप्पा सो परमप्पा।	The self is the supreme self.,
सव्वे जीवा समाणा।	All souls are equal.,
णाणं परमं बलं।	Knowledge is the supreme power.,
अहिंसा सव्वधम्माणं मूलं।	Non-violence is the root of all dharmas.,
लोभो पावस्स कारणं।	Greed is the cause of sin.,
तवसा किलिस्सइ अप्पा।	The soul is purified through penance.,
सम्मदंसण-णाण-चरित्ताणि मोक्खमग्गो।	Right vision, knowledge, and conduct are the path to liberation.,
इंदियाणि जेइ जो, सो जिणो।	One who conquers the senses is a conqueror.,
जीवो अमरो।	The soul is immortal.,
कोहो महा-विसं।	Anger is a great poison.,
माणो दुक्खस्स मूलं।	Pride is the root of suffering.,
माया पावस्स जणणी।	Deceit is the mother of sin.,
खमा वीरस्स भूसणं।	Forgiveness is the ornament of the brave.,
दाणं परमं बलं।	Charity is the supreme strength.,
लोए पंचव्रतं हवे।	In the world, the five vows are everything.,
मरणं जाणइ सव्वं।	He knows all death.,
सव्वं अहिंसा जाणइ।	Non-violence is everything.,
धम्मे सव्वं जाणइ।	In Dharma, all is known.,
जीवं पवत्तं जाणइ।	He knows the flow of life.,
सव्वं जीवं जाणइ।	He knows all living beings.,
मग्गं सव्वं जाणइ।	He knows the path to everything.,
अहिंसा लोए जाणइ।	Non-violence is known in the world.,
धम्मे लोए पंचव्रतं जाणइ।	He knows the five vows of Dharma in the world.,
जीवं पंचव्रतं जाणइ।	He knows life through the five vows.,
अहिंसा पंचव्रतं जाणइ।	Non-violence is known through the five vows.,
लोके पंचमहाव्रतं जाणइ।	He knows the five great vows in the world.,
सव्वं पंचमहाव्रती जाणइ।	The observer of the five great vows knows everything.,
लोए पंचमहाव्रती जाणइ।	He knows everything in the world through the five great vows.,
लोए सव्वं जाणइ पंचव्रतं।	In the world, he knows everything through the five vows.,
जीवं पंचमहाव्रती जाणइ।	He knows life through the five great vows.,
धम्मे पंचव्रतं जाणइ।	He knows everything through Dharma's five vows.,
जीवं अहिंसा जाणइ पंचव्रतं।	Life and non-violence are known through the five vows.,
धम्मे अहिंसा पंचमहाव्रतं जाणइ।	Non-violence is known in Dharma through the five great vows.,
लोके पंचमहाव्रतं जाणइ अहिंसा।	In the world, non-violence is known through the five great vows.,
धम्मे पंचमहाव्रती जाणइ लोए।	The observer of the five great vows knows everything in Dharma.,
जीवं पंचमहाव्रतं जाणइ सव्वं।	He knows life and everything through the five great vows.,
लोए पंचमहाव्रतं जाणइ धम्मं।	In the world, the five great vows and Dharma are known.,
धम्मे पंचव्रतं जाणइ सव्वं।	Everything is known through the five vows in Dharma.,
लोके पंचमहाव्रती जाणइ धम्मं।	The observer of the five great vows knows Dharma in the world.,
धम्मे सव्वं जाणइ पंचमहाव्रतं।	Everything is known in Dharma through the five great vows.,
अज्जए विय ममस्सं सुहस्स संपत्तिओ	Today my heart overflows with joy.
