prakrit	english
जहिं कज्जं पवज्जइ ते लोअणो लोअस्स ।	In another word, God’s people are those who are perfected after experiencing the work of God.
छाण्मासं तुज्झ वि तेण पसाअस्स, सो च्चिअ जह णाणस्स तेण उज्जुएण	And you were for a season (six months), glad to rejoice in that--in that light of John.
दिसंबर के बाद आधिकारिक तौर पर भारत में और भी अच्छे ड्रोन ज़रूर दिखेंगे ।	After December, we will surely see other good drones officially in India.
केंट बोली, ""यहाँ तक कि (नेफ़ी के) पिता जो पैग़म्बर थे, भुखमरी के कारण बुड़बुडाइ रहे थे ।	Even [Nephi’s] father, who was the prophet, was murmuring because of hunger,” Kent said.
तुम अक्सर कहते हो, ""भगवान सब कुछ कर सकते हैं ।	You often say, “God can do everything.
अप्पाणं पवज्जणस्स एत्थ च्चिअ जीवो, सो सहयमेव गोत्तग्गहइ ।	When the soul is so eager to believe in himself and his own inspirations, he is easily misled.
कोसोवो * के संबंध में एक विशेष निगरानी समझौता मौजूद है ।	A special monitoring agreement exists with regards to Kosovo*.
सेवाओं और बिजली में 1 प्रतिशत भी सुधार नहीं!	Even not 1 percent improvement in services and electricity!
हा, ते भणिए, ""ओ, अम्हाणं मिटिंग होइ ।	Yes, they say, ""Oh, we had a meeting.
पहिएण कुणं लहेइ सो लढेइ अथवा अलद्धो होहिइ संठाणं	If you find something with wheels, you can drive it into battle—or plot a quick escape.
मुगाबी के बाद मैं सेवानिवृत्त हो सकता था ।	For me, I could have retired after Mugabi.
परंतं अण्णो लाख मुनाफाखोर आगंतुक होंतो भलाइं ।	But isn’t it better to have 8 million profitable visitors?
रूस और चीन के बीच एक प्रासंगिक मसौदा संधि है, जिसके संबंध में कोई अन्य दस्तावेज मेज पर नहीं है ।	There is a relevant Russian-Chinese draft treaty with no other document on the table in this regard.
तेण सव्वं लोअणं समुव्वहइ तेण महा रहस्सं ।	Thus all things were kindred and were brought together by the same Great Mystery.
सच्चं मए ण गेणंति तुण्हि 999 मृत्युदण्डं ण दिट्ठो	In fact, I can almost guarantee you didn’t see 999 of the executions.
अम्हाणं भलाइं इच्छामो ते णिव्वत्तं हवे देव्वाणं ।	No longer will God’s people need to say, When we “want to do good, evil is present.
देवतावालाओ तं मग्गं होंति, नेताहि ण होंति ।	The gods shaped him to be a follower, not a leader.
अम्हाणं भावं अम्हारं पेम्मं सच्चमेव तेण चेअ विरसो होइ	Our future and our love could truly begin or end with her decision.
जेण जेण प्रयत्न करेसि सो अप्पाणं परं, मरणं वि णित्तं ण होइ ।	The effort you put forth to anything transcends yourself, for there is no futility even in death.
29मैं भणिआ, होहि सो करिज्जइ जेत्तिओ तुज्झ मिच्छत्तं, तेत्तिओ करेज्जइ निश्चय ।	E-29 And I said, ""Yes, He will, if you just turn from your wickedness, He will sure do it.
गोर्डो1: अच्छी एम्मा, एत्थ एत्ताहे सव्वेसु शिष्या ।	GORDON: Ok Emma, my students should all be here by now.
कुवैत जे सव्वं मोक्खमआओ, तेण वि तेण तेण पुत्तअ च्चिअ ।	[They also elected] the son of the one who previously liberated Kuwait.
तेण परं ण को ण प्रवेशेइ, किं मए उक्खिवाओ न्यायो ।	No other man will enter then, for My Judgement will be cast.
एत्थं सव्वं आलोचिअमो अम्हे उट्टुपुंजसमाजदंसणे ।	We’ve considered all this before—in our visions of utopian societies.
तहिं तहिं बीना48 का विकास होंतइ?	Has Bina48 continued to develop since then?
आलेक्जेंड्राः मे सुणिआ लक्जमबर्गक सव्वं संसद त्यागपत्र देलक अछि ।	Alexandra: I heard that the entire parliament of Luxembourg has resigned.
हार्डीः ""दो समस्याएं भी हैं साहब ।	Hardy: ""A couple of problems there too, sir.
टोस्ट्ः माब्लाबा - माब्लाबा नमाज़ं बदलिए टोस्ट् खुआइयो ।	Toast: Sometimes a toast is offered instead of a prayer.
और अगर हम इंसान हैं तो क्या हम परमस्थिति में पहुँचे हैं?	And if we are human beings have we reached the absolute state?
(7) तेण परं केणइ हाइड्रोजण् 7 ण चेते ।	(7) Moreover no one remembers the Hydrogen 7.
कठोर तुलनाक लेल एहि मे सम्मिलित अछि = = = आ! = =	This includes === and !== for strict comparisons.
जीवं परिवर्त्तणइअं सच्चं पवज्जमाणस्स, ध्याणं च कज्जणणणाणं को न होइ ।	No one is present to watch us memorize and meditate on God’s life-changing truths.
बदकिस्मती से (कैम के लिए) उन्होंने गलत गणना की ।	Unfortunately (for Cam) he calculated wrongly.
जे महिलाआ कहियो गर्भवती होइनि तेण होइओ स च्चिअओ, जेण पाँचओ णओ होइओ ण होइओ तेण उवएओ	It is neither recommended for women who have never been pregnant, nor for those who have had more than five.
लोअणअंतरराष्ट्रीयपरिचिंत - लंजारोटे में आपको दोनों विकल्प मिल सकते हैं ।	Local / International well known - You can find both options in Lanzarote.
600 सी. एफ. ए. वाले ठण्डे पेयं पाकर हमे खुशी हो रही है!	We are happy to find cold drinks for 600 CFA !
मए मण्णे अरबीए आज़ाद होइ ।	My land [must be] Arab and free.
अम्हे भगवान् की रचना, देवा की संतानें ।	We are God’s creation, children of God.
फिलिपं सअण्हा भणिओ मं अपेक्खम् ।	And I had hoped that he would have called [Philip].
ते च्चेअ सच्चं भणामि ।	I swear by that creation.
अच्चं च्चिअ छणअ सामं अण्णो सामो	Very scary, suddenly Uncle Sam is offended
[पुट्ठियाँ 149-50] वह स्वयं करोड़पति बन गई ।	[Pages 149-50] She became a millionaire herself.
सर राबर्ट के साथ उनकी क्या समानता हो सकती है?	What could he have in common with Sir Robert?’
अम्हाणं सव्वं गअणुसुअराणं तुए जाणसे हवे!	Now you know much more about pigs, an animal that gives us everything!
और सो च्चिअ तेण वृक्खं जो लज्जिज्जइ, तं सस्स सदा जीविज्जइ	And He's the only Tree that can be taken, that you can live forever.
अम्हे वि तेण वि तह वड्ढंति जेण एत्ताहे पअवीएण दूतेण संवंधाओ	We should be putting forth even greater effort than was put forth by those who proclaimed the first angel's message so faithfully.
पीएम मोदी ने कहा, ""भाग लेने वाले 113 देशों का स्वागत करने के लिए हम सब कुछ करेंगे ।	We will do everything to welcome the 113 countries that will participate.
एत्थ धरित्रीए वि ते देवऽ छलाह, अहं मणुस्सयं ।	He was God even while here on earth; I am but a man.
तेण वहुआइ अम्हाणं ण एत्ताहे, ण मिस्सिसिएप्पिं एत्थे ।	Not the kind of guy we need here - not here in Mississippi.
#4 ""वरना हम भी युद्ध में जा सकते थे	#4 “or we could also go to war
#4 ""वरना हम भी युद्ध में जा सकते थे	#4 “or we could also go to war
जा 4आ 9आ ण होंति जाआ तुज्झ कुर्सिय जाआ विणा वड्ढमट्ठो	You probably will have 4 or 9, unless your chair is a very strange shape.
अण्णं करणस्स एकमेव माणो, सो प्रार्थना ।	Only one way to do it; that's prayer.
(i) जी. एस. 1क सङ्ग अपन करारक निष्पादनमे समर्थ होयबाक उद्देश्यसँ,	i) with the purpose of allowing us to be able to perform our agreement with GS1,
थैंक यू टू नोट आन्अरः टू क्रिसमस कार्ड्स!	Thank you not to answer: Two Christmas cards!
मरणो वि इए वि णअंतरं वि दरदरवाओ ।	It is also an incredibly painful way to die.
छात्रः पर गुरु, 22 आज्ञाओं के बारे में मैंने कभी नहीं सुना था?	Student: But Master, I had never heard of 22 commandments?
वाहस्स देव्व सि तीअ वाणी मिट्ठाइ, हिअअं जरा डिंहा फलइ ।	By God, his speech is sweet, his root is deep and his branches are fruitful.
थामहिनबा, ईश्वरीयपदार्थे ण अंधकारं वा मित्तं ।	In other words, God’s substance contains no darkness or evil.
जेण ""दांडी"" तेण सो च्चिअ रातिणं राजा होइ ।	Such as ""dandies"", they will soon be the kings of the night.
परंतं (कमलं तथा अन्यां सूत्राणं) हजारमेंएकहिं न रक्खिज्जइ ।	However, not one in a thousand can be saved [by the Lotus and other sutras].
इमेज् 59 - केक्कस्स महत्तं ण भुलो ।	Image 59 - Do not forget this important detail: the cake.
जे अठारामो णिअच्छं मोहिं दिट्ठो, तेण विच्छेदिअह विओओओ	The first eighteen people who saw me disconnected immediately.
लोए सच्चं पिट्ठं कुत्तो ।	The only faithful thing in the world is a dog.
उनका कोई स्मारक नहीं है ।	There is no monument to him.
इअ (अबू जह्ल) जं कहेइ तं मत सुनो ।	Do not listen to what this man [Abu Jahl] says.
मए ण तहिं सओ वा तेण विओजाणं सओ कओ सओ पत्तो ।	I was unable to make any communication either with him or his plane.
तेण अण्णं भणिओ, सो कस्स खणं अंतरिक्खाणं ।	He said, “it’s a piece of a space ship.
489 एत्थ लोअणं बहुअं लोअण कंइक दिट्ठो, तं जाणेसि	489 Now, a lot of people are looking for something, you know.
सो [णामो] जंजं'इफ्फेसंस'अडखमा पडिअं - एसो एसो सो ।	So it was like [the name] 'Confessions' just stuck—this is what it is.
ण्हो, पयडीए अम्हाणं कायव्वो - पयडीए सव्वं कयव्वो, धम्मे देव्वाणं ण ।	No; nature made us—nature did it all—not the gods of the religions.
किं दो सिगार वि पिओ सो वि"" भणिउं भणिऊण ओआसो	Why, smoking two cigars at the same time!” was the answer.
किं दो सिगार वि पिओ सो वि"" भणिउं भणिऊण ओआसो	Why, smoking two cigars at the same time!"" was the answer.
तुम भगवान को भुला सकते हो, वह केवल एक खोखला शब्द है ।	You can forget about God; that is just an empty word.
किं पि ण दिज्जइ मिच्छत्तं लोए दुःखं ।	Wrongly naming a thing is to add to the misery of this world.’
तेण जेण जंजं मुसलमान कुणंति करेति तेण मज्झं दोषिअं ।	So whenever a Muslim does something wrong, they blame the religion.
तं च्चिअ एल्लेनोर होइअं, तं च्चेअ अहअं वअणं हवेइ	She needs more: she needs to be Eleanor.
और रस्ते इतने गन्दे और गन्दे हो गए कि सीलबंद से पार करना पड़ता था ।	And the streets were so dirty and muddy that they had to be crossed on stilts.
धण्णा ते च्चिअ होइ जे अण्णोच्चारणसमयमग्गो ।	Blessed are they who go through moments of indecision.
इअमे 31 आनुवंशिक जनसङ्ख्यासभकेँ सेहो ध्यानमे राखल जायत ।	It’ll also take into account 31 genetic populations.
चीन ई. यू. प्रस्तावमे चारी सालक डेटा आवरेजक उपयोग कएओ से पूछिओ ।	CHINA also asked why the EU proposal uses a four-year data average.
कांग्रेसमे विखंडन लोकसभ आब स्पष्टतासँ देखय लागल अछि ।	People are beginning to see more clearly the separation in the Congress now.
एसो मणुस्साणं अप्पाणं अविचल विश्वासो होंतु, जं कि ईश्वरो तं वसोस्सं ।	This should be man’s unshakable faith in himself, because God dwells in him.
जेण वि इ. एम. 1 नामक व्यावहारिक समाधान जापानी शोधक कारणेण हम सव्वेहि लेल उपलब्ध अछि ।	In any case, a practical solution called EM1 is available for all of us thanks to Japanese research.
किसि इच्छाइ सृष्टिकर्ताजस्स समं, जं सअलइ सो किसि ण इच्छिइ च्चिअ तं किसिअं प्रकटइ	What makes a desire similar to the Creator when it corrects and how does He manifest Himself in this desire?
एहि ग्रन्थ सभमे संकेतं वर्गात्मक वा मणुसरहइ ।	On these texts, the code was quadratic or worse.
और फिर [निर्माता] डिक जानुक - वह सबसे अद्भुत आदमी है ।	And then [producer] Dick Zanuck—he’s the most amazing man.
अल हकीम में आखिरी बार, भगवान दस बार मानव रूप में प्रकट हुए ।	God appeared ten times in human form, for the last time in El Hakim.
हो सकता है कि वह दण्ड हो या स्तुति जो तुमारी आत्माए पहले की थी ।	It may be a punishment or a praise for things your soul did before.
मंसं समुव्वहणं करिज्जंति पअवीणाइं, णिव्वत्तिअं भणिउं सव्वो भणंति	Every month, they will hold meeting together with their wives at their side, but will only be twelve voices.
अण्णो मज्झो दासो कृतज्ञ ""।	Few of My bondmen are thankful.
बाइबल के खजानों को और अधिक भव्यता से खोला जाना है, ताकि विश्वासियों के लिए परमेश्वर के वचन में एक समृद्ध हिस्सा प्रदान किया जा सके ।	The treasures of the Bible are to be opened up more lavishly, so that a richer share in God's word may be provided for the faithful.
ईस 212 मए सो च्चेअ दासो मए माइक्रोफोए	E-212 I am just His servant, like that microphone.
एत्थ वि कारणं तुए अण्णो पिओ ।	There is a reason that you are the last of the animists.
17इंसाणं सच्चं पवज्ज, तवं वचन सच्चं ।	[17] Sanctify them by the truth; your word is truth.
तेण अलिफ लाम पारणाइआ ।	Then he recited: Alif Lam.
मए तेण मिचेलिन सअलं भणिओ तेण वि गअवब्भसंकेआ	For me, compared to last year, it's very difficult to understand when you speak with Michelin.
अहं 430 भणिआ, परन्तु कब्बालिपद्धति तहा ।	I said it—I said 430, but it is Kabbalistically.
कह कत्तो कहामो... लोगो लोअण्हाणं ।	What can I say… people recognized the logo.
हसणस्स विज्जा - तह तं च्चेअ अम्हे वि किं णिद्दा	The science of laughter – and why it also has a dark side
1आअव्वाणं व एअर्मणिज्जमाणस्स!	51:23 And by the Lord of heaven and earth!
अप्पाणं दाणं मग्गो पूरिआउ, ता च्चिअ एअं जिविज्जउ ।	Use your gift to the fullest of its ability and then begin to live like this.
अण्णं च्चिअ अम्हेइ मरउ वअणं वारेहि ।	Or better yet, let me die right here in the rain.
लोए सोहइ लोए लोए, ण तुमं च ।	He bears the burden of the world and not you.’
_ _ _ द्वारा पहचाने गए युवा पेड़ों का संरक्षण ।	Protection of young trees identified by ______.
97 प्रतिशत डी. एन. ए. का उच्चतर प्रयोजन क्यों है	why 97% of our DNA has a higher purpose
परंतु तेण परिअत्तेण पिओ होइ जेण ईश्वरेण सहागयइ ।	But they have ministering spirits sent from the Presence of God.
परंतु तेण परिअत्तेण पिओ होइ जेण ईश्वरेण सहागयइ ।	But they have ministering spirits sent from the Presence of God.
किं कज्जं खंड 36 तह 38 के मद्धे नागीअस्स किं भणामो	Did we ever find out what happened with Nagi between Volumes 36 and 38?
जातिगणोंके राजाओ तेण होइओ ।	Kings of peoples shall come from her.
दाविदः धरतीअपर सव्वप्रकाराणं विकसित करणें कओ कोशिश करेसि	David: Were they trying to develop it for every type of person on Earth?
सो साणंद (जीसस) संग अज्ज घणं घणं मज्झं, एसो वि समवयस्स अआवेइ ।	He and Sananda (Jesus) work very closely today and will come back together.
परंतं तेण सुहिणो मा कोइ पुच्छिज्जइ ।	But no one ever asks if you are happy.’
एहि प्रश्नक उत्तर पंथस्स छेमं आलेक्खं समविज्जइ, ""तेण सव्वं आरोहणं कृत्वा पितस्स दाहिनी सेठिओ ।	The answer to this question is contained in the sixth verse of the Creed: ""And he ascended into heaven, and is seated at the right hand of the Father.
उट्ठेइ संकेतं - आरोहसिक्खं आरोही संकेतं ।	The Rising Sign - The ascendant can be one of the other eleven signs.
जुआणो एंतो महत्ता जीएण जेण पेम्मं ण होंति	Young people, it seems that money is not(j)more important in my life.
एत्थ इबराहिम ओ वाग्दत्तस्स वआसरा ।	Here are Abraham and the later heirs of the promises.
18 ""होंतो च्चिअ अगर जाइ होंतो ।	Having 18"" is better if the space is available.
ण तुज्झ विरमंतो च्चेअ तं मए दूरं जाअं, जं कि सब्बथ प्रभु पवित्तं ।	I would have left you, if you had not stopped, because the Sabbath is sacred to the Lord.»
रोबर्टाअण्णाणं गणंती आउलत्तंतो, ण एअं गणिज्जइ जेण	It is as if Roberta ought to count her notes not this way:
सव्वं यहूदयाणं भवति, सव्वं यहूदीअणाणं प्रत्यागइ ।	All comes from the Jew; all returns to the Jew.
सो च्चिअ सव्वं मअरद्धोस्सणं दोहिं वि, असईअ वअणं पवज्जस्स पुण्णेहिं	He was to be ""put to death halfway between heaven and earth as unworthy of both"".
[157] जहा नमाज़ का सम्बंध हो (पैरा ।	[157] Where the prayer is concerned (para.
एहि बेरं रअणरसंक सिद्धीअ दिट्ठसि, जानासिओ तं वअत्तं ण अ कलिअं ।	This time you will see the accomplishment of God's mystery, and you will know that his promise was not vain.
ता मामलाइ रोम पठाओलइ जाआइ पोपअण्णणस्स जाआइ ।	Then the case is sent to Rome where [it is] studied before the Pope's decision.
अम्हे वि तेण पज्जंतीए, तेण वि पिअत्तणच्च योजनाम् अवलंबिए ""(CCC 2679)	When we pray to her, we are adhering with her to the plan of the Father,” (CCC 2679).
कांगक लेल उद्घोषणामे कहल गेल अछि, जंजं शिशु सअण्हाणं कुणसि ।	In the Announcement to Kang, it is said, “Act as if you were watching over an infant.
[219] उन्होंने दावा किया कि उनके नए आंदोलन में अन्य जातीय समूहों की भी भूमिका थी ।	[219]He claimed that other ethnic groups too had a role in his new movement.
(तोराहक) मिथ्यारोपणं रक्खं भमिआ ।	The falsification [of the Torah] occurred previously.
दूतां दरवाज़ाणं रक्खंतीं, सव्वाणं बालाणं णामेण लिखंतिं ।	Angels were the keepers of the gates, and the children’s names were all written in a book.
सव्वं गुप्तं व्यवहृतं भवति, दण्डविद्धा गुप्तं चइ ।	Everything is dealt with covertly, and sentencing is done in secrecy.
फ्लोरेंस की मदद करते हैं हम, न केवल मंगलकामनाएँ...	We Help Florence, not only wish you ....
ण भणामि जणो जं जणो तं ण भणसि, अहअं ज्ञाणं मए ण वल्लहो ।	You should not say, ‘I know what zen is,” or “I have attained enlightenment.
तेण तं राजा पुत्तं देखाइं ।	Then he showed them the king’s son.
मए तेण वि धण्णा एहि माणवसण्णं, तेण च्चिअ सव्वच्छा गाडी ।	I have been admiring the wealth of this man and he drives clean cars.
रूट 342 लगभग गंतव्य बन गया है!	Route 342 has almost become a destination!
साफ तौर पर यह एक मुश्किल स्थिति है जिसका हल क्रिस और टीम से ज़्यादा जल्दी कोई नहीं चाहता ।	‘It is clearly a difficult situation which no one wants resolved more quickly than Chris and the team.
सब्बत्थदिनं मणुआइं पवज्जसि जो जेण रअवाणं, तेण तुज्झ वअणे रअस्स वअणं ।	If you are keeping the commandments of God by observing the Sabbath day, you are on the Lord’s side of the line.
अम्हे वि ण चिंतिअंतो जेण मैक्सिकन पब्लिक स्कूलक चुनो जाअं ।	We did not think a Mexican public school like ours could be selected.
निश्चय इसराएलवासिनि थाखाय गिबि जुज्जाया आयजोफोरनि दारै जादोंमोन ।	Verily, the first trial for the people of Israel was caused by women» [Reported by Muslim].
निश्चय इसराएलवासिनि थाखाय गिबि जुज्जाया आयजोफोरनि दारै जादोंमोन ।	Verily, the first trial for the people of Israel was caused by women» [Reported by Muslim].
देइ दट्ठूण महं दइअ कहेइ तुज्झ पत्थरं कुणसु, लोअणअणाणं जाणइ सव्वं ।	When she gave it to me she said: “Keep this stone because it is God’s eye that sees everything and knows everything.
[1] जो लोग बाहर गए वे अरबी में शाब्दिक रूप से ।	[1] Literally in Arabic those who went out.
एद्दहं दिट्ठाइं महं एद्दहमेत्तग्गआइं, जह ण त्थि अहं पवज्जस्स वि णस्सामि ।	These visions took me from one state to another until I was Annihilated in the Divine Presence.
एसो तिस्रो सच्चो मत ।	This is the third and the true opinion.
उवमआ मानिज्जइ जे दुर्घटनाक बाद ओअस्स कएओ ""[तेण] कस्स ण समज्जइ ।	He acknowledged that his actions after the accident ""made no sense to [him] at all.
एत्थ वि कहिज्जउ तहिं केनो प्रणालीक कारणेण 2000 यूरो जंपा ।	I also want to tell you that thanks to your Keno system I won 2000 euros.
तेण मए सात महिलाओ संग बेसी (वस्तुतः) जाआउणि तेण सज्जा पुछीओ	So I sat down (virtually at least) with seven women and asked them for their travel advice.
कज़ाखो से कहिओ... फिर भी, कज़ाकिस्तान ही क्यों?	Tell It to the Kazakhs!...Nevertheless, Why Exactly Kazakhstan?
अण्णं मणुस्सं तुए मसीहा, ईसव्वपुत्र ।	I believe that you are the Messiah, the Son of God.
जेत्तिअमेत्तं पिओ तेत्तिओ 300 जणो जाणे उवऊढाणं	The 300 men drank the water in the same way as if they agreed to do it.
देव्वाणं भणंतं कि इअ कालवद्धी एकवर्षं भवति, इअ तं सव्वं शास्त्रमं कहेइ'देवअदिवस'।	God gave him understanding that this period of time would last for one year and that it was what is referred to in scripture as the “Day of the Lord.
हैती - राजनीतिकः संसद सदस्यों के 33 प्रतिशत पद नहीं मिले!	Haiti - Politic : 33% of the offices of the parliamentarians are not found !
छः महीने की उम्र में जिस तरह से भगवान ने आपके साथ व्यवहार किया, वह आपको पसंद आया ।	You liked the way God treated you when you were six months old.
दुश्टो धम्मे फलं लहेइ ।	The wicked receive their recompense in the earth.
गब्भसं दे सुहअ, एत्थ मए 10,000 डालर व्व णिहइ ।	Thank God, my capital is now $10,000.
तुम हमेशा अपने शिष्य की मुस्कान देखना चाहते थे जो सच में कुछ खास है ।	You always wanted to see your student’s smile which is something truly special.
प्रेमिका के प्रभाव में यह'स्वाभाविक रूप से'बदल सकता है!	This may change ‘naturally’ under the influence of a girlfriend!
अप्पाणं भणह तुज्झ किं वुड्ढपत्थिअमेत्तं ।	Now, then, tell me under what tree you surprised them together.
अहं तेण परं कदापि ण भणिओ, तेण तुज्झ जेना पेम्मं असयं ।	I never said anything before because you and Xena were lovers.
(लोऊवक दैनिक जीवन ओ ताइ)	(because daily life with Lou is also that)
कहने के लिए एक ही बात है - यह प्राकृतिक घटना और इन हिमखंडों को देखना है ।	There is only one thing to say - this natural phenomenon and these icebergs has to be seen.
जइ सो कुलं दुर्बलं कए णस्सइ सो वि सफल होइ ।	If he can weaken and destroy the family, he will have succeeded.
जइ सो कुलं दुर्बलं कए णस्सइ सो वि सफल होइ ।	If he can weaken and destroy the family, he will have succeeded.
ख) कज्जं मग्गइ जे ब्रह्माण्डे मित्तं मणुस्साणं पि किं पि	b) we ask that other friendly human of the cosmos are allowed to help us
एल्डोराडो कही भी हो सकता है, मुख्य बात देखने की ।	Eldorado can be anywhere, the main thing to see.
अज्जं चंचले पर्यावरणं अम्हाणं सव्वेसिं, ण अद्धेम् अम्ह वि ।	Today's environmental challenges need all of us, not half of us.
फ़िरऔन ने उसे तैयारी के लिए बहुत कम समय दिया ।	Pharaoh gave him little time to prepare.
सुरक्खतं लोयं कायव्वं, पुराणं णस्सइ अम्हे वि ।	We will create a safer world, or destroy the old one.
जंजं पडिहाइ तुज्झ सूत्रं गच्छसि, तह तं समीपसु गच्छसि ।	If you pray, then pray toward a sutrah (barrier) and get close to it.
तेण अणुबिसआ अण्णाणं णिव्वइज्जइ	Thus, Anubis could decide the soul’s fate.
परंच (व्यावसायिक) राजनीतिक व्यवस्थाक बाहर महान राजनीतिक परियोजनासभ सेहो बनाओल जा सकैत अछि ।	But great political projects can also be created outside the (professional) political system.
अथ वा तं तारा मग्गं उड्डी तं सुरअ महिमा मग्गज्जिहिसि	Or can I fly up among the stars to search for him in the glory of Heaven?’
अप्पाणं जं पुत्तं सो दोहयं रुवइ ।	When a son gives to a father, both cry”.
जहिं सव्वे जाणइ भगवान् मग्गे मग्गो, अणिच्चारो त्यागो, अणत्थो समप्पंति च्चेअ ।	That all may know the degree of my patience, resignation and sacrifice in the path of God.
जं तुज्झ वराईं तेण खेलउ, तेण वि 20 प्रतिशत किं का?	Play Only With What You Have – Why That 20%.
सो अब्शालोम इसराएलीओ का हिअअस्स अपहुत्तो ।	And “so Absalom stole the hearts of the men of Israel.
उर्केश नगर भले ही न हो, पर तुम मेरे हो ।	But you are mine, even if the city of Urkesh is not.
भग्गभग्गं भग्गं देव्वाणं पज्जलं ।	Generally speaking, gods desire nothing but adoration.
682 सअण्णे शिशुं अहं लहेमि ।	682 I took the little baby.
इरीट्रिया और ज़िम्बाब्वे उल्लेखनीय अपवाद हैं - और इसलिए, भविष्य के लक्ष्य ।	Eritrea and Zimbabwe are the notable exceptions - and, therefore, future targets.
कनाडा बियॉन्ड 15/1: किं कआ अम्हे कआ	Canada Beyond 150: What we did
85:19 नहीं, अवज्ञाकारी अवज्ञामे जीवइ	85:19 Nay, but those who disbelieve live in denial
अथ वा बलयमाणेण एंसीवर्षं ।	Or if due to strength, eighty years.
निग्गास मह 27 साल की हो गई सोण्हा	Niggas think I’m 27 and shit.
15) तुम अब अपने ईसीओ100 का आनंद पूरी तरह से कार्यात्मक रूप से ले सकते हो ।	15) You can now enjoy your ECO100 fully functional.
जं सच्चं जाणइ तं केणइ अंशकं ण ढक्कइ ।	one must not conceal any part of what one has recognized to be true.
भणिओ च्चिअ ण हु देवा इच्छसि तुज्झ पिअअमस्स मरिआइं	He said, “I don’t think the Lord would want you to punish yourself for the death of your little boy.
तह वि सुरआ सुहावेंति जाआइं, दिट्ठाइ तुज्झ सेहतमंद होइं ।	Things got better after that, and now, you can see, the trees are healthier.
तेण कहाः'सोवियत संघाअंतरंआठ सभ्यताआ ।	He said: 'After the USSR, there are eight civilizations.
सहकर्मिणओ सअण्हा संभाषणे मे तं सदा नॉर्मन अमेंडमेन्ट म्हणुआ ।	In my conversations with my colleagues, I have always called it the Norman amendment.
मज्झ नीतियुद्धा भयं हिअअअं हिअअं ण होंति	Fear of My Justice is not present in hearts.
एत्थं कएकिसं जिविज्जसि, अप्पाणं जीवं संतोसो होइ ।	If you do this, you will live many years, and your life will be satisfying.
(मरेन सिंहं भणिमो ।	(I vote for the dead lion.
अकाशं उव्वेल्लिअमोडलाइं वहइआ ।	The sky was very low full with clouds of rain.
तेण तं सालंतं (अथ वा तेण वड्ढं) खिण्णहसि ।	That will hurt her for a year (or longer).
युद्ध का अब राजनीतिक औजार के रूप में इस्तेमाल नहीं किया जा सकता, श्रीमती मर्केल!	War cannot be used as a political tool any longer, Mrs. Merkel!
दाविद केमरौन इंगलैंडमें हआओ, ण जाणामो केत्तिओ वोटो ।	In England, David Cameron has lost I do not know how many votes.
10/04/2014 कारों के लिए इस विचार के बारे में आप क्या सोचते हैं?	10/04/2014 What do you think of this idea for cars?
उड्डाण 3532 क अपन सहकर्मिओ सओ किं तुए पुणो वि सम्बोधओ?	Did you speak again of your observation with your colleagues of flight 3532?
तहिं चेअ जाणह जे देव्वाणं विमर्शनं समाअं ।	Only then will you suddenly realize that God’s work of judgment has already concluded.
मं सोऊणपच्छिआइं दिस्सइ सअण्हा विरइअं, अहं तेण परं कदापि ण होइमि ।	I have seen the Bird of Paradise, she has spread herself before me, and I shall never be the same again.
अ तेण वि सुरजराज्यस्स उद्धारणम् अ मज्झ ईश्वरयोजणाणं कालविस्तारे अण्णो ।	It was the moment when the kingdom of heaven was inaugurated and God’s original plan to elevate us was sparked in time and space.
भोजन की आपूर्ति, रईसों के बीच विवादों को निपटाने और फ़िरौन के घराने के संचालन और सुरक्षा के लिए भी वह जिम्मेदार था ।	He was also responsible for the supply of food, settling disputes between nobles and the running and protection of the Pharaoh’s household.
तवं मूसासँ सुहं मित्तं को ण होंतु ।)	You could not have a better friend than Moses.)
दूरंतरिअसो ईश्वरशत्रुविद्धो होसि ।	When you are far off, you become a target of God's enemy.
राष्ट्रपति ओबामा ने कोशिश की, उन सबने कोशिश की ।	President Obama tried, they all tried.
पर आवंडुरं मए भिअसिओ वि, अम्हे वि अम्ह भीअण्णाइं चिअ भिअअं	But I was scared of the noise, scared for my parents and my sister”.
ओ सभ नदीमे हमर भायकेँ गोली मारि देलक ।	They shot [and killed] my brother in the river.
और केवल भगवान्की वाणीमें प्रार्थना कयउ	And only by praying amid God’s own words
[74:52] धर्मग्रंथं सव्वे जणं लहं इच्छंति?	[74:52] Does each one of them want to receive the scripture personally?
विज़िटर II\1: पिरामिड भी हो सकता है?	Visitor III: It could be a pyramid too?
1943 से कैफे बाबा एक ऐसा संस्थान है जिसे मैं आजमाना चाहता था ।	Since 1943 café Baba is an institution that I wanted to try.
हि हु सेड नोः ईरान की विवादिततम फिल्म?	He Who Said No: Iran’s most controversial movie?
किं पि ण दिज्जइ मिच्छत्तं लोए दुःखं ।	Wrongly naming a thing is to add to the misery of this world.’
आस्थाया दुस्साहस्स मायं जाअं दिज्जइ, जाअं पब्भिअजाणं पवज्जइ ।	Faith looks on it as an enemy's land till it is possessed by the people of God.
और तुम एक वास्तविक समुदाय के सदस्य हो!	And you are a member of a real community!
अण्णं [विलियमं] नोट्सु कए सार्वजनिक परिवहनं लउं'।	Take a note from your brother [William] and take public transportation'.
अण्णं पवज्जइ सो सुहिणो होंतु, जो दिअहं भणिज्जइ मए जीविओ ।	He possesses dominion over himself, and is happy, who can every day say, ""I have lived.
मंगलं"" - ""सव्वं चॉकलेटाइं होंतु"" अथ वा एहि ग्रहं परिदर्शणआच्छा ।	Mars"" - ""everything will be in chocolate"" or the desire to visit this planet.
और रुआओ वि अप्पाणं ण, व उम्मह [1] (समुदायं) व मणुस्सत्तं ।	And he happened to cry, not for himself, but for his Ummah [1] (the community) and for humanity.
सो सदा सुहिइ (छेमं कअप्प काफ़ीअणाणं वि)	She is ALWAYS happy (even before her sixth cup of coffee).
गरीबां का भी हिस्सा होना चाहिए, ईश्वरीय मित्ताइं ।	There must also be a share for the poor, God’s friends.
नगरवासिनियोंमें डरसंतोषं जाणइ ।	The fear among the city's inhabitants is palpable.
जाँचू जे ओहि नामक प्रयोग प्रारम्भ कयनाइ वैध वा अवैध अछि ।	Check if it is legal or illegal for you to start using that name.
12:74 पुच्छिज्जंतं किं दण्ड होइ तं पब्भमा?	12:74 ""What should be the punishment,"" they were asked, ""in case you are liars?
पिछली मंदी बैंकिंग 2 के साथ कभी नहीं आई होगी ।	The last recession would have never occurred with Banking 2.0.
सा बोली, अल्लाहक मक्काअपर पैग़म्बरं जिणओओतो तहा हिअअं ण होंति ।	She said, ""There is no Migration after Allah gave His Prophet victory over Mecca.
गाज़प्रोम के लिए इस फैसले का हल, न कि पिछले साल, अब ज़्यादा फायदेमंद है ।	The solution of this decision now, and not last year, is much more profitable for Gazprom.
पज्जवलं पवज्जं तं कुणंतीए, ण पज्जवालंतीए पज्जवल्लं ।	One has to keep God’s Feast days that He appointed, not pagan holy days appointed by pagan gods.
अज्जं सअण्हे वि तुमं सा सप्तो उत्तरो होइ - एअं हवे सप्ताहमग्गो मंत्रं ।	Ideally, you’ll now have seven responses — these will be your mantras for the next week.
सर दानियेलपर दइअडक्खं कुणसु, सो च्चिअ अनिश्चित ।	Keep an eye on Sir Daniel; he is unsure.
पुच्छिउ तेण पासिओ समुद्धिरो तेण नगरीए, जहिं तेण सब्बत्थणिम्मित्तं उल्लंघिअं	Ask them concerning the town standing close by the sea; when they transgressed in the matter of the Sabbath.
पुच्छिउ तेण पासिओ समुद्धिरो तेण नगरीए, जहिं तेण सब्बत्थणिम्मित्तं उल्लंघिअं	Ask them concerning the town standing close by the sea; when they transgressed in the matter of the Sabbath.
सीनेटर ओलिवरः हो सकता है कि आपको सिर्फ एक बैंक खरीदना चाहिए ।	Senator Oliver: Maybe you should just buy a bank.
ण हो सो मत्ता तुज्झ तं ण पसाअं"" तीअ कहेइ	No,' she said, 'he is drunk; you could do nothing with him now.
मए तेण वि धण्णा एहि माणवसण्णं, तेण च्चिअ सव्वच्छा गाडी ।	I have been admiring the wealth of this man and he drives clean cars.
(पी. पी. सी.) अफ्रीका में संभावित लेन - देन के संबंध में ।	(PPC) regarding a possible transaction in Africa.
ज़मीन तेण मज्झारो तीए ।	The land is for those who work it.
परमत्थआ सही ते वच्चंति, देवदंसणाण एइ तेइ तेइ घरं ।	But they had come to the right place, and in God's eyes this is where His house has to be and is.
अण्णं च्चिअ ण भणिओ सि जेण विओसं लहेइ	They did not give a thought as to what would happen, if he (Lord Shiva) were to take the poison.
अव्वो को वि मए वि तेण वि रमिअस्स वि कविसं व पुप्फवंतीए, दिट्ठी वि ण पेच्छइ पसाएण दिट्ठी	Now none of God's creatures was more hateful to me than an (ecstatic) poet or a man possessed: I could not even look at them.
किं को वि सा सा सा साक्षी इश्वरेण साओ सरलतरह स्पष्टतरह इअव्वाणं	Can any witness be simpler, clearer, stronger than God's in these few and plain words?
अण्णो माणहो, मए बेजिअंगं आलोअस्स, तुह किं कुणं कअं इच्छसि?	Hey man, I just arrived in Beijing, you want to do something?
इयं सव्वं आदरणीय जिवा ।	This is a soul worthy of every respect"".
मेउंगसुरलोएरे, जहिं से वे सेवामुक्ति कर चुके थे, सव्वेसिं जाणइ अवश्यं ।	Certainly, he knew everybody in Meung-sur-Loire, where he had retired to.
ममं नाम डेव क्लार्क आ मणुस्सं इच्छामि जे तुज्झ वित्तीअ व्व उत्तरोत्तमा ।	My name is Dave Clark and I want you to know that your current financial situation is merely a starting point.
अण्णं विसेसं णिवडिहइ ।	He sinks beneath the waters of trust.
दोसर सभसँ लोकप्रिय नाम मलिह (मलिह) आ तेसरा आये (आयशा) ।	The second most popular name is Melih [Malih] and the third one is Ayşe [Aisha].»
[12] जहिं भारतम्, मिस्र इत्यादि, तावं तहिं सयंस्वातंतं ण घोषंति ।	[12] As long as India, Egypt, etc., do not proclaim their independence.
अण्णं पवज्जस्स ईश्वराणस्स भेदं ।	There is a difference between God’s presence and His glory.
त्वरकं उअअअंतो अम्हे अथाह गहवाडं ।	on the accelerator and we are heading towards an abyss”.
ओ ""संकरे रस्ते पर न कोई भाई है और न कोई मित्तं ।	o ""At the narrow passage there is no brother and no friend.
केत्तिअमेत्ताए णवववड्ढंति, णवब्भंतराइं ति च्चिअ णिव्वंति	From how many years you can walk at night: legislative norms
और रस्ते इतने गन्दे और गन्दे हो गए कि सीलबंद से पार करना पड़ता था ।	And the streets were so dirty and muddy that they had to be crossed on stilts.
और दुनिया देखना चाहते हो तो उस पर दुनिया के विचार जरूर सुनना चाहते हो?	And if you want the world to see it, surely you want to hear the world’s thoughts on it?
सुणंति अवराही जज्जं किं कहेइ ।	Hear what the unjust judge saith.
दाविदः बाब, इण्टर्नेट ते केत्तिओ लोओ होंति जेण असां जलिआइं	David: We've had so many people, Bob, on the Internet who have flamed us.
आयरलैण्ड मिशनरिओसं धन्यं एत्थ णिट्ठामि ।	I am sitting here now thanks to the Irish missionaries.
ण्हाणं माद्याणजणो वि कएकिसं वसंति	hen You stayed a number of years with the people of Madyan .
ता केथरिन को नहीं, वह लड़की जिसे तू पहले से चाहती थी ।	Well, not Catherine though, that other girl you wanted before.
तेण सव्वेसिं वड्ढपेम्मेण वि दक्खिण्णाणं, तेण वि मोहणदूसेण तं रक्खयं ।	In all their afflictions He was afflicted and the angel of His presence saved them.
तेण सव्वेसिं वड्ढपेम्मेण वि दक्खिण्णाणं, तेण वि मोहणदूसेण तं रक्खयं ।	In all their afflictions He was afflicted and the angel of His presence saved them.
तेण सव्वेसिं वड्ढपेम्मेण वि दक्खिण्णाणं, तेण वि मोहणदूसेण तं रक्खयं ।	In all their afflictions He was afflicted and the angel of His presence saved them.
परं प्रभुविज्जस्स तेण सत्तं एत्थं जेण ओ मणे विच्छेज्जइ	But the Lord's power came over him so that he was not able to interfere with me.
तेण मए आलोचिअं मए रेहरह वाणीए, एह?	Hence, I suppose I should begin my rah, rah speech, eh?
और महिलाणं घरिणीअ हरं जाणसि ते ।	And you know it's haram for women to go out of the house.
ये हुआ बोलेइ, ""तुह वि मौका पावेइ ।	Ye Hua told: “You will also have the opportunity.
अहं भणं कीस कस्स वि जस्स कस्स संवंधा तहिं करेसि ।	I said, ""Because if you ever associated with God or with any of the saints, you'd associate like that.
कल्लं णिग्घिअं होइअं!	Tomorrow They will be grateful!
देवसे भणिओ तेण पाणेण जेण नहि बाजिए ।	Fear God regarding the animals who cannot speak.
महिलाएँ और बच्चे मारे जाएँगे, घर तबाह हो जाएँगे ।	And women and children will be killed, and houses will be destroyed.
देवसाखि जानायनि मा ओंथि?	What does it mean to be God’s witness?
एत्थ मए किं करेउं, जं तेण मे पुत्तं यीशुवं तुह पठाअं ।	What more must I do, for I sent MY Son YAHUSHUA to you.
ई - 67 एअं वचनें एणं जाणइ तूम् ।	E-67 You have to know these words and these things.
प्रेषित पाउल का आहूति और मतपरिवर्तन ईश्वर की दया और क्षमा का अद्भुत दृष्टान्त है ।	The calling and conversion of the apostle Paul is a wonderful illustration of God’s mercy and forgiveness.
पर ""तेह वरिहाइं पिअस्स जीएण"" तेण तरुणी बदलाओ इच्छंति ।	But after “having lived[her] father’s life for thirteen years”, the young woman aspires to change.
द [प्रथम] खाड़ीयुद्ध ओहि वास्तविकताक प्रतिबिम्ब छल ।	The [first] Gulf War was a reflection of that reality.
... नहीं, क्योंकि रूस के बारे में यूरोपीय संघ की एक समान स्थिति होनी चाहिए ।	... no because the EU should have a common position on Russia.
और फिर [कुछ देशों] ने अपने राजदूतों को वापस बुला लिया ।	And then [some countries] recalled their ambassadors.
यानि मं तेण पवज्जामि ।	This means I will definitely enter the kingdom.
{नोट केथी जनवरी 201.01: ईओ अम्हाणं सअण्हा चुटकुला ।	{Note Kathy January 2014: this is one of their jokes with us.
जं जत्थं गच्छामि, तं बॉक्समे कैप्टन जैक लहेमि ।	Wherever I go, I bring Captain Jack in a box.
30 अगस्त को आयोग द्वारा अतिरिक्त व्यावहारिक समर्थन (नए उपायों) की घोषणा की गई ।	On August 30, additional practical support (new measures) was announced by the Commission.
किं न्यू गोल्डन माइल को हम बहुत छोटा समझते हैं?	Do we take the New Golden Mile too short ?!
तुज्झमेव मज्झ आयरक्खारज्जणाय सच्चारं ।	You have set me on the right path to generate a steady income stream.
(योहन 15) अम्हे फलं देंदो ।	(John 15) We are going to produce fruit.
जहिं आवश्यकता तहिं तहिं णए परमतंतं हवेइ ।	It needs a whole new eco-system as long as it needs it.
मोशे की स्याही से आई या भगवान की शेचीन से?	Did they come from Moshe’s ink, or God’s Shechina?
तं ण कलं जाणइ को सीमासंकिरीए!	He knows no tomorrow who attacks his border!
ण भणह तं झेन मणं जाणेइ, ण अहं ज्ञाणं प्राप्तवान् ।	You should not say, ‘I know what Zen is,’ or ‘I have attained enlightenment.’
ण भणह तं झेन मणं जाणेइ, ण अहं ज्ञाणं प्राप्तवान् ।	You should not say, ‘I know what Zen is,’ or ‘I have attained enlightenment.’
लेकिन सरकार में विश्वास भी बढ़ेगा, वह भी बिना भय के आ सकता है ।	However, increased trust in the government may also come without fear.
सो लोए रक्खण आया... पर फ्रांसो अज्जो मत्था ।	He’s come to save the world… but France will be enough for today.
अण्णं णिच्चं होंतु किं ण अकृतज्ञ ।	whether he is thankful or unthankful.
भुमी तुज्झाण कलंतो पूरिओ ।	The earth is full of your productions.
(दम्पतिसंबंधं) असई वड्ढइ केण कुणं जेण संताणं ।	(For couples) we argue about who should do what with the children.
20|105 और वे तुमसे पहाड़ों के बारे में पूछते हैं ।	20|105| And they ask you about the mountains.
यूरोपीय संघ की एकजुटता का मुद्दा है - या नहीं ।	There is the issue – or not – of the solidarity of the European Union.
सच्चं हवेइ झूठं जाणइ ।	Truth exists; only falsehood has to be invented.
अण्णं अण्णोण्णाणं वल्लहो अम्हे, अण्णं अद्दाणाणं पुलइओ अम्हे ।	We are afraid of God's surprises; we are afraid of God's surprises!
अण्णं अण्णोण्णाणं वल्लहो अम्हे, अण्णं अद्दाणाणं पुलइओ अम्हे ।	We are afraid of God's surprises; we are afraid of God's surprises!
परंच सव्वेसिं सो लहेइ जहिं तेण हक्खिओ, तेण पेच्छइ फीफा अज्ज केसो होइ, जेण जाणइ तेण वि तेण कहेइ	But everyone gets what they deserve and you only have to look at how FIFA is now and that tells you everything you need to know [about them].
सफेद दाखमधुएण विणा "", मणेणं भणिउं मुहेण भणिअं गआ	‘Except white wine,’ she proceeded as though I had not spoken.
सो अच्छीं भणिए "", में भणिओ देवअणं सवई खण्णुआ कत्तो?	Very well,' I said, ‘but where did God ever give a command to the Gentiles to swear?
जल्दहि सव्वे णक्खिणअदलणसहायक सेनाओ होइ ।	Soon they will each lead armies, aided by the legions of hell.
आइरिशों से कहा जा रहा है कि वे एक ही पाठ पर एक ही सामग्री के साथ मतदान करें ।	The Irish are being asked to vote on the same text with the same content.
आइरिशों से कहा जा रहा है कि वे एक ही पाठ पर एक ही सामग्री के साथ मतदान करें ।	The Irish are being asked to vote on the same text with the same content.
अम्हे वि तह वि णिद्दो होइअं, अम्हे युद्धाइं होइं (जे सा राष्ट्रपतिया होइं) ।	We would still be fracking, we would be at war [if she was president].
परं ""मे सच्चं लहेइ"" ।	but rather, “I have found a truth.
उत्तं च्चेअ च्चिअ णमो जणमो अण्णो वअणाइं, णमो णमो पिअअवअस्स णमो वि णमो	Previous：How to Know God’s Work of Judgment and Chastisement in the Last Days
16आकाशो लोअस्स जाआस्स,	16 The heavens are the Lord's heavens,
कल्लं ते बजटं समतुल्यं होंतु, पूरे यूरोपं मए ते च्चिअ चिंता ।	Tomorrow, those budgets must be balanced all over Europe, in this line of thinking.
परंच वास्तवमे हमर सिस्टममे कोक ज़ीरो खूब छल ।)	But there was indeed a lot of Coke Zero in my system.)
धणं च्चिअ लोअणं देवस्स, अणुराअणं च कल्याणं वि वहूणं पंचेंति	She did not regard her wealth as her own but rather God’s, and she distributed not only to good people, but also to her enemies.
[युगी अप्पाणं सोचेइ] कैबा बदलिआ ।	[Yugi thinks to himself] Kaiba has changed.
लोअस्सइ जेण पावंति तेण वल्लहाइं ।	God desires that the receivers of His grace shall be witnesses to it’s power.
का'ब तहा तोराहं सम्बोधइ, ण तुसारत तोराह, तह तं गलती मणुइ ।	Ka'b then refers to the Torah, not a corrupted Torah, and admits his error.
अंतर्राष्ट्रीय साझीदारियाँ - 14 + अंतर्राष्ट्रीय भागीदारियाँ - हमारे सभी भागीदारों को देखें	International partnerships – 14+ international partners – See all our partners
तेण (अली) संगं सच्चं पसरह, जहा तेण मुहेइ तेण ।	Turn the truth with him (Ali) wherever he turns.’
राबरट जानसन को देखना चाहूँगा - किसे नहीं?	Obviously I’d like to see Robert Johnson – who wouldn’t?
ण पडंतस्स वि पावं देवदंसणं तुमं ।	You did not fall under God’s condemnation the first time you sinned.
डेविडः हाँ [जोसेए अभी जो कहा उसकी पुष्टि करते हुए] ।	David: Yes [Confirming what Jose just spoke].
एत्थ जीवणे वा पराणे ।	In this life or any other.
11वह वेगो का बचाव कयइ ।	She is defending Vego! 11.
पुच्छिओ मा कुसलु इस्रायलीअ दबावत्थाण मज्झ जेह्लिआ	Don’t ask me when I’m in prison under Israeli pressure.
ईश्वरीय वचन में कहा गया है कि मरणो परं जीवं च न्यायो ।	God’s Word says that after death, there is life and judgment.
एसा लगा, मानो उत्तर मिलें, अंतं हों ।	It was like finally getting answers — and closure.
लिस्बन में वे बचाव करते हैं कि सीमाएँ अधिक संरचित होनी चाहिए (स्पेनिश में)	They defend in Lisbon that the borders must be more structured (in Spanish)
अव्वो तुज्झ स्वयमेव ईश्वरीयात्मस्स परिपूरणं होसि, अतएवं अहं जसो अहं तं ण पेच्छिज्जसि ।	You are now in the fullness of the Spirit of God yourself; otherwise you would not be able to see me as I am.
सच्चं तुमं सो सच्चं अवसअस्स जाआइं, जहिं सच्चं सो वि हज्जारो हिअआइं	You really should take advantage of this genuine opportunity, that really has helped 1000's
और वीह सालो वि तुमं अहव्वाइं कि तुमं एअं लोयं सृज्जंतिं	And are you proud, twenty years later, that you helped create this world?
सा तुज्झमेव सृज्जमाण खेलं, तेण तुज्झ तं सो खेऊ ।	It is a game of your own creation and that is how you play it.
सा तुज्झमेव सृज्जमाण खेलं, तेण तुज्झ तं सो खेऊ ।	It is a game of your own creation and that is how you play it.
राजाओ भणिआ जेण एक्का तेण मोहणं ।	And the king said, If he is alone there is news in his mouth.
परंतं सो तहा होइ जेम् अम्हाणं Dead or Alive\1: Core Fighters के संग होइ ।	But, it will be similar to what we had with Dead or Alive 5: Core Fighters.
अदालतमे की शपथ खअओ जे धार्मिक नहि होसि?	What do you swear on in court if your not religious?
सेक्टर 13) ।	Now your goal is sector 13).
\1आज अम्हे वि गमाअविसंठाणं गमिमो ।	A: Today we will go to study the great disappeared states.
णहकराजाणं भणिआ, ""तेण णामो गोलियत ।	The king of hell said, ""This man's name is Goliath.
णहकराजाणं भणिआ, ""तेण णामो गोलियत ।	The king of hell said, ""This man's name is Goliath.
किं तेण सामंतराज्येण वि सहस्रगुण वज्जं णामो?	Are we not a thousand times freer than under his Empire?
ईश्वरा तं सहियत्तं ण करेइ । (एस. टी., नवंबर 3,1890 पैरा.	God cannot cooperate with them. {ST, November 3, 1890 par.
तुह म्हारो च्चिअ हरिओ ""।	You have a deadly enemy.
तुह म्हारो च्चिअ हरिओ ""।	You have a deadly enemy.
लेकिन ऐसा होने पर वे 10,000 जीनों की अभिव्यक्ति को नहीं बदलते ।	However, they do not alter the expression of 10,000 genes when this occurs.
अव्वो च्चिअ देव्वाणं कस्स धरिज्जामो?	Which of God’s words should I practice in this situation?
अमरीकी निर्माताअणिज्जइ अम्हाणं शहरं!	The American producer chooses our city again!
ओ प्रत्येक शुक्रआहरं [1] राजधानी पर हमलासभक घोषणा करैत छलाह ।	He announced each Friday [1] the attacks he was going to commit against the capital.
गतमासे बोस्टणमें तीए च्चिअ गई, णअणिअणिग्गअणिहिअअं परिओअं!	She went crazy in Boston last week and married a nigger!"")
हो सकता है उनमें से कुछ भले न हों, लेकिन कुछ हों, और उन्हें समझने के लिए हमे उनसे प्यार करना होगा ।	Maybe some of them are not good, but some of them are, and we have to love them to understand them.
जो वृक्ष रोपइ सो अप्पाणं परं पेम्मेइ ।	He who plants trees loves others besides himself.
ब्रसेल्स - जोसे मैनुएल बारोसो के लिए अब खुद को बेचना शुरू करने का समय आ गया है ।	BRUSSELS – It is time for José Manuel Barroso to start selling himself.
(1) हम कब चैम्पियनशिप में भाग लेंगे, माँ?	(1) When will we take part to a Championship, Mom?
मए ण एइ णिवअणं दे च्चेअ च्चिअ ण मए सोच्छिओ	Why I Can’t Stop Thinking About This Barber and His $1.4 Million Fortune
हमे एन. ई. डी. से पैसा मिलता है ।	We indeed receive money from the NED.
वाओ व लोअम् उदाहरणं ईश्वरीयात्मा ।	Examples of wind and water are likened to God’s spirit.
रुमानिया की हर कंपनी हमारी मदद कर सकती है!	Every company in Romania can help us!
जं त स्वयं रिक सिम्पसन तक समय पर पहुँचना लगभग असंभव अछि ।	As it is almost impossible to reach Rick Simpson himself on time.
दावूदो सुलेमानो जेण कइणिवअणं घेत्तूण होइ, अम्हे वि सा एक्कमेत्तस्स णस्सइ दाविद ओ सलोमोन	[21:78] And David and Solomon, when they once ruled with regard to someone’s crop that was destroyed by another’s sheep, we witnessed their judgment.
साफं तहिं तहिं कओ तहिं वअणे सव्वाणं ।	Evidently God’s people in those days were guilty of these sins.
बेअतअट्ठिए दीवा लहंति आणि तीए हेप्पीनेस थेरैपी!	I bought a lamp at [beyt] and it’s such happiness therapy!
48 लाबान कहलथिन, ""अज्ज तोहिं तेण मज्झ साखी दिण्णं ।	48 Laban said, “This heap is a witness between you and me today.
सव्वं वंशं पर मे सव्वं मग्गं गच्छामि ।	I willingly invoke on every family the blessing of the Lord.
और इसके अलावा, भगवान की अच्छाई डॉलर और सेंट में नहीं, बल्कि भगवान की निकटता में मापी जानी थी ।	And furthermore, God’s goodness was not to be measured in terms of dollars and cents, but in terms of nearness to God.
मए भणिए कओ कओ तहिं कओ जे ब्रायन संग होइ तं सअण्हं ।	I also think it was because he saw what had happened to Brian.
[...] यूरोपीय, और कुछ रास्ते बंद रहेंगे ।	[…] European, and some routes will be closed.
छओ सिफ़ारिशं छणो अस्वीकारसि तुमं अप्पिअव्वाणं	My last question is, are you rejecting the six recommendation
पुणोआआआ बुङो, ""पांचों कप्तानों में इंग्लैंड का एक खिलाड़ी चाहिए ।	I want one English player in these five captains.
अनुज्ञप्ति या विनियम का कोई रूप उपयोगी है ।	Some form of licensing or regulation is useful.
(जो) कत्तो सअणो लोओ एहि घरे एत्थ किं करेइ?	(Joe) Could seven people in this room do something like that at this time?
एसो मणुस्साणं अप्पाणं अविचल विश्वासो होंतु, जं कि ईश्वरो तं वसोस्सं ।	This should be man’s unshakable faith in himself, because God dwells in him.
हम विश्वविद्यालय के निर्देश के बारे में केवल अपनी राय व्यक्त कर सकते हैं!	We can only express our opinions of the university directive!
तेण वि होइ वा ण होइ, तेण चिअ सदा अम्हाणं रेहइ ।	For that reason alone, these animals — real or not — will likely always be with us.
जह को वि किसि विज्जइ ईश्वरीयवाक्खिओ तह तं चिट्ठं पक्कं पक्कं पडिहाइ ।	As soon as you see the authority of God’s words in a certain matter, you will obey absolutely, unquestioningly and to the letter.
जइ मए मिच्छत्तं तहिं इंडी एनीमे किं समजणइ?	If I am wrong, then what can be considered as Indie anime?
हो सकता है सिरजणहारं सोचेइ जे अम्हे लोएण अन्तिमेण ।	Maybe the Creator thinks that we should use the blood for the last one.
232 कुटुंबांं किं च्चिअ अपुव्वाणंदाणं, अप्पाणं पढमघरिणीअ व्व आआसाए	Why 232 families chose to trust their children's educative instincts
इअ अच्छाइ व मिच्छाइनि मापो शेतानं सिक्खाइं, जो ईश्वरेणामो विओए विओए ।	This is the standard of good and evil Satan has taught us, which is very different from God’s.
अण्णाणं गुणे विणा सुहाणं बहुगुणाइं ।	Among their numerous properties, they prefered one they had called “happiness”.
मज्झं सव्वं महत्तं चिंता ईश्वरसद्दो होंतु, जह ईश्वरा सदा सच्चो ।	My Greatest Concern is to Be On God's side, for God is always Right.
कार्मेल, ता त्थि सोहग्गं तह वि लज्जाजनक होइ ।	Carmel, then it would be even more disgraceful in the city.
अमापसुण्णेण कज्जं जणम्मि णिव्वत्तिए, जं कहेइ देव कृतज्ञहिअअं पेच्छइ	An overwhelming gratefulness shall bring forth the action necessary, for it said, ""God loves a grateful heart"".
मणुस्साणं लोअस्स किं ते च्चिअ णालोअस्स, ण तवो अम्हाणं पवज्जंति सो च्चेअ	Men are lost because they do not think of the death of Our Lord and do not do penance.
तेण मए आलोचिअं मए रेहरह वाणीए, एह?	Hence, I suppose I should begin my rah, rah speech, eh?
अच्छी तरह से समझा गया, दानियेल 12 हमारे ज्ञान का एक महत्वपूर्ण संवर्धन है ।	Properly understood, Daniel 12 is an important augmentation to our knowledge.
परंच एहि बेरं ण पुरान यूरोप पर, णओ यूरोप पर ।	But this time not on the old Europe, on the new Europe.
णम्महं सा शपथं एहि णहरेण, तेण वि एहि णहरा ण वससि ।	Nay I swear by this city- And thou art a dweller of this city"".
तव हिअअणं मित्तं पवित्तं सनातनं चियत्तं ।	You were joined in an ancient and eternal way with the friend of your soul.’
ता हा, तेण ओ ताइवाणं व सोण्हा अच्छीइ अर्थव्यवस्था वढाइआ ।	So yes, they developed a pretty solid economy, as did Taiwan.
में इअं नहि कहिअं जे प्रत्यक्षतया एफ. बी. आई. क भीतर 604 गिरफ्तारीं होइयां ।	I am not saying there were 604 arrests directly within the FBI.
अम्हे वि मूइएहि णिअस्सएहि - वायु अम्हेहिं मरिज्जंति पुणो वि	We are already dead - the gas will just kill us again.
किं वा, एक्का आत्महत्ये तेण तीअ पत्तो खंडुआ ।	Why, they've got ten volumes on suicide alone.
#8 किं ते सदा अप्पाणं एकाग्रचित्तं होंति?	#8 Are they always focused on themselves?
और सामंतीओ न्यायदंड संतेण वुत्तं ।	And a harvest of justice is sown in peace for those who make peace.
तेण वि तह वि तह गअणेण पुच्छिज्जंतीए, परं जाणह तुज्झ स च्चिअ महासत्ता ।	Then, more seriously, He added, “when you want to pray, know first that you are in the presence of the All-Powerful.
परंच नमाज़ आखरी साहीसम्मो युद्धो ।	But prayer is warfare to the last breath.’
कुरान में अल्लाह माता - पिता का आदर करने के महत्त्व पर बल देता हैः	In the Qur'an, Allah stresses the importance of being respectful towards one's parents:
फ्रान्समें बहु जाणइ ण तहा कि पेसादार महासंघा -	It isn't known very well in France that a professional federation –
सो किं सा होइ त्ति सू झी!	How could it be her, Su Xi!
तेण यात्रीण सा तुए सव्वं जाणइ इच्छसि ।	So, as a traveler you would like to see almost everything.
शहीदों की महिमा तुम पर चमकती है ।	The glory of the martyrs shines upon you.
परं ""मे सच्चं लहेइ"" ।	but rather, “I have found a truth.
बाइडन ने कहा, ""हमारे पास इसे बदलने की शक्ति है ।	We have the power to change it,"" said Biden.
देइ दट्ठूण महं दइअ कहेइ तुज्झ पत्थरं कुणसु, लोअणअणाणं जाणइ सव्वं ।	When she gave it to me she said: “Keep this stone because it is God’s eye that sees everything and knows everything.
ते हवे अम्हाणं व्व असई अहवाओ होइ, अम्हे व ण कहिज्जंति जेण वि प्रथमशताब्दीओ व्व तेण ।	They are our present-day martyrs, and there are many of them; indeed, we might say that there are more of them than in the first centuries”.
ईश्वरीयवाक्यं सच्चं तहिं सव्वं तं मिच्छं ।	If God's Word's true, then everything else is a lie to It.
णअण्हाइ जण्णइ जणो तुह भणिओ, एसो एत्थ च्चेअ ।	If the light is in your eyes, you can say, ""it is here.
किं कमसेकम मज्झदंसण्हं सा दिट्ठी होसि तू मिस्रस्स जाआ	Why, at least to my eyes, you already have the look of an Egyptian doctor.
ईसीटीए (यूरोप) जिसमें उन्होंने हस्तक्षेप किया;	ECTA (Europe) in which he performed interventions;
अम्हे सज्जं सज्जं, परं जिणं अल्लाह्वे ।	We are prepared and ready, but victory is from Allah…
एसो पयडीए णियमो, जइ इच्छंति सो ईश्वरस्स ।	This is the Law of Nature, or if one would rather, God’s will.
जेण धणेण तेण पडइ ""(नीतिवचनं 1) ।	He that trusteth in wealth shall fall' (Proverbs 11:28).
अण्णाणं पव्वतमं पज्जारो, जहिं वि असंख्या देवीदेवतावासा ।	They believed that mountains are sacred places where numerous gods reside.
सच्चं तहिं कत्तो 1 सतोशीअ 1सो च्चिअ ण होइ	Actually (as for now) we cannot go less than 1 satoshi anyway.
ण सच्चं जाणसि तुमं वम्हणसमुहेण सुणसि, अथ वा तेण विणा किं कुणं वि दिस्ससि	Do you really think you can listen with the backdrop of Bram's set, or see anything other than him?
ण सच्चं जाणसि तुमं वम्हणसमुहेण सुणसि, अथ वा तेण विणा किं कुणं वि दिस्ससि	Do you really think you can listen with the backdrop of Bram's set, or see anything other than him?
ईसाअस्स (ईसाअस्सं) जेण माणइ तेण मं वारेण, तेण दोगुणं फलं पावेइ ।	If a man believes in Isa (as) [Jesus] and then believes in me he will get double reward.
अण्णं जाणसु कत्तो दूरं गआ सोऊण	Do you know how far Mr. Yoo went for you?
जं ण अहं तं च्चिअ तं को ण पेच्छइ?	`When there is neither I nor you, who wants to see?
दाविदः... या इन्हे कभी कभी बहुत अनोखी चीज़ों की ज़रूरत पड़ती है?	David: . . . or do they sometimes require very unusual things?
टॉम सोचने लगा कि क्या उसके पास समझाने के लिए पर्याप्त समय या शक्ति है ।	Tom wondered if he had enough time or energy to explain.
दैनिकजीवणस्स सव्वत्थे कम्मेण बहुगुणं लहेइ, सव्वत्तमेत्तेण च्चिअ मग्गंतीए ।	We gain a lot for every good thing we do in daily life, and we have to pay for every bad thing we commit.
अलिहिअहत्थं छित्तो वि अप्पाणं हत्थं उअह उअअं, थैंक यू ईसा ।	When the first hand touches you, rise your hands, and say, ""Thank You, Jesus.
तेण सव्वेसिं वड्ढपेम्मेण वि दक्खिण्णाणं, तेण वि मोहणदूसेण तं रक्खयं ।	In all their afflictions He was afflicted and the angel of His presence saved them.
आखिरकार, हिटलर की मदद करने जैसा कोई पेशा उस समय मौजूद नहीं था ।	After all, such a profession didn’t exist at the time – helping Hitler.
इओ अण्णाणं सव्वुत्तं भयं, दिअहं सव्वं वड्ढंतं च्चिअ अण्णो ।	It’s one of their biggest fears, and one of the most stressful parts of their day.
अल्लाह इच्छो, तेल अवीव दिवस को विनाश में बदलना चाहते हैं ।	We want to turn the Tel Aviv day into destruction, Allah willing.
वोट की चिंता किए बिना तुर्की के कई हिस्सों में जा रहे हैं ।	We are visiting various parts of Turkey without being concerned about the vote.
तेणएण, अज्ज कलम 4ए क जरूरत्ताओ पल्लीसतीनअजोआइं ।	Today, therefore, tens of thousands of young Palestinians meet the requirements of Article 4a.
अज्ज जे 41 करोड़ अफरीकी महिलाणं वहुआइं, तह तेण वि अवराहेण केण वि मग्गो विएण तहिं तहिं कओ ण होइ	Would not it be more constructive to look at the situation of the 410 million African women today, and then to see how to help them more?
तेण वि एहि लोए किरक्खरंसं णिअत्तणं पवज्जवं ।	You do need to be comforted and sheltered from the harshness of this world.
भगवान् सव्वेसिं मणुस्सत्तं, अवंतीणं च अपुव्वं ।	God is the Lord of every man, woman, and child.
प्रवास के संबंध में, हम डबलिन पैकेज पर नई पहलों की प्रतीक्षा कर रहे हैं ।	Regarding migration, we look forward to the new initiatives on the Dublin package.
एदनसब्भतमें लहेइआइ देवतारोअणाइं, तेण विवाहेण जीएण खाउ णइ सेक्स्स बहुगुणअं ।	Like many of God’s good gifts introduced in Eden—Sabbath, marriage, life, food—sex was very good.
तिसुं तारा - असईण - तं इच्छसि ।	Three stars – Pristine – is what you want.
तह सो धवलो जादूगर तुरन्त अण्णं पवज्जइ ।	Then, the white magician immediately remembers his inner God.
(ल) ता अम्हे किं करेमि जाआइं जे एहिसं व अम्हाणं मज्जासंस्थाविवरणाणं	(L) So what are we going to do if this kind of stuff comes into play with our neurofeedback?
देवपुत्रं सिद्धं होंति, अथ वा सो ईश्वरपुत्रं ण होंतु ।	God's Son is perfect, or he cannot be God's Son.
कइआ अद्भुदं गआ अहव पंचमं जीवंतो!	Something wonderful has happened--Number Five is alive!
देवभणिएतो सव्वं सस्स स्थिरो होइ ।	When God speaks it, it's confirmed in heaven forever.
विमान में कॉफी और 7 और एवियासेक्रेटोव का ऑर्डर देना क्यों आवश्यक नहीं है	Why it is not necessary to order coffee in the plane and 7 more aviasekretretov
मंदाकिनी ने कहा, ""मुझे बहुत आश्चर्य हो रहा है कि तुममें से कुछ लोग कहते हो कि मैं नौवें नंबर पर खेलना चाहती हूँ ।	I am very surprised that some of you say that I want to play number nine.
आदम की अवज्ञा के फलसरूप, सव्वे माणवसहो कानूनभंगकर्ता, पापे विणो विओ ।	As a result of Adam's disobedience every human being is a transgressor of the law, sold under sin.
एत्थ बुडापेस्टमे इए उवज्झाओ सच्चं भणिओ!	This conviction was a reality here in Budapest!
अप्पाणं अण्णो अंतीम उद्देश्यं सिद्धएण यानि भगवान् व्व वहुआइं, तेण ईश्वरसत्तस्स आरोहणम् इच्छिज्जंतु ।	To fulfill his final purpose-that is, to become like God-he will then try to climb into God's place.
1 सुन हे यिर्मयाह, में सव्वेसिं जिवाणुवि डड्ढा णिअस्स, किं जेण अहरस्स अहरओ मए ण होंति	Jeremiah 32:27 Behold, I [am] the LORD, the God of all flesh: is there any thing too hard for me?
अम्हाणं साझीदारं समअंति जे आइरिशाइं पिअविरहो वि तेण पैकेजं तेण होइ ण आअत्तं ।	Our partners understand that we cannot and must not present the same package to the Irish as the last time.
ईश्वरेण वाग्दत्तदेशे सद्धा परवासं मिव सया वसंति ।	By faith he lived as a foreigner in the country that God had promised him.
खासकर तेण जेण तुह दयाअंती होइ ।	Especially those most in need of thy mercy.
उव्वसिओ अच्छी तरह से याद रखते होंति, केवल इए उवएसे उवेसे भणिअं ।	They remember it well : it was the only one to speak to them.
जहिं तेण अविणाणं तं तं परित्यागं करिअं ।	What they invented has abandoned them.
[ते] व्यवसायिक, विज्जा आ अनेक भाषाओ बाजि सकैत छथि ।	[They are] professional, knowledgeable, and [can] speak several languages.
टीना शार्की के पास बिकने को कुछ है (300 चीज़ें, असल में)	Tina Sharkey has something to sell you (300 things, actually)
ईश्वरीयवाक्यस्य सच्चं जाणं अप्पाणं ।	Allow the truth of God’s Word to change you from within.
और पाउल ने परमेश्वर के वचन की अपमिश्रित व्याख्या के साथ, उन सभाघरों में से हर एक को उड़ा दिया ।	And Paul with the unadulterated interpretation of God's Word, blasted every one of those synagogues.
आवं तं सस्सं वहत्थामि, एसं सव्वसु कीराणत्तणं ।	We must kill him 7 times: the 7 inferior forces.
धर्मोपदेशणेण वि तेण ""ईश्वरसंपर्कणेण अम्हाणं"" तेण सव्वाअत्तं, जेण वि ईसाअणिहित्तमज्झेण वि होंति ।	In his homily, he questioned ""our way of relating to God,"" sometimes seeming more similar to how it was before Jesus.
सव्वं सव्वं तुमं सव्वं सुहं जाणसि, सव्वं पब्भंतमज्झे विणा सिद्धेण ।	With the exception of some principle teachings of the Beyond the Heavens Sect, you have learned everything.
सव्वं सव्वं तुमं सव्वं सुहं जाणसि, सव्वं पब्भंतमज्झे विणा सिद्धेण ।	With the exception of some principle teachings of the Beyond the Heavens Sect, you have learned everything.
इअ धम्मेणं लहंति मणुस्साणं ईसामस्स ।	To enjoy these blessings, man had to obey God’s commands.
अण्णं तुअं ण भणिअं तुज्झ मेईली, अवलीअ मेइली, एअं कत्तो एअं भणिउं ते	But you have not told me where he is now, Miss Maylie.
कत्तो अम्हे सेंट पीटर्सबर्ग जाओ कओ तहिंकि सृष्टिकर्तो वसइ?	Are we going to St. Petersburg because the Creator lives there?
तेण आउछु मए पिआरिए, तेण तुज्झ परिवर्त्तनदूतो	So I come, beloved ones because you are the angels of change.
आइये, अब ईश्वर के वचन को देखीए और आस्था के बारे में ज़्यादा सीखीए ।	Now let us look into God's Word and learn more about faith.
579 नंबर से बधाई और स्तुति का समय है ।	It is time for congratulations and praise with the number 579.
ईसाअ हर प्रलोभन का उत्तर ईश्वरीय वचन से दिया ।	Jesus answered every temptation with God’s Word.
तीए वि एहि साल आ अगिला साल सकारात्मक वृध्दि कएइ, जे फोर्ड नै कहि सकै ।	T also has positive growth this year and next year, something that Ford can’t say.
एत्थ जीवणे वा पराणे ।	In this life or any other.
LIND1: इसराएल दिण्णाइं किं पुच्छिज्जामो?	LINDA: Can we ask this guy from Israel?
और (सव्वं) सो तेण झूठं, जो तेण अविणअणाइं ।	And (all) that was their lie, and what they used to invent.
चालीसमे से एक नियम इअम् स्मरण करबैत अछि ।	This is what one of the forty rules reminds us.
280 घरसामिअम्मि को छेत्ती राणी?	280 Who is your little queen in the home?
सभी ने हमे बताया कि [वेस्ट साइड स्टोरी] एक असंभव परियोजना थी ।	Everyone told us that [West Side Story] was an impossible project ...
इस्राएल को पश्चाताप और पापों की क्षमा देना ।	to give Israel repentance and forgiveness of sins.
तेण तुए लोए सृष्टिकर्ता रिडीमर, पण तेण तं केण वि णित्त लोए होइ तं!	‘So you are the Creator and Redeemer of the world: but what a small world it must be!
अज्जं च्चिअ ण पेम्मइ अज्जं राज्यपालं मुक्का ।	Today — I can’t believe it — but today the Governor spoke of three million.
एक्कवर्षं वि गअं पूरिआसु लहंति धीअरं आणसि ।	Before a year has passed you shall bring a daughter into the world.
अहाबअस्स वहुआइ मरिआइ देवअणेहि कइए, जहिंमें कइएहिं तं उद्धलाइं ति	Perhaps you heard how Ahab's wife caused the death of many of God's prophets, some of whom I was able to rescue.
ए3 पर हैरी को पकड़ने की धमकी भी देती है!	She also threatens to capture Harry on a3!
यानि अवज्ञा पावं भी और गुनाह भी ।	That is to say, disobedience was a sin as well as a crime.
द वार्निंग के दौरान मेरी महान दया हर एक आत्मा को उपलब्ध है ।	My Great Mercy is available to every single soul during The Warning.
ता की गाज़ा के दो नागरिक 39 सीरियाई नागरिकों की तुलना में अधिक ध्यान और सहानुभूति के योग्य हैं?	So are two Gazan civilians more worthy of attention and sympathy than 39 Syrian civilians?
चूँकि बिल और सुसान के लिए यह कितना मददगार था, मैं इन 5 बातों को सबके साथ बाँटना चाहता था ।	Since this was so helpful for Bill and Susan, I wanted to share these 5 things with everyone.
सच्चं च्चेअ मरणं ।	Truth is on the side of death.
हो सकता है आपको वह बहुत पसंद हो, क्योंकि ईरान में साल में एक बार आता है ।	You probably like that very much, because it is once in a year in Iran.
एहि बिन्दु पर एहि मुद्दाकेँ नियंत्रित करय वला यूरोपीय निर्देश (94/19 ईसी) सर्वथा स्पष्ट अछिः नहि!	On this point the European directive governing the issue (94/19/EC) is perfectly clear: no!
जं मए तं सो जुराए सअण्हा कोठली,	What is mine too: a small cell in the Jura,
और तुम सही हो, इटली के आधे से अधिक अजूबे यहाँ हैं!	And you’re right: over half of Italy’s wonders are here!
ईश्वरकुमारस्स पेम्मस्स जाणइ तेण स्पष्टेण जणो होइ ।	The Son of God’s way of loving is well-known, and John spells it out clearly.
#8 ""किं तुम दूसरों पर निर्भर हो या अक्सर मदद माँगते हो?	#8 “Do you depend on others or ask for help often?
लोएण अम्हाणं छओ होंति गव्विआ ।	God has told us at least six things about humility.
ईसाअम् अनुसरित्थं सिक्खिआओ संगमे ।	We are learning together to follow Jesus.
कइअणो लोओ लोओ वि गअस्स रअणपसाअणम्मि, इअ वज्जअदुक्खसहण्थए कईए बालणं ण जाणंति	Many people have lost their sense of adoration for God, and these abuses mean that many children do not know how to be in the presence of God.
ईसाईजगत की एकता समाप्त हो गई, और सदा के लिए [6] ।	The unity of Christendom was ended, and forever[6].
सो कत्तो अम्हाणं एस. वी. जाआइं	OK, and we are being tested through SV?
परंतं ण जाणेइ कत्तो वि मोक्खिआ कयामो ।	But it does not know if ever it will be free"".
अण्णं च्चिअ ईश्वरस्स जाआइं, अम्हे वि तेण पुत्ताइं होइं ।	We are God’s children if we are led by the Spirit of God.
अण्णं च्चिअ ईश्वरस्स जाआइं, अम्हे वि तेण पुत्ताइं होइं ।	We are God’s children if we are led by the Spirit of God.
तह अंधेरस्स जाइजाआ ।	It had become a place of darkness.
तह अंधेरस्स जाइजाआ ।	It had become a place of darkness.
तह अंधेरस्स जाइजाआ ।	It had become a place of darkness.
एत्थ परं मणुस्सुत्त्रस्स महिमा जाता, तेण ईश्वरेण महिमा जाता ।	Now the Son of Man is glorified and God is glorified in him.
एत्थ च्चिअ लोअण भणिओ लोअस्स, अवगुणइ जणो वि सव्वं चिअ वराईओ	Then, he tells me that the people are liars; they abuse people, all sorts of things.
एहि लोएण जीवं तुह पसिज्जसि ।	‘You prefer the life of this world.’
ओ उद्धारक, इस्राएल केँ पश्चाताप आ पापक्षमा दिअइ ।	and Savior, to give repentance to Israel and forgiveness of sins.
नगरवासिनियोंमें डरसंतोषं जाणइ ।	The fear among the city's inhabitants is palpable.
णिव्वत्तिअमेत्तं दइअस्स णिव्वुइअरं पअत्तेहिं, जह रअवाणपरिमाणं तह तह विरमअसद्दो ।	The Lord's mercy and compassion for His children is really without measure, as the distance of heavens from the earth.
कई (जैसे जापान) कमोबेश स्थायी आप्रवासन पर प्रतिबंध लगाते हैं ।	Many (such as Japan) more or less ban permanent immigration.
किताबो जेण भणिउं तेण वि पयाससु जेण पिअविरहो गुरुअसेवासं ।	You may get much instruction from books which afterwards you may use as a true weapon in your Lord and Master’s service.
पर यूसुफ़अस्स एत्थ आउच्छणे दो च्चिअ होंति..	But these two girls, just before Joseph got here...
सो च्चिअ सव्वे जणा तं सुणिज्जण तेण मंदिरे ।	And early in the morning all the people came to him in the temple to hear him.
एहि सांस्कृतिक आ रमणीक नगरमे पीणा पीणाइ खत्ता कीअ करो ।	Do more than just eating and drinking in this cultural and romantic city:
और मं च्चिअ विज्जउ किं इए विड्डूरं जेण अम्हे विणिम्मित्तं ।	And I wonder if this irony is the price we paid for the loss of God.
कल्लं ते णिव्वण्हं होइअं!	tomorrow they will be grateful!
परंतं तुवं जाणइ जे आरंभे तुह जुडास आवश्यकं ।	But you realise that you need Judas in the beginning.
दाविदः ता त्थि इअ लोओ वसिज्जंति ।	David: It does appear, then, that these people are living on Earth.
अम्हे किं तेण वअणं इच्छामो, तेण विसमज्जइ पिओ च्चिअ विरहेहिं	Why do we want to be like them, with their holidays, their forbidden things, and their heresy?
जे ओ सभ हआओ, तेण तेण माहं वारेण सम्पर्कं कुणह ।	If they say yes, contact them every three months.
सच्चं वा अलियंः रूसियाओ सेनाए किं एसं भणिज्जउ	True or False: Can this happen to you in the Russian Army?
तेण सच्चं सिद्धम् अभवत्, तेण जेण तं करेसि तं णस्सयं ।	So the truth was established, and abolished was what they were doing.
और उनमें से केवल एक अल्पसंख्यक ने अब तक इन पर्यटन राजस्व की घोषणा की!	And only a minority of them declared these tourist revenues so far!
* इण्टर्नैट विज्जाओ भरिओ परंतुणअमे तुज्झ मंतं जाणुयाहि ।	* The internet is full of information, but we at Toluna want to know your OPINION.
एरबिलमे जेण उमड़लओ तेण अम्हे वि मग्गो ।	We prayed so hard for the people who flocked to Erbil.
(तुए ण मरिअं पंथि मुहेहि धम्मेहि, अज्ज तुए जीवंतो ईश्वरसंदेशं ।	(You never died with your denominations; you're alive now and in the Presence of God.
उवआओ भणिओ जे बुशआ अम्हाणं देसं सुरक्खत्तं ।	They said that our country was safe under Bush.
एसो मणुस्साणं अप्पाणं अविचल विश्वासो होंतु, जं कि ईश्वरो तं वसोस्सं ।	This should be man’s unshakable faith in himself, because God dwells in him.
एसो मणुस्साणं अप्पाणं अविचल विश्वासो होंतु, जं कि ईश्वरो तं वसोस्सं ।	This should be man’s unshakable faith in himself, because God dwells in him.
जिअदीओ वि... एत्थ केण वि तेण जीवं तृतिय जीवं ।	Geodis also … there is always a third life here for any kind of vehicle
आमेल्लं पिएंगी वि जो हुक्मरं भुलिएंगी	or else they will drink and forget what has been decreed,
परंतो वि कहेइ सो भूए वि णस्सइ)	However he said that he would destroy the planet anyway).
छुरिएण आत्महत्या कुणह ।	Kill himself with a knife. - A lot of luck.
एहि देसमे तुज्झ वित्तनीति हवे मए वारेहिं ।	You and monetary policy in this country will now be ruled by me!
तेण इसराएलीओ पसाअं मोहणं तेण मोक्खणं ।	and Savior, to give repentance to Israel and forgiveness of sins.
सच्चं तुमं फ्रांसिसीओमे एहि पौराणिक स्टेडियममे लडण वालेओ?	You really were in the French first ones to fight in this mythical stadium?
1: ""परम् इअ तुमारं रम्पा किं भणिअं?	Q: ‘But why is your name now Rampa?
9 डॉलर से क्या करेगी या खरीदेगी, उसने मुझसे पूछा ।	She asked me what she could do or buy with $9.
181 जानवरों को गोद लेने की इजाजत दे चुका है अमेरिकी फुटबॉलर	This American football player has allowed the adoption of 181 animals
जे. 1: ता जं जहाजों अम्हे दिट्ठो ते तविस्सं ।	JC: So some of those ships we see are yours?
144किं तुमं जाणंतं, देवं पिअअमज्जं ण डरिआ ।	144 But, you know, God wasn't afraid of His own medicine.
आदम्सं तेण स च्चिअ उज्जोएण जो महाणं, सो महाणअरणस्स अणुमरणो होइ	Adams, and the flashing they made in the sun reminded me of the reflection of a great mirror.
ओडेटए उत्तरिआइं, मित्तं ण कं ण आसाए ।	And Odette answered, ‘Nothing is impossible to the eye of a friend.’
अम्हाणं लोओ दिट्ठो लोओ, नहिंतो 853 पेज् ते समापिहइ	Now people are seeing our product, otherwise, it’s buried on page 853.
भणह तं भणह जे वृक्षाणं कण्णे होइ ।	Tell him that the trees have eyes again.
और यह सव्वमऊढा पयगंबरी कह सका, ""अम्हे चारी हज़ार मुद्धाए!	And this all drunk prophet could say, ""I have got four thousand faithful!
सौर ऊर्जा उद्योग में पिछले साल 67 प्रतिशत की वृद्धिः क्या आप अपने भविष्य के लिए सर्वोत्तम निर्णय ले रहे हैं?	The Solar Energy Industry Grew 67% Last Year: Are You Making the Best Decision for Your Future?
19सो ण ऋतुओ का चंदो कायमो, तं ण देंतो सूरं जाणइ ।	19 He hath made the moon for seasons: the sun knoweth his going down.
जोआन किं पि अलज्जइ च्चिअ तरुण होइ, ते 4 जुलाइ 1949 ता जेण वि मैरी ण भुलोमि ।	Joan was too young to remember anything, but Mary and I will never forget what we saw that 4th of July 1949.
किं एहि अवसयं खोसिज्जंति अम्हे वि अहरहस्सं ।	Will we and other cities lose this opportunity now?
अहअं च्चिअ ण कहिज्जइ आर्थरं, ण सुखी कहेइ सो च्चेअ	No wonder she calls him Happy, not Arthur.
10:35 और हमारे विश्वविद्यालयों के सभी इतिहासकारों ने सर्वसम्मति से इनकार क्यों नहीं किया?	10:35 And why have all the historians in our universities not unanimously refused
पोडेमोस को यूनान के बारे में दो रणनीतिक संदेश भेजने की कोशिश करनी चाहिए थी ।	Podemos should have tried to send two strategic messages about Greece.
आदम्सं तेण स च्चिअ उज्जोएण जो महाणं, सो महाणअरणस्स अणुमरणो होइ	Adams, and the flashing they made in the sun reminded me of the reflection of a great mirror.
थोड्याच कालमे मणुस्सत्तं खया ""।	Shortly after, the human era will be ended.’
थोड्याच कालमे मणुस्सत्तं खया ""।	Shortly after, the human era will be ended.’
111 जो को वि पावं करे सो तं तं विरद्धे करेइ ।	111 And whoever commits a sin, commits it only against himself.
(तेण वि तिसं वाहेण पवित्तं, तेण तिसं च्चिअ कालपरिमाणं ।	(Three times they say He is holy, and then they give three time periods.
#87 अज्ञानं पसारिओ किं तव कम्मं?	#87 Is it your job to spread ignorance?
माणवसन्निसदंसणस्स अहव्वाणं, ईश्वरेणदंसणसं व ण भयमग्गो ।	The proud stand more in fear of men’s judgment than of God’s judgment.
और सव्वं प्राकृतं जीवं ईश्वरीयवाक्खं हवेइ ।	And all natural life has to come by God's spoken Word.
तेण तेण इच्छंति तेण युक्रेनमें दूरंतो दूर पुलिओ ।	That's what they wanted and they went a bridge too far in Ukraine.
अव्वो अन्तिमे कालेण धम्मेण शान्ति रज्जा ।)	It will be a place of peace and safety for the righteous in the last days.)
(कस्स ग्रहं मग्गो जीवं च रहस्यं अज्ज वि मोढा ।	(The mystery of a planet and its central life has not yet been revealed.
सअण्हा ण होइ जइ ण होंति सा णह जाणइ, सो न्यू यार्कमें जिविज्जइ जीअस्स	She does not know what will become the youngest: he will succeed his life in New York?
6 मिर्जाणाअमे कत्तो विश्वास करीवोम्?	How much can we believe Mirjana? 6.
इबराहीमुस्सतण सुहिअस्स!	Abraham’s servant was so happy!
दक्खिणो होइ जह ण होंति, सो सङ्केतं तुज्झ सच्चं आयरियव्वं ।	He saw that if there is suffering, it’s a sign that you are practicing in the correct way.
फ़िरऔन की पुत्री का पुत्त्र कहे जाने से इंकार किया,	refused to be called the son of Pharaoh's daughter,
अम्हे वि आशाएहि जे ID1 > इअह उवज्झा लहेहिइ	I also hope that #31 will get this deserved title!
णओ - तेण तुज्झ वहुआइ इटलीअधिकारीओ तेण तेण	NO - It is up to the Italian authorities to decide if you can get married there.
एत्थं 4 नगराणि जावं, ण्हाणं 12 सम्भावाना ।	Take this to 4 towns and you have (iirc) 12 possibilities.
जंजं व्लादिमीरुअ तुज्झ किं कहेसि ।	Just tell us what Vladimir has on you.
तेण इमाणें सव्वं राष्ट्ररक्षा ।	Thus, this is a war to defend the nation.
तेण इमाणें सव्वं राष्ट्ररक्षा ।	Thus, this is a war to defend the nation.
तेण इमाणें सव्वं राष्ट्ररक्षा ।	Thus, this is a war to defend the nation.
सव्वेसिं जणं हवेऽ कंइक तहिं दट्ठूण, जं कंठिउं वा लल्लं व	One night everyone saw in the air something [that looked] like a staff and spear.
परंच पंचवर्षं दीहरा कालहो । (हसंते हुए) किं तेणवर्षं परं ण करेसि	But five years is a long time. (laughs) Can’t you do it in three years next time?
सच्चं पवज्जणं सव्वं जीवंतस्स स्वप्नं ।	It is the dream of all my life: to possess the Truth.»
वालअ तुमं चिअ वल्लहो वि, सव्वे मग्गो गुरुमो मरणस्स किं वदंति	You can talk about it; in fact, all the religious teachers talk about death.
ख. किं तेण ण इच्छसि जे तव तणाइं व्व धान वड्ढउ?	B. Don't you want that your plantation produce a lot of rice?
जँ अहाँकेँ लगैत हो जे अहाँक यात्रामे आनन्द आयल अछि तँ ओ दान स्वीकार करैत छथि (आ प्रोत्साहित करैत छथि) ।	They do accept (and encourage) donations if you feel you have enjoyed your visit.
घंटो घंटो'संकटो'होंतं, परंतं तवस्संकंप्यूटरं कए कमायोमि ।	Each hour was a 'crisis' but I made it thanks to your little computer.
ओ वाः ""एत्थ गुरुओ पुच्छिज्जंतपुस्तकं ।	Or: “Here are the teachers asking to send books ...
एत्थ परं मणुस्सुत्त्रस्स महिमा जाता, तेण ईश्वरेण महिमा जाता ।	Now the Son of Man is glorified and God is glorified in him.
एत्थ परं मणुस्सुत्त्रस्स महिमा जाता, तेण ईश्वरेण महिमा जाता ।	Now the Son of Man is glorified and God is glorified in him.
एत्थ परं मणुस्सुत्त्रस्स महिमा जाता, तेण ईश्वरेण महिमा जाता ।	Now the Son of Man is glorified and God is glorified in him.
एत्थ परं मणुस्सुत्त्रस्स महिमा जाता, तेण ईश्वरेण महिमा जाता ।	Now the Son of Man is glorified and God is glorified in him.
तेण वि तेण उत्तर च्चिअ ण देव्विसच्छा ।	Neither was his response, “It was not the will of God.
जेफ अंतरिक्ष से लौटता है... या वह?	Jeff returns from space ... or does he?
एत्थ असईओ कई गोए होइं, तेण मूसाकं भणिआइं	There were several cows of this color, they told Moses.
2. 2. 3 क्या यूनानी इसे अलग तरह से नहीं करते हैं?	2.2.3 Don’t the Greeks do it differently?
जूनमासं नोंथांनि जिविअवसाहारा जागोन ।	Your way of seeing life will shape the month of June for you.
अज्ज, प्रयोक्ता संभवतः 1,000 घंटो वेखिज्जइ अथवा परियोजना छोड़िज्जइ ।	Today, the user would likely wait 1,000 hours or abandon the project.
एत्थ कज्जं च्चिअ ण कहिज्जंति, उपभोक्ताइ मेहो मेहो च्चेअ	Never better said, the consumer is in the Cloud.
इसके बजाय, 1961 कन्वेंशन की कम प्रतिबंधात्मक सूची III की सिफारिश की गई थीः	Instead, the less restrictive list III of the 1961 Convention was recommended:
लेकिन, अब तक कुछ भी महत्वपूर्ण नहीं हुआ है और न ही इससे नोर्ड स्ट्रीम - 2 परियोजना प्रभावित हुई है ।	So far, however, nothing critical has happened and it does not affect the project of the Nord Stream - 2.
किं ते च्चिअ ईसा अम्ह देअरए, अथ वा तेण वि तेण मग्गो वि?	Were they for the infant Jesus or for a much bigger purpose?
अणुणअणाणं चिअ उवऊढो, अणुराअणं जीएमि जाआइं	Recognizing one of its symptoms, we recall, we bring back to life the others.
जेण चरिक्खणाणं ण होइ तं ईश्वरा सदृशं ण होइ ।	A creature incapable of thus forming character would not be in God's likeness.
और जेलघरं से अंधारे बैठे हों ।	and those sitting in darkness from the prison house.
आंद्रेअ, अम्हे वि मरिएमि, ते च्चिअ मरिएमि ।	We too may die, Andreth; and we have died.
पुच्छिउ किं तेऽ पिओ च्चिअ	Ask if they are crazy enough.’
कर्मचारिणो वि तेण एहिसंरक्षा अपेक्खंति - अहव सहीहि अहव!	Employees also expect this protection – and rightly so!
एत्थ 180 गोलियाँ बनाना वि मए कज्जं ।	Even making 180 of these pills is doable for me.
तेण णववविसंधिवंधेण विमंसणेण वि, तेण वि अप्पाणं चिअ कत्तो कत्तो थैंक यू सो!	In this case, you can thank, despite all the criticism of the new developments, sometimes!
11: 12 तुम ईश्वर की चुनी हुई प्रजा हो, पवित्र और प्रिय हो ।	You are God's chosen people, holy, and dearly loved (3:12).
हा, कस्स वि विल विन! अप्रैल 2015 आम सम्मेलन	Yes, We Can and Will Win!April 2015 General Conference
ई. यू. जेण जेण पश्चिमआफ्रीआण देशाणं मच्छिमित्तं संझौताएण (5,6), तेण सव्वासुएण यही बात होइ ।	The same thing has happened in all the west African countries with which the EU has maintained fisheries agreements(5,6).
15वीं सदी के बैंकरों के बीच यह टकराव हमें क्यों बताता है?	Why this confrontation between bankers of the 15th century speaks to us?
वीस साल बाद, वह बच्चा इस तस्वीर को एक बेहतर अफगानिस्तान में देखेगा ।	Twenty years from now, that child will see this photo in a better Afghanistan.
जेण पेम्मेण जं ण डड्ढसि, तेण ठण्ढेण मरंति बहुगुणा ।	On the day when you no longer burn with love, many will die of the cold.
किं तिसीं आज्ञा उल्लंघिअं सरलसंवादेण?	Are you breaking the third commandment in ordinary conversation? 6.
कंधनिर्माणं नांहं कुणंतीए, भवननिर्माण समुदायं ण हंउंतीए ।	We say no to building a wall and say yes to building community.
489 तुम जानते हो कि यह संख्या तुम्हारे पीछे क्यों आती है?	489, do you know why this number follows you everywhere?
1978 के नियम और निदेश कहाँ से आते हैं?	As to the rules and directives of 1978, where do they come from?
जं जं दासं दिट्ठसि तं जंजीरझंकिओ ।	Strike the chains off every slave you see.
1933 में स्पेशल ऑर्डर 48 में नाजियों ने ठीक यही कहा था - हम आपकी रक्षा के लिए ऐसा कर रहे हैं ।	I will tell you that that’s exactly what the Nazis said in Special Order 48 in 1933 – we’re doing this to protect you.
और वह हमे उनके नियंत्रण से थोड़ा बाहर कर देता है ।"" - केन केसी	And that makes us a little out of their control. — Ken Kesey
अण्णं संस्थापकदंसणे'सव्वं मग्गो पब्भेइ'।	In the vision of our founder, we seek to ""find God in all things.
19, 000 से अधिक लोगों ने हमें बताया कि वे आधुनिक सार्वजनिक शिक्षा प्रणाली में क्या देखना चाहते हैं ।	More than 19,000 people told us what they want to see in a modern public education system.
एहि सम्बन्धमे वस्तुतः अहाँक कनेक्शन यूक्रेनक बाहर जायत ।	In this connection, virtually, your connection will go outside Ukraine!
सोपानं \1: नोंथांनि मावसाफोरा दा जागायजेननो हायो ।	Step 3: Your employees/users can start now.
अम्हाणं वअणाइं दो दो वि युक्रेण भणिआइं, मं मणुस्सं यूक्रेणिवासियाओ होंति ।	Ukraine” was mentioned twice in our statement but I believe Ukrainian workers should be given more attention.
तेण तुज्झ अम्हे वि वंदणं कुणं ति, तेण रोमं पवित्तं करिअं तेण ।	We thank you very much because with these schools you will sanctify Rome.
उत्तरः अब्राहमआ मोनसे आदब जौगाहोदों ।	Answer: There is a method that Abraham developed.
और अब पहले से भी ज़्यादा, हमारे राष्ट्राध्यक्षों को सुनना बेहतर होता ।	And now more than ever, our heads of state had better be listening.
कोहो कहेइ जणो होहि लोहिओ, जणो वि कअविरहो होहिइ वअणं	The Anger person will say, ""You gotta be tough with people.
रुमानिया के भुलाए गए घोड़ों की मदद करो ।	Help the forgotten Romanian horses!
पहरुणाणं मज्झ संदेसो, गार्जंडं मा होंतु ।	My message to the troops is to not let down the guard.
हमे बस उसकी ज़रूरत है कि वह ऐसा करता रहे - सिटी से ज़्यादा इंग्लैंड के लिए!	We just need him to keep doing it - more for England than City!
रुमानियायाव जंजं इच्छामो तेण ब्लैक फ्राइडे ।	Only in Romania, we have Black Friday whenever we want.
एक बार जब हम एकजुट हो जाएँगे, तो हम यूरोप और अमेरिका के बीच 1,000 नए कनेक्शन दे पायेंगे ।	Once we unite, we will be able to offer 1,000 new connections between Europe and America.
भुमीए देवा महिमा शान्ति अभेद्य अछि ।	God’s glory and peace on earth are inseparable.
णिव्वुअस्स वि अम्हाणं करुणा देवीअस्स, अम्हे वि तीअ वड्ढअस्स पुत्तअस्स ।	It is the loving compassion of God, even greater than that of a mother for her child"".
पहिले आदम की शक्ति उसके सामने मरनी चाहिए,	the power of the first Adam must die before him,
(T) का अर्थ मूर्त भी हो सकता है	(T) can also mean Tangible
तहसिअअअम्मिणिअस्स जाआइं भमरो 60,000 एफ. पी.	You need to be at 60,000 FP before you can marry him or her.
भगवत्तं वहत्थाणं मए वि पुस्तकां ।	My books are about killing God"".
ण, ण त्थि ण, अम्हे कम्मेण प्रेरितः ओ1	No, of course not, we were inspired by the work of:
(2) न, धर्माधिकरण के पीड़ित ।	(2) No, not the victims of the Inquisition.
अम्हाणं गोवे मरिए दो जिउणं	It will cost two lives if our cow dies.
जेण तेण मज्झ अविवाअत्तं त्थि, तेण एव तेण समुव्वत्तणस्स कारणं ।	If they are disloyal to me, then that is sufficient reason for their dismissal.
केनिया और नामीबिया के खिलाडियों को कितने साल से जीतते देख रहे हो?	How many years have you seen guys from Kenya and Namibia winning?
मं सच्चं मणुस्सं कीअं तहिं वअणं अब्राहम सअम् एव ।	I truly believe this promise is made to me as well as to Abraham.
जइ मए ते जाआण मित्तरेण सअण्हा, तेण तेण कहेमि	Even if I'm there with my friend named Jack, I say,
लिबरमैन अम्हाणं वअणं ण करेइ, अहअं सव्वोअणो भणिओ	Lieberman is not talking about us, say most citizens.
मुहंमद सफल न होंतं, जे उवमत्ता व अधीनता का उपदेश दितं ।	Muhammad would not have succeeded had he preached humility and submission.
आम तौर पर हमारे पास तीसरा मेहमान, तीसरा माइक्रोफोन होता है ।	Normally we have a third guest, third microphone.
अण्णाणं आवश्यकता तुज्झ वि जंपसि तुज्झ वअणाणं ।	Your interpretations of your brother’s needs are your interpretation of yours.
पब्भंतरं तुमं मए कंइक दिट्ठो	But I see something in you (you're paranoid)
डब्ल्यू. टी. ओ. के बनने के बावजूद अब धारा 301 लागू है ।	Section 301 is now despite the creation of the WTO.
णिअत्ताइ कोह्न वारेमि जाआइं, सव्वं वड्ढवाणं सो वि मुहेहि वि	Let us go back to our Mr. Cohn; he certainly has beaten all records.
14 सितंबर, 1997 को उनके परिवार ने एक अप्रत्याशित निर्णय लिया ।	September 14, 1997, it was an unexpected decision of his family,
तेण तुज्झ को ण दूइ वअणं लहेइ, तेण जेण बारह जणं पुणो देवं समप्पंति	For someone else will replace you, in order that the twelve may again come to completion with their god.
एहि बेर अहाँ काउबॉय जैकक रूपमे खेलइ ।	This time you play as cowboy Jack.
तुह वि राजकुमारी, ण्हाण ठण्ढे घरे	You too, oh princess, in your cold room
309, एहि सन्दर्भमे एकटा कार एकटा पृथक मामलाक रूपमे देखाइत अछि ।	A car appears as an isolated case in this context, 309.
रेणाण उत्तरोत्तर इअच्छीए, ""हिअअट्ठिअमाणस्स मरियं लोए जीएण देवं ।	Renan attempts an answer by saying, ""The passion of a hallucinated woman (Mary) gives to the world a resurrected God.
म 1: अम्हे मणे पाश्चात्यमहिलाणं बहुअं उत्तमा ।	MS: Well, I think that the situation of the Western woman is much better.
क"" अक्षरं वल्लहाइं कस्स ।	‘Use the letter K to make things funny.’
(दस आज्ञाओं मणुआइं तेण ण मणुअं, तेण मणुयइ अम्हे वि ।	(We are not obeying the Ten Commandments because they save us.
उव्वसिअम् एंतं सअंतीअ लोहं पाएंगी ।	She only believed she would find seven of their blood.
ईश्वरीयसृष्टिए सव्वं जाणइ व भए, सो च्चिअ प्रगतिशील ।	Like everything else in God’s creation, it is progressive.
तहिं तहिं वन्यपशुओ होइ तं किं वा वल्लहो होइ ।	There is a wild animal there that has to be locked away one way or another.
ईश्वरीयजंतुअविरुद्ध सैताननि दावहाया नोंथांखौ मा गोहोम खोख्लैयो?	How does Satan's war against God's people affect you?
तेण तेण सा तुज्झ सा 50,000 ण्हाणं, तेण स च्चिअ तेण हिअअअं ति	That’s because it’s been made for you and not for 50,000 people kind of like you.
एफ़. बी. आई. तत्व 115 में रुचि रखती थी, वे कहते हैं ।	The FBI was interested in element 115, they say.
परंतु तेण परिअत्तेण पिओ होइ जेण ईश्वरेण सहागयइ ।	But they have ministering spirits sent from the Presence of God.
(ङ) ""साधारण कुत्ता जो खाएगा लोमड़ियां उसे खाएंगी ।	(e) ""Foxes will eat anything the ordinary dog will eat.
जं जत्थं गच्छामि, तं बॉक्समे कैप्टन जैक लहेमि ।	Wherever I go, I bring Captain Jack in a box.
गुबुन सोदोबफोरावः ""80 जिथायाव जोंनि जेहादनि बेसेन होनो थाखाय धन्यबा ।	In other words: “Thanks for paying for our jihad in the 80s.
(नासा की विभिन्न सेवाओं से प्रारंभिक प्रश्नों के उत्तर की प्रतीक्षा कर रहा हूँ ।	(I am also still awaiting answers from various NASA services to the initial questions.
जिम कैंप पर लौटते हैं... उनकी बड़ी शिक्षा थीः	Back to Jim Camp… his big teaching was:
चेन चेन तुज्झ व्व सा च्चेअ, सो च्चिअ ण सच्छं शान्तं जीवइ ।	Chen Chen is like you, he cannot simply live a quiet and peaceful life.
अण्णो च्चिअ चिंता करिओ सो वि तुमं चिअ व 25 गुणा खया कओ होइ	Not only that, think about it, you would have spent that time and money 25 times!
2007 से, 70.000 कामगार ई. जी. एफ. वित्तपोषण से लाभान्वित हुए हैं ।	Since 2007, 70.000 workers have benefitted from EGF funding.
परंतं इमाणें लक्ष्यां सिद्धी करणाइं चिणआपाकिस्तानाइं बहुविरुद्धाइं (अध्याय 5) ।	But to achieve these goals, China and Pakistan face multiple challenges (Chapter 5).
अम्हे वि ण भणिज्जइ तेण वि हिअअम्मि, सो च्चिअ सुहं च दोसो च्चेअ	I hate that 'B' will suffer because of this and he's innocent.
जी हां, वे इंसानों की तरह ही कुशल हैं या होंगे (5.2%)	Yes, they are or will be just as efficient as humans (5.2%)
की होइत छैक जखन 30 करोड़ अमेरिकी वास्तवमे बुझैत छथि जे भविष्य की तरह देखाइत अछि?	What happens when 300 million Americans actually grasp what the future looks like?
8 स्टेशनपर मे जंपइ भणिओ, तेण तुज्झ विज्जा धण्णाअं लहेइ ।	As I have mentioned at the 8th Station, you will receive a special blessing.
8 एसा तरजमा किसि सम्भव होइ?	How will these translations be possible?8
कुलसमुहआव इसोरनि आखुथायनि बागै शास्त्रफ्रा मा खिन्थायो?	What do the scriptures indicate concerning God’s attitude toward the family?
किऊण आर्थिकं राजनैतिकं केणइ मए तेण वड्ढउ)	Like I would post something financially or politically on his BD).
जिहाद का मतलब है तुम्हारे और मेरे लिए कुछ, मुसलमान के लिए इसका मतलब कुछ और है ।	Jihad means something for you and me, it means something else for a Muslim.
3 - () सुप्रसिद्धरच्छासु लोएइ ।	3 - () is lost in well known streets.
इबराहीमनि आलासिफोरखौ खिन्था ।	[15.51] Tell them of Abraham's guests.
सव्वं स्तुति ईसा एक्कम्मि जीवं परलोकं ।	To Him belongs all praise in this first life, and in the Hereafter.
सो च्चिअ देव्वाज्ञा जं कहेइ ते जाव ण तहिं ।	God's Word said that they would go out of there.
हो सकता है कि यह # मॉर्निंग कॉफी # कॉफी क्लब और कई अन्य हों ।	It can be # morning coffee # coffee club and many others.
सो यिस्रायेलीओ ससंकंठं प्रतीक्षमाण होंतु, सो तं पवित्तं पवज्जिओ ।	He was waiting for the consolation of Israel, and the Holy Spirit was on him.
/ / अम्हाणं समाणं भवति - सरलपवित्रस्स परं किं प्रारंभा?	// We have an end - is it after the parent simple begin?
हेगलरः सो च्चिअ तहिं करेइ ।	Hagler: He’s running, [doing] that pitty-patty thing.
इ - 313 तेण साक्खिपइणं दीयं तुज्झ जीवणे किं पि किं पि, तेण जाणसे	E-313 You've testified that there is a little something in your life, you know.
टॉम, आदमी का नाश करने के और भी तरीके हैं, हम दोनों जानते हैं ।	We both know that there are other ways of destroying a man, Tom.
और सीज़न 4 में मेरे पास कुछ चीज़ें हैं जो जेरी के साथ आती हैं ।	And in Season 4 I have some things that come out with Jerry.
संकल्प 2401 अब भी जीवन बचा सकता है ।	Resolution 2401 can still save lives.
जीवं परिवर्त्तणइअं सच्चं पवज्जमाणस्स, ध्याणं च कज्जणणणाणं को न होइ ।	No one is present to watch us memorize and meditate on God's life-changing truths.
वह सर्वोत्तमसंपत्तिअमे से एक (पूरे परिवार के लिए) जो हमे मिली ।	One of the best resources (for the entire family) we have found.
जेण इमीण बालको अज्ज जलिआइं तेण जणं परस्परं वहइ पुनरुत्थानस्स संकेतं ।	The light the children have just lit and that we passed to one another is a sign of the resurrection.
सव्वे जाणइ जे व्यक्तिगत परिस्थितिक कारणेण स्पेन महं खिच्चइ ।	Everybody knows that due to my personal situation, Spain attracts me.
इ 31: सो सिमोनं चेअ जाणसि ।	E-31 Well, of course, you know Simon.
एहि ग्रन्थक अन्य व्याख्या सेहो offered.183 रहल अछि ।	Other explanations of this text have also been offered.183
तह वि णिअत्तणदंसणअरअस्स वि ण भण्णइ सोण्हा मज्झ अप्पाणं	Yet, after The Warning there will be no excuse for them not to sit up and listen to My instructions.
संकटकालमेओ जह वड्ढंति तत्थाइ सज्जः	When more people around you are prepared for a crisis:
ओसभकेँ बेसी बेर अस्पतालमे भर्ती कयल जाइत छलनि (ओआर 1.8) ।	They were also hospitalized more often (OR 1.8).
अज्जं पसिअ तुमं णक्खं पअवीए, किं भणिए सि मज्झ णक्खो सि	When your baby reaches for your nose, cooing, you can say, “That’s my nose.
रोमिसं मिलंपिअं तेन जीएण रेहाइं ।	reconciled, we shall be saved by his life,"" Rom.
अप्पाणं सव्वं भोजनाहि एकहि हत्थेणः 33 प्रतिशत	You will eat most of your meals with one hand: 33 percent
परंतं ईसा 66/1 के विरुद्ध विज्झाअत्तेणाइं ।	However Jesus had clearly warned us against 666:
परंतं जो दाम उणो देंतो सो उणो होइ, सो अप्पाणं लोओ होइ ।	But the price he pays, however, is high; it is the loss of his self.
सरकार या उद्योग [1] बहुधा एहि तरहे काम करेइ ।	Government or industry[1] may often act in this way.
महत्तं महत्तं कर्म्मणिहिं अपेक्खंतिं, तेण तेण महत्तं कराहि ।	By expecting them to do great things, you can get them to do great things.
1 (157) तेण समावेशे मए ण हवे पवज्जामो	1 (157) Into His Presence would I enter now.
और यरूशलेम से उतरनेवाले शास्त्रीओ कहने लगे,	And the scribes who came down from Jerusalem said, ""He has
डौन हीरो, सस्टेनेबल ट्रांसपोर्ट मुमकिन है ।	DON HIERRO, sustainable transport is possible.
और फिर भी, आइये अपने पाठकों को याद दिलाएँ कि यह अनूठा मठवासी गणराज्य कैसे प्रकट हुआ ।	And yet, let's remind our readers how this unique monastic republic appeared.
(ल) णाणं तेण खया चीनी व भए मग्गं ।	(L) No, but he just ate sugar like it was the only thing in existence.
1/2 राजनीतिक वार्ताअमे 1/2 अंतीम गआओ	We have upgraded our political dialogue 1/2
ईश्वरा एहि ग्रन्थे अम्हाणं स्वसन्तति बोहेइ ।)	God is also calling us His children in this text.)
अण्णं भण्णं भणिज्जामि अप्पाणं (दक्खिण्णे)	My brother will feel ------- when I share my toys with him (perspective sentence).
(सोलोमन हमे बताता है कि इस धरती पर हमारा समय सीमित है ।	(Solomon tells us that we have limited time on this earth.
अण्णं मए जो कज्जं सो मग्गो ईसामस्स, अवराहस्स म्ह च्चिअ समर्पणम् ।	What I need to do now is seek God’s will, follow God’s leadership, and submit to God’s sovereignty.
णाणं वि णिद्दं, अज्ञाणं बहुगुणाइं ।	Knowledge is a single point, but the ignorant have multiplied it.
तेण सच्चं सिद्धम् अभवत्, तेण जेण तं करेसि तं णस्सयं ।	So the truth was established, and abolished was what they were doing.
[166] उदाहरण के लिए, पूरे दक्षिण किवु के लिए तीन सैन्य न्यायाधीश हैं ।	[166] There are, for example, three military judges for the whole of South Kivu.
1728 के ठीक बाद वह संख्या क्यों है?	Why that is the number right after 1728.’’
सच्चं संवाहो होइ स च्चिअ सच्चं शान्ति जाआइं ।	In this international assembly, you can truly be instruments of peace by being messengers of truth.
अहअं च्चिअ ण कज्जं कंपूटर जावणाइं)	No wonder we had to wait for computers to be invented!)
जो रियो आएगा, वो सुरक्षित नहीं रहेगा ।	Whoever comes to Rio will not be safe.
(3) किं तुमं राष्ट्रं चालयितुं शक्खिओ?	Are you capable of leading a nation (Democracy 3)?
अम्हे वि आशाएहि जे ID1 > इअह उवज्झा लहेहिइ	I also hope that #31 will get this deserved title!
एत्थ वि उवऊढाए वि अर्जेन्टीना वि अच्छी हालत वि होइ अम्हे वि हआअं	Despite this problem, we are very happy to come back to Argentina with two cars in good shape.
तकम्बः उत्तरदिण्णइअमेत्ता ।	Takamba: The North needs so many things.
अप्पाणं मणुस्सत्तं ।	Mind/Body comes to you.
ओडेटए उत्तरिआइं, मित्तं ण कं ण आसाए ।	And Odette answered, ‘Nothing is impossible to the eye of a friend.’
भुमी तुज्झाण कलंतो पूरिओ ।	The earth is full of your productions.
सव्वं हवे देवीमातुस्स हस्ते ।	Put everything in the hands of the Mother of God.
सव्वं हवे देवीमातुस्स हस्ते ।	Put everything in the hands of the Mother of God.
किं त्थि तुमं गुरु होसि रब्बी, पंचमं दीक्षा ते ।	Because, you become a master, a rabbi, only in the fifth initiation.
जइ आसं समुद्धो स्याही व्व कआरो होइ,	If the sky and the sea are as black as ink,
जइ मअरं रसूलामि, ते हवे प्रकट करिज्जासु ।	If I be God's Prophet, He will manifest it now.
तेण विरद्ध खेलणु दुस्वप्नइ ।	It is a nightmare to play against him.
अण्णं च्चिअजणोत्तराइं किं ण वेच्छंति, भणिउं किं व...	We don’t know why they aren’t sold outside of the People’s Republic of China, but ...
सव्वं मणुस्सत्तं पवज्जउ धम्मेणं भूएणं सव्वेणं, जहिं सव्वे मणुस्सा देवभयं भणिज्जउ तं ण पूज्जउ (श्लोक 6,7)	God’s true gospel must first of all be preached to all the peoples of the earth in order that all men may fear God and render to Him glory and worship (verses 6 and 7),
परंतं परं ते (कुरआण व मुहमद्दुसंदेशं) मिच्छंति मुद्धा ।	But on the contrary, he belied (this Qur'an and the Message of Muhammad) and turned away!
णस्सस्स कामस्स लोए [धम्मे] ।	A person’s sexuality belongs in [the] private [sphere].
अमापसुण्णेण कज्जं जणम्मि णिव्वत्तिए, जं कहेइ देव कृतज्ञहिअअं पेच्छइ	An overwhelming gratefulness shall bring forth the action necessary, for it said, ""God loves a grateful heart"".
अण्णो वि ते च्चिअ जइ समअंति जप्पाण मज्झो, चारी गुणा ण वड्ढउ	In the end, I think they will agree that Japan will increase their payments, but not four times.
अण्णाणं पिअविरहो अम्हे वि दुक्खिओ वि, ण जाणमो एल्लाहकच्छा ।	Though we are sad about our children, we know it is Allah’s will.
अपनी सामग्री बनाने के बाद आप क्या करते हैं, वही वास्तव में मायने रखता है ।	What you do after you create your content is what truly counts.
अन्नाआ खिणइ जे ता थॅंक्सगिविंगा जिणइ वा	Anna hopes to hear if she won by Thanksgiving.
मं एकअमेरिकी लेखक इच्छामि, सो जुवान होंतु ।	I need an American writer and I want him to be young.
जेण उवएण कओ ण कओ इनामाओ होंति, तेण वि हवे तुज्झ वि पुरिसाओ होंतु	He expected some kind of reward, just as you two now hope to be rewarded.
तेण मुद्धे कज्जं भणामि, तेण अज्ज वि युद्धे वससि ।	You have done a foolish thing, and from now on you will continue to have wars.
तह वि देव्वाणं कज्जं पि किं पि फत्तेण..	Then if God's ever called on the scene for a decision...
अण्णं च्चिअ ण सुणिज्जंतो तेण अ तेण पैग़म्बरं ।	If we will not hear His Word, He sends us the prophets.
व्यक्तिगत रूप से, हम इस सप्ताह अपनी अस्थिरता देखना चाहते हैं ।	AS INDIVIDUALS, we want to watch our own volatility this week.
बिनि उनाव, लामा दिन्थिग्रा महरै गावनि सुंद'खौ बाहायना, मोनसे उनाव मोनसे नुथायफोरखौ फारिलाइ खालाम ।	Then, list the scenes one by one, using your summary as a guide.
तेण विणा तेण सीखो मार्क जोयनेर ।	Except that now you can also learn them from Mark Joyner.
टोमः तेण वि तेण तहिं होइ, परं तुज्झ अम्हाणं तंतं ण समज्झिहसि	Tom: It would be similar to that, but you would not understand our technology.
दे सुहअ मज्झ पियेर तह मेज़अंगणस्स आसनं ।	Save me a beer, brother, and a seat at the table.
तेण दिण्णं तुज्झ ईश्वरेण विरहो ।	That's the day you separate yourself from God.
किं दो हिअअं व जीवं रक्खं सक्कं?	Can one life and two hearts be saved?
\1: सव्वेसिं नैतिक रूपसँ स्तब्धकारी ।	B : partly morally shocking for all;
मैं इन दो अतिरिक्त घोषणाओं के लिए चीन और अमेरिका की सराहना करना चाहूंगा ।	I would like to commend China and the US for these two additional announcements.
सव्वं जाणइ समयो पत्तो, अणुराअस्स जाणइ फलं ।	Everything ripens at its time and becomes fruit at its' hour.
जो कआओ सो ओस्वाल्डो वा दोगुणो वि यहूदीओ ।	the Jews because of what he, or Oswald, or both of them, had done.
जहिं अम्हे एकत्र होइंतो तहिं सत्तं ण होइ ।	You have no sovereignty where we gather.
जहिं अम्हे एकत्र होइंतो तहिं सत्तं ण होइ ।	You have no sovereignty where we gather.
किं इअ तं कहेइ पिओ पिओ वि गव्विआए वि जीएण, म्हो कआवराहेण पिओ होइ व्व	Does it also tell him that, like so many other creatures in the past, his role is finished?
किं ण जाणंतं किं तं अम्हे सव्वं मिट्टाइं?	Know ye not why We created you all from the same dust?
किं ण जाणंतं किं तं अम्हे सव्वं मिट्टाइं?	Know ye not why We created you all from the same dust?
एहि शुक्रवासरे अम्हे जाणइ जे ओ डेविड बेकहम केँ किनइ इच्छंति वा नहि ।	On this Friday, we need to know whether they want to buy David Beckham or not.
अंस अणुणो पिअस्स एह वि अम्हाणं की आसा करेसि?	- What do you expect from us in this case, vampire ? asked Anos at last.
केंचु च्चिअ लोयं बदलिज्जइ डॉ. राबर्ट लाडोए ते!	Some people can change the world...and that was what Dr. Robert Lado did!
उवम्हें मौका दें और उवमें विश्वास रखे ।	They should give us a chance and they should believe in us.
तुर्कीयारो भणिओ जं जं मए ण दण्डं, णिव्वत्तिओ गहुरो गहुरो होंति	The Turks say that they must punish me wherever I am; the danger is very serious.
ईसा जं कआ जं ण भणओ तं तं तं देवस्स वचनं सह वड्ढउ कस्स?	Who are we to argue with God’s Word concerning what Jesus did or did not say?
- (एत्ताहे च्चिअ वरगोत्तणस्स ते तुज्झ संदेहो)	– (Now you have no doubt that this is a product for couples)
देव्वाणं सच्चं ते सच्चं, तं चेअ उवज्झिज्जामि ।	God’s words are correct, they are the truth and I acknowledge them.
तं जं चिअ चिंतेइ तं तं अविण्हाणइ समुदायं, तेण वि तेण वड्ढइ शक्ति ।	There is no power greater than a community discovering what it cares about.
और जेण तेण वि प्रथमो ण होंतु, तेण दो च्चिअ तुज्झ मारेइ	And if they do not have the first, the other two will kill you.
मए कत्तो च्चिअ परिवर्तन ण दिसइ आ केण वि मणेइ जे ओ भूतपूर्व राष्ट्रपति बुश सओ वड्ढेर ।	I don't see any change and in some aspects I think he's worse than former President Bush.
एहि प्रकारे ई एकटा विषाणुक रूपमे काज करैत छैक आ ई दोसर देशमे पहुँचल जा सकैत छैक ।	It thus acts as a virus and should have reached other countries.
दानियेल जेण विओअच्छाएण तेण मित्ताणं महत्त्वपूर्णं पदोन्नतिं (ii) ।	At Daniel's request, too, his three friends received important promotions (ii).
परंतं इअ वज्जं मए अण्णं पच्छा ।	But in this affair I totally trust my brother"".
एत्थ च्चिअ विरहे कुटुम्बीएण विणा विरहेण ।	It might be better than living here as an outcast from my own family.
बिसोरो बेफोर सुबुंफोरखौ फारिलाइ खालामदोंमोनः 28 सन्दिग्धाः	They listed these people: 28 suspect.
मए भणिए कओ कओ तहिं कओ जे ब्रायन संग होइ तं सअण्हं ।	I also think it was because he saw what had happened to Brian.
और वे लिबिया के लोगों की ओर से आपको एक उपहार - धन्यवाद गीत - भेजना चाहते हैं ।	And they want to send you a present - a song of thank-you from the Libyan people.
एत्थ णवचरं पि णाम संभरइ सम्भरं	I remember now —the new creature uses it.
तेण इसराएलीओ पसाअं मोहणं तेण मोक्खणं ।	and Savior, to give repentance to Israel and forgiveness of sins.
ते [अल जजीरा] जाणइ तं अणुबीणुअंदाणं, तह तं गअणेहि लहं इच्छंति ।	They [Al Jazeera] know they are under the microscope, and want to be taken seriously.
उव्वह कीजिए छंदो कहेइ जे लोओ वाहीओ लोओ, लोओ ण ईसामस्स ण सुणइ	Notice that the verses say that the people are rebellious and lying, and will not listen to God’s Law.
दाविदः अप्पाजी, किसिछुविज्जंती कस्स?	David: Do we need to have faith in anything, Papaji?
45 मिनट फेसबुक पर रिक से बात मत करो ।	Don’t spend 45 minutes on Facebook talking to Rick.
यूक्रेन दूसरा बेलारूस या उससे भी बदतर बन जाएगा ।	Ukraine will become the second Belarus or even worse.
सुभाग्यवसं, बाजारा अज्ज मज्झं पयासब्दे 5अस्स ।	Fortunately, the market today offers us alternatives to the Prophet-5.
जेण पेम्मेण जं ण डड्ढसि, तेण ठण्ढेण मरंति बहुगुणा ।	On the day when you no longer burn with love, many will die of the cold.
अज्ज रातिओ सोत्तुं सोत्तुं तेण पुट्ठस्स मंदरकस्स ।	He will lie down with you tonight in exchange for your son’s mandrakes.
जेण णामेण अम्हे वि होइ तं पिआइं, तेण वि तेण पिओ सो च्चेअ परिणामो ।	Bring us another monster by whatever name, he will suffer the same consequences.
तह जांचणए तुम कहोगी, हा, जरा घमंड करो ।	In examining it, you will say, ""yes, a little pride"".
रियो में उन्हें उम्मीद है कि वे इस सूची में चौथा स्थान हासिल कर लेंगे ।	He hopes to add a fourth to that list in Rio!
अथवा की कअव्वालअमेरिकन राष्ट्रपतिया सो कआओ जे रूसियनो तेणइ सणि सणिमो?	Or that a young black American president would do exactly what the Russians did all those years ago?
1996 से चल रहे, हम संयुक्त राज्य अमेरिका में उपलब्ध बैंकिंग सुरक्षा के उच्चतम स्तर की गारंटी भी देते हैं!	Operating now since 1996, we also guarantee the highest levels of banking security available in the United States!
(हसिअं हसिअं) सामर्थ्य तुममें है और (सच्चं भणिए) प्रक्रिया तुमं प्रारभइ जाआसि ।	(Smiling) You have the capability and (quite frankly) you have already begun this process.
अण्णं पावणी अपाहिणी होमि, परं पवित्तं अप्पाणं पवज्जामि ।	I am a sinful and unworthy woman, though I am guarded by holy Baptism.
आसं च्चेअ एअं जंपमाणा सव्वं सच्चं होइः), आर्मंड	I hope that these words are still true in a million years :), Armand
इयं भुमीए दस हजार दिग्री होइ ।	It will be ten thousand degrees on the earth.
10, 000 घंटो के लिए कुछ भी करने के बाद सच्चा पेशेवर बनने के बारे में क्या कहा था याद कीजिए?	Remember what we said about becoming a true professional after you've done anything for 10,000 hours?
उअहं चइरओ महत्तं कज्जं करिज्जाणं, दाविद एण्णा अण्णं पुलाओसंति ।	They have four major tasks to perform, and David and Anne are going to be all over the space station.
कनाडाई मीडिया कब पूछने लगी - क्या हमारे देश में यही समस्या है?	When the Canadian media started to ask – is this a problem in our country?
एत्थ धरित्रीए वि ते देवऽ छलाह, अहं मणुस्सयं ।	He was God even while here on earth; I am but a man.
अम्हे वि उअअअ वड्ढंति अम्ह वि, जाआउ त्थि तुज्झ तणुआउ थएहिं	We are growing, grow with us! thg offers you much more than a job
444 जाआइं तहिं समअं जीवणस्स स्थिरतावहं	When 444 shows up, it’s time to create stability in your life.
ओ स्यानोन आकि कोसा के सुझाउ देलनि ।	She recommended SANON or COSA.
जाहिरा तौर पर, पहला वे होंगे जिनके पास यूक्रेनी पासपोर्ट भी नहीं है ।	Apparently, the first will be those who do not even have Ukrainian passports.
अव्वो केत्तिअमेत्तं हवे तेत्तिअम्मि इच्छंति जेण जीससब्भणिज्जंति	How many is there present now that would like to come forward and--and give their hearts to the Lord Jesus.
टॉम को पता था कि मिस्टर ग्रीनलीफ जैसे पिता से क्या कहना है ।	Tom knew just what to say to a father like Mr Greenleaf.
परंतो तीसओ होंति, ते च्चिअ सुहं पवज्जंति ।	But there are thirty, and they live in peace and happiness.
जेण जेण पेच्छह तेण सव्वं । NET Core णंतं वसंति	Everything you love about .NET Core will continue to exist:
वाओ तरंगो जेण सृज्जंतो तेण वि तेण ।	The very Creator, that created the winds and the waves, was in Him.
पुछिए टॉम क्रूज आपके लिए क्या कर सकता है और क्या करेगा ।	Ask what Tom Cruise can — and will — do for you.
कई बार एक प्याला शराब ही जवाब होता हैः 13 प्रतिशत	Sometimes a glass of wine is the only answer: 13 percent
तेण सच्चं मणुया जो देवं पेम्मं सो भवत्तं, एसो च्चिअ देव्वाणं सच्चं फलं ।	Therefore, pursuing the truth to become a person who loves God is the true object of God’s chosen ones.
10उह परमेश्वरकुरोहं पीएँगे ।	10 They will drink the wine of God’s anger.
बल्कि, यूरोपीय लोग उन पर और उनके 14 पॉइंट्स पर हंसे ।	Instead, Europeans laughed at him and his 14 Points.
सभाणं पवित्तं पूरणं जाणअं प्रतीक्षमाणेण ईश्वरेण सच्चं चलणं इच्छंति ।	The latter have sought to walk in the truth of God's original thought for the Assembly while waiting for its full realisation in glory.
ओ देव्वाहे, मुसल्मानाणं मग्गं एहि सप्थाह कुणं करो ।	Lord God, do a miracle among Muslims this week.
सव्वं देस णिच्चं पसंकि, कास्त्रो सअणे शांति आउठइ ।	The whole country was sure: with Castro comes peace.
और जैसे ही हमे वह प्राप्त हुआ, हमे ""राष्ट्रों के लिए प्रकाश"" बनकर उसका प्रसार करने का काम सौंपा गया ।	And as soon as we received it, we were tasked with spreading it by being “a light unto nations.
सव्वेसिं भणिउ तुहं फेसटाइमआव मानोमोन, जं च स्टेफणीआ अम्हाणं मारेइ ।	Tell everybody why you was on FaceTime when he killed Stephanie and himself.
पहिल लाइफ इज स्ट्रेंज मे अहाँ मैक्स के लेल चइंस कएसि ।	In the first Life Is Strange, you were just making choices for Max.
तह वि मणुस्सत्तं रक्खिज्जइ इअव्वाणं परिपुण्णं, इअवज्जस्स महत्तं कार्यं सिद्धव्वं ।	Only then will God’s management plan to save mankind be totally finished, and God’s great work shall be accomplished.
हान यू, तेरी पोजीशन फॉर्मेशन के पीछे होगी ।	Han Yu, your position will be at the back of the formation.
अज्जं मएहि सो णामो पुण्णे!	I also have a name now: poor Boy!
इअ वल्लहा अम्हे सत्कर्म करनेवालो केँ इब्भागेइं	37:110 Thus indeed do We reward those who do right.
णिव्वत्तिअमेत्तं वारेण दया तेण तेण ।	His mercy’s from age to age on those who fear him.
इसलिये यूरोप नए प्रशासनसँ जे आशा कए सकैत छल, सो बड्ड सरल छल ।	What Europe could have expected from a new administration was therefore quite simple.
एक ही समय में आपकी कार्यात्मक भूमिका है और क्षेत्रीय भूमिका भी ।	• You have a functional role and a regional role at the same time
अम्हे वि ओहि दिनक आशा करैत छी जहिं फ़ख़री हुसैनकेँ मुआफ़ करत ।	We hope for the day when the Fakhris forgive Hossein.
आम तौर पर हर महिला को उनके फैसलों के लिए सम्मान दिया जाता था ।	Each woman was (generally) respected for their decisions.
कह दिअ, एसो तेण पुत्तअ वड्ढाइआ सो च्चिअ कारणस्स	Say, this is the One Who hath glorified the Son and hath exalted His Cause.
पिज्जा, संसद द्वारा संरक्षित!	Pizza, Protected by Parliament!
तुम सब इंजीनियर हो, वैज्ञानिक हो, और तुम्हारे पास इन समस्याओं को हल करने के लिए 54 साल हैं ।	You are all engineers and scientists, and you have 54 years to solve these problems.
णिअत्ताइं किं कारणाइं व शेयरआइं, बार्सिलोनइए वीकेंड्समाइं जिणसि	Did you know that if you tell us why and share, you can win a weekend in Barcelona?
एसो मणुस्साणं अप्पाणं अविचल विश्वासो होंतु, जं कि ईश्वरो तं वसोस्सं ।	This should be man’s unshakable faith in himself, because God dwells in him.
अम्हे वि हर्षोल्लासो कीअवे एत्थ पुट्ठस्स वि सच्चं जाणंति ।	We rejoice that the truth about God and His Son was given recognition in such a public forum.
शायद, लेकिन ऐसे परिदृश्य मौजूद हैं जिनमें हमास को लाभ होता है ।	Perhaps, but scenarios exist in which Hamas gains.
जेन या स्टेसी जांच शुरू करने पर यह मदद कर सकता है ।	This can help when Jane or Stacy begin an investigation.
एत्ताहे वि माणवंताअणसाणेण विएहिं ।	Yet another painful reckoning with the conscience of mankind.
एत्थं परं, कर्नल 122 अम्हाणं सम्मलित होइओ ।	Additionally, colonel 122 joined us.
(स्वाभाविकतया, में एहि सम्बन्धमे एकपक्षीयं मुक्तव्यापारं इच्छामि ।)	(Naturally, I prefer unilateral free trade in this regard.)
अथवा तुमिओ विज्जार्दसआ अम्हाणं सम्मिलियं, जे 27 नम्बरु चुन्नंति ।	Or you can join the Wizards with us, who have already chosen the number 27.
अण्णं पिट्ठं भणइ सव्वे जणं पिअस्स वहुआइं	One talks behind your back; everyone wants to take the wife of another.
मम्मं पिअस्स कहिऊण पिओ त्ति, अम्हे वि पि 20 तिन्ना वि इच्छामो	Call us crazy, but we want to eat at least 20.
- एक वोट जो निर्वाचक को अनावश्यक और अप्रभावी लगाः	– A vote that seemed unnecessary and ineffective to the elector:
सो लोए पुत्तअ होइ ।	He will be a child of light.
सा ण मग्गइ सुहं मा तुज्झ हिअअं, अहं जाणइ तुह हिअअअं पवासणं च ।	You have not asked to be healed, but I know the desire of your heart and the faith of your soul.
परंतं 10 प्रतिशत महिलाणं पेम्माइं, ता सो किं ते कओ भणिउं मए	But 10 per cent of women have the disease — so why do I have to explain what it is?
जेम्सं जीएण तुज्झ महं जीअसि, तेण तुहाणं एजेंट्सं मारेइ ।	One of your agents killed James when you acquired me.
आरंभ को करेमो जाणेमो, क्लाउडे?	I don’t know who wants to start; Claude?
पणसंतोषं मिहलिज्जंतो कम्मं खोखला होइ ।	But remove the satisfaction, and the act becomes hollow.
देवपुत्रस्स यज्ञेण ।	by the sacrifice of God's Son.
#8 तेण भविश्यांत तेण ण होइ ।	#8 There’s no you in his future.
उवए एल. एस. ए. टी. पर 170 कैसे पाया?	How did he get a 170 on his LSAT?
फ्राँसिसा उत्तरो सच्चं च्चिअ सो दण्डो नास्ति, हिअआ जीवा णस्सइ गई ।	Francis’ response is exact and clear: there is no chastisement, rather, this soul is annihilated.
(L) और उन्होंने व्यवस्था में हस्तक्षेप किया!	(L) And they interfered with the system!
अब्राहाम भणिआ, एअं पुत्तअ कयारे पावुम?	Abraham said, ""Now when--when are we going to get this baby?
तेण तेण किं भणिअं तेण अम्हे जाणंति ।	Only then will be we able to know what they have to say.
नोस्ट्राडेमस ने कहाः ""धणं मरइ कई गुणा ।	Nostradamus said: “the rich would die many times over.
ण पअत्थी मज्झ रक्खणं लोक्की ।	No, the Earth is under my protection, Loki.
एत्थ कथायां आउच्छंतो अम्हाणं पेरेजक्खस्स, सो अण्णो अहरक्खाणसमुहं ।	In this story, we come to our Père Jacques: he is part of this chain of martyrs.
परंतं 46 मि. मि. भणामि तहा किं ण समज्जसि	But what don't you understand when I say 46 mm?
अण्णं देवपुत्रं जाणसि तेण,	If you believe he is God's Son,
और तुम ये वर लोए लोएण ।	And you take this gift to the peoples of the world.
और तुम ये वर लोए लोएण ।	And you take this gift to the peoples of the world.
अप्पाणं च्चिअ उवज्झेण पज्ज्विआ सअलो को ण होंति	Remember also, there is no shorter or truer path than the one of obedience.
सा बोली जे एहि बेरं मए वि $20 होंति, ता तेण वि मए मदद करिओ	She said she would be fine with $20 this time if I can “help” her too.
सा बोली जे एहि बेरं मए वि $20 होंति, ता तेण वि मए मदद करिओ	She said she would be fine with $20 this time if I can “help” her too.
न्यू सी. ओ. 2 फ्यूअल्स नामक इजरायली कंपनी ठीक यही करने का प्रस्ताव रखती है ।	That is precisely what an Israeli company, New CO2 Fuels , proposes to do.
अव्वो मए दयंकराजस्स, अप्पाणं को अस्मि अम्मि किं अस्मि तेऽ संदेहो ण रेहइ	When I Come as the King of Mercy, Not One Soul Will Be Left in Any Doubt as to who I Am and What I Am
अम्हे कय दइअस्स जाआइ मए णिरज्जामि, अप्पाणं केआमि को अम्ह किं अस्मि तेऽ ण संदेहो होइ	When I come as the King of Mercy, not one soul will be left in any doubt as to Who I Am and What I Am
85अह, महत्तं किं जाणसि ते ।	85 Oh, you know, the great things.
न विपक्ष में, न बहुमत में - 36/131 प्रतिनिधि ।	Neither in opposition, nor in majority - 36/131 deputies.
13और ओहि में से कोई भी शुद्धा न किया गया, केवल नामान अरामिया ।	And none of them were cleansed, but only Naaman the Syrian.
वज्जं तुमं बहु वि दिअहं, बदला किं पि अपेक्खामि ।	I give you a lot of my time, I expect something in return.
जब तक §278a है, तब तक विरोध रहेगा ।	As long as §278a exists, there will be protests!
ईश्वरकवचनाव फोथायनायजों जों बेफोरो मिन्थियो ।	We know these things by faith in God’s Word.
कक्षा मे एक महिला शिक्षिका [मणेच्छं दिण्णं] आणि सहपाठिनीसाहि समुव्वहइ	One female teacher brought [to class] a mannequin [that looked like a dead body] and washed it before the schoolgirls.
न ही हम मानते हैं कि यह पैसा अर्जेंटीना को वापस कर दिया गया है ।	Nor do we believe that this money has been repatriated to Argentina.
सच्चं मंदो मणो लो मणियोः समुदायआ दबथायनाय गोलाव फारिखान्थि ।	That’s really what Slow Money means: a long process controlled by the community.
दूई, हमे सबसे पहले यह जानने की ज़रूरत है कि कितने लोग 110 तक पहुँचते हैं ।	Second, we need to know how many people reach 110 in the first place.
अज्जं च्चिअ ण पेम्मइ अज्जं राज्यपालं मुक्का ।	Today – I can’t believe it – but today the Governor spoke of three million.
मा भणिए ण (ण त्थि), अण्णं पेच्छंति ते ।	I said no (for now), but they are watching.
मूसा के दिनों से पहले पृथ्वी पर कोई राष्ट्र नहीं था जो ईश्वर की जाति के रूप में जाना जाता हो ।	Before the days of Moses there was no nation on earth known as God's particular nation.
मामि टोमआ मामि कओ कइओ णायो, अप्पाणं कओ वि ण कारणो होंतु	I couldn’t remember what Tom had done, or even if my father had a reason.
हालाँकि, यह लंबा (एल / 52) था ।	It was, however, longer (L/52).
अच्छाइं तुज्झ अज्ज सत जणं णादे मज्जयं ।	Good News: You baptized seven people today in the river.
(26ए) सदस्य राष्ट्रों को क्षेत्रीय आधार पर एक दूसरे के साथ सहयोग करने के लिए प्रोत्साहित किया जाना चाहिए ।	(26a) Member States should be encouraged to cooperate with one another on a regional basis.
- घ, - - कठिनाई केवल एहि कठिनाई स्तरक गतिविधिसभ प्रदर्शित करैत अछि ।	-d, --difficulty display only activities with this difficulty level.
जह तेण विओअंतरं तह तेण विरइअं, तेण तेण अम्हे अण्णं पवज्जंति	While a barrier separated her from them, we sent to her our Spirit.
अम्हाणं कज्जं इअ सालं ण मज्झं लोअणुसंह ।	Our task is not to gather this year, let’s say, a million people around us.
(10) पृथ्वी गोल (गोलाकार) है ।	(10) The earth is round (spherical).
परंच 26 देसनि एथिक्स एप्रूवल जादोंमोन, तेण अम्हे कज्जं मिस्सइ जाअं	But ethics approval was obtained in 26 countries, so I must be missing something.
मणु च्चिअ सच्चं सामंती यूरोपीय पनाह प्रणाली ण होइ ।	I think a truly harmonised Common European Asylum System will not happen.
Dक बाद आउलए किसिओ विकल्पक अपना सामान्य प्रभाव होइ ।	Any options that follow -D will have their usual effect.
49 ""कह दिअ, एसो तेण पुत्त्रं महिमावंतं करिअं तेण विसूरणं ।	Say, this is the One Who hath glorified the Son and hath exalted His Cause.
(त) ते सव्वेसिं घणंते ।	(T) They are in all densities...
ईश्वरा एहि देशक निर्माण मणुस्साणं कएण होइ ।	God did not create this country to be a nation of followers.
और, ज़ाहिर है, जीवन की किसी भी बड़ी घटना की तरह, [सगाई ने उसे प्रभावित किया होगा ।]	And, of course, as with any major life event, [the engagement would have affected her.]
अण्णं पिअअमज्जं मोहणं वा अण्णं भणिउं, ""अण्णं चिअ प्रभु ।	It is not enough to accept him as our personal savior or to say to him “Lord, Lord.
तेण तेण ईस्रायेल सा णूणो ।	So he named him Israel.
470आउहो योरोपाइं सोअओ	470 when they withdrew from Europe.
णिआइआइ100% > लिगेल * युरोपाव खामानिजों नोंखौ जायगा सोलायहो!	Let us relocate you with 100% Legal *Work in Europe!.
और फिर भी, जो ढूँढ रहे हैं, वह थोड़े से गुलाब या थोड़े से जल में मिल सकता है ।	‘And yet, what they are looking for could be found in a single rose or a little water.’
वचनं, विज्जा, कम्मं सव्वं सव्वं पज्जं सोढइ ।	He attributed everything to the Father: word, wisdom, and works.
ईश्वरीयमार्गों - सच्चं तं सिद्धं करोसि, तेषाम् आज्ञापालनम् आजीवनात् एव ।	You can only prove God’s ways – His truths – by obeying and living them.
ते 12 सप्थाहें मए उवरिया होइ ।	In those 12 weeks, I can maintain high energy.
आम तौर पर पहले छह महीनों में तैरने से बचें - विशेषज्ञों की सलाह है,	In the first six months, generally avoid swimming - this is recommended by experts,
किं तह च्चिअ दरिदग्गं चोरिअं किं कहेइ लोअणब्भेणं	Why then do they steal from the poor, and then say that the Lord has blessed them?
अप्पाणं सव्वं भोजनाहि एकहि हत्थेणः 33 प्रतिशत	You will eat most of your meals with one hand: 33 percent
- 412 अवहेलनाओं के साथ ""प्रभावी जाँच का अभाव"" 5वें स्थान पर आता है ।	-- “Lack of effective investigation” comes in 5th place with 412 violations.
तेण वाणीओ कम्मो कएण उत्तमो दूतो जणो ।	With words and actions, better angels emerged then.
एएसपी तेत्तेह ने कहा, ""हमने उसे वांछित घोषित कर दिया है क्योंकि उसने अपनी प्रेमिका का बायां हाथ काट दिया था ।	We have declared him wanted because he severed the left hand of his girlfriend,” ASP Tetteh said.
एएसपी तेत्तेह ने कहा, ""हमने उसे वांछित घोषित कर दिया है क्योंकि उसने अपनी प्रेमिका का बायां हाथ काट दिया था ।	We have declared him wanted because he severed the left hand of his girlfriend,” ASP Tetteh said.
एएसपी तेत्तेह ने कहा, ""हमने उसे वांछित घोषित कर दिया है क्योंकि उसने अपनी प्रेमिका का बायां हाथ काट दिया था ।	We have declared him wanted because he severed the left hand of his girlfriend,” ASP Tetteh said.
मे एहि नाजी डाक्टरकेँ धन्यवाद देबय चाहैत छलहुँ ।	I wanted to thank this Nazi doctor.
जोर्डाणं वंशं (समुचितं) मानिज्जइ ।	The (proper) way the family is considered in Jordan.
यूरोपीय आयोग और 200 निवेशकों को अपने विचार प्रस्तुत करें ।	Submit your ideas to the European Commission and 200 investors
युद्धापराधी, स्टालिन और एक तृतियांश यूरोपियों को क्यों शामिल किया	Why they enlisted war criminals, Stalin and one third of Europe
बे दानाव इसोरनि सत्थं भणामि ।	I swear to God this month.
और अहं जाणामि तुज्झ कत्तो वसिओ, कस्स सअणवसओ, किं करेसि तं च ।	And I know where you live, with whom you live, and what you are doing.
किं ईश्वरसमान दया सहिष्णुता केण होइ	Does anyone possess mercy and tolerance like God’s?
तेण दिअहं जो वाग्दंडं तेण अणुणेइ सो तेण माणस्स, तेण तेण दे तं जीवेण वचन ।	The prophecy for that day, the Word that's to be fulfilled in that day, come to that man, and He is that living Word for that day.
अज्जं ते च्चिअ लोअणणिग्गं समुव्वहइ ।	Today He is living with a group of filthy, lowly people.
और अहं न जाणेइ ते वि तेण वि ण पेम्मं, अहिया दो च्चिअ तं प्रतीक्षमाण ।	And I do not know if they believe he does, these two who are waiting for him.
इसराएली फ़िरऊन की नई माँगों को पूरा करने में असमर्थ थे, और परिणामस्वरूप उन्हें बुरी तरह पीटा गया ।	The Israelites were unable to meet Pharaoh's new demands, and were viciously beaten as a result.
वस्तुतः 2,000 या ओहिसँ बेसी शब्द एहि दिनमे अहाँक न्यू मिनिमम होइ ।	In fact, 2,000 words or more should really be your new minimum these days.
7आउत्ताइ दाविद और अबीशै रात्ताइं प्रजाओ सअण्हाए	7; And David and Abishai came to the people by night.
णिव्वत्तिअमेत्तं वारेण दया तेण तेण ।	His mercy’s from age to age on those who fear him.
(सो लोअणो लोअस्स ।)	(He accuses God's people.)
हालाँकि, आज केवल एक राज्य - मोंटाना - को रक्त परीक्षणों की आवश्यकता है ।	Today, though, only one state — Montana — continues to require blood tests.
अम्ह विओअम्मि तेण णिअत्ताइं, मोशेण किं भणइ तीअ तीअ वअणं	When his mother could hide him no longer, what did she do with Moses?
उदाहरण के लिए, मैं देखना चाहता था कि यह मेरे E90 की जगह कितनी अच्छी तरह ले सकता है ।	I wanted to see how well it could replace my E90, for example.
तं सयं मण्णे - तं ण कहिज्जंती प्रगति ।	Consider it a seven—and call it progress.
(L) हो सकता है इन दूसरे देशों के मुखिया जॉर्ज बुश जैसे हों ।	(L) Maybe the heads of these other countries are all like George Bush.
आपूर्तिकर्ता के रूप में इन देशों की क्षमता पर मास्को सवाल उठाता है ।	The potential of these countries as suppliers is questioned by Moscow.
अम्हे ईश्वरीय प्रजाए, अम्हे परमेश्वरकपवित्रपर्वतं ।	We are God’s people; we are God’s holy mountain.
मए [मौडेअस्स अअद्धाअवज़्साओ, परंतं मए सहियसे उव्वसाहामो ।	I can easily afford it, even if I earn almost half [of Maude’s salary].
और मेरे मतानुसार अनंतयुद्धेओ सो विमोचिज्जइ ।	And in my opinion, he is redeemed in Infinity War.
अम्हे ईसाअं जाणइ तं मददएमि ।	We help them know Jesus”.
अच्छाइं तुज्झ अज्ज सत जणं णादे मज्जयं ।	Good News: You baptised seven people today in the river.
तुम श्रीमती कीट कैसे हो सकती हो, जबकि मैं अभी भी श्रीमती कीट हूँ?	How can you be Mrs Keyet when I am still Mrs Keyet?
जो अप्पाणं जिणइ सो नगर हरणइ सो महत्तो ।	He who conquers himself is greater than he who taketh a city.
ई संस्तुति 2 मई, 2012 (जे. पी. मोर्गान कन्ट्रैक्ट्स) केँ कयल गेल अनुबन्धक अनुसार छैक ।	This recommendation is in accordance with the contracts entered on May 2, 2012 (the ""JPMorgan Contracts"").
किं पि तुमं जाणह कुवैतमें अम्हाणं महत्तं प्रोजेक्ट ।	‘In any case, you know we have a big project in Kuwait.
ता सितंबर, 1987 में जो पिरामिड हो या न हो, सो हम पाए ।	Then in September, 1987 we stumbled upon what may or may not be the same pyramid.
जेण ग्रीक नागरिकता मए लहेइ, तेण माहस्स परिवाशे वि पाएइ किं?	If I get Greek citizenship, does the rest of my family get it too?
खासकर देववाक्खिअस्स विषयमे ।	Especially when it comes to God's Word.
परं अम्हे वि ण मसिणाइं, जं कि अम्हाणं अच्छिष्ठं विश्वसं ।	But we do not believe this, because we have little faith”.
परं अम्हे वि ण मसिणाइं, जं कि अम्हाणं अच्छिष्ठं विश्वसं ।	But we do not believe this, because we have little faith”.
बीजिंग में पहला होटल इन नई तकनीकों से लैस होगा ।	A first hotel in Beijing will be equipped with these new technologies.
1: वाशिङ्गटनमे विमर्शक रूपमे यू. के. मए तेण तुज्झं किणो विणाओ ।	Q: You know that your work in the UK was thrown back at you as a critique in Washington.
जीवं मणुस्सत्तं को ण सिद्धीए, किं वि सृज्जइ जणो वि मणुस्सत्थस्स णिच्चीए	In this life, no one can fulfill his desire; nothing created can ever satisfy the human being’s desire.
जीवं मणुस्सत्तं को ण सिद्धीए, किं वि सृज्जइ जणो वि मणुस्सत्थस्स णिच्चीए	In this life, no one can fulfill his desire; nothing created can ever satisfy the human being’s desire.
\1:11) ईश्वरीयसहायताइ तुमं वत्तिओ होइओ ।	2:11), it is only through God’s help that you can be an exception.
जइ इच्छामि तेण तं हत्थं उवऊढो 90	But if I want, I can make you an Haut Brion 90.
लोए जीवं मणुस्सत्तं जीवं, जो जीवं भगवंतुण्णं सो जीवं सस्सयं ।	The life in this world is, at best, a passing life; the life that the Lord gives is ""eternal"".
अगर हम देखें कि किसने इसकी पुष्टि की है, तो वह यूरोपीय संघ है ।	If we look at who has ratified it, it is the European Union.
[1] यद्यपि वे सूक्ष्मआर्थिक परिपेक्ष्य की अवहेलना करते हैं ।	[1] Though they ignore the microeconomic perspective.
विएलिएच्ट;) मए णिअंतरजर्मन क्लासअस्स वीअत्थ सप्ताहं समाअं ।	Vielleicht ;) The second week of my intensive german class is over.
अण्णं तुज्झ भणिज्जंतु कीस अम्हाणं वअणं मारेइ ।	They may tell you how they killed our relatives.
ईस्रायेल और मिडल ईस्ट की हालत अब हमेशा के लिए बदल जाएगी, अगर मेरी किसी चीज़ की कमी न हो?	The situation with Israel and the Middle East will now be altered permanently unless I am missing something?
यानि इअ वअणं मए वि दिट्ठी वि ण दिट्ठो होइ	That will mean that his future wife will not see this cliché also happen.
पी. वी. 13आ नोंथांनो खलबलीअविकलंडखौ लुफिननो खाबु होगोन ।	PV13 will be your chance to rebuild a devastated world.
तथापि, 1429 दस्तावेज़ के लिए, इसे एक नए स्रोत के रूप में नामित किया गया है ।	However for a document 1429, It is designated as a new source.
परंतो अम्हे ण बैंकर होमि, णवराहो अवराहो केवा णवा ण नियम व आवश्यकताओ	But I am not a banker anymore, and God knows what sort of new rules and requirements they have now.
ऊपर रिपोर्ट से एक उद्धरणः ""लेकिन यह 142 एक सामान्य कार है!	Above, an extract from the report: “But this 142 is a normal car!
142 ऑपरेशन जॉइन या सब्स्ट अब असंभव है ।	142 Operation JOIN or SUBST impossible now.
22 जुलाई की घटनाओं से यह भी पता चला है कि हमारे पास एक साझा शक्ति है ।	The events of July 22 have also shown that we have a common force.
किं सो पसाअस्स परस्साणं पसाएइ?	Does it aspire to subordinate other nations?
अथवा तुमिओ विज्जार्दसआ अम्हाणं सम्मिलियं, जे 27 नम्बरु चुन्नंति ।	Or you can join the Wizards with us, who have already chosen the number 27.
किं तुमं जाणंतं जे तव प्रार्थना सअण्हा 5,230 अण्णो मग्गो वि सहयइ	Did you know that your prayer also assists the other 5,230 members of the Confraternity?
प्रकाशित न करके भी ब्रिटिश काऊंसिल ने कम से कम 30 गिनिए दे दिए!	At least the British Council paid him 30 guineas even if they did not publish it!
121 रिएक्टरों में इन उपकरणों को स्थापित या सुधार किया जाना चाहिए ।	These instruments should be installed or improved in 121 reactors.
अगर हाँ, तो तुम ओकलाहोमा के बारे में पूरी रात बात कर सकते हो!	If yes, you can talk about Oklahoma all night!
सिम्पसन महाविद्यालये हमे कहना चइ ""राजनीति जीवं"" ।	We like to say ""politics is life"" at Simpson College.
अण्णं संकटे वि सव्वं परं ईश्वरसंतं जाणियव्वं ।	In every trouble we should first seek to realize God’s presence with us.
14 लाख सदस्यों में से हर एक अलग है ।	Each of our 1.4 million members is different.
डरो मत, इसके लिए कैम्पस एंजेल्स का भी उपयोग कर सकते हो ।	No fear, you can use Campus Angels as well for this.
का सही, फ्रेंक सेलर्स का सही या मेरा सही, समय बताएगा ।	Time will show which of us – Frank Sellers or myself – is right.
तुह भणिओ तेण जणमग्गो जेण एक्कं जणेण, तेण छडणसि सो तुज्झ भणिउं	They will tell you that if you kill one of the other three people in the room, they will release you.
तह वि हु च्चिअ मज्झं ति 25 दिसेम्बरिअंतो लोओ भणंति	It is very interesting because on December 25th people share food.
ण पडह शेतानस्स फंदाए, अज्ज खणं सो खणं निर्णायकं ।	Do not fall into the snares of Satan: this moment, this instant is decisive.
और तुम कभी नहीं जानते, कुछ दरवाजे चौड़े खुलेंगे जो तुम सोचोगे कि तुम्हारी नाक से टकराएँगे ।	And you never know, some doors may open wide that you thought would hit you in the nose.
हो सकता है वाशिङ्गटन सा वहाँ बैठा हो!	It’s possible Washington himself sat there!
आखिरकार, इतने वर्षों के बाद, अफ्रीकियों और यूरोपीय लोगों ने इस परियोजना के महत्व को समझा ।	Finally, after so many years, Africans and Europeans understood the importance of the project.
पुप्फं भणसि जइ ""जाओ "", तेण लहंति पसिअढाणं पसिअ होंति	When you say, “go,” the children have to find as many gold coins as they can.
(1995 से पहले, इन्टरनेट पूर्णतः गैर - वाणिज्यिक था) ।	(Prior to 1995, the Internet was strictly non-commercial).
तेण प्रभुएण अणुणिज्जइ जेण, तेण तुज्झ वि मणे बहुक्खणं कहेमि तेण ।	So the Lord can add, ""I have many things to say and to judge of you"".
केनेडी के सुधार आधे उपाय थे और हो सकते थे ।	Kennedy’s reforms were, and could only be, half-measures.
जं किं मए पुणो वि जुआणए ""दक्षिणअफ्रीका तीअ त्थि	Which means I have to answer again to the questions “Until South Africa?
ग. 1: सो कस्सेल में दस्तावेज 11 के समान होगा!	GA: That would be like Documenta 11 in Kassel!
8 सी. ए. एफ. पी. आई. प्रतिबद्धताएँ हमारे संबंधों को स्पष्ट रूप से परिभाषित करती हैं ।	- 8 CAFPI commitments to clearly define our relationship.
जं जुआह तुमं ढूंडहसि अम्हाणं सोक्खं, सैंकडों अण्णोत्तरासाणं गआ अम्हे वि	We’ve got the answers you’re looking for – after all, we’ve been to hundreds of funerals.
ता अरब अचानक आ चमत्कारिक रूपसँ शान्तिकेँ चिन्हइ ।	Then, the Arabs will suddenly and miraculously recognize peace.
हालांकि, तुर्की ने हाल ही में अपने राजनयिक मिशनों की संख्या बढ़ाकर 239 कर दी है ।	However, Turkey increased its number of diplomatic missions to 239 recently.
एस्पर - मेक यू लिव अगेन - से में की उम्मीद करूँ?	What can I expect from Esper - Make You Live Again?
मए पलोए जे 23 जुलाइएओ तेण ताअरेण घणंतीअं ।	I found, among other things, that 23 July is very closely associated with that star.
ओ बोले, ""इए ते लोए जे धम्मे बहु चिंतेइ ।	These are people who thought a lot about religion,"" he said.
सो च्चिअ तं सि अहं जाणेमि, सो णिव्वुएण उज्जोएण सो च्चेअ ।	I know that that's Him; a Light coming down from Heaven and going upon Him.
सच्चं तहा ई चलचित्रं एत्थ वि दट्ठं वीसं कयाम जे सिरिया ईरानओ होइ तं सिअआइ तैयार होइ	In fact we have seen this movie so many times now that we all should be prepared for the same ending with Syria and Iran.
3 फिशिंग कॉकटेल के भाग - मछली पकड़ने की अपनी प्यास को संतुष्ट करें	Satisfy Your Thirst for Fishing ? 3 Parts to the Fishing Cocktail
भणिआइ इअ वअणं कुलपुरिसाणं, जं तह सवत्तीओ लोअणं समुव्वहइ	Said, ""This is like the patriarchs when they gathered with their people.
232 हवे सव्वेसिं पवज्जामि ।	232 Now, I take every spirit...
हरेक मत्थअस्स मापो, काल, आयुओ होइ ।	Every doctrine has its measure, time and age.
सो लोए महिमातः आगतो, एसो अवतारो ।	He came from glory into the world; that’s the incarnation.
जे - तेए तेए वि बुटिक अण्णो मग्गो सेवाइं ।	J – That is precisely where the Boutique gives a very valuable service:
किं जारज डबलु बुशआ मिथियंतो जेण वि तेण वि तीअ विणा संकटाआ	Did George W. Bush know that these devastating disasters were going to happen that day?
महत्तं ईरानी राष्ट्रं केण भणिज्जउ जाणेमि ।	I don’t know how they are going to answer to the great Iranian nation.
हा, वेनेजुएला के राष्ट्रपति का ऐसा प्रस्ताव मौजूद है ।	Yes, such a proposal from the president of Venezuela exists.
अज्ज प्रभात एत्थ जोणस भ्राता ण होंति ।	I hope there’s not a Brother Jones here this morning.
सव्वशक्तिमान ईश्वरकवचनोल्लं अनुभविज्जंतीए, सच्चमेव ईश्वरक आविर्भावं दिस्सइ ।	In experiencing the judgment by Almighty God’s word, we truly witness the appearance of God.
इजराइल के भीतर दो राज्य मैं स्वीकार नहीं करूँगा ।	I will not accept two states within Israel.
250, 000 से अधिक ऑनलाइन उद्यमियों के लिए मैं वास्तव में यह कर सकता हूँ ।	I really can do this” for over 250,000 online entrepreneurs.
अम्हाणं 500 चैनलस् आ तुमं सो एच बी ओ फैमिली हो?	We have 500 channels, and all you watch is HBO Family?
सुलिवनः अहअं भणिओ सामाजिका संकेतो किं वच्चसि?	Sullivan: In other words, do you use social signals?
मुर्रा1: शुरू में माइकल के 10 शो की पेशकश की गई ।	MURRAY: Michael was offered initially 10 shows.
31 मई 2005 द डबल सिक्स को इतने सुंदर बच्चे होने पर गर्व हो सकता है!	31 May 2005 The Double Six can be proud to have such beautiful children!
सैतान जं जं जं मए तं जूरइ करेइ, ते तं तं पुणो करिज्जइ ।	Satan counterfeits everything I do, and so he shall do it again.
लेकिन सदी के अंत तक, हाँ, एलन मस्क सही हैं ।	But by end of the century, yeah, Elon Musk is right.
णव्वो जणं प्रभुनि तलोअरहिअं ।	None shall escape the sword of the Lord.
25और अज्ज रातीए केत्तिओ लोओ पब्भेइ	25 And tonight, so many people can believe God.
पुच्छिउ होहिइ वि तह वि डड्ढिं ।	Ask the people who were horribly burned.
मूसा हुनका सभ पर दोषारोपण करत ।	Moses will be their accuser.
बोल्लह करिज्जंति सच्चं ।	Say: ""The Truth has come.
परंतं छेत्तो वि तेण तेण म्हत्तरसा ।	But eventually he will hold a greater command over her.
एहि गीतमे मए सअण्हा कहिअं	In this song i say fuck 93 times
णिव्वाणं च्चिअ किं ण मणुया?	Why do men not believe hell is real?
उन्होंने कहा, ""2009 के बाद, मैं खुद को शीर्ष टीम में देखता हूं ।	After 2009, I see myself in a top team.
और हमारी इस देश में इसकी लंबी परंपरा है ।	And we have a long tradition of that in this country.
और संतुष्टि जेण तेण वि 432 नैचुरली प्रोग्रामिं जाआइं	And satisfaction for me : he too was already programmed naturally to 432 !
थैंक यू, रोनाल्ड, लेकिन आज रात मैं काफ़ी जोकरों से बात कर चुका हूँ ।	Thanks, Ronald, but I’ve already talked to enough clowns tonight.
अण्णं अण्णं ण छिवसु मे तेण पुच्छिमो ।	What I ask you is not to touch my brothers.
महं अज़रबैजान सअ 6सं व जाणइ ।	I feel like I’m a 6 with Azerbaijan.
मिसाल के तौर पर डॉ. एलेक्जेंड्रा मॉर्टन को यह जानकारी कभी क्यों नहीं दिखाई गई?	How come this data was never shown to Dr. Alexandra Morton for example?
अहं तेण वि सुरअरज्जणामि, तं च्चिअ खेलामि जरूर ।	I deserve better than that and I should play every game.
तेण कालेण माणवं वसो मणुस्साणं ।	Thus, the dwelling place of the black man was no more found amongst men.
11 फरवरी को ऑस्ट्रेलिया के साथ रणनीतिक साझेदारी समझौते पर हस्ताक्षर करना विशेष रूप से महत्वपूर्ण है ।	In this respect, the signature, on February 11, of the Strategic Partnering Agreement with Australia is particularly important.
अम्हाणं 301 अण्णाणं मरणं सव्वुत्तरियं मज्झो ।	The death of at least 301 of our brothers is a crime against the international working class.
ण होंति, परंच अपराधीअणो वि हआसाइं गमिज्जंतु	No, but criminals should lose many of these rights
E - 264 केणइ च्चिअ वि विश्वासिज्जंति, शिअस्स व्व ।	E-264 Some will believe for a little while, like the disciples.
प्रकाशित न करके भी ब्रिटिश काऊंसिल ने कम से कम 30 गिनिए दे दिए!	At least the British Council paid him 30 guineas even if they did not publish it!
चौथे ओलंपिक के बाद मेरी वाइफ क्या कहती है, वो देखते हैं ।	We will see what my wife says after my fourth Olympics.
चेचन्या में, वे उन्हें जवाब देंगे!	In Chechnya, they will answer for them!
एत्थ मए च्चिअ 40 देशाणं वा इलाकाणं भणामो, जहिंमें अमुसलिमाणं विनाशकारी परिणामं प्राप्नोत् ।	I could name 40 countries / areas where this has had catastrophic consequences for nonMuslims.
विवा"" - भारत में भी निर्मित ।	Viva"" - also produced in India.
परंतं आरंभेहि लिओनार्डो नामक नायकमेव उपलभ्भवओ ।	But from the very beginning, only a hero named Leonardo will be available.
दाविदः नमूनाआणलेण केण वि तेण संग कय डब्बा लहा?	David: Did you have some sort of container with you for samples?
15 साल पहले इंटरनेट के क्षेत्र में जो कुछ भी किया वो आपको लाखों कर सकता था ।	15 years ago, whatever you did in the Internet field could make you millions.
परं जे सच्चं ते सव्वं सच्चं जाणइ ।	But those who are in the truth will be perfect when all the truth is revealed.
परं जे सच्चं ते सव्वं सच्चं जाणइ ।	But those who are in the truth will be perfect when all the truth is revealed.
अप्पाणं विलग्गताविरुद्धं तुमं सव्वं अणुचक्रवातं काअरोः	When, apart from isolation, you create your own microclimate:
मुसलमानो मज्झं पढमो ""।	The Muslims will pray behind him.
एहिये कर्म्मेण तं घरं रक्खणं सक्कं ।	Him and his house could be saved by doing the same thing.
भणिआ वि बिशपआ जाणइ इच्छंति ।	He said, ""The bishop wants to know.
161 अप्पा, ते तव हाथें ।	161 Father, they're in Your hands.
[एत्थ वि] तरुण अरब्बिअस्स वअणम्मि अम्हाणं सुरए ण असर ।	[“Right now], our voice as young Arabs has no impact.
केण जाणइ इणं सव्वत्तमं चौद्दमं विशेषणस्स!	Who knew this, that, first, and fourteenth could all be used as adjectives!
अणुणेसु पब्भिअस्स एक्कमेत्तं	Remember this, and earth and Heaven are one.
[-] डेसमंड माइल्स तुम्हारी समस्या नहीं है ।	[-] Desmond Miles is not your problem.
सच्चं म्यूज़क जीअरोल्लासणमाणें पेच्छणाहि!	Indeed, Muse’s live performances need to be seen to be believed!
जइ तह विएच्छा करेइ ता णआण फरमाइं, तेण वि णाणं कहेइ जंजं णिट्ठाइं	If his wife so requests, law mandates that he must brush his teeth.
1992 - विश्व बैंक इसी वर्ष चालू हुआ ।	1992 - The World Bank became operational in this year.
पुणो पुणो तुप्पणं कायव्वं परं गहिरी समजणाइं ।	We are supposed to seek, and seek again, each time coming to a deeper understanding.
1. द्वितीय stage.why की तुलना में उन्नत व्यायाम कितना आसान लगता है?	1.i feel advanced exercises so easy compared to 2nd stage.why?
मए खत्ता, रूसिया सत्तावाओ वि कत्तो जे रूसियाअमे 90 से शतं आर्मेनियाया अम्हाणं समप्पंति ।	I am sure, and the Russian authorities can also be sure that 90% of the Armenians in Russia support us.
तं सो चिअ चिअ चिंतिअं तुए 365	You Are What You Think: 365...
मज्झं कुल 70 ख़रीदणाणं पिओ होंतु ।	Altogether, we had enough money to buy 70, I would say.
इटली और स्पेन में आपको पहले साल में कुछ न कुछ जीतना ही पड़ता है, कभी - कभी पहले हफ्ते में ।	In Italy and Spain you must win something in the first year, sometimes in the first week.
अव्वो दक्खिण्णयुगं समापआइं तहा देवीसज्जणसुहाइं, पिअविरहो च्चिअ णमोहिओ समअंति ।	When this age of grace ends, we shall see God's saints completely delivered, and their oppressors completely judged.
(जो) सो ते भणिए वअणं दिण्णं... (हसंते हुए) ता दो शूटर्सा रूम्मेइ	(Joe) Well, they keep answering... [laughter] So there were two shooters in the room.
\1: अच्छीं, में मए बेटी मारेइ च्चेअ?	G: Well, I killed my own daughter?
कत्तो च्चिअ चिंता कओ देव्वाणं दक्खिण्णेण, अम्हाणस्स वि तह धीरज्झेण	Have you thought about God’s patience, the patience He has with each one of us?
हालांकि, जोकर 2 से बहुत सारी चिंताएं दूर हो जाएंगी ।	A lot of those concerns will be extinguished by Joker 2, though.
यूरोपीय स्तर पर भी उनका 17 साल का अनुभव निश्चित रूप से उनकी मदद करेगा ।	Something that his 17 years of experience, also at European level, will certainly help him with.
अप्पसत्तं पवज्जमाणस्स हिअअं वअणं मए हिअअअम्मि, अप्पाणं मए उवज्झेहि अच्छीहिं ।	In this season of apostasy, allow Me, your Heavenly Mother, to protect you from the loss of your faith.
तह वि तेण हिअअओ सच्चं भणिआ ।	But your people rejected it, though it is the Truth.
और... अब तक मैं जितने भी जापानी घरों में गया, उतनी ही ठंड ।	And… Very cold as all japanese houses I visited so far.
और शैतान सो होंती जिसने 24 वअणं तं णामाणं भणिआ ।	And satan was the one who said his name 24 times.
एत्थं च्चिअ महत्तं जे कंबोडियामे जेण जेण करेओ तेण कअमबोडियाओ कअम वा सो कअम कअम ।	It’s important to remember that most work that you can do in Cambodia could be done as well or better by a Cambodian.
किं इच्छीए कि आर्थिक कूटनीती का < ID1th हममे से हर एक है?	Can it be said that each of us make up 1/70th of economic diplomacy?
जाओ तरुणी, जो रक्षा उद्योग में है सो संगाओ ।	Go ahead, young lady, with what you have on the defence industry.
(बुश) को साफ़ तौर पर परमाणु स्थिति का डर था ।	(Bush) clearly feared a nuclear situation.
और ते अमर ते च्चिअ होंति कस्स कस्स विणा धम्मेण ।	And they are immortal inasmuch as they are able to move in time itself without any immortal pretentiousness.
न्यूनतम अनुवाद, मुझे लगता है कि 10 रुबल्स, इसका स्वागत होगा!	Minimum translation, I think 10 rubles, it will be welcome!
गावो कई बार कह चुका है, हमारे राष्ट्र के पास अब आशा है ।	Gao has told us more than once, our nation now has hope.
लेकिन, उन्होंने आगे कहा, ""अंत में वे लेबल पर नियंत्रण खो बैठे जब उनके साथियों ने इसे उनके खिलाफ कर दिया ।	But, she added, ""they ended up losing control of the label when their peers turned it against them"".
उणो - सान एत्थं इसलिए कीअह तं पिअं तं पि तेण मग्गो ।	Uno-san is here because I have a request for her afterwards.
अहअं वि णिअत्तंतो विओओ विओहि वड्ढमग्गं ।	More important, this time he had bought a very sick bank.
269आर. एक्स्ट्रीम उक्शन लहेण तैयार कअं महं?	Will you prepare me for [269r] receiving Extreme Unction?
ई - 183 लोए मणुस्सत्तं बहुअं जाणामि ।	E-183 I know there is a lot of fanaticism in the world.
सो च्चिअ ण्हाइ समअणाइ आयरलैण्डाइं पसदइ, णवराहोओ वि सम्मीलिअस्स	Obviously they did not like them in Ireland, the supposed protagonist of the negotiation.
गुलाबाउ दिअहेकएहिं, तेण सस्स सदा तुह ।	The rose for one day, and you forever.
सच्चं भणामि हिअअ मण्णे,	I swear by this land,
तं साहसु दिअ, तेण ईस्रायेलं वराईसं कुणह ।	Encourage him, for he shall cause Israel to inherit it'.
और महाराणीसंकत्तरेण मिलाइं, हाइड्रोजण्णं कायव्वं ।	And when they combined in the queen's chamber, they created hydrogen.
क्रीमिया पर कब्जो हो गया था, तो हमारे पास 1 करोड़ 90 लाख हैं ।	Crimea was occupied, so we have 19 million.
और पँचिश मिनटों तक भगवान पर विश्वास नहीं कर पाते ।	And we can't believe God for twenty-five minutes.
तेण तेण घराणं लहेण तह मुखीआ ण भणिओ, तेण पिएडिइएसएम जाआओ तेण जज्जावो जाआ	He was brought to the clan's house and the Chief told him, ""You are a member of the PADESM and you have to be judged.
तुर्कीः हमे भूमध्यसागरीय संसाधनों से अलग नहीं किया जा सकता	Turkey: We can’t be excluded from Mediterranean resources
ईश्वरीयसुत्तस्स जीवणे कइं वस्तुए ण होंतु ।	There are certain things that should not be found in the life of God’s children.
तेण मा तं इच्छंति तेण ण आणंति तेण अप्पा ।	It is not what the Mother desires and it is not what your souls desire.
तं साण फ़्रांसिस्को भणिओ च्चेअ	If he had told me San Francisco rather than
तुं'दी सरकार आ रीकोह सँ एक चिरस्थायी ग्रहक भविष्य प्रारम्भ भऽ सकैत अछि ।	The future of a more sustainable planet can start with your government and Ricoh.
रअवहूअ व्व पुजारोहणं मज्झ रक्खइ ।	My priestly robe will protect me from the perils of the night.’
जेम्संः उव्वो सो दाविद अद्भुअणु होंतु, ण तुमं जाणंतं	James: Well, it started because David was a wonderful guy who was, you know,
प्रधानमंत्री मोदी ने कहा, ""हम इस स्तर पर एक बार फिर संयुक्त राष्ट्र की पारंपरिक स्थिति पर टिके हुए हैं ।	We stand a little to the traditional position of the United Nations once again at this level.
तेण च्चिअ अज्ज अम्हे कुआन यिनं लहेण एत्थ एत्थ कहिज्जंति, अज्ज तुज्झ सुरक्खित्ता ।	That is why we can come here today with Quan Yin and say that you are in a safe energy now.
परंच डेढ़ चाइनीज वाला स्वीडन अज्ज भी इत्ता अलग है?	But is Sweden, with its one and a half Chinese, still so different today?
जंजं पैग़म्बरं मोहणं पिअं, तं मग्गो खया हवेइ ।	Once the prophet has received revelation, he must enter into intercession.
किं पि ण दिज्जइ मिच्छत्तं लोए दुःखं ।	Wrongly naming a thing is to add to the misery of this world.’
वेश्यावृत्ति भले ही पापमय हो, परंच वेश्याएँ ईश्वरक क्षमाके परिक्षेत्राअंतरहीण ।	Although prostitution is sinful, prostitutes are not beyond God’s scope of forgiveness.
पज्जं पज्जसस्स कोसं, आध्यात्मं परं किं च्चिअ परं ।	But, for God's sake, in any direction other than spirituality.""[5]
सो कहिअं 1915, तेण सरलसाअणं भणाहि ।	So tell me, now, 1915; explain three easy things.
अण्णो मज्झो दासो कृतज्ञ ""।	Few of My bondmen are thankful.
मे तेण तुज्झ शाबाणमासाएण विराअं कस्स वि ण दिस्सइ ।	I did not see you fasting in any month as you do in the month of Shaban”.
रॉबिन विलियम्स क्यूँ मेरे जीवन का एक महत्वपूर्ण हिस्सा था	Why Robin Williams was a significant part of my life >>
रूस समेत कुछ लोगों का मानना है कि हमारा वहां आधार होना चाहिए ।	Some believe, including in Russia, that we must have a base there.
एहि बिन्दु पर एहि मुद्दाकेँ नियंत्रित करय वला यूरोपीय निर्देश (94/19 ईसी) सर्वथा स्पष्ट अछिः नहि!	On this point the European directive governing the issue (94/19/EC) is perfectly clear: no!
भुमी तुज्झ सुणइ, आसं वुड्ढपव्वतं तुज्झ दिट्ठो	The earth hears you, the sky and wood-mountain see you.
मए भणिओ ओ सभ (एशियाइ दिवार) जिणं लहेइ ।	I think they have already conquered (the Asian wall).
एसो मणुस्सत्तं पुरुषं जिविज्जंतु गुलामो होंतु	This is a woman’s resolve; as for men, they may live and be slaves“.
इश्तार जाआ अण्णो णिद्दाअस्स,	Now when Ishtar had gone down into the land of no return,
तह जांचणए तुम कहोगी, हा, जरा घमंड करो ।	In examining it, you will say, “yes, a little pride”.
एत्थ मए च्चिअ 40 देशाणं वा इलाकाणं भणामो, जहिंमें अमुसलिमाणं विनाशकं परिणामं प्राप्नोत् ।	I could name 40 countries / areas where this has had catastrophic consequences for non-Muslims.
61 इबराहीमी वंशो, एअं तुमं ण पेच्छसि एअं वअणं	E-61 Seeds of Abraham, can't you see this is your hour?
वर्तमान में, अपने 1867 सदस्यों के माध्यम से,	Currently, through its 1867 members,
भगवान् आत्माक प्रकाशो व शक्तियो व्व तेण सग्गो होइ ।	May the Lord accompany them with the light and strength of His Spirit.
•कहा तुम एक शोधकर्ता हो जो कोविड - 19 से किसी तरह से प्रभावित हुआ हो?	• Are you a researcher who has been affected in some way by COVID-19?
COY1 के दौरान उत्सर्जन को जितना हो सके उतना कम रखना चाहते हैं, हम सब मिलकर कर सकते हैं ।	We want to keep emission as low as possible during COY13: Together we can do it!
\1: परं अम्हाणं सच्चं तेऽ वाणे,	Y: But , when the Truth has come to them from Ourselves, they say,
सेमा सीमेमा किं भवति?	Sema and semema What is it?
पर सच्चं भणिज्जइ, तेण बदलिज्जइ तीए ।	But the truth will [come] out, and it's changing her.
2007 से हम जानते हैं कि शहर असुरक्षित है ।	We have known since 2007 that the city is vulnerable.
तेण मे भणिओ तेण पेच्छंति, तेण ओआणं शांत होइ	Then I told [name withheld] that they were lying so she calmed down.
अम्हे वि मुक्ति इच्छामो, पंचगोच्छामो ।	We just want freedom and five demands.
37. 1) और कई पितरों ने यह मत अपनाया ।	37.1) and many fathers took this view.
जेण पेम्मेण जं ण डड्ढसि, तेण ठण्ढेण मरंति बहुगुणा ।	On the day when you no longer burn with love, many will die of the cold.
णवपिढिया कंप्यूटर जरूर इच्छंति ।	The new generation wants necessarily computers.
41. कस्स क्षेत्रो मे पहिल बेर अनुमान 355/113 क खोज कयलामो?	41. : In which region did we discover for the first time the approximation 355/113 ?
तेण तेण इणं स्मारक मणुया ।	As such, it is to be considered as a monument.
परं ""जं ण दिस्सइ तं किं तं किं थियं?	But, then, ""the things which are not seen,"" what were they?
जो सच्चं लड़ेइ सो अप्पाणं लडेइ ।	Those who fight the truth, fight themselves.
अण्णं वान्गार्डं भणिअं भणिओ, सो च्चिअ ईश्वरिअं करेइ अम्ह वि ईसामसीहओ होइ	He accused us of being jealous of him because he is doing the will of God,"" the brother told Vanguard.
जहिं उपचारणाइं तहिं एहि फव्वारेण होइ!	Anywhere that needs to be treated can be with this spray!
परं ""मे सच्चं लहेइ"" ।	but rather, “I have found a truth.
सो मए जीवंतो होंतु होंतु, सो तुम सव्वेसिं जीवतो होंतु ।	It is alive in me, in the guys, and it is alive inside all of you.
श्रीमान ओलिवरः हाँ, हम दो साल की पात्रता अवधि की बात कर रहे हैं ।	Mr. Oliver: Yes, we are talking about a two-year eligibility period.
जं किंचि करेसि, विशेषेण दो राष्ट्रपुरिसाणं तं हआउ ।	Whatever you do, say ‘yes’, especially to the two national treasures.
- घ, - - कठिनाई केवल एहि कठिनाई स्तरक गतिविधिसभ प्रदर्शित करैत अछि ।	-d, --difficulty display only activities with this difficulty level.
20 साल की मेहनत और बचत बर्बाद हो जाएगी, पर टॉम पैसे न दे सका तो क्या होगा?	But what if Tom can’t pay? 20 years of work and saving will be lost.
दि वन इन दि वाटर / किं भणसि तुए ते? / केटीज सीक्रेट	The One in the Water/Why Did You Say That?/Katie's Secret
अइज्जइ तुमह वि अच्छीअभिण्णअवुअतुअरं तुज्झ 23 प्रतिशत	Your baby will have better cosmetics and clothes than you do: 23 percent
अम्हे कत्तो चेअ हा, इ 60fps मे कओमि	We had to decide, yes, we will do this in 60fps.
इबराहीमनि संतति बे सोदोबजों लोअंतरं ।	Abraham's Seed holds to that Word and nothing else.
तुम पिछले हफ्ते हमसे बेहतर के हकदार थे - बहुत बेट्टे ।	You deserved better—a lot bette—from us last week.
अण्णो पिअअस्स किं प्रतिफल दिण्णं?	And what is the Beast's reward in the end?
जहिं सो मुओ सच्चं तेण समप्पह ।	Place the truth with him wherever he turns.
कैसे और कब फॉर्मलैब्स फॉर्म 2 ने सबसे अधिक सहायता प्रदान की	How and when Formlabs Form 2 provided the most support
मं आशा करैत छी कि नॉर्वे के गोराओ की हत्या न की गई हो?	I hope no Norwegian blondes have been murdered?
मैड्रिड के समुदाय के अध्यक्ष की तरह, हमे यकीन है कि इस पहल से कई जिंदगियां बचेंगी ।	Like the president of the Community of Madrid, we are sure that this initiative will save many lives.
कहिज्जउ किं तुज्झ पिओ च्चिअ मज्झ पआइं	Please tell me why you and your soldiers are out looking for me again.
और तेरी कविता अब खून से लिखी जायेगी ।	And your poetry will now be written with blood.
कीट्टीअ के जीवन को भी रूचिकर बनाइए ।	You should also make life more interesting for Kitty in general.
तुह म्हारो च्चिअ हरिओ ""।	You have a deadly enemy.
धण्णा ते च्चिअ होइ जे अण्णोच्चारणसमयमग्गो ।	Blessed are they who go through moments of indecision.
जहिं सो मुओ सच्चं तेण समप्पह ।	Place the truth with him wherever he turns.
अर्थात् कालक्रमेण सव्वे मरणं सोहेण ।	This means that in God’s due time all will be awakened from the sleep of death.
अथवा ओ सभ एकटाकेँ चुनलथि आ हुनका सभक उदाहरण बनि सकथि ।	Or they could pick one and make an example of them.
(ग) तव डोमेन नाम पञ्जीकृत होइ दुस्साहस कयइ ।	(iii)your domain name has been registered and is being used in bad faith.
जहिं चिअणिज्जाइं तहिं इण्टर्नैट्अस्स सहीअताहि ।	This is the exact nature of the internet (and its access) when we are talking about China.
जिस तरह से हमने 500,000 से अधिक कनाडाई परिवारों के लिए किया है, वैसे ही हम शुरू करने में आपकी मदद कर सकते हैं ।	We can help you get started, just like we have done for over 500,000 Canadian families.
ओ मए बीह अस्पताल होइ जरूर ।	‘Oh, there must be another hospital for me.
जहिं रब्बी होऊंगी, मुसलमान होऊंगी और अहं होइंगी ।	There will be a rabbi, a Muslim, and myself.
ता आलो च्चिअ जइं कज्जं तहिं 25 कइं चिहुरा ए ट्रैप!	So let’s get to it because these are 25 Things That Are Probably A Trap!
पेद्रो ज़रूर पुर्तगाल की महान वाणी बनेगी ।	Indeed, Pedro will become a great voice of Portugal.
निश्चय इसराएलीओ जे फित्तणा प्रारम्भ होइ सा महिलाणं फित्तना होइ ।	Certainly, the first Fitnah that started between the Children of Israel, is the Fitnah with women.
निश्चय इसराएलीओ जे फित्तणा प्रारम्भ होइ सा महिलाणं फित्तना होइ ।	Certainly, the first Fitnah that started between the Children of Israel, is the Fitnah with women.
जहिं कज्जं तहा देव्वाणं कज्जिं करेमो, तेण वि तह वि तह करेमो कोशिशं	He's tried his best to do something a little better than what God did it then.
परंतं जो लोअस्संदो तं कैसरं कस्स वि ण दइअं ।	But under no circumstances will we render to Caesar what is God’s.”[1]
मज्झ तुज्झ दुक्खिअं पावसि, मए मरियं जं तुह अण्णो पिआसु	You will find Me in suffering, Me and Mary, whom you love so much.
1: प्रथम, समीपस्थ महाद्वीपो सह युद्धो सद्धो नास्ति ।	1 – First there is no near continent with which wars would be possible,
अण्णाणं अस्तित्वनृत्यं करेइ,	Others continue their existential dance,
ईश्वरनि गेदेरसिन अंगाणुं दानआ आदम हव्वाजों जागायजेनो ।	The laying down of God's greater BODY CELLS began with Adam and Eve.
अण्णं सोण्णं बहुअं लुक्कइ, डाकुआओ वि णिअत्तणं चिअ ।	But the gold is very well hidden, One of the pirates...
ण भणह तं झेन मणं जाणेइ, ण अहं ज्ञाणं प्राप्तवान् ।	You should not say, ‘I know what Zen is,’ or ‘I have attained enlightenment.’
(11 मार्च 2019) - यूरोपीय संघ में 400.000 सुरक्षित और सुरक्षित पार्किंग स्थानों की आवश्यकता है ।	(11 March 2019) - There is a need for 400.000 safe and secure parking spaces in the EU.
किं कायव्वं जाणंति भयं दूरं ।	knowing what must be done does away with fear.
इए कारण होइ कअ 9आओक्तूबराइं सव्वं सअण्णः	This is likely why Q has been totally silent since October 9th:
उम्मच्छं चुंबिज्जउ संतमहिलासहणं ।	I want – as the saint women – to kiss your feet.
और अंत में, मैड्रिड से आया उदाहरण हमारे पास है,	And then finally, we have this example which comes from Madrid,
(इअ एसा ईसराईली जोक् एसा एसाए, केण गेण्हं व मेम्मस्स संग जाइं?	(it’s the old Israeli joke again: Can you keep a wolf and a lamb together?
ई - 185 तेण तिस्रजणो मज्झ संदेसो ।	E-185 You got my Message on The Three Types Of Believers.
मंदं च्चिअ ण भणिज्जंति जेणवरी 2007 [47], म गलतं भणामि	I was sure they wouldn’t kill like they did in January 2007,[47] but I was wrong.
तेण वि तेण वाओ प्रयत्न च्चिअ योरपेण ।	Moreover, such words and attempts can split Europe itself.
स च्चिअ लोअरो लोअणस्स जो ईसामण्णं ण रक्खइ ।	He is the one who does not guard his womenfolk jealously.
तेण अ मज्झं गोड्'स् चर्चं महंसं महं समवेदयह ।	They had only associated themselves with God's Church for a season.
सच्चं सच्चं वचनइ सव्वं हवे ।	Indeed, His promise is truth personified and shall come to pass.
11जो एहि णिवहिस्सं छूहेइ सो अवश्य मारेइ ।	11 He that shall touch this man's wife, shall surely be put to death.
(दाविद की योजना शायद बहुत साफ़ है?	(Perhaps David's plan is too obvious?
[अन्यथा,] अम्हे वाहनक आवश्यकता होइइ, परिबहणेण मह च्चिअ होंतु ।	[Otherwise,] I would have needed a car; I would have had to pay transportation.[158]
स्टीवः मं त्हम् इणं ण भणामि जे 28 प्रतिशत आमरीकीओ सअण्हाए	Steve: I wasn't saying you've slept with 28% of American men.
अहं तेण जेण वि तेण सुहं विवाहेण ।	I would have married any one of them with pleasure.
युसुफेण अलिक्खं भणिउं पि किं लिहिअं ।	Joseph had written something after they spoke a little bit.
अबू सूफयान अवलंबिओ, अण्णे वाक्यात् परं तेण विरद्धे अहं किं भणिअं भणिमो ।	Abu Sufyan added, “Other than the last sentence, I could not say anything against him.
दिअहं दिज्जंतं पेच्छइ सो वि गोत्तग्गहिल्लं, दो च्चिअ पत्ताण वड्ढंति होंति	He kept watching it day after day, until one morning he went out, and there was two little blades growing up.
तेण असराईअस्स वअणं 13 कारणाइं जेण खाउ ।	That’s our first of 13 reasons you should eat like an Israeli.
तेण असराईअस्स वअणं 13 कारणाइं जेण खाउ ।	That’s our first of 13 reasons you should eat like an Israeli.
हा, अहं हैतीअ सच्चं मोक्खमग्गो वि अप्पाणं ।	Yes, I also incorporate my dreams with the real liberation of Haiti.
अम्हे अणुउद्योगमे विश्वास करैत छी, ओ ओहि महत्तर योगदानमे जे ओ कए चुकल अछि ।	We believe in our nuclear industry and the great contribution it has already done.
रिक डेविसः कत्तो दूरं गमिअंतो 1983?	Rick Davies: Well, I mean how far back are we going, 1983?
अव्वो सो च्चिअ देव्वाणं भणिज्जिहइ, एअं सव्वं चिअ सुहं चिअ सृज्जइ ।	Now can he say with God, “This is my beloved Son, created perfect and forever so”.
246 सालो से इस तरह के स्थलों पर यह बर्बर व्यापार हो रहा था ।	For 246 years this barbaric trade took place on sites like this.
अः धणेणअलेण वि युवावर्गनि थाखाय गोदान हाबाफारि बानायनायनि थाखाय धन्यबा!	a: Thank you for creating new programs for youth despite a lack of funding!
अम्हे सव्वेसिं जैक व्व होइः अम्हे वि अण्णं चिअ इच्छामो ।	Most of us are like Jack: we want more than one thing at once.
जो मां देवपुत्रं कहेइ तं तेऽ अज्ज मणुस्सं कुणसु ।	Let me this day have faith in Him Who says I am God’s Son.
दूरंतरिअसो ईश्वरशत्रुविद्धो होसि ।	When you are far off, you become a target of God's enemy.
AB\1: ता किं तुए विणा सच्चं वसिज्जसि	ABE: So you are now able to exist in another reality?
रॉय की 30 नंबर से अच्छी बहस हुई ।	Roy had a good discussion with number 30.
एसो ईश्वरकर्म्मा योजना, एसो तेन सम्बंधो ।	This is the plan of God’s work, and this is His management.
थ्री लिटिल पिग्स रूस का लगभग राष्ट्रीय विचार है ।	Three little pigs are almost the national idea of ​​Russia.
(क) जेण मए पुत्री [स. अ.] जीविएः	(a) if my daughter [S.A.] survives me:
\1 (पर्सेवल) ब्रह्माण्डे केणइ तं दो घरं ण पसिज्जंतिं ।	Q: (Perceval) Something in the universe didn't like those two houses.
कयिन ने परमेश्वर की मरज़ी का विरोध किया तो उसने क्या किया?	What did Cain do when he resisted God’s will?
ओ (एच. यू. डी.) इअम्हें सार्वजनिक आवास के लिए दीजिए ।	They (HUD) gave it to us for public housing.
अम्हाणं कम्मं ईगलकमत्तं होंतु, ते विअंते ते अच्चिए ।	Our command becomes the Eagle's command and that point is fixated at that spot.
350 दिन में किया गया - एक अमेरिकी प्रयोगशाला में ।	It was done in 350 days - in an American laboratory.
65 सालो के बाद उन्हें हर हफ्ते लौटते देखना दुर्लभ नहीं है ।	It is not rare, after 65 years, to see them return every week.
सो च्चिअ ण आआसाओ, संदेसो मा कुणसु ।	O people of the dawn, do not doubt.
गूगल (Google) भी 6.82 के तहत सूचीबद्ध डेटा एकत्र करता है ।	Google also collects the data listed under 6.8 2).
हालाँकि शैतान को सिद्ध बनाया गया था, फिर भी उसने विद्रोह किया ।	Though Satan was created perfect, he rebelled.
डौन अज्ज आउलत्तीअ पुत्तअ राबरटअस्स सहाओ करिज्जंति	Dawn would like to assist her son Robert today and in the long term.
किं सच्चं किं मिच्छं तं ते अण्णं जाणइ ।	They will determine what is The Truth and what is a lie.
परंतं ते एत्थ एत्तिओ च्चिअ ण तुमं णिग्घिणं गओ	But they’re here now; you’re not going to move populations of four million.
तुमं जं भणिओ अम्हे वि णिअत्तदुक्खकालम्मि रक्खिज्जइ ।	You just said that we're losing our protection at a very dangerous period here...
निश्चयमेव कज्जं करो ईश्वरप्रेमनि ।	Assuredly it is necessary that you do something for the love of God.’
निश्चयमेव कज्जं करो ईश्वरप्रेमनि ।	Assuredly it is necessary that you do something for the love of God.’
निश्चयमेव कज्जं करो ईश्वरप्रेमनि ।	Assuredly it is necessary that you do something for the love of God.’
(डी. आई. ए., इए सैन्य कार्यवाही प्रतीत होइ ।	(This appears to be a military action, DIA.
तुम रोमानियाई द्वारा लूटे जाएँगे, अवधि ।	You will be robbed by Romanians, period.
अम्हेहि तं दोषिओसं यूरोपीयन कमीशणं रक्ख सकीए ।	We should be able to save them from those culprits – the European Commission.
लगभग 1765 निकोलास को एक और मेज़ की ज़रूरत है ।	Circa 1765 Nicholas needs another table.
बाबा ईज़ यू में हालांकि, नियम कुछ भी हैं लेकिन परिभाषित हैं ।	In Baba Is You, though, the rules are anything but defined.
[जॉर्जिया में] हम यूरोप बनने की कोशिश कर रहे हैं - लेकिन हम नहीं हैं ।	[In Georgia] we are trying to be Europe – but we’re not.
पूरे यूरोप में इस अत्यधिक विखंडित उद्योग में हम हमेशा शीर्ष 25 में रहे हैं ।	We have always been among the top 25 in this highly fragmented industry across Europe.
मज्झं च्चिअ चारा णइ जोअस्स, जं तहिं जंपमाअमाणस्स ।	I had no option since it was part of the rituals.
फ़िरऔन के जादूगर	Pharaoh's magicians
फ़िरऔन के जादूगर	Pharaoh's magicians
सच्चं सुहं देववाकृतं जीवंति ।	Only by living by God’s word do we have true happiness.
तुम जानते हो कि तुम्हारे क्रांतिकारियों ने अपना जवाब भेज दिया है ।	You know your revolutionists have sent their reply.
हो सकता है कि उसने अपनी पूछताछ की धारा 31 को पहले ही सूचित कर दिया हो ।	He may already have informed Section 31 of his interrogation.
इयू एकल बाजार तक पहुँच के बिना, 360 मिलियन उपभोक्ता खो जाएँगे!	 ""Without access to the EU single market, 360 million consumers would be lost!
40. 9 रोजगार और निर्माण में एक मजबूत कनाडाई घटक होना चाहिए ।	40.9 Employment and construction must have a strong Canadian component.
जहिं ते वयस्स पूरूणं न होंति ताव्वं मए तेण सअलं जओ ।	I will fight alongside them until they reach the fullness of their age.
परन्तु 707 भी एक संख्या है जिसे हम 7070 में पहचान सकते हैं और जिसे हमे ध्यान में रखना चाहिए ।	But, there is also number 707 that we can recognize in 7070 and that we should take into consideration.
क्विनीन IV की सिफारिश अभी भी कुछ राष्ट्रीय प्रोटोकॉल में की जाती है ।	Quinine IV is still recommended in some national protocols.
किं को ण को ण तेण तेण कहेइ साहसु परं पुच्छिज्जासु	For, ""no one,"" it is said, ""durst from that day forth ask Him any more questions.
अम्हाणं सव्वेसु एंतं च्चिअ चिंतिज्जंति, अम्हारं पांडुलिपियएहिं ।	We all like to think our manuscript is one of these.
परंतु देवात्माइं सो सव्वं च्चिअ णस्सइ ।	But God’s Spirit prompted us to cancel them all.
दूई, कइओ भणिओ कहेइ फलस्तीनीओ कओण कओ ईरान?	Secondly, many people say: What has Iran ever done for the Palestinian cause?
थैंक्सगिविंग के लिए मियामी आने वाले सभी लोगों के प्रति हमारी संवेदनाः	Our condolences to anyone visiting Miami for Thanksgiving:
यूरोप के 34 देशों ने इस बुरे सपने को सच कर दिखाया	34 Countries in Europe Make This Nightmare a Reality
1990 के बाद से जो युद्ध हो रहे हैं, वे सब राजनीति और अर्थशास्त्र से संबंधित हैं, है न?	All these wars since 1990 are to do with politics and economics, aren’t they?
रोममें कालेहि एहि सव्वं चर्चा होइंगी, और ब्रसेल्स्समें वि अवश्यं ।	In Rome tomorrow we’re going to continue talking about all this, and also in Brussels of course.
बाक़ी दुनियाअणो आत्मविश्वास (स्वीडिश अकादमी में) इतना नीचो है कि हम इस साल नहीं करेंगे ।	The confidence (in the Swedish Academy) is so low in the rest of the world that we will not do it this year.
किं ईश्वरसमान दया सहिष्णुता केण होइ	Does anyone possess mercy and tolerance like God’s?
बिनि उनाव बिथाङा फिसा डिजिटल फिल्मफोरल'बानायो, एबा ईराननि बायजोआव खामानि मावो ।	Thereafter he only made small digital films, or he worked outside of Iran.
मए भणिओ ओ सभ (एशियाइ दिवार) जिणं लहेइ ।	I think they have already conquered (the Asian wall).
अइअं इच्छंति तेण णिवडित्तं तिण्णाइ मए तेण मज्झ	They want me to do this difficult thing for them for three Nutrition Pills?
परंतं जो लोअस्संदो तं कैसरं कस्स वि ण दइअं ।	But under no circumstances will we render to Caesar what is God’s.”[1]
परंतं जो लोअस्संदो तं कैसरं कस्स वि ण दइअं ।	But under no circumstances will we render to Caesar what is God’s.”[1]
परंतं जो लोअस्संदो तं कैसरं कस्स वि ण दइअं ।	But under no circumstances will we render to Caesar what is God’s.”[1]
परंतं जो लोअस्संदो तं कैसरं कस्स वि ण दइअं ।	But under no circumstances will we render to Caesar what is God’s.”[1]
पिहले साल अगर मुझे ठीक से याद हो तो इक्वाडोर ने अलायंस छोड़ दिया ।	Last year, if I remember correctly, Ecuador left the Alliance.
जं सणो जह जह जह जं लहेइ, तं जण्णं लहेमि मए ण पेच्छउ	I guess Johnson can have the world, I’ll take the web.
महिलाणं एम्बुलेंसं बहु विलम्बेन फ़ोन करेइ, तुह पेच्छसि दुक्खं जाणसि	Women call the ambulance too late – you know the pain
दुभाषिया मज्झं मुक्कोअं भणिआ, तेआअणिज्जंती जाणुयइ ।	The interpreter turned to me and said, ""They want to know more.
लोओ महं ण पुच्छिच्छंति, सुणइ ओ मानिज्जइ	People do not question me!They listen and obey.
कुछ सफलता की गाथाएँः लाइफ बैंक और प्रोजेक्ट वी फॉरगॉट	Some success stories : Life Bank and Project We Forgot
\1: वस्तुतः तेषाम् न्यू वर्ल्ड ऑर्डरं नाम अस्ति ।	A: Actually, they have a name for the New World Order.
पणसंतोषं मिहलिज्जंतो कम्मं खोखला होइ ।	But remove the satisfaction, and the act becomes hollow.
तेण तेण वा तेण रअणेण पुणो दासो जणो होइ, सो च्चिअ पुत्तस्स जाआ होइ	On that day, or rather that night, a slave people came out to his new destiny to become what he is, that means the people of sons.
तह तं जीवं जं अहं लहेमि सो जीवं पुनरुत्थानं ।	Then, the life I receive is resurrected life.
किस प्रकाश स्रोत को ""प्रतिस्थापित"" करने की शपथ न लें ।	Do not swear to “replace” what light source.
राजा का वचन अवश्य पूरा होना ।	Surely, the King's promise must be fulfilled.
उत्तमा अच्छीं, परुत्तमं तहिं विसद्धी करणस्स तहिं च्चेअ ।	Excellent, but we will have to change the nature of our explanation.
(यूक्रेनी कैदियों के बारे में) बोलना मेरा दायित्व है ।	« I have the obligation to speak [of the other Ukrainian prisoners].
90252 मए तं सयं भणिअं ।	I was what they call a 90252.
और अब पहले से भी ज़्यादा, हमारे राष्ट्राध्यक्षों को सुनना बेहतर होता ।	And now more than ever, our heads of state had better be listening.
सा तुज्झ अम्हाणं भलाइं भणसि, मूसासं भणिओ तं मारेइ अम्हे वि!	You talk to us of goodness, but Moses told us that we must kill her!
यानि एथलीट रिएक्शन देने के लिए 30 प्रतिशत तेज़ हो गया था!	In other words, the athlete had become 30% faster to react!
119 ""सो अम्हे अब्राहाम, मं सा अच्छी साखी दइश ।	E-119 ""So, well, Abraham, I--I think you would--you would make a very good witness.
ओडेटए उत्तरिआइं, मित्तं ण कं ण आसाए ।	And Odette answered, ‘Nothing is impossible to the eye of a friend.’
तं तेण विणेतावाला सव्वेण ण थकिज्जंति, तेण माहमें तेण लहेहिं ।	All those who seek her will not tire themselves; in her month they will find her.
अण्णं जाणह जेण मणुस्सुत्तं पवज्जं दिण्णं,	Know thou that when the Son of man yielded up His breath to God,
इश्माएल के वारे में जो कहसि सो सच्चं न होइ ।	What you are saying about Ishmael is not true.
पब्भसं च्चिअ जाआ णिअत्ताइं, कल यूरोपमे एशियाएहि स्वास्थ्यसमस्या होइ ।	But beware, because Europe could experience tomorrow the same health crisis as Asia.
दाविद हीलीअस्स तेण व वेब साइट तेण मं चेअ संदेहो होइ ।	I am more skeptical than ever of David Healy and his web site.
तेण वि ण फरक पडत जे तेण वालंटियर वा डोनर तेण तेण ।	It does not matter where this volunteer or donor is at that moment.
लेकिन व्यावहारिक रूप से कुछ दोगुना कैसे किया जाए, उदाहरण के लिए, पैसा?	But how to practically double something, for example, money?
94साम्यवादो उट्ठेणोइ, एव्वो वि उद्धेणोइ च्चेअ	94 Communism has to rise; these other things has to rise.
नहिंतो मए ण जिविज्जामि [खेलामि] ।	Or I will not live [play] at all.” ⇒
असई च्चिअ मरणभयं ण होइ, तेण इच्छा वल्लहा अद्दाअं होइ ।	Such a person does not fear death, and his will and power are amazing.
[ण... वह तुरन्त [शासन द्वारा] मारी जाएगी ।	[No … She would be killed [by the regime] immediately.
माणो मा मारो मा होंतु तुमं 40 सत्थं हरइस्सं	Kill or be killed – can you beat all 40 levels?
इ - 9 मए उवऊढा लज्जिज्जउ ।	E-9 I'm going to embarrass my wife.
63, 000 कीअ 63,000 कओ ण होंतु कओ जस्स कस्स इब्भागवराहो	The answer to “why 63,000” is because that is what God says it can be!
सो च्चिअ कहेइ दुःखं एइ लोएणं ।	The pain,” he says, “was out of this world.
इ तं ण करेसि तेण वि गव्विआ पुणो (मिच्छत्तं) ।	If you don't do this then he lapses back into his old (bad) behaviour.
आयरलैण्डनि थामथि बयनिख्रुइबो मुंदांखासिन बियार (आरो अम्हेमो आयरिशां फोथायनो हायोमो!)	Ireland’s third most popular beer (and I think we can trust the Irish!).
एहि महत्तर ग्रन्थक अनुसमर्थन कयवला देशसभमे यूनानकेँ गिनयबाक हेतु उत्सुक छी ।	I look forward to counting Greece among the countries that have ratified this important instrument!
दट्ठूण ण दिट्ठइ तं लोयं तं तं विणइ ।	See, ""He made the world out of things that does not appear.
किं त्थि करेसि जं लज्जसि किं ण माणंसि	You are have done something that you are ashamed of or are not proud of.
उत्तमो लचीलो होसि... अम्हे बेल्जियनओ तेण तेण ।	Excellent flexibility… thanks to the fact that we are Belgians!
और एहि वद्दे लोए केण सुरक्खति रेहइ ।	And what security there was for the people in this promise.
प्रपत्र 099क कोन सेक्शण हमरा भरिओत (णएण आवेदन)?	Which Section of form 039 must I complete (new applications)?
ण वि त्थि च्चिअ मज्झाइं तुमं कहेमि जंपमाणा वि तेण, अण्णत्ताहे वि असंपूर्णं रहस्यमेत्तं गअं तेण	There are some really cool ideas that I’m dying to tell you, but that would be giving away a secret that is not even [fully] formed yet.
कइं ण होंति संभावित क्रेता किं व किं व ण होइ	how many potential buyers don’t become real and why.
छात्रः एत्थ तिण्णपव्वतत्तणं पूरूं काय मा?	Student: We must complete the three mountains for this, or no?
एत्थाणं सव्वुत्तं ब्लेयरस्स वाणी सव्वं सन्तुलित जाणइ ।	Blair’s speech seems to be the most balanced of all the speeches here.
परंच जोनाह जेणाणं सा च्चिअ णिव्वुईओ तेण अम्हाणं पआए ।	But, as with Jonah, the Lord himself will lead us resolutely along the path which he has chosen for us.
उअअअ तं पसारिआइं, ता स च्चिअ पुणरुत्तस्स व्व सेहतमंदआइं	stretched it out, and it was restored, healthy like the other.
लिबिया की सव्वेगो जनजातियो, एत्थ वि हाजर होइं ।	All the tribes of Libya, I repeat, present here.
किं तुमं पर्यावरणं स च्चिअ वि कअत्थं, णिअत्तं शिशु व्व च्चेअ	Do you participate with the environment in anyway, at least like a baby?
पर तुमं दिट्ठूसिअ एद्दहमेत्तम्मि जीअ तुमं तिक्खुत्तमंतीए	But you see those books you just signed for my wife and my three daughters?
सो देवियो जो अन्तिणिमे दीसओओ, सो देवयो जे एहि जुग्गं समापयइ ।	He is the God who's returned in the last days, the God who will end this age.
11अम्मि कत्तो चिरंतं दाहिणहअंगं विलग्गसि?	11 How long wilt thou withdraw thy hand, and thy right hand?
तेण माहामंतरं / इअ संकट्ठो इमिग्रेंट्सं ।	Three months later / This crisis is because of immigrants.
संपादित कीजिए 1: दाविद, वहू सुंदरि वहु, सव्वे जण करेइ तं ।	EDITH: David, his beautiful wife, everybody does it.
जो उत्तरदायी हों, वे एक दिन चुकाएँगे ।	Those responsible will pay for them one day.
इन्फर्नोः अंगसहायकं कायव्वं किं पि ।	Inferno: To do it with the aid of the body is something essential?
जीवं परिवर्त्तनं तेण ण होंति, परं जाणणु तेण उद्देसो होइ ।	Their aim has been not to reform life but to know it.’
ईश्वरक इच्छानुसार एत्थ मअरं विसेसं ।	My remains will be brought here according to God’s will.
जो जूनमासे सो करेइ सो सव्वं अण्णो सेओ	What she does during this month of June, using her last forces.
मित्तं वीररं च पहाडं जाणह एसो सच्चं ।	Let the friend and the enemy, even the mountains, know this to be the truth.
इआ अण्णो अहवसो 3,150 लोओ, माणवो!	It is unbelievable! 3,150 people, human beings!
अण्णं एसो, दे सव्वो च्चिअ लोअणिज्जणो अम्हाणं	Brothers, come, we need half a million people here.
सो च्चिअ सव्वं पावं पवज्जंतीए, अण्णं चिय च्चेअ सव्वेसु पावाणं	He lived a life perfectly in accordance with God’s will and then died innocently for all of our sins.
णिअत्तणाणं पवज्जइ जणो णिव्वुत्तं, पिअं पि ण आणइ उव्वसाहमं	John on his part opened the door to repentance beforehand; afterwards should come the judgment.
विशिष्ट नियम कुछ प्रकार के weapons.71 ""के उपयोग पर लागू होते हैं	• Specific rules apply to the use of certain types of weapons.71
अण्णं तुमं ण पेच्छसि जेण एद्दहमेत्तम्मि धम्मेण ।	You have no idea how proud I am of my daughters who have all graduated.
तहिं चेअ जाणह जे देव्वाणं विमर्शनं समाअं ।	Only then will you suddenly realize that God’s work of judgment has already concluded.
(एंदरोमेडा) गमाअंतरम्मि कुड्डलिअमेत्ताए, जं ढूँढणइ अम्हे वि!	(Andromeda) We have missing members of our family that we need to find!
इज़राइल वर्तमान संकल्प (338) को अपनी पूरी गंभीरता के साथ देखता है ।	Israel views the present Resolution (338) with all the gravity that is its due.
आंद्रइ1: जं जाणइ इच्छामो सो तवस्स प्राकृतं इतिहासं ।	ANDREW: What we would like to know is something of your natural history.
मए ते संकेतो जेण वि हुक्खिज्जइ णिव्वेणं पिओ वड्ढम्मि ।	To me, those are signs that the intention was to save the life of the sick or injured individual.
(निश्चयहि ई पहिल बेर नहि होयत जे अवतारक निन्दा कयल गेल हो!	(It certainly won’t be the first time an Avatar has been condemned!
णिअत्ताइं च्चेअ तुमं वि विदेशिअणाइं ण रोमेनियानि णस्साइं	I hope that you do not also work for the foreigners and for the destruction of Romania.
ते धम्मे देव्वाणं खलोअत्तणं कायव्वं ।	They could have established the horizontal foundation for God on the earth.
तेण लिक्खइ जेण माणवं च्चिअ हे प्रभु, तं रक्खसि णिव्वुइ च्चेअ	And the writing says, “Man and beast Thou preserves, O Lord.
विलः ""हेनरी, तेरे घेरे को कोई खलल नहीं डालता ।	Will: ""Nothing ever disturbs your circles, does it, Henry?
और हो, ईश्वरीयात्माओ तेण वि तेण पारं वहइ ।	And yes, God’s spirit will have been instrumental in leading them to that point and beyond.
और मणुस्सस्सस्स विणा सव्वं गुणे ।	and all the virtures of man without his vices.
ई - 75 (बिल्लि, सव्वं सज्जं किं?)	E-75 (Are they all ready, Billy, everything?)
जेण तुज्झ जीवसि, तेण उअह आलोकं रक्खइ ।	The life you lead conceals the light you are.
तेण वि एहि लोए किरक्खरंसं णिअत्तणं पवज्जवं ।	You do need to be comforted and sheltered from the harshness of this world.
अम्हे मोलिलामो नदीतीरे वसंति ।	We are on the banks of the Molilamo.
परंतं किं तेण ण एक्का नूहस्स आर्क, मणुस्साणं का ण त्थि?	But to do so, should we not another Noah's Ark, human one, is built?
परंतं किं तेण ण एक्का नूहस्स आर्क, मणुस्साणं का ण त्थि?	But to do so, should we not another Noah's Ark, human one, is built?
परंतं किं तेण ण एक्का नूहस्स आर्क, मणुस्साणं का ण त्थि?	But to do so, should we not another Noah's Ark, human one, is built?
चुनावों से दो हफ्ते पहले युद्ध कोई नहीं चाहता, खासकर हिज़्बुल्लाह के खिलाफ ।	No one wants a war two weeks before elections – especially against Hezbollah.
जंजं कुराणं मणुस्साणं चारीओ वहुआइं, मुहम्म्म्दअणं ण होंति णाहवीओ होइं?	If the Qur’an limits men to four wives, why did Muhammad have at least nine wives at one time?
7वह सर्वदा अप्पाणं मिच्छइ ।	# 7 She always lies about herself.
- मम्मं मा खाउ कोलोबोक, अम्हेहि तुज्झ एपाअर्टमेन्टाइं लिहिअं ।	- Do not eat us, Kolobok, we will rewrite your apartment!
जापानियों ने एक साल बाद भी अपने राष्ट्रीय पुस्तकालय को नहीं जलाया ।	The Japanese did not burn their national library a year later.
इ - 69अव्वो वक्कीलं कालेण पुरओ वि जाओ..	E-69 And when this lawyer goes out of town...
मलाकी\1:1 ""णिव्वत्तिअं दीसइ, भट्टी व्व दाहइ ।	Malachi 4:1 ""Surely the day is coming; it will burn like a furnace.
तेण विरहेण जइ अण्णं वराईं हअस्स, णिव्वत्तिओ ण उल्लंभिओ साहसु	You do not, therefore, transgress the law if you kill the wild beast to save your brother’s life.
लेकिन, उन्होंने आगे कहा, ""अंत में वे लेबल पर नियंत्रण खो बैठे जब उनके साथियों ने इसे उनके खिलाफ कर दिया ।	But, she added, “they ended up losing control of the label when their peers turned it against them”.
अइहिं सअण्हा फुरनसेत्तीअ घरसज्जाइं पण आकृति ण बदलिआइं ।	Before them Fornasetti had changed the decoration of the furniture but not the shape.
अण्णाणं सव्वं विज्जा वि उवऊढा, ते च्चिअ म्हाणं उत्तमा रेहिया ।	They have been the best for me, even though I have defied all their science.
जेण ईश्वरीयवाक्खं ण मणुओ तेण मिच्छं ।	If it does not agree with God’s Word, it is a lie.
अण्णं वान्गार्डं भणिअं भणिओ, सो च्चिअ ईश्वरिअं करेइ अम्ह वि ईसामसीहओ होइ	He accused us of being jealous of him because he is doing the will of God,"" the brother told Vanguard.
तेण अहं तं सच्चं भणामि ।	Then I clarified the truth to him.
किं अंतो च्चिअ होंति तेण वि जंपमाणाए, जं तहिं तहिं चेअ पुरिसा पुत्तिओ पआइं	Are they finally, since it seems that the open pages of one of them are completely white?
[...] तेण वि महापिरामं कस्स ण कस्स इश्रायेलीअ अनुग्रहस्स संठाइं ।	[...] yet the Great Pyramid should, in some way, indicate the full length of Israel's favor.
सिद्धीअंती सपनां वड्ढंति जेत्तिओ तेत्तिओ जाणसि तुज्झ अज्ज वि तारुणं ।	If you have more dreams than achievements, then you know that you are still young”.
सो ओरेओ के साथ, उन्होंने वैसा ही किया ।	So with Oreo, they did that.
अज्ज ईसामस्स वाग्दंडं रक्खइ ।	Today the promise of God's Word is kept.
थैंक यू स्टीव, तुम सच में हर मुस्कान को जादू से कैद कर लिया ।	Thank you Steve, you truly captured every smile with magic.
म्यारियोन केलीअमेअम् सभीअ थोड़ा और क्यों होना चाहिए	Why we should all be a bit more Marion Kelly
जहिं तहिं तहिं बहुए मिच्छत्तं ।	If it is then it is in very bad taste.
अच्छीं किं भणिअं भणसि जह हिअअं मुहं वहंतम्मि ।	How can you say good things, when out of the abundance of the heart speaketh the mouth.
जेण मोकरी तेण गामो णस्सइ तेण वारेइ रामोसिनि, तेण तेण अण्णेण मरिअं तेण	If Mokari removes from that village he will perish first, and thou, Ramosinii, wilt be the last to die.
उदाहरण के लिए, सऊदी अरब में हम हमेशा अपने दोस्तों का समर्थन करने की कोशिश की है, और बहुत अच्छे कारणों से ।	We’ve always tried to support our friends in Saudi Arabia, for example, and for very good reasons.
फेसबुक पर आप उम्र भी चुन सकते हैं ।	On Facebook, you can even choose the age.
हम ऐसा इसलिए करते हैं क्योंकि हम उत्तरी कोलोराडो में विश्वास करते हैं और उसका समर्थन करते हैं ।	We do it because we believe and support Northern Colorado.
पसुवइणो रोसारुणपडिमासंकंतगोरिमुहअंदम्,गहिअग्घपंकअं मिअ संझासलिलंजलिं णमह	Bow before Siva's offering to Twilight, The water held in his cupped hand. Reflecting Gauris moonlike face, Now flushed with jealous anger, It looks more like a crimson lotus
अमिअं पाउअकव्वं पढिउं सोउं च जे ण आणंति,कामस्स तत्ततत्तिं कुणंति ते कह ण लज्जंति	Shame on those who cannot appreciate This ambrosial Prakrit poetry But pore instead Over treatises on love
सत्त सआइं कइवच्छलेण कोडीअ मज्झआरम्मि,हालेण विरइआइं सालंकाराण गाहाणं	Among countless elegant poems, King Hala, patron of poets, Has selected seven hundred.
उअ णिच्चलणिप्पंदा भिसिणीवत्तम्मि रेहइ वलाआ,निम्मलमरगअभाअणपरिट्ठिआ संखसुत्ति व्व	Look at that heron Standing absolutely motionless On the lotus leaf. It is just like mother of pearl In a setting of spotless emerald.
ताव च्चिअ रइसमए महिलाणं विब्भमा विराअंति,जाव ण कुवलअदलसच्छहाइ मउलंति णअणाइं	While making love, women go on enticing men Up to the very end When their eyes, Long and oval like the petals of the waterlily, Close
अत्ता तह रमणिज्जं अंहं गामस्स मंडणीहूअं,लुअतिलवाडिसरिच्छं सिसिरेणकअं भिसिणिसंडं	Look, mother-in-law! That lovely mass of lotuses Used to be the most beautiful thing in our village, But now winter has made them look Like a sesame field just after harvest
किं रुअसि ओणअमुही धवलाअंतेसु सालिछेत्तेसु,हरिआलमंडिअमुही णडि व्व सणवाडिआ जाआ	Cheer up! Don't cry for the paddy turning white. There's the field of hemp in bloom Like a dancer with her face painted yellow!
सहि एरिसि च्चिअ गई मा रुव्वसु तंसवलिअमुहअंदं,एआण वालवालुंकितंतुकुडिलाण पेम्माणं	Friend, this is just the way things happen— Stop your tears, don't turn your face away— Like the tendrils of a young cucumber, One's affections twine around an object That does not stay.
पाअपडिअस्स पइणो पुट्ठिं पुत्ते समारुहंतम्मि,दढमण्णुदूमिआइ विहासो घरिणीअ णिक्कंतो	When their little son Climbed on her husband's back As he knelt at her feet, She could not help laughing Despite her fierce anger.
रंधणकम्मणिउणिए मा जूरसु रत्तपाडलसुअंधं,मुहमारुअं पिअंतो धूमाइ सिही ण पज्जलइ	Don't get annoyed: There's nothing wrong with your cooking. That the fire won't burn but only smokes Is because it wants to inhale your breath That has the fragrance of red trumpetflowers.
घरिणीअ महाणसकम्मलग्गमसिमइलिएण हत्थेण,छित्तं मुहं हसिज्जइ चंदावत्थं गअं पइणा	The husband laughed at his wife's face Which, smudged with soot That stuck to her hand from kitchen work, Looked more than ever like the moon.
किं किं दे पडिहासइ सहीहि इअ पुच्छिआइ मुद्धाए,पढमुग्गअदोहलिणीअ णवर दइअं गआ दिट्ठी	When her friends asked the young wife Who was pregnant for the first time What she craved most She simply looked at her husband
अमअमअ गअणसेहर रअणीमुखतिलअ चंद दे छिवसु,छित्तो जेहि जिअअमो ममं पि तेहिं चिअ करेहिं	Sweet moon, Crest jewel of the sky, Beauty spot on the face of night, Touch me with the very same rays With which you've touched my most dearly beloved.
एहिज्ज सो पउत्थो अहअं कुप्पेज्ज सो वि अणुणेज्ज,इअ कस्स वि फलइ मणोरमाण माला पिअअमम्मि	First let my dear husband come home, Then let me give him a scolding, And then let him do his best to bring me round. There must be someone who can get all three wishes.
कोसंवकिसलवण्णअ तण्णअ उण्णामिएहि कण्णेहिं,हिअअट्ठिअं घरं वच्चमाण धवलत्तणं पाव	Young calf, Blushing red as a tender mango shoot, Running with ears pricked Towards the house of your desire, Assume the cool whiteness of a bull!
अलिअपसुत्तअ विणिमीलिअच्छ दे सुहअ मज्झ ओआसं,गंडपरिउं वणापुलइअंग ण पुणो चिराइस्सं	Dearest, I know you are not really asleep, Just keeping your eyes closed. I can see goose pimples rising as I kiss your cheek. I won't be late again.
असमत्त मंडण च्चिअ वच्च घरं से सकोउहल्लस्स,वोलाविअहलहलअस्स पुत्ति चित्ते ण लग्गिहिसि	Don't bother about your makeup, girl, Just go to him quickly, while he wants you. Once his longing is over He won't give you a thought.
आअरपणामिओट्टं अघडिअणासं असंहअणिडालं,वण्णघिअलित्तमुहिए तीए परिउंवणं भरिमो	I will never forget how, When her face was smeared with red ghee, We kissed, Carefully pouting our lips So that our noses and foreheads Wouldn't meet.
आणासआइ देंती तह सुरए हरिसविअसिअकवोला,गोसे वि ओणअमुही अह से त्ति पिअं ण सद्धहिमो	I refuse to believe that she who, Cheeks flushed with excitement, Is so demanding while making love Can really suit him, However meek she may be next mornin
पिअविरहो अप्पिअदंसणं च गरुआइ दो वि दुक्खाइ,जीअ तुमं कारिज्जसि तीअ णमो आहिजाईए	Being separated from what is dear And being forced to look at what isn't Are two causes of grief. I bow to your good breeding Which demands that you act as you do.
ण कुणंतो च्चिअ माणं णिसासु सुहसुत्तदरविवुद्धानं,सुण्णइअपासपरिमुसणवेअणं जइ सि जानंतो	You would not be so touchy If you knew the pain of falling asleep beside one's lover And waking up in the middle of the night To discover that the bed is empty.
णवलइपहरं अंगे जहिं जहिं महइ देअरो दाउं,रोमंच दंदराई तहिं तहिं दीसइ वहूए	At whichever part of her body Her husband's younger brother Aims the tender twig Gooseflesh raises a palisade of sticks.
अज्ज मए तेण विणा अणुहूअसुहाइ संभरंतीए,अहिणवमेहाण रवो णिसामिओ वज्झपडतो व्व	Today, As I think of the pleasures I've had Without him, The thunder of the first rain clouds Sounds like the executioner's drum.
णिक्किव जाआभीरुअ दुद्दंसण णिंवकीडसारिच्छ,गामो गामणिणंदण तुज्झ कए तह वितणुआइ	Headman's son, How heartless you are! Shying away from your wife You rarely show yourself, Like a worm in a neem berry. Yet because of you The whole village is pining away.
पहरवणमग्गविसमे जाआ किच्छेण लहइ से णिद्दं,गामणिउत्तस्स उरे पल्ली उण से सुहं सुअइ	Lying on his breast, Rough with the scars of many a wound, The headman's wife finds it difficult to rest, But his village sleeps sound.
अह संभाविअमग्गो सुहअ तुए च्चेअ णवर णिव्वूढो,एण्हिं हिअए अण्णं अण्णं वाआइ लोअस्स	What good old-fashioned honesty! But really, my dear, You're the only one who goes in for it. Nowadays people think one thing and say another.
उण्हाइ णीससंतो कीस मह परंमुहीअ सअणद्धे,हिअअं पलीविउं अणुसएण पुट्ठिं पलीवेसि	What do you think you are doing, Embracing me from behind? First you set fire to my heart And then you start burning my back With these hot sighs of remorse.
दिअरस्स असुद्धमणस्स कुलवहूणिअअकुड्डलिहिआइ,दिअहं कहेइ रामाणुलग्गसोमित्तिचरिआइं	The good wife takes all day To explain to her importunate young brother-in-law The paintings on the walls of their house That depict the adventures of LaksmanRamas devoted younger brother.
चत्तरघरिणी पिअदंसणा अ तरुणी पउत्थवइआअ,असई सअज्जिआदुग्गआ अ णह खंडिअं सीलं	Young and attractive and her husband abroad, Living in poverty at a busy crossroad, With loose women in the neighborhood, —You're not telling me she's still chaste?
अहिआइमाणिणो दुग्गअस्स छाइं पइस्स रक्खंही,णिअवंधवाण जूरइ घरिणी विहवेण एंताणं	Protecting the self-image of her husband, Who is poor but proud of his breeding, The wife scorns her own relatives As they arrive with rich presents.
साहीणे वि पिअअमे पत्ते वि छणे ण मंडिओ अप्पा,दुग्गअपउत्थवइअं सअज्जिअं संठवंतीए	Her husband is at hand And the festival in full swing. Yet she delays putting on her jewels To hearten the woman next door Who is poor And whose husband has still not returned.
सब्भावणे हभरिए रत्ते रज्जिज्जइ त्ति जुत्तम् इणं,अणहिअए उण हिअअं जं दिज्जइ तं जणो हसइ	To fall in love with a man who returns your love, One who is full of kindness and affection, Makes sense. But to give one's heart to a man who is utterly heartless Is laughable.
आरंभंतस्स धुअं लच्छी मरणं व होइ पुरिसस्स,तं मरणम् अणारंभे वि होइ लच्छी उण ण होइ	If a man shows initiative There is the prospect of either wealth or death. Even if he lacks initiative, death is certain, Wealth is not.
अक्खडइ पिआ हिअए अण्णं महिलाअणं रमंतस्स,दिट्ठे सरिसम्मि गुणे सरिसम्मि गुणे अईसंते	While making love to another woman His beloved will come to mind Both when he sees and doesn't see A familiar trait.
णइपूरसच्छहे जोव्वणम्मि अइपवसिएसुदिअहेसु,अणिअत्तासु अ राईसु पुत्ति किं दड्ढमाणेण	Silly girl, Youth races past Like a river in spate, The days are fleeting And the nights unreturning. So why this stubborn sulkiness?
कल्लं किर खरतिअओ पवसिहइ पिओ त्ति सुव्वइ जणम्मि,तह वड्ढ भअवइ णिसे जह से कल्लं चिअ ण होइ	Every one knows the hardhearted lover Leaves at dawn. Venerable Night, stretch on So that morning will not come.
होंतपहिअस्स जाआ आउच्छणजीअधारणरहस्सं,पुच्छंती भमइ घरं घरेण पिअविरहसहिरीओ	As her husband is about to depart She goes from door to door Asking all the women who suffer from absent husbands For the secret of surviving the farewell.
अण्णमहिलापसंगं दे देव्व करेसु अम्ह दइअस्स,पुरिसा एक्कंतरसा ण हु दोसगुणे विआणंति	O god, please Let my husband form other attachments, For men who have experience of one person only No longer appreciate what's good and what's bad.
थोअं पि ण णीइ इमा मज्झण्हे उअ सरीरतललुक्का,आअवभएण छाही वि ता पहिअ किं ण वीसमसी	Wayfarer, Your shadow is hiding beneath your body, Not showing one bit of itself for fear of the midday sun, So why don't you too take a rest?
सुहउच्छअं जणं दुल्लहं पि दूराहि अम्ह आणेंत,उअआरअ जर जीअं पि णेंत ण कआवराहोसि	By bringing that man Who keeps his distance To ask me how I'm feeling, You have proved a blessing. Now, fever, if you take my life, I will not complain.
आम जरो मे मंदो अहव ण मंदो जणस्स का तत्ती,सुहउच्छअ सुहअ सुअंधगंध मा गंधिरिं छिवसु	Why should anyone care Whether my fever has abated or not? You, my dear, asking how I am And smelling so fragrant, Do not touch me who stink of fever.
सिहिपिच्छलुलिअकेसे वेवंतोरु विणिमीलिअद्धच्छी,दरपुरिसाइनि विसमिरि जाणसु पुरिसाण जं दुक्खं	Your long hair sways like a peacock's fan, Your thighs quiver, your eyes half close, With long pauses you sort of play the man. Now do you see what hard work it is For a man?
पेम्मस्स विरोहिअसंधिअस्स पच्चक्खदिट्ठविलिअस्स,उअअस्स व ताविअसीअलस्स विरसो रसो होइ	Love Estranged and patched up again, Once its dissolution is plain to see, Will never taste right again Like water that has boiled then cooled
वज्जवडनाइरिक्कं पइणो सोऊण सिंजिणीघोसं,पुसिआइ करिमरीए सरिवंदीणं पि अच्छीइं	Thinking she hears the twang of her husband's bow Above the crashing thunder, The captive wife tells the royal hostages To wipe away their tears.
करिमरि अआलगज्जिरजलआसणिवडणपडिरवो एसो,पइणो धणुरव कंखिरि रोमंचं किं मुहा वहसि	It is only the echo of a thunderclap From an early rain cloud. I suppose you were hoping it might be the twang Of your husband's bow, For why else is the hair on your body bristling?
सहइ सहइ त्ति तेण तहा रमिआ सुरअदुव्विअड्डेण,पव्वाअसिरीसाइ व जह से जाआइ अंगाइं	Because she put up with it all The clumsy youth went on making love to her So that her limbs now look like wilting acacia flowers.
असरिसचित्ते दिअरे सुद्धमणा पिअअमे विसमसीले,ण कहइ कुडुंवविहडणभएण तणुआअए सोण्हा	She does not complain to her husband About his brother's advances Not because she herself has impure thoughts But because he is so touchy And she is afraid of causing a split in the family. Instead she pines away.
चिंताणिअदइअसमागमम्मि कअमण्णुआइ भरिऊण,सुण्णं कलहा अंती सहीहि रुण्णा ण ओहसिआ	Imagining how it was when her lover was with her, The woman suddenly remembered how angry she had been And raged against thin air. Far from laughing, her friends wept for her.
हिअअण्णुएहि समअं असमत्ताइं पि जह सुहावेंति,कज्जाइ मणे ण तहा इअरेहि समाणिआइं पि	Dealings with sympathetic people, Even if inconclusive, Are, I think, more pleasant Than dealings concluded With their opposite.
दरफुडिअसिप्पिसंपुडणिलुक्कहालाहलग्गछेप्पणिहं,पिक्कंवट्ठिविणिग्गअकोमलम् अंवंकुरं उअह	Look! A tender shoot has sprouted from the stone of a ripe mango. It looks like an eel hiding in a half-opened oyster shell.
उअह पडलंतरोइण्णणिअअतंतुद्धपाअपडिलग्गं,दुल्लक्खसुत्तगुत्थेक्कवउलकुसुमं व मक्कडअं	Look at that spider climbing down from the rafters Along a thread spun from between its feet: It looks like a mimosa flower strung on an invisible string.
जइ होसि ण तस्स पिआ अणुदिअहं णीसहेहि अंगेहिं,णवसूअपीअपेओसमत्तपाडि व्व किं सुअसि	If you are not his lover, How come you sleep every day, Your limbs as weak As those of a newborn buffalo calf, Drunk on its mother's milk?
हेमंतिआसु अइदीहरासु राईसु तं सि अविणिद्दा,चिरअरपउत्थवइए ण सुंदरं जं दिआ सुअसि	The winter nights are long, For months your husband's been away, So you must be sleeping well. How odd that you should fall asleep by day.
जइ चिक्खिल्लभउप्पुअपअम् इणम् अलसाइ तुह पए दिण्णं,ता सुहअ कंडइज्जंतम् अंगम् एण्हिं किणो वहसि	If that woman, who stepped on your foot As she leapt away from the mud, Were so indifferent, Why, my dear, is your body now covered With gooseflesh?
पत्तो छणो ण सोहइ अइप्पहाए व्व पुण्णिमाअंदो,अंतविरसो व्व कामो असंपआणो अ परिओसो	Once the festival starts its glamor is over, Like the full moon in broad daylight, Like sex which in the end loses its savor, Or like gratitude without a steady stream of gifts.
पाणिग्गहणे च्चिअ पव्वईअ णाअं सहीहि सोहग्गं,पसुवइणा वासुइकंकणम्मि ओसारिए दूरं	Already at her wedding Paravati's friends knew she would be happy When Siva tossed aside The snake bracelet that frightened her.
गिंहे दवग्गिमसिमइलिआइ दीसंति विंझसिहराइं,आससु पउत्थवइए ण होंति णवपाउसब्भाइं	What you see are the heights of the Vindhya Painted black by the forest fires of summer, Not fresh rain clouds. So do not worry about your husband's return.
जेत्तिअमेत्तं तीरइ णिव्वोढुं देसु तेत्तिअं पणअं,ण जणो विणिअत्तपसाअदुक्खसहणक्खमो सव्वो	Give as much affection As you can muster. For not everyone can bear to suffer The withdrawal of kindness.
वहुवल्लहस्स जा होइ वल्लहा कह वि पंच दिअहाइं,सा किं छट्ठं मग्गइ कत्तो मिट्ठं च वहुअं च	How can a woman Who for five whole days Has been the lover of such an attractive man Ask for one day more? One cannot feast on dainties.
जं जं सो णिज्झाअइ अंगोआसं महं अणिमिसच्छो,पच्छाएमि अ तं तं इच्छामि अ तेण दीसंतं	Whatever part of my body he stares at I cover. At the same time I want him to see it.
दढमण्णुदूमिआइ वि गहिओ दइअम्मि पेछह इमीए,ओसरइ वालुआमुट्ठिओ व्व माणो सुरसुरंतो	See how the woman's indignation at her husband Escapes with a soft sigh Like sand from a clenched fist.
ण वि तह विएसवासो दोग्गच्चं मह जणेइ संतावं,आसंसिअत्थविमुहो जह पणइअणो णिअत्तंतो	More than his absence abroad Or my wretchedness here at home What pains me is my husband returning Without quite reaching his goal.
भरिमो से गहिआहरधुअसीसपहोलिरालआउलिअं,वअणं परिमलतरलिअभमरालिपइण्णकमलं व	I will never forget how she shook her head When I tried to kiss her lips And her tresses flew in all directions. Her face looked like a lotus Surrounded by a swarm of bees Excited by its fragrance.
हल्लफलण्हाणपसाहिआण छणवासरे सवत्तीण,अज्जाइ मज्जणाणाअरेण कहिअं व सोहग्गं	When her rivals take a freezing cold bath Before dressing for the festival, The youngest wife shows her privileged position By not bothering.
ण्हाणहलिद्दाभरिअंतराइ जालाइ जालवलअस्स,सोहंति किलिंचिअकंटएण कं काहिसि कअत्थं	You won't make anyone happy By sitting here Removing with a bamboo needle The traces of turmeric soap From the meshes of your filigree bracelet.
अद्दंसणेण पेम्मं अवेइ अइदंसणेण वि अवेइ,पिसुणजणकंपिएण वि अवेइ एमेअ वि अवेइ	Love vanishes Through not seeing enough of one another, Through seeing too much of one another, Through spiteful gossip, And sometimes just like that.
पोट्टपडिएहि दुक्खं अच्छिज्जइ उण्णएहि होऊण,इअ चिंतंताण मणे थणाण कसणं मुहं जाअं	Thinking how wretched it is To be sagging over her stomach After having once been prominent —That's how her breasts must have got dark nipples.
सो तुज्झ कए सुंदरि तह झीणो सुमहिलो हलिअउत्तो,जह से मच्छरिणीअ वि दोच्चं जाआइ पडिवण्णं	Lovely woman, The farmer has become so thin On your account That his good wife, though jealous, Now acts as go-between.
दक्खिण्णेण वि एंतो सुहअ सुहावेसि अंह हिअआइं,णिक्कइअवेण जाणं गओ सि का णिव्वुई ताणं	Though you visit us only out of courtesy, You rejoice our heart. What delight you must give to those Whom you visit with genuine fondness.
एक्कं पहरुग्घाअं हत्थं मुहमारुएण वीअंतो,सो वि हसंतीअ मए गहिओ वीएण कंठम्मि	While he was blowing on the hand That still stung from the slap I gave him, I could not help laughing And put my other hand around his neck.
अवलंविअमाणपरंमुहीअ एंतस्स माणिनि पिअस्स,पुट्ठिपुलउग्गमो तुह कहेइ समुहट्ठिअं हिअअं	Proud lady, When he approached you You relentlessly turned away, But the gooseflesh on your back Shows that in your heart You are prepared to face him again.
जानइ जाणावेउं अणुणअविद्दविअमाणपरिसेसं,पइरिक्कम्मि वि विणआवलंवणं स च्चिअ कुणंती	She knows how to give expression To what remains of the anger he tried to conciliate By acting with reserve Even when they are alone together.
किं दाव कआ अहवा करेसि काहिसि अ सुहअ एत्ताहे,अवराहाण अलज्जिर साहसु कअरा खमिज्जंति	How dare you! And which offenses am I supposed to forgive, My darling: Those you have committed, Those you are committing, Or those you are about to commit?
णूमंति जे पहुत्तं कुविअं दास व्व जे पसाअंति,ते च्चिअ महिलाण पिआ सेसा सामि च्चिअ वराआ	Women only like men Who mask their authority And grovel like slaves At their angry lovers' feet. All the rest make pitiful husbands.
तइआ कअग्घ महुअर ण रमसि अण्णासु पुप्फजाईसु,वद्धफलभारगरुइं मालइम् एण्हिं परिच्चअसि	Ungrateful bee, Once you would not think Of enjoying yourself with other flowers But now that the jasmine is heavy with fruit You forsake her.
अविअण्हपेच्छणिज्जेण तक्खणं मामि तेण दिट्ठेण,सिविणअपीएण व पाणिएण तण्ह च्चिअ ण फिट्टा	Aunt, A glimpse of that man, Whom one could never tire of staring at, Is like drinking water in a dream: It has not quenched my thirst.
सो णाम संभरिज्जइ पब्भसिओ जो खणं पि हिअआहि,संभरिअव्वं च कअं गअं च पेम्मं णिरालंवं	Though he may for a moment Slip one's mind One still remembers a person. But love, Once it is but a memory, Vanishes For it is something immaterial.
णासं व सा कवोलेअज्ज वितुह दंतमंडलं वाला,उब्भिण्णपुलअवइवेढपरिगअं रक्खइ वराई	The poor girl cherishes the teeth marks You have just left on her cheeks Like a pledge, Protecting them with a fence of gooseflesh.
दिट्ठा चूआ अग्घाइआ सुरा दक्खिणाणिलो सहिओ,कज्जाइं चिअ गरुआइ मामि को वल्लहो कस्स	The mango puts out new shoots, The fragrance of liquor fills the air, An agreeable breeze is blowing from the south, But business must mean more to him And clearly he loves me no longer.
रमिऊण पअं पि गओ जाहे उवऊहिउं पडिणिउत्तो,अहअं पउत्थवइअ व्व तक्खणं सो पवासि व्व	After making love, He took a step, then turned And took me in his arms again. That moment I felt what it was to be a wife whose husband is abroad And he what it was to be that woman's husband.
अविअण्हपेच्छणिज्जं समसुहदुक्खं विइण्णसब्भावं,अण्णोण्णहिअअलग्गं पुण्णेहि जणो जणं लहइ	A man so handsome One cannot tire of looking at him, Who shares one's troubles as well as one's joys, Proves faithful and returns one's love —Such a man is only to be got through merit Accumulated over many lives.
दुक्खं देंतो वि सुहं जणेइ जो जस्स वल्लहो होइ,दइअणहदूमिआण वि वड्ढइ थणआण रोमंचो	If one loves a man He gives pleasure even while causing pain. Though wounded by a lover's nails Breasts thrill with gooseflesh.
धरिओ धरिओ विअलइ उवएसो पिअसहीहि दिज्जंतो,मअरद्धअवाणपहारजज्जरे तीअ हिअअम्मि	Try though she would to keep it, The advice given by her friends Escaped from her heart That was shattered by the arrow of the God of Love.
वहुपुप्फभरोणामिअभूमीगअसाह सुणसु विण्णत्तिं,गोलाअडविअडकुडंग महुअ सणिअं गलिज्जासु	O sweetwood tree, Whose branches, bowed by the weight of blossom, Reach to the ground In the broad thickets on the bank of the Goda, Do me a favor And shed your leaves slowly.
णिप्पच्छिमाइ असई दुक्खालोआइ महुअपुप्फाइं,चीए वंधुस्स व अट्ठिआइ रुअरी समुच्चिणइ	Weeping, The woman gathers the very last sweetwood flowers Now painful to behold, Like the bones of a relative On the funeral pyre.
ओ हिअअ मडहसरिआजलरअहीरंतदीहदारु व्व,ठाणे ठाणे च्चिअ लग्गमाण केणा ऽवि डज्झिहिसि	Heart, After getting stuck here and there, Like a log Borne along by the current of a shallow stream, One day you will be fuel for someone.
जो तीअ अहरराओ रत्तिं उव्वासिओ पिअअमेण,सो च्चिअ दीसइ गोसे सवत्तिणअणेसु संकंतो	The red That during the night her husband Removed from her lips Appears the next morning In her co-wives' sleepless eyes.
गोलाअडट्ठिअं पेच्छिऊण गहवइसुअं हलिअसोण्हा,आढत्ता उत्तरिउं दुक्खुत्ताराइ पअवीए	When the poor plowman's daughter Saw her courteous husband standing on the river bank She clambered up By the most difficult route.
चलणोआसणिसण्णस्स तस्स भरिमो अणालवंतस्स,पाअंगुट्ठावेढिअकेसदढाअड्ढणसुहेल्लिं	I will never forget, Once when he lay in silence at my feet, What pleasure I got from twisting his hair round my toe And pulling hard.
फालेइ अच्छभल्लं व उअह कुग्गामदेउलद्दारे,हेमंतआलपहिओ विज्झाअंतं पलालग्गिं	See how the winter traveler At the gate of the village temple Jabs at the smoldering heap of husks As if it were a bear.
कमलाअरा ण मलिआ हंसा उड्डाविआ ण अ पिउच्छा,केण वि गामतडाए अब्भं उत्ताणिअं छूढं	Aunt, Not a lotus is damaged, Not a goose has been scared away, But someone has pushed a cloud on its back In the village pond.
केण मणे भग्गमणोरहेण संलाविअं पवासो त्ति,सविसाइ व अलसाअंति जेण वहुआइ अंगाइं	How frustrated he must feel To threaten to leave again. It makes his young wife languish As though she'd been given a drug.
अज्ज वि वालो दामोअरो त्ति इअ जंपिए जसोआए,कण्हमुहपेसिअच्छं णिहुअं हसिअं वअवहूहिं	"As his mother Yasoda says: ""Krsna a is still a child,"" The women of Vraja smile to themselves, Their eyes fixed on his face."
णच्चणसलाहणणिहेण पासपरिसंठिआ णिउणगोवी,सरिगोविआण चुंवइ कवोलपडिमागअं कण्हं	Placing herself next to Rasha On the pretext of praising the way she dances, The cunning cowgirl manages to kiss Krsna, Who is reflected in his favorite's cheek.
आलोअंति पुलिंदा पव्वअसिहरट्ठिआ धणुणिसण्णा,हत्थिउलेहि व विंझं पूरिज्जंतं णवब्भेहिं	On the heights of the Vindhya The Pulindas kneel behind their bows The moment they see the valleys below Filling with rain clouds As if with a herd of elephants.
वणदवमसिमइलंगो रेहइ विंझो घणेहि धवलेहिं,खीरोअमंथणुच्छलिअदुद्धसित्तो व्व महुमहणो	The Vindhya Range with white clouds Clinging to its body blackened by forest fires Looks like Visnu splashed While churning the Ocean of Milk.
वंदीअ णिहअवंधवविमणाइ वि पक्कलो त्ति चोरजुवा,अणुराएण पुलइओ गुणेसु को मच्छरं वहइ	Though distressed by the death of her relatives The hostage made eyes at her kidnapper Who was a handsome youth. For who begrudges anyone His good points?
अज्ज कइमो वि दिअहो वाहवहू रूवजोव्वणुम्मत्ता,सोहग्गं धणुरुंपच्छलेण रच्छासु विक्किरइ	For how many days Has the hunter's young and beautiful wife Proudly scattered her happiness all over the streets In the guise of shavings from her husband's bow?
उक्खिप्पइ मंडलिमारुएण गेहंगणाहि वाहीए,सोहग्गधअवडाअ व्व उवह धणुरुंपरिंछोली	See how the wood shavings Swirl above the hunter's homestead, Like a banner Announcing the joys of marriage.
णववहुपेम्मतनुइओ पणअं पढमघरिणीअ रक्खंतो,अलिहिअदुप्परिअल्लं पि णेइ रण्णं धणुं वाहो	Though completely exhausted by making love to his young wife, He did not wish to hurt the feelings of his elder wife. So the hunter took his bow with him into the forest Even though he could not bend it Without first shaving it thinner.
कइअवरहिअं पेम्मं ण त्थि च्चिअ मामि माणुसे लोए,अह होइ कस्स विरहो विरहे होंतम्मि को जिअइ	In this world, Mother, Love without deceit does not exist, For who would separate Or who, being separated, Would survive?
अच्छेरं व णिहिं मिव सग्गे रज्जं व अमअपाणं व,आसि म्ह तं मुहुत्तं विणिअंसणदंसणं तिस्सा	It was like a miracle, Like finding treasure, Like being king in heaven, Like a draught of nectar, That one moment When I saw her undressed.
सा तुज्झ वल्लहा तं सि मज्झ वेसो सि तीअ तुज्झ अहं,वालअ फुडं भणामो पेम्मं किर वहुविआरं ति	You love her, I love you, She hates you, And you hate me. I speak plainly Since love is full of complications.
अहअं लज्जालुइणी तस्स अ उम्मच्छराइ पेम्माइं,सहिआअणो वि णिउणो अलाहि किं पाअराएण	I am shy And he is ready for anything, But my friends will help me out, So why should I paint my feet?
महुमासमारुआहअमहुअरझंकारणिब्भरे रण्णे,गाइ विरहख्हरावद्धपहिअमणमोहणं गोवी	The spring wind stirs the forest, Loud with the drone of bees, And the cowgirl's song About parted lovers Troubles the lonely traveler.
सालोअ च्चिअ सूरे घरिणी घरसामिअस्स घेत्तूण,णेच्छंतस्स वि पाए धुअइ हसंती हसंतस्स	The sun is already shining When the good wife Takes hold of her husband's feet And gives them a shake. Since she is smiling A smile appears on his grumpy face.
रूअं अच्छीसु ठिअं फरिसो अंगेसु जंपिअं कण्णे,हिअअं हिअए णिहिअं विओइअं किं थ देव्वेण	His image is in my eyes, His touch on my limbs, His words in my ear And his heart in my heart. To separate us needs more than just fate.
सअणे चिंतामइअं काऊण पिअं णिमीलिअच्छीए,अप्पाणो उवऊढो पसिढिलवलआहि वाहाहिं	Eyes shut, She imagines her husband on the bed And embraces herself While the bracelets fall loose Upon her thin arms.
परिभूएण वि दिअहं घरघरभमिरेण अण्णकज्जम्मि,चिरजीविएण इमिणा खविअ म्हो डड्ढकाएण	This wretched body is the ruin of me: In daily humiliation It totters from door to door On other people's business Yet refuses to die.
होंती वि णिप्फल च्चिअ धणरिद्धी होइ किविणपुरिसस्स,गिम्हाअवसंतत्तस्स णिअअछाहि व्व पहिअस्स	However abundant, A miser's wealth is useless, Like the traveler's shadow When he is scorched by the summer heat.
फुरिए वामच्छि तए जइ एहिइ सो पिओ ज्ज ता सुइरं,सम्मीलिअ दाहिणअं तुइ अविअण्हं पुलोइस्सं	O my left eye, If my husband comes home today Thanks to your quivering, I will reward you with a good long look at him While keeping my right eye tightly shut.
अण्णण्णं कुसुमरसं जं किर सो महइ महुअरो पाउं,तं णीरसाण दोसो कुसुमाणं णेअ भमरस्स	That the bee wants to drink the nectar Of one flower after another Is the fault of the flowers running out of nectar, Not the bee's.
रच्छापइण्णणअणुप्पला तुमं सा पडिच्छए एंतं,दारणिहिएहि दोहि वि मंगलकलसेहि व थणेहिं	Leaning on the door Looking out for you She decorates the house for your return: Her breasts two vases of plenty And her eyes lotus petals strewn on the street.
ता रुण्णं जा रुव्वइ ता झीणं जाव झिज्जए अंगं,ता णीससिअ वराईअ जाव सासा पहुप्पंति	She wept as long as she had tears to weep, She grew as thin as her body would allow, And, poor thing, Sighed as long as she had breath to sigh.
समसोक्खदुक्खपरिवड्ढिआण कालेण रूढपेम्माण,मिहुणाण मरइ जं तं खु जिअइ इअरं मुअं होइ	Of a couple, Who after a long life of shared joys and sorrows Have learned the meaning of love, The one who dies survives, The other is as good as dead.
हरिहिइ पिअस्स णवचूअपल्लवो पढममंजरिसणाहो,मा रुअसु पुत्ति पत्थाणकलसमुहसंठिओ गमणं	Foolish girl, do not cry. A fresh mango shoot with its new blossom Placed on the mouth of the farewell bowl Will surely stop your lover departing.
जो कह वि मह सहीहिं छिद्दं लहिऊण पेसिओ हिअए,सो माणो चोरिअकामुओ व्व दिट्ठे पिए णट्ठो	That jealous anger which my friends, Having found a slit, Managed to lodge in my heart, Sneaked away like a lover At the sight of my husband.
सहिआहि भण्णमाणा थणए लग्गं कुसुंभउप्फं ति,मुद्धवहुआ हसिज्जइ पप्फोडंती णहवआइं	Her friends told the young wife That a safflower was clinging to her breast, And burst into laughter When she tried to brush off the nail marks.
उम्मूलेंति व हिअअं इमाइ रे तुह विरज्जमाणस्स,अवहीरणवसविस्ãठुलवलंतणअणद्धदिट्ठाइं	These indifferent side glances of yours, Which turn this way and that But take no notice of me, Cut me to the quick.
णिद्दालसपरिघुम्मिरतंसवलंतद्धतारआलोआ,कामस्स वि दुव्विसहा दिट्ठिणिवाआ ससिमुहीए	The drowsy glances of a moon-faced woman, Her half-veiled pupils darting to and fro, Are irresistible Even to the God of Love.
अज्जाइ णवणहक्खअणिरिक्खणे गरुअजोव्वणुत्तुंगं,पडिमागअणिअणअणुप्पलच्चिअं होइ थणवट्ठं	The young wife inspecting her heavy and prominent breasts For fresh nail marks Adorned them with the lotuses of her eyes Which were mirrored in their smooth expanse.
मा कुण पडिवक्खसुहं अणुणेसु पिअं पसाअलोहिल्लं,अइगहिअगरुअमाणेण पुत्ति रासि व्व झिज्जिहिसि	Don't make your rivals happy: When your lover is eager to please you, Humor him, For, dear girl, By doling out oversize portions of disdain You will dwindle to nothing.
विरहकरवत्तदूसह फालिज्जंतम्मि तीअ हिअअम्मि,अंसू कज्जलमइलं पमाणसुत्तं व पडिहाइ	The tear mixed with eye-black Looks like a line drawn around her heart To guide the saw of separation In its agonizing surgery
दुण्णिक्खेवअम् एअं पुत्तअ मा साहसं करिज्जासु,एत्थ णिहित्ताइ मणे हिअआइ पुणो ण लब्भंति	My boy, Don't be so hasty. This isn't the place To leave things for safekeeping. As far as I know, Hearts deposited here Are not returned.
णिव्वुत्तरआ वि वहू सुरअविरामट्ठिइं अआणंती,अविरअहिअआ अण्णं पि किं पि अत्थि त्ति चिंतेइ	The wife who had already reached her climax But did not realize that that was the end of that Remained in a state of excitement Expecting something more.
णंदंतु सुरअसुहरसतण्हावहराइ सअललोअस्स,वहुकइअवमग्गविणिम्मिआइ वेसाण पेम्माइं	Praise be to the fond attentions of prostitutes Who minister to everyone's need for the pleasures of love With a whole armory of wiles.
अप्पत्तमण्णुदुक्खो किं मं किसिअ त्ति पुच्छसि हसंतो,पावसि जा चलचित्तं पिअं जणं ता तुह कहिस्सं	I suppose you have never felt The pain of grief, That you ask me, laughingly, Why I am so thin. When you have found a fickle lover yourself, I will explain.
अवहत्थिऊण सहिजंपिआइ जाणं कएण रमिओ सि,एआइ ताइ सोक्खाइ संसओ जेहि जीअस्स	Are these the pleasures For which I threw myself upon you, Brushing aside the warnings of my friends, And for lack of which my life Now hangs in the balance?
ईसालुओ पई से रत्तिं महुअं ण देइ उच्चेउं,उच्चेइ अप्पण च्चिअ माए अइउज्जुअसहाओ	He is so jealous That he does not want his wife To gather sweetwood flowers at night. Instead, the honest soul Goes and gathers them himself.
अच्छोडिअवत्थद्धंतपत्थिए मंथरं तुमं वच्च,चिंतेसि थणहराआसिअस्स मज्झस्स वि ण भंगं	Why storm off Trailing your skirt behind you? Slow down! Aren't you afraid your waist might break Under the weight of your breasts?
उद्धच्छो पिअइ जलं जह जह विरलंगुली चिरं पहिओ,पावालिआ वि तह तह धारं तणुअं पि तणुएइ	For some time the traveler has been sipping water From his cupped hand, Keeping his fingers wide apart, All the while looking up towards the woman at the well, Who in turn has reduced the already thin stream To a mere trickle.
भिच्छअरो पेच्छइ णाहिमंडलं सा वि तस्स मुहअंदं,तं चट्टुअं करंकं दोण्ह वि काआ विलुंपंति	While the begging monk looks down at her navel, And the housewife looks at the moon of his face, The crows plunder the dish in her hands And the begging bowl in his.
जेण विणा ण जिविज्जइ अणुणिज्जइ सो कआवराहो वि,पत्ते वि णअरडाहे भण कस्स ण वल्लहो अग्गी	If you cannot live without the man, You'd better stay on good terms with him Whatever wrong he may have done. Even after the town has gone up in flames One cannot do without fire.
वंकं को पुलइज्जउ कस्स कहिज्जउ सुहं व दुक्खं व,केण समं व हसिज्जउ पामरपउरे हअग्गामे	To whom can I give a sly glance, With whom can I share my joys and sorrows, With whom can I joke, In this dump of a village Full of yokels?
फलहीवाहणपुण्णाहमंगलं लंगले कुणंतीए,असईअ मणोरहगब्भिणीअ हत्था थरहरंति	As the faithless wife puts the auspicious mark on the plowshare On the first day of plowing the cotton field She is already so full of desire that her hands tremble
पहिउल्लूरणसंकाउलाहि असईहि वहलतिमिरस्स,आइप्पणेण णिहुअं वडस्स सित्ताइ पत्ताइं	Afraid that travelers Might cut the hanging roots of the shady banyan To let light in, The faithless women stealthily spattered the leaves With white.
अच्छउ दाव मणहरं पिआइ मुहदंसणं अइमहग्घं,तग्गामछेत्तसीमा वि झत्ति दिट्ठा सुहावेइ	Of course the sight of her precious face Is enough to rob any man of his senses. But to glimpse the outskirts of her village Is a joy in itself.
णिक्कम्माहि वि छेत्ताहि पामरो णेअ वच्चए वसहिं,मुअपिअजाआसुण्णइअगेहदुक्खं परिहरंतो	Though he had no more work in the fields, The farmer would not go home, To spare himself the pain Of finding it empty Now his wife was dead.
झंझावाउत्तिणघरविवरपलोट्टंतसलिलधाराहिं,कुड्डलिहिओहिदिअहं रक्खइ अज्जा करअलेहिं	After the storm had ripped the straw from the roof And rainwater streamed through the rafters, The good lady tried to cover the wall with her hands To protect the tally she'd made of her husband's absence.
सिहिपेहुणावअंसा वहुआ वाहस्स गव्विरी भमइ,गअमोत्तिअरइअपसाहणाण मज्झे सवत्तीण	With a tame peacock's tail feather behind her ear The hunter's young wife saunters among his elder wives Who are themselves decked out with pearls Which their husband once cut loose From the temples of fierce elephants.
वंकच्छिपेच्छिरीणं वंकुल्लविरीण वंकभमिरीणं,वंकहसिरीण पुत्तअ पुण्णेहि जणो पिओ होइ	My son, Only someone who has acquired merit In past lives Can win the love Of women With their sly look, sly talk, Sly smile and sly walk.
भम धम्मिअ वीसद्धो सो सुणहो अज्ज मारिओ तेण,गोलाअडविअडकुडुंगवासिणा दरिअसीहेण	Your holiness, It's safe for you to walk in the village now. The dog that bothered you Has been killed by a fierce lion Who lives in the thickets of the Goda.
वाएरिएण भरिअं अच्छिं कण्णरइउप्पलरएण,फुक्कंतो अविअण्हं चुंवंतो को सि देव्वाणं	When the wind has blown pollen From the lotus on my ear Into my eye Only a god can steal a kiss While blowing it out.
सहि दुम्मेंति कलंवाइं जह मं तह ण सेसकुसुमाइं,णूणं इमेसु दिअहेसु वहइ गुलिआधणुं कामो	Friend, The orange kadamba flowers give me more pain Than all other flowers put together. It's as if these days The God of Love has a bow that shoots sweets
णा ऽहं दूई ण तुमं पिओ त्ति को अम्ह एत्थ वावारो,सा मरइ तुज्झ अअसो एअं धम्मक्खरं भणिमो	I am not her go-between, You are not her lover, So what have we to do with each other? But let me tell you the truth: She is dying, And the disgrace is yours.
तीअ मुहाहि तुह मुहं तुज्झ मुहाओ अ मज्झ चलणम्मि,हत्थाहत्थीअ गओ अइदुक्करकारओ तिलओ	From her face to your face And from your face to my feet, Going from one to the other, The dot painted on her forehead Has performed a real miracle.
सामाइ सामलिज्जइ अद्धच्छिपलोइरीअ मुहसोहा,जंवूदलकअकण्णावअंसभमिरे हलिअउत्ते	How the young beauty's face grows dark When, with a furtive glance, she sees The plowman flaunting an ear ornament Of rose-apple leaves.
दूइ तुमं चिअ कुसला कक्खडमउआइ जाणसे वोत्तुं,कंडूइपंडरं जह ण होइ तह तं करेज्जासु	Go-between! You're brilliant —The way you know how to mix rough with smooth. Please, do it in such a way That he itches all over Without having a rash.
महिलासहस्सभरिए तुह हिअए सुहअ सा अमाअंती,दिअहं अणण्णकम्मा अंगं तणुअं पि तणुएइ	Finding no room Among the thousands of women That crowd your heart, She does nothing else each day But make her thin body even thinner.
खणमेत्तं पि ण फिट्टइ अणुदिअह विइण्णगरुअसंतावा,पच्छण्णपावसंक व्व सामली मज्झ हिअआओ	Impossible, even for a moment, To banish her dark presence from my heart. Every day the same pain, undiminished, Like being haunted by a secret sin.
अण्णुअ णा ऽहं कुविआ उवऊहसु किं मुहा पसाएसि,तुह मण्णुसमुप्पाएण मज्झ माणेण वि ण कज्जं	You fool, What makes you think I'm angry? Stop your needless groveling And take me in your arms. What's the point in my sulking? It only makes you angry.
दीहुण्हपउरणीसासपअविओ वाहसलिलपरिसित्तो,साहेइ सामसवलं व तीअ अहरो तुह विओए	Drenched by tears, Scorched by long, hot sighs, Her lips in your absence Perform the penance of fire and water.
सरए महद्दहाणं अंतोसिसिराइ वाहिरुण्हाइं,जाआइ कुविअसज्जणहिअअसरिच्छाइ सलिलाइं	A lake in autumn Is warm only on the surface. Below it stays cool, Like a good man when displeased.
आअस्स किं णु काहं किं वोच्छं कह णु होहिइ इमं ति,पढमुग्गअसाहसआरिआइ हिअअं थरहरेइ	When he comes what shall I do? What shall I say? And how will it be? The girl's heart trembles At her first chance to be reckless.
णेउरकोडिविलग्गं चिउरं दइअस्स पाअपडिअस्स,हिअअं पउत्थमाणं उम्मोअंति च्चिअ कहेइ	By disentangling her husband's hair From the clasp of her anklet As he lies at her feet, She tells him That pride has left her heart.
तुज्झ ऽंगराअसेसेण सामली तह खरेण सोमारा,सा किर गोलातूहे ण्हाआ जंवूकसाएण	Haven't you heard how that lovely girl ruined her soft skin By bathing in the Goda Just where you had smeared yourself With stinging rose-apple lotion?
अज्जं चेअ पउत्थो अज्जं चिअ सुण्णआइ जाआइं,रच्छामुहदेउलचच्चराइ अम्हं च हिअआइं	Today he is gone, Today the alleys are empty, The temples are empty, The crossroads are empty, And so is my heart.
आअंवंतकवोलं खलिअक्खरजंपिरिं फुरंतोट्ठिं,मा छिवसु त्ति सरोसं समोसरंतिं पिअं भरिमो	I will never forget how my beloved ran off In anger, With red cheeks, Stammering with trembling lips That I should leave her alone.
गोलाविसमोआरच्छलेण अप्पा उरम्मि से मुक्को,अणुअंपाणिद्दोसं तेण वि सा गाढम् उवऊःआ	On the pretext that the steps Down to the Godawere uneven, She clung to his breast While he, purely out of concern, Held her in a tight embrace.
सा तइ सहत्थदिण्णं अज्ज वि रे सुहअ गंधरहिअं पि,उव्वसिअणअरघरदेवअ व्व ओमालिअं वहइ	Though its fragrance is gone, She is still wearing the garland of jasmine you gave her, Like a household god In a deserted town.
केलीअ वि रूसेउं ण तीरए तम्मि चुक्कविणअम्मि,जाइअएहि वि माए इमेहि अवसेहि अंगेहिं	When he misbehaves I cannot get angry with him, Not even in jest, Not with this body That seems to be on loan And not mine to command.
उप्फुल्लिआइ खेलउ मा णं वारेहि होउ परिखामा,मा जहणभारगरुई पुरिसाअंती किलिम्मिहइ	Let her play bunny hops. Don't stop her. She needs the training So that later When she sits on top of her husband She does not collapse Under the weight of her own thighs.
पउरजुआणो गामो महुमासो जोव्वणं पई ठेरो,जुण्णसुरा साहीणा असई मा होउ किं मरउ	A village full of young men, Spring, youth, an aged husband, Strong wine, nobody to tell you what to do: The only way to avoid going astray Is to die.
वहुसो वि कहिज्जंतं तुह वअणं मज्झ हत्थसंदिट्ठं,ण सुअं ति जंपमाणा पुणरुत्तसअं कुणइ अज्जा	Over and over again I told her the words you confided to me, But claiming she hadn't quite caught them She made me repeat the message a hundred times.
पाअडिअणेहसब्भावणिब्भरं तीअ जह तुमं दिट्ठो,संवरणवावडाए अण्णो वि जणो तह च्चेअ	The way she looks at you, With love and affection written all over her face, She looks at everyone else as well, To conceal her feelings.
गेण्हह पुलोअह इमं पहसिअवअणा पइस्स अप्पेइ,जाआ सुअपढमुब्भिण्णदंतजुअलंकिअं वोरं	"""Take it and have a look!"" With a broad smile on her face She hands her husband the jujube fruit With the marks on it Of their son's first pair of teeth."
अच्छउ ता जणवाओ हिअअं चिअ अत्तणो तुह पमाणं,तह तं सि मंदणेहो जह ण उवालंभजोग्गो सि	Never mind the gossip: Judge by your own feelings. Anyway, You have grown so cool That you are beyond reproach.
अप्पच्छंदपहाविर दुल्लहलंभं जणं विमग्गंत,आआसवहेहि भमंत हिअअ कइआ वि भज्जिहिसि	You rush ahead, following your own fancy, Always in quest of the unattainable man. One day, heart, as you roam the skies, You'll crash.
अहव गुण च्चिअ लहुआ अहवा गुणअण्णुओ ण सो लोओ,अहव म्हि णिग्गुणा वा वहुगुणवंतो जणो तस्स	Maybe my talents are slight, Maybe for him talents mean nothing, Maybe I have no talents And he knows someone who has.
पासासंकी काओ णे ऽच्छइ दिण्णं पि पहिअघरिणीए,ओणत्तकरअलोअलिअवलअमज्झट्ठिअं पिंडं	The crow refuses the rice ball offered by the woman Whose husband is abroad. Seeing it stuck between the bracelet, Which has slipped from her arm, And the downturned palm of her hand, The bird is wary of a trap.
ओहिदिअहागमासंकिरीहि सहिआहि कुड्डलिहिआओ,दो तिण्णि तहिं मिअ चोरिआइ रेहा पुसिज्जंति	Her friends, Unsure when the final day would come, Stealthily wiped out one or two strokes Of her tally.
अज्जं गओ त्ति अज्जं गओ त्ति अज्जं गओ त्ति गणिरीए,पढम च्चिअ दिअहद्धे कुड्डो रेहाहि चित्तलिओ	"""Today he has left."" ""Today he has left."" ""Today he has left."" Already on the very first morning She covered the whole wall with lines."
ण वि तह पढमसमागमसुरअसुहे पाविए वि परिओसो,जह वीअदिअहसविलक्खलक्खिए वअणकमलम्मि	The satisfaction of that first night Was nothing compared to seeing the embarrassment Next day On the lotus of her face.
जे समुहागअवोलंतवलिअपिअपेसिअच्छिविच्छोहा,अह मण्णे मअणसरा जणस्स जे होंति ते होंतु	As he walks towards me, passes, And then looks back, My lover's tremulous glances Are to me like Love's arrows Whatever they may be to others.
इअरो जणो ण पावइ तुह जहणारुहणसंगमसुहेल्लिं,अणुहवइ कणअदोरो हुअवहवरुणाण माहप्पं	The pleasure of riding your thighs Is for special people only. Take the golden girdle: It had to go through the ordeal of fire and water first.
जो जस्स विहवसारो तं सो देइ त्ति किं थ अच्छेरं,अणहोंतं पि हु दिण्णं दोहग्गं तइ सवत्तीणं	Normally one gives away things Of which one has a surplus. But to your husband's other wives you give Something that is not yours to give: Unhappiness.
चंदसरिसं मुहं से सरसो अमअस्स मुहरसो तिस्सा,सकअग्गहरहसुज्जलचुंवणअं कस्स सरिसं से	Her face is round like the moon, Her lips taste like nectar, Grabbing her by the hair And giving her a passionate kiss, What is that like?
उप्पण्णत्थे कज्जे अइचिंतंतो गुणागुणे तम्मि,चिरआलमंदपेच्छित्तणेण पुरिसो हणइ कज्जं	When an opportunity finally offers itself, Endlessly weighing the pros and cons And considering the matter carefully, As if one had all the time in the world, Are sure ways to bungle one's chances.
पत्तिअ ण पत्तिअंती जइ तुज्झ इमे ण मज्झ रुइरीए,पुट्ठीअ वाहविंदू पुलउब्भेए ण भिज्जंता	Believe me, I would not believe you If these tears that I weep Were not pierced by the gooseflesh Rising on your back As you kneel before me.
तं मित्तं काअव्वं जं किर वसणम्मि देसआलम्मि,आलिहिअभित्तिवाउल्लअ व्व ण परंमुहं ठाइ	Make a friend of the man Who, wherever or whenever it may be, Stands by you in adversity Steady as an image in a wall painting.
वहुआइ णइणिउंजे पढमुग्गअसीलखंडणविलक्खं,उड्डेइ विहंगउलं हाहा पक्खेहि व भणंतं	"Embarrassed By the girl losing her virginity, A flock of birds Flies up from the bushes by the river, Seeming to say ""Ah! Ah!"" with their wings."
सच्चं भणामि वालअ ण त्थि असक्कं वसंतमासस्स,गंधेण कुरुवआणं मणं पि असइत्तनं ण गआ	What makes you think I'm lying, you fool? I know spring can do anything, But the fragrant flowers of the amaranth Have not made me in the least unfaithful.
ता किं करेउ जइ तं सि तीअ वइवेढपेल्लिअथणीए,पाअंगुट्ठग्गुक्खित्तणीसहंगीअ वि ण दिट्ठो	What is she to do If, wobbling on tiptoe And squeezing her breasts against the fence, She still can't see you?
पिअसंभरणपलोट्टंतवाहधाराणिवाअभीआए,दिज्जइ वंकग्गीवाइ दीवओ पहिअजाआए	Anxious about the stream of tears Rolling down her face At the thought of her absent husband, She turns her head aside As she puts down the lamp.
ता मज्झिमो च्चिअ वरं दुज्जणसुअणेहि दोहि वि ण कज्जं,जह दिट्ठो तवइ खलो तहेअ सुअणो अईसंतो	I'd rather have something in between. For what use is a bad man Or, for that matter, a good one? A bad man causes pain by his presence, A good man by his absence.
अद्धच्छिपेच्छिअं मा करेहि साहाविअं पलोएहि,सो वि सुदिट्ठो होहिइ तुमं पि मुद्धा कलिज्झिहिसि	Don't peep at him on the sly. Look him straight in the eye. That way you'll get a good look at him And people will take you for an innocent.
दिअहं खुडुक्किआए तीए काऊण गेहवावारं,गरुए वि मण्णुदुक्खे भरिमो पाअंतसुत्तस्स	I will never forget How, for all her resentment, She dropped off to sleep At my feet, After a day of household chores Performed in angry silence.
पाणउडीअ वि जलिऊण हुअवहो जलइ जण्णवाडम्मि,ण हु ते परिहरिअव्वा विसमदसासंठिआ पुरिसा	The fire that burns in the outcast's hut Then burns on the sacrificial altar. Never shun a person However wretched his circumstances.
जं तुज्झ सई जाआ असईओ सुहअ जं च अम्हे वि,ता किं फुट्टउ वीअं तुज्झ समाणो जुआ ण त्थि	The reason why your wife is faithful And we are unfaithful to our husbands, Is obvious, my dear: There isn't another young man like you.
सव्वस्सम्मि वि डड्ढे तह वि हु हिअअस्स णिव्वुइ च्चेअ,जं तेन गामडाहे हत्थाहत्थिं कुडो गहिओ	Even though everything I had went up in flames I am overjoyed, For during the fire It was he who took the bucket of water From my hand into his.
तस्स अ सोहग्गगुणं अमहिलसरिसं च साहसं मज्झ,जाणइ गोलाऊरो वासारत्तद्धरत्तो अ	His unmanly bliss And my unwomanly boldness Are known only to the swollen waters of the Goda And the midnights of the rainy season.
ते वोलिआ वअस्सा ताण कुडुंगाण खण्णुआ सेसा,अम्हे वि गअवआओ मूलुच्छेअं गअं पेम्मं	The friends of our youth have passed away, Of those bowers nothing remains but stumps, Gone is the vigor of former days, And love has been cut to the roots.
जस्स जहिं चिअ पढमं तिस्सा अंगम्मि णिवडिआ दिट्ठी,तस्स तहिं चेअ ठिआ सव्वंगं केण वि ण दिट्ठं	On whichever part of her body One's eye falls first There it stays. No one has ever seen the whole of her body.
विरहे विसं व विसमा अमअमआ होइ संगमे अहिअं,किं विहिणा समअं चिअ दोहिं पि पिआ विणिम्मविआ	Away from me She is like deadly poison, Together again She is sweeter than nectar. How did the Creator manage To combine these two potions In my darling?
अद्दंसणेण पुत्तअ सुट्ठु वि णेहाणुवंधघडिआइं,हत्थउडपाणिआइ व कालेण गलंति पेम्माइं	Silly boy, However close the ties of affection, If people don't see one another, Love gradually seeps away Just like water between one's cupped hands.
पइपुरओ च्चिअ णिज्जइ विंछुअडट्ठे ऽति जारवेज्जघरं,णिउणसहीकरधरिआ भुअजुअलंदोलिरी वाला	"Before her husband's very eyes Her sharp friends pick up the young wife And carry her, arms adangle, To her healer-lover's house, Saying: ""She's been bitten by a scorpion."""
विक्किणइ माहमासंमि पामरो पारिडिं वइल्लेण,णिद्धूममुम्मुरे सामलीअ थणए णिअच्छंतो	Seeing his wife's dark breasts Which, but for the absence of smoke, Resemble black heaps of burning chaff, The farmer barters his cloak for a buffalo In the cold month of Magha.
सच्चं भणामि मरणे ठिअ म्हि पुण्णे तडम्मि तावीए,अज्ज वि तत्थ कुडुंगे णिवडइ दिट्ठी तह च्चेअ	Though I am nearing death, I swear that, even now, My gaze falls, as ever, On the thicket that grows By the banks of the holy Taptê.
अंधअरवोरपत्थिं व माउआ मह पइं विलुंपंति,ईसाअंति मह च्चिअ छेप्पाहिंतो फणो जाओ	Mother, They snatch my husband from me As if he were a dish of plums in a blind man's hands. At the same time they are jealous of me: A hood is growing out of the snake's tail!
वेविरसिण्णकरंगुलिपरिग्गहक्खलिअलेगणीमग्गे,सोत्थि च्चिअ ण समप्पइ पिअसहि लेहम्मि किं लिहिमो	"Because my pen keeps slipping In my clammy fingers I can't even finish the word ""Dear."" Friend, tell me, How can I write the rest of my letter?"
मामि हिअअं व पीअं तेण जुआणेण मज्जमाणाए,ण्हाणहलिद्दाकडुअं अणुसोत्त जलं पिअंतेण	Mother, That young man Who downriver drank the water That was bitter with my turmeric soap, Has as good as drunk my heart.
जिविअं असासअं चिअ ण णिअत्तइ जोव्वणं अइक्कंतं,दिअहा दिअहेहि समा ण होंति किं णिट्ठुरो लोओ	Life is transient, Youth passes never to return, Tomorrow is not the same as today. So why are people so stubborn?
अज्ज मए गंतव्वं घणंधआरे वि तस्स सुहअस्स,अज्जा णिमीलिअच्छी पअपरिवाडिं घरे कुणइ	Because even on this dark night she intends to meet her lover, The girl paces up and down indoors With her eyes tightly shut.
सुअणो ण कुप्पइ च्चिअ अह कुप्पइ विप्पिअं ण चिंतेइ,अह चिंतेइ ण जंपइ अह जंपइ लज्जिओ होइ	A gentleman never gets angry. When he gets angry He never has nasty thoughts. When he has nasty thoughts He never expresses them. When he expresses them He is ashamed of himself.
चंदमुहि चंदधवला दीहा दीहच्छि तुह विओअम्मि,चउजामा सअजाम व्व जामिणी कह वि वोलीणा	he moon was bright, My moon-faced beauty, And the night was long, My long-eyed girl. The four watches passed. Though, with you away, They seemed to last A hundred
तह सोण्हाइ पुलइओ दरवलिआवंगतारअं पहिओ,जह वारिओ वि घरसामिएण आलिंदए वसिओ	After the flicker of a side glance From the daughter-in-law The traveler, refused entry By the master of the house, Spent the night on the veranda.
कं तुंगथणुक्खित्तेण पुत्ति दारट्ठिआ पलोएसि,उण्णामिअकलसणिवेसिअग्घकमलेण व मुहेण	Whom are you looking out for, Standing at the door? Your face above your prominent breasts Looks like a lotus Placed on top of the two water pots Standing ready to welcome a guest
वइविवरणिग्गअदलो एरंडो साहइ व्व तरुणाणं,एत्थ घरे हलिअवहू एद्दहमेत्तत्थणी वसइ	"With its leaves pushing through The gaps in the fence The castor oil plant seems to be telling The youths of the village ""Here lives a farmer's wife With breasts this big."""
पडिवक्खमण्णुपुंजे लावण्णउडे अणंगगअकुंभे,पुरिससअहिअअधरिए कीस थणंती थणे वहसि	Why do you groan as you carry them —Two heaps piled with your rivals' jealousy, Two vessels brimful of beauty, Two elephant lobes stuffed with love? In their hearts men by the hundred Are sharing the burden Of your breasts
घरिणीघणथणपेल्लणसुहेल्लिपडिअस्स होंतपहिअस्स,अवसउणंगारअवारविट्ठिदिअहा सुहावेंति	The would-be traveler has become so addicted to the pleasant pastime Of fondling his wife's firm breasts That he welcomes any bad omen —Wishes it were Tuesday or a day of rain
सा तुज्झ कए वालअ अणिसं घरदारतोरणणिसण्णा,ओसूसइ वंदणमालिअ व्व दिअहं चिअ वराई	You fool, It is on your account That the poor girl sits patiently Beneath the doorway And, like the garland of welcome Festooning it, wilts every day
हसिअं सहत्थतालं सुक्खवडं उवगएहि पहिएहिं,पत्तअफलाण सरिसे उड्डीणे पूसविंदम्मि	Laughing and clapping, The travelers run towards the shady banyan Loaded with juicy fruit When a flock of parrots flies up To reveal a bare, shrivelled tree
कह णाम तीअ तह सो सहावगरुओ वि थणहरो पडिओ,अहवा महिलाण चिरं को वि ण हिअअम्मि संठाइ	How come that her breasts, Once so firm, Now sag like this? On the other hand, Who abides forever in a woman's heart?
सुअनु वअणं छिवंतं सूरं मा साउलीअ वारेहि,एअस्स पंकअस्स अ जाणउ कअरं सुहप्फंसं	Lovely woman, Don't cover your face with your shawl. Let the sun find out which is more pleasant to touch, Your face Or the lotus.
माणोसहं व पिज्जइ पिआइ माणंसिणीअ दइअस्स,करसंपुडवलिउद्धाणणाइ मइराइ गंडूसो	Turning her face upwards With his cupped hands, Her husband offers her wine —One mouthful to drink As a medicine For sulkiness.
कह सा णिव्वण्णिज्जउ जीअ जहालोइअम्मि अंगम्मि,दिट्ठी दुव्वलगाइ व्व पंकपडिआ ण उत्तरइ	How can I describe her? Once you see her body You cannot take your eyes off it: They are like a helpless cow Stuck in the mud
कीरंति च्चिअ णासइ उअए रेह व्व खलअणे मेत्ती,सा उण सुअणम्मि कआ अणहा पाहाणरेह व्व	Like writing on water Friendship with a bad man Fades as soon as it's begun. With a good man it is immutable Like an inscription in stone
अव्वो उक्करआरअ पुणो वि तत्तिं करेसि गमणस्स,अज्ज वि ण होंति सरला वेणीअ तरंगिणो चिहुरा	Ah, what a cruel man you are, Thinking of leaving again While the hair of my braid has not yet had time To uncurl.
ण वि तह छेअरआइ वि हरंति पुणरुत्तराअरसिआइं,जह जत्थ व तत्थ व जह व तह व सब्भावणेहरमिआइं	Making love With great sophistication, For all the pleasure Of constantly renewed passion, Is not as rapturous As making love Wherever and however With true affection.
उज्झसि पिआइ समअं तह वि हु रे भणसु कीस किसिअ त्ति,उअरिभरेण अआणुअ मुअइ वइल्लो वि अंगाइं	I have both you And your new love To bear in my heart. How dare you ask, you fool, Why I am wasting away? Even an ox collapses when overloaded.
दढमूलवद्धगंठि व्व मोइआ कह वि तेण मे वाहू,अम्हेहि वि तस्स उरे खुत्त व्व समुक्खआ थणआ	With great difficulty He released himself from my arms As if untangling a tight knot And I extracted my breasts Deeply buried in his chest.
अणुणअपसाइआए तुज्झ ऽवराहे चिरं गणंतीए,अपहुत्तोहअहत्थंगुरीअ रुण्णं वराईए	Only after you had won her round Did she start to make a count of your offenses. When the fingers of both hands proved not enough The poor thing finally burst into tears.
धुअइ व्व मअकलंकं कवोलपडिअस्स माणिणी उअह,अणवरअवाहजलभरिअणअणकलसेहि चंदस्स	See how the affronted wife Is washing away the dark patches of the moon Reflected on her cheek With an endless stream of water From the jars of her eyes.
गंधेण अप्पणो मालिआण णोमालिआ ण फुट्टिहइ,अण्णो को वि हआसाइ मंसलो परिमलुग्गारो	Among the other flowers in a garland The scent of the young jasmine will never get lost: There is something unusually powerful About the damned thing
फलसंपत्तीअ समोणआइ तुंगाइ फलविपत्तीए,हिअआइ सुपुरिसाणं महातरूणं व सिहराइं	The hearts of good men are like the tops of tall trees: When laden with fruit They are bent on sharing And when bare they are uplifted.
आसासेइ परिअणं परिवत्तंतीअ पहिअजाआए,णित्थामुव्वत्तणवलिअहत्थमुहलो वलअसद्दो	The sound of her bracelets, As the traveler's wife turns on her side And weakly moves her hands, Is enough to reassure her friends
ण विणा सब्भावेणं घेप्पइ परमत्थजाणुओ लोओ,को जुण्णमंजरं कंजिएण वेआरिउं तरइ	A man who knows the ultimate truth Is only won over by true goodness, For who can trick an old cat with rice gruel?
रण्णाउ तणं रण्णाउ पाणिअं सव्वदो सअंगाहं,तह वि मआण मईण अ आमरणंताइ पेम्माइं	In the jungle grass and water Are everywhere free for the asking, And still the love between a doe and a stag Lasts until death.
तुप्पाणणा किणो अच्छसि त्ति परिपुच्छिआइ वहुआइ,विउणावेढिअजहणत्थलाइ लज्जोणअं हसिअं	When he asked his young wife Why her face was still smeared with ghee, She looked away in embarrassment But smiled, Her skirt wrapped twice around her thighs.
हिअअ च्चेअ विलीणो ण साहिओ जाणिऊण घरसारं,वंधवदुव्वअणं मिव दोहलओ दुग्गअवहूए	Conscious of the family's situation, The pregnant wife does not mention what she craves for But keeps it to herself, Like an indecent proposal made by one of her husband's brothers.
धावइ विअलिअधम्मिल्लसिचअसंजमणवावडकरग्गा,चंडिलभअविवलाअंतडिंभपरिमग्गिणी घरिणी	With one hand clutching at her skirt, Which is slipping down, And with the other her hair, Which has come loose, The housewife chases after her little son, Who is running away, scared of the barber
जह जह उव्वहइ वहू णवजोव्वणमणहराइ अंगाइ,तह तह से तणुआअइ मज्झो दइओ अ पडिवक्खो	The more the wife flaunts her delicious, young body The thinner become her waist, her husband, And her rivals
जह जह जरापरिणओ होइ पई दुग्गओ विरूओ वि,कुलवालिआण तह तह अहिअअरं वल्लहो होइ	The poorer, the uglier, the more decrepit Her husband becomes The more a true woman loves him.
एसो मामि जुआणो वारं वारेण जं अडअणाओ,गिम्हे गामेक्कवडोदअं व किच्छेण पावंति	Aunt! There goes the young man Whom all the hussies in turn Try to grab hold of, Just like the water in the only well in the village On a hot summer's day
गामवडस्स पिउच्छा आवंडुमुहाण पंडुरच्छाहं,हिअएण समं असईण पडइ वाआहअं पत्तं	Aunt, A yellow leaf, battered by the wind, Falls from the village banyan And with it the pale faces Of the false women.
पेच्छइ अलद्धलक्खं दीहं णीससइ सुण्णअं हसइ,जह जंपइ अफुडत्थं तह से हिअअट्ठिअं किं पि	She stares into thin air, Heaves long sighs, Smiles vacantly And mutters nonsense: There must be something on her mind.
गहवइ गओ म्ह सरणं रक्खसु एअं ति अडअणा भणिउं,सहसागअस्स तुरिअं पइणो च्चिअ जारम् अप्पेइ	"""My lord, This man seeks shelter with us. Do look after him."" With these words the wife hastily introduced her lover To her husband Who had returned home unexpectedly"
हिअएछिअस्स दिज्जउ तणुआअंतिं ण पेच्छह पिउच्छा,हिअएछिओ म्ह कत्तो भणिउं मोहं गआ कुअरी	"Aunt, Marry the girl to the person she fancies. Can't you see she is pining away? ""'Person I fancy'? What do you mean?"" So saying the girl fell in a faint."
खिण्णस्स उरे पइणो ठवेइ गिम्हावरण्हरमिअस्स,ओल्लं गलंतकुसुमं ण्हाणसुअंधं चिहुरभारं	Wet and fragrant after her bath And with flowers falling from it, She lays her long, thick hair On her exhausted husband's chest After a summer afternoon Of making love
अह सरसदंतमंडलकवोलपडिमागओ मअच्छीए,अंतोसिंदूरिअसंखवत्तकरणिं वहइ चंदो	Reflected in the deer-eyed woman's cheek Covered with fresh tooth marks, The moon looks like a white conch shell Red on the inside.
पुसिआ कण्णाहरणेंदणीलकिरणाहआ ससिमऊहा,माणिणिवअणम्मि सकज्जलंसुसंकाइ दइएण	The lover wipes away the silver moonbeams Blending with the blue gleams of her sapphire earrings From the face of his offended mistress, Mistaking them for tears mixed with eye-black.
एद्दहमेत्तम्मि जए सुंदरमहिलासहस्सभरिए वि,अणुहरइ णवर तिस्सा वामद्धं दाहिणद्धस्स	In the whole wide world Teeming with thousands of beautiful women The only thing that matches this woman's right side . . . Is her left side.
जह जह वाएइ पिओ तह तह णच्चामि चंचले पेम्मे,वल्ली वलेइ अंगं सहावथद्धे वि रुक्खम्मि	Since love is fickle I dance to my lover's tune. A creeper twines itself Around the unbending tree
दुक्खेहि लब्भइ पिओ लद्धो दुक्खेहि होइ साहीणो,लद्धो वि अलद्धो च्चिअ जइ जह हिअअं तह ण होइ	He can be captured only with the greatest difficulty And once captured he is difficult to keep, And even if captured, He is not captured Unless his heart is captured as well
अव्वो अणुणअसुहकंखिरीअ अकअं कअं कुणंतीए,सरलसहावो वि पिओ अविणअमग्गं वला णीओ	How stupid! She was so anxious to taste the pleasure of being groveled to That she made out that he had done something When he hadn't, And led her innocent lover into devious ways.
हत्थेसु अ पाएसु अ अंगुलिगणणाइ अइगआ दिअहा,एण्हिं उण केण गणिज्जउ त्ति भणिउं रुअइ मुद्धा	Having passed the time By counting the days First on her fingers, then on her toes, The young girl burst into tears, Not knowing what to count with next
कीरमुहसच्छहेहिं रेहइ वसुहा पलासकुसुमेहिं,वुद्धस्स चलणवंदणपडिएहि व भिक्खुसंघेहिं	The flowers of the flame trees, Which resemble parrots' beaks, Make the ground resplendent, Like a congregation of monks Prostrate in worship at the feet Of the Buddha
ण गुणेण हीरइ जणो हीरइ जो जेण भाविओ तेण,मोत्तूण पुलिंदा मोत्तिआइ गुंजाउ गेण्हंति	People are not captivated by true qualities But by what takes their fancy. The Pulindas brush pearls aside But seize upon the guñja seeds The jeweler uses as weights.
पुट्ठिं पुससु किसोअरि पलोहरंकोल्लपत्तचित्तलिअं,छेआहि दिअरजाआहि उज्जुए मा कलिज्जिहिसि	Slender girl, Don't be so naïve: Brush off your back All trace of the leaves From the aṃkolla in the yard, Otherwise your clever sisters-in-law will start thinking.
अच्छीइ ता थइस्सं दोहि वि हत्थेहि तम्मि दिट्ठम्मि,अंगं कलंवकुसुमं व पुलइअं कह णु ढक्किस्सं	The moment I see him I will cover my eyes with both hands, But how am I going to hide my body Which is bristling like a spiky kadamba blossom?
झंझावाउत्तिणिए घरम्मि रोऊण णीसहणिसण्णं,दावेइ व गअवइअं विज्जुज्जोओ जलहराणं	The storm snatched the thatch from the roof And the lightning flashed through the rafters As if to show the clouds the helpless wife, Sitting in tears Alone without her husband.
सुहपुच्छिआइ हलिओ मुहपंकअसुरहिपवणणिव्वविअं,तह पिअइ पअइकडुअं पि ओसहं जह ण णिट्ठाइ	After she who peeped in to ask how he was Had with her fragrant breath Cooled the bitter medicine, The plowman drained it to the very last drop
अह सा तहिं तहिं व्विअ वाणीरवणम्मि चुवकसंकेआ,तुह दंसणं विमग्गइ पब्भट्टणिहाणठाणं च	Having missed the assignation In all those reed beds, She looks for you everywhere As though in search of lost treasure
लुम्बीओ अंगणमाहवीण दारग्गलाउ जाआउ,आसासो पंथपलोअणे वि पिट्ठो गअवईणं	In spring The clusters of jasmine Bar the gate of the courtyard. Even the comfort of looking down the road Is denied to the grass widows.
पिअदंसणसुहरसमउलिआइ जइ से ण होंति णअणाइं,ता केण कण्णरइअं लक्खिज्जइ कुवलअं तिस्सा	If her eyes were not closed In ecstasy At seeing her lover, Who would notice the blue lily Behind her ear?
चिक्खिल्लखुत्तहलमुहकड्ढणसिढिले पइम्मि पासुत्ते,अप्पत्तमोहणसुहा घणसमअं पामरी सवइ	When he fell asleep, Exhausted after a day of dragging the plow through thick mud, His wife, Angry at missing the pleasures of love, Cursed the rainy season.
दुम्मेंति देंति सोक्खं कुणंति अणुराअअं रमावेंति,अरइरइवंधवाणं णमो णमो मअणवाणाणं	They cause grief, Give pleasure, Create a longing And allay it: Praised be the arrows of the God of Love, Kindred of pleasure and pain.
कुसुममआ वि अइखरा अलद्धफंसा वि दूसहपआवा,भिंदंता वि रइअरा कामस्स सरा वहुविअप्पा	How very puzzling! Though made of flowers They are extremely sharp. Though they make no contact They are irresistibly powerful. Though they cut through the flesh They cause delight —The arrows of the God of Love
ईसं जणेंति दावेंति मम्महं विप्पिअं सहावेंति,विरहे ण देंति मरिउं अहो गुणा तस्स वहुमग्गा	They cause jealousy, Kindle love, Make grief bearable And prevent separation from being fatal: Love's arrows have so many different effects.
णीआइ अज्ज णिक्किव पिणद्धणवरंगआइ वरईए,घरपरिवाडीअ पहेणआइ तुह दंसणासाए	Have a care— The poor girl, wearing a freshly dyed dress, Is distributing festival cakes from door to door In the hope of catching a glimpse of you.
णक्खुक्खुडिअं सहआरमंजरिं पामरस्स सीसम्मि,वंदिं मिव हीरंतिं भमरजुआणा अणुसरंति	Bees pursue the mango blossom That the scruffy farmhand has torn off with his nails And placed on his head, Like young men thronging around a woman Taken hostage
मुहविज्झविअपईवं णिरुद्धसासं ससंकिउल्लावं,सवहसअरक्खिओट्ठं चोरिअरमिअं सुहावेइ	The lamp blown out, Stifled sighs, Fearful whispers, Lips sealed by hundreds of vows: Oh! the joys of stolen love.
वहलतमाहअराई अज्ज पउत्थो पई घरं सुण्णं,तह जग्गेसु सअज्जिअ ण जहा अम्हे मुसिज्जामो	It is pitch-dark outside, My husband left today, And the house is deserted. Please, neighbor, do keep watch: I don't want to be burgled.
संजीवणोसहं मिव सुअस्स रक्खइ अणण्णवावारा,सासू णवब्भदंसणकंठागअजीविअं सोण्हं	Without leaving her bedside for a moment The mother nurses her daughter-in-law Who has almost expired at the sight of the first rain clouds, As if she were a medicine which could restore The life of her son
णूणं हिअअणिहित्ताइ वससि जाआइ अम्ह हिअअम्मि,अण्णह मणोरहा मे साहसु कह तीअ विण्णाआ	You live in my heart With your wife locked in your own For tell me how else could she know exactly what I want?
तइ सुहअ अईसंते तिस्सा अच्छीहि कण्णलग्गेहिं,दिण्णं घोलिरवाहेहि पाणिअं दंसणसुहाणं	When she could no longer follow you With her eyes stretching almost to her ears She poured a libation with rolling tears To the past pleasure of seeing you
उप्पेक्खागअ तुह मुहदंसणपडिरुद्धजीविआसाइ,दुहिआइ मए कालो केत्तिअमेत्तो व्व णेअव्वो	How much longer can I go on In this misery, My will to live dependent On visualizing your face In my imagination?
वोलीणालक्खिअरूअजोव्वणा पुत्ति कं ण दूमेसि,दिट्ठा पणट्ठपोराणजणवआ जम्मभूमि व्व	Don't worry, dear girl, When youth and beauty are all but gone You can still cause pain, Like the sight of one's birthplace From which the familiar faces Have vanished
परिओसविअसिएहिं भणिअं अच्छीहि तेण जणमज्झे,पडिवण्णं तीअ वि उव्वमंतसेएहि अंगेहिं	In the midst of the crowd A boy speaks through his eyes Shining with delight, And a girl replies As her limbs break out in a sweat
जइ सो ण वल्लहो च्चिअ गोत्तग्गहणेण तस्स सहि कीस,होइ मुहं ते रविअरफंसविसट्टं व तामरसं	If he is not dear to you How comes it, my friend, That at the mere mention of his name Your face opens like a lotus Touched by the rays of the sun?
माणदुमपरुसपवणस्स मामि सव्वंगणिव्वुइअरस्स,अवऊहणस्स भद्दं रइणाडअपुव्वरंगस्स	O auntie! Hurrah for the embrace That, like a violent wind, bends the tree of pride, Gives pleasure to the whole body, And is the prologue to the play of love
णिअआणुमाणणीसंक हिअअ दे पसिअ विरम एत्ताहे,अमुणिअपरमत्थजणाणुलग्ग कीस म्ह लहुएसि	Heart, Please, enough of this! How can you slight us and attach yourself To someone whose real worth is unknown, Judging merely by your own feelings?
अंगाणं तणुआरअ सिक्खावअ दीहरोइअव्वाणं,विणआइक्कमआरअ मा मा णं पम्हसिज्जासु	First you made her waste away, Then taught her how to weep and wail, Then made her flout all decency. So, please, do not neglect her now
अण्णह ण तीरइ च्चिअ परिवड्ढंतगरुअं पिअअमस्स,मरणविणोएण विणा विरमावेउं विरहदुक्खं	She knew no way To stop the insistent, ever-increasing Pain of being parted from her lover Except by diverting herself With death
वण्णंतीहि तुह गुणे वहुसो अम्हेहि छिंछईपुरओ,वालअ सअम् एअ कओ सि दुल्लहो कस्स कुप्पामो	My boy, I've so often described how nice you are To those sly hussies That it's my fault you're now beyond my reach. Whom else can I blame?
जाओ सो वि विलक्खो मए वि हसिऊण गाढम् उवऊढो,पढमोसरिअस्स णिअंसणस्स गंठिं विमग्गंतो	He was embarrassed But I laughed and gave him a hug When he groped for the knot Of my skirt and found it Already undone.
अवराहेहि वि ण तहा पत्तिअ जह मं इमेहि दुम्मेसि,अवहत्थिअसब्भावेहि सुहअ दक्खिण्णभणिएहिं	Believe me, my dear, The wrongs you have done me Are nothing like as hurtful As these polite words devoid of true feeling
मा जूर पिआलिंगणसरहसभमिरीण वाहुलइआणं,तुण्हिक्क परुण्णेनं इमिणा माणंसिणि मुहेणं	Proud lady, silently weeping, Do not scold your arms For straying into the empty hollow That was your lover's embrace.
मा वच्च पुप्फलाविर देवा उअअंजलीहि तूसंति,गोलाणईअ पुत्तअ सीलुम्मूलाइ कूलाइं	My boy, Why go picking flowers? The gods are perfectly happy with offerings of water And the banks of the Godavarê Are the ruin of many a young man.
एत्थ मए रमिअव्वं तीअ समं चिंतिऊण हिअएण,पामरकरसेउल्ला णिवडइ तुवरी वविज्जंती	As he sows, The seeds stick to the farmer's hands Which grow moist When he thinks that soon he might be making love With his girl in this very field.
गहवइसुओच्चिएसु वि फलहीवेंटेसु उअह वहुआइ,मोहं भमइ पुलइओ विलग्गसेअंगुली हत्थो	Look! The landowner's son has already plucked the cotton But his simple wife lingers, vainly stroking the empty pods With a trembling and sweaty hand
अज्जं मोहणसुहिअं मुअ त्ति मोत्तुं पलाइए हलिए,दरफुडिअवेंटभारोणआइ हसिअं व फलहीए	When the plowman took to flight, Fearing the good lady was dead When she had only swooned in love's ecstasy, The cotton plant, bowed under its white, half-opened pods, Seemed to smile.
णीसासुक्कंपिअपुलइएहि जाणंति णच्चिउं धण्णा,अम्हारिसीहि दिट्ठे पिअम्मि अप्पा वि वीसरिओ	Some lucky women are able to prance around With sighs and shivers and raptures. But when women like us see their husbands They completely forget themselves.
वाहि व्व वेज्जरहिओ धणरहिओ सअणमज्झवासो व्व,रिउरिद्धिदंसणं मिव दूसहणीओ तुह विओओ	Like being ill without a doctor, Like being poor amongst one's relatives, Like seeing one's enemy prosper, This separation from you is intolerable.
आअण्णेइ अडअणा कुडुंगहेट्ठम्मि दिण्णसंकेआ,अग्गपअपेल्लिआणं मम्मरअं जुण्णपत्ताणं	Listening for the rustle of dead leaves Stirred by his footfall, The wanton woman awaits her lover in the arbor
अहिलेंति सुरहिणीससिअपरिमलावद्धमंडलं भमरा,अमुणिअचंदपरिहवं अपुव्वकमलं मुहं तिस्सा	Attracted by her fragrant breath, Bees cluster round her face That is like no other lotus Since the moon cannot outshine it
धीरावलंविरीअ वि गुरुअणपुरओ तुमम्मि वोलीणे,पडिओ से अच्छिणिमीलणेण पम्हट्ठिओ वाहो	In front of her parents She showed no emotion When you passed by, But a tear that clung to her lashes Fell when she closed her eyes.
भरिमो से सअणपरंमुहीअ विअलंतमाणपसराइ,कइअवसुत्तुव्वत्तणथणअलसप्पेल्लणसुहेल्लिं	I will never forget How at first she turned her back on me, Then, as her sulkiness faded, Heaved up her round breasts, While feigning sleep —What pleasure it was to fondle them.
फग्गुच्छवणिद्दोसं केण वि कद्दमपसाहणं दिण्णं,थणअलसमुहपलोट्टंतसेअधोअं किणो धुअसि	Why are you trying to wash away that powder Which someone innocently threw at you On the Holê festival? It has already been washed away by the sweat Streaming off the nipples of your round breasts.
किं ण भणिओ सि वालअ गामणिधूआइ गुरुअणसमक्खं,अणिमिसम् ईसीसि वलंतवअणणअणद्धतिट्ठेहिं	You dimwit, What do you mean she didn't say anything to you? This village headman's daughter, Who in front of her elders looked at you With half-closed eyes and face slightly averted, Without blinking once.
णअणब्भंतरघोलंतवाहभरमंथराइ दिट्ठीए,पुणरुत्तपेच्छरीए वालअ किं जं ण भणिओ सि	You fool, How can you say she didn't say a word? She looked at you all the time But her sight was blurred By the tears welling up in her eyes
अंतोहुत्तं डज्झइ जाआसुण्णे घरे हलिअउत्तो,उक्खाअणिहाणाइ व रमिअट्ठाणाइ पेच्छंतो	In the house left empty by his wife's death The plowman is consumed by grief, Staring at where they used to make love As though at hiding places robbed of their treasure
णिद्दाभंगो आवंडुरत्तणं दीहरा अ णीसासा,जाअंति जस्स विरहे तेण समं कीरिसो माणो	If when he's away One lies awake, Grows pale, And sighs deeply, What is the point of being angry When he's back again?
तेण ण मरामि मण्णूहि पूरिआ अज्ज जेण रे सुहअ,तग्गअमणा मरंती मा तुज्झ पुणो वि लग्गिस्सं	The only reason I do not die of anger This very moment, my dear, Is that in my next life I do not wish to be dependent on you again Because I died thinking of you.
अवरज्झसु वीसद्धं सव्वं ते सुहअ विसहिमो अम्हे,गुणणिब्भरम्मि हिअए पत्तिअ दोसा ण माअंति	Do your worst, have no fear: I can take anything from you, my dear. In my heart, so brimful of your virtues, There is no room for any faults.
भरिउच्चरंतपसरिअपिअसंभरणपिसुणो वराईए,परिवाहो विअ दुक्खस्स वहइ णअणट्ठिओ वाहो	The tear in the eye of the wretched girl, Betraying thoughts of her beloved, Wells up, brims over and flows out Like a flood of grief.
जं जं करेसि जं जं जंपसि जह जह तुमं णिअच्छेसि,तं तम् अणुसिक्खिरीए दीहो दिअहो ण संपडइ	Going over everything you do, Everything you say, Every trick of your eyes —One day is too short
भंडंतीअ तणाइं सोत्तुं दिण्णाइ जाइ पहिअस्स,ताइ च्चेअ पहाए अज्जा आअड्ढइ रुअंती	The straw she had grudgingly given the traveler To sleep on, That same straw she was sweeping up next morning In tears.
अज्ज सहि केण गोसे कं पि मणे वल्लहं भरंतेण,अम्हं मअणसराहअहिअअवणप्फोडणं गीअं	Friend, Whoever it was who sang this song So early in the morning, He must have been thinking of some lover, For he reopened the wounds That the God of Love had made in my heart With his sharp arrows
उट्ठंतमहारंभे थणए दट्ठूण मुद्धवहुआए,ओसण्णकवोलाए णीससिअं पढमघरिणीए	When she saw the high breasts Of her husband's new wife The first wife sighed And her face fell.
गरुअछुहाउलिअस्स वि वल्लहकरिणीमुहं भरंतस्स,सरसो मुणालकवलो गअस्स हत्थे च्चिअ मिलाणो	Though tormented with hunger The elephant allows the tasty mouthful of lotus roots In his trunk To dry up and wither As he stands thinking of the face of his favorite wife
पसिअ पिए का कुविआ सुअणु तुमं परअणम्मि को कोवो,को हु परो णाह तुमं कीस अउण्णाण मे सत्ती	Calm down. Who's the angry one? You, my slim beauty. How can one be angry with a stranger? Who's the stranger? You, my lord. How come? I must have done something wrong in a past life.
एहिसि तुमं ति णिमिसं व जग्गिअं जामिणीअ पढमद्धं,सेसं संतावपरव्वसाइ वरिसं व वोलीणं	Thinking that you would come, The wakeful first part of the night went by in a minute. The remainder of the night, Filled with disappointment, Seemed to last a year.
अवलंवह मा संकह ण इमा गहलंघिआ परिब्भमइ,अत्थक्कगज्जिउब्भंतहित्थहिअआ पहिअजाआ	Catch her! No need to be afraid of this woman Running around in circles: She is not possessed by a demon, Just a traveler's wife Startled by a sudden thunderclap.
केसररअविच्छड्डे मअरंदो होइ जेत्तिओ कमले,जइ भमर तेत्तिओ अण्णहिं पि ता सोहसि भमंतो	Bee, Only were you to find in another flower As much nectar as you find inside the pollen-filled lotus Would you be right to hover around it.
पेच्छंति अणिमिसच्छा पहिआ हलिअस्स पिट्ठपंडुरिअं,धूअं दुद्धसमुद्दुत्तरंतलच्छिं विअ सअण्हा	Full of desire, the passers-by halt And stare at the plowman's daughter Who is powdered with flour, Without blinking their eyes, As if they were the gods And she the goddess Laksm≥ ê Rising up from the Ocean of Milk.
कस्स भरसि त्ति भणिए को मे अत्थि त्ति जंपमाणीए,उव्विग्गरोइरीए अम्हे वि रुआविआ तीए	"When we asked her whom she was thinking of She replied: ""No one,"" And began to cry so piteously That we cried with her."
पाअपडिअं अहव्वे किं दाणि ण उट्ठवेसि भत्तारं,एअं चिअ अवसाणं दूरं पि गअस्स पेम्मस्स	Be reasonable! Your husband has fallen at your feet. Why not help him up again? However long your love has lasted, This could be the end.
तडविणिहिअग्गहत्था वारितरंगेहि घोलिरणिअंवा,सालूरी पडिविंवे पुरिसाअंति व्व पडिहाइ	With fingertips clutching the river bank, And hips gently moving with the waves, The female frog, Hanging over her mirror image in the water, Looks like a woman making love On top of her husband.
सिक्करिअमणिअमुहवेविआइ धुअहत्थसिंजिअव्वाइ,सिक्खंतु वोडहीओ कुसुंभ तुम्हं पसाएण	Thanks to you, prickly safflower tree, Young girls will learn to suck in their breath, To moan, To twitch, To flutter their hands And make their bracelets rattle.
जेत्तिअमेत्ता रच्छा णिअंव कह तेत्तिओ ण जाओ सि,जेण छिविज्जइ गुरुअणलज्जोसरिओ वि सो सुहओ	Why, my hips, Have you not grown as wide as the street So that I might touch that lovely man As he tries to escape The awkward scene with my parents?
मरगअसूईविद्धं व मोत्तिअं पिअइ आअअग्गीवो,मोरो पाउसआले तणग्गलग्गं उअअविंदुं	In the rainy season The peacock, Stretching its long neck, Pecks at the raindrop That hangs on the tip of a grass blade Like a pearl pierced by an emerald needle
अज्जाइ णीलकंचुअभरिउव्वरिअं विहाइ थणवट्टं,जलभरिअजलहरंतरदरुग्गअं चंदविंवं व	Her round breast Bulging out of a dark blue blouse Looks like the moon Peering from behind a cloud Heavy with rain.
राअविरुद्धं व कहं पहिओ पहिअस्स साहइ ससंकं,जत्तो अम्वाण दलं तत्तो दरणिग्गअं किं पि	"Cautiously, As if it were a matter of high treason, One traveler said to the other: ""There are shoots on the mango trees. So it can't be long now."""
धण्णा ता महिलाओ जा दइअं सिविणए वि पेच्छंति,णिद्द च्चिअ तेण विणा ण एइ का पेच्छए सिविणं	Happy the women Who at least see their lovers in dream. But without him I cannot sleep Let alone dream.
मज्झण्हपत्थिअस्स वि गिम्हे पहिअस्स हरइ संतावं,हिअअट्ठिअजाआमुहमअंकजोण्हाजलप्पवहो	In the midday heat of summer The mere thought of the refreshing stream of cool moonlight From his wife's round face Restores the traveler.
भण को ण रूसइ जणो पत्थिज्जंतो अदेसआलम्मि,रइवावडा रुवंतं पिअं पि पुत्तं सवइ माआ	Tell me, Would you not get angry When bothered at the wrong time and place? What mother does not curse her little son, dear as he is, If he comes crying while she is busy making love?
एएण च्चिअ कंकेल्लि तुज्झ तं ण त्थि जं ण पज्जत्तं,उवमिज्जइ जं तुह पल्लवेण वरकामिणीहत्थो	O, aóoka tree, There is nothing more for you to achieve: Your leaves have been compared to the hand of a lovely woman
विज्झाविज्जइ जलणो गहवइधूआइ वित्थअसिहो वि,अणुमरणघणालिंगणपिअअमसुहसिज्जिरंगीए	Her body Sweating with the pleasure Of tightly embracing her beloved husband, The landowner's daughter Puts out the flames of his pyre
जारमसाणसमुब्भवभूइसुहप्फंससिज्जिरंगीए,ण समप्पइ णवकावालिणीअ उद्धूलणारंभो	The kapalika novice cannot stop daubing her body With ashes that come from her lover's pyre: The pleasure of touching them Brings her out in a sweat.
एक्को पण्हअइ थणो वीओ पुलएइ णहमुहालिहिओ,पुत्तस्स पिअअमस्स अ मज्झणिसण्णाइ घरिणीअ	One breast oozes milk, The other is covered with nail marks and gooseflesh: Behold the housewife sitting between husband and son.
एत्ताइ च्चिअ मोहं जणेइ वालत्तणे वि वट्टंती,गामणिधुआ विसलअ व्व वड्ढिआ काहिइ अणत्थं	Though still a child, The village headman's daughter Already turns everybody's head. Once she is grown up She will cause real harm, Like a poisonous creeper.
सुप्पउ तइओ वि गओ जामो त्ति सहीउ कीस मं भणह,सेहालिआण गंधो ण देइ सोत्तुं सुअह तुम्हे	"""Go to sleep! It's past three o'clock!"" Dear girls, how can you say that to me? The scent of jasmine makes sleep impossible. Try going to sleep yourselves."
कह सो ण संभरिज्जइ जो मे तह संठिआइ अंगाइं,णिव्वत्तिए वि सुरए णिज्झाअइ सुरअरसिओ व्व	How could I not remember that man Who even after it was over Looked at my limp body As if he felt like doing it again?
सुक्खंतवहलकद्दमघम्मविसूरंतकमढपाढीणं,दिट्ठं अइट्ठउव्वं कालेण तलं तडाअस्स	Summer reveals what was never seen before: The bottom of the pond With turtles and minnows Struggling in the thick, dry mud and heat.
वाहित्ता पडिवअणं ण देइ रूसेइ एक्कमेक्कस्स,असई कज्जेण विणा पलिप्पमाणे णईकच्छे	She does not answer when spoken to And is cross with everyone For no other reason Than that the bush on the river bank is burning.
णिद्दं लहंति कहिअं सुणंति खलिअक्खरं ण जंपंति,जाहि ण दिट्ठो सि तुमं ताओ च्चिअ सुहअ सुहिआओ	My dear, Only women who do not see you Stay happy: They sleep properly, Hear what is said to them, And do not muddle their words.
वालअ तुमाइ दिण्णं कण्णे काऊण वोरसंघाडिं,लज्जालुइणी वि वहू घरं गआ गामरच्छाए	Delighted with the modest pair of berries you gave her, Your wife, though usually so shy, has gone home Down the center of the village street, Wearing them behind her ear.
अह सो विलक्खहिअओ मए अहव्वाइ अगहिआणुणओ,परवज्जणच्चिरीहिं तुम्हेहि उवेक्खिओ णिंतो	When he ran out of the house, Dismayed at my rudely rejecting His attempt at reconciliation, You should have stopped him Instead of laughing at someone else's misfortune
जे लीणभमरभरभग्गगोच्छआ आसि णइअडुच्छंगे,कालेण वंजुला पिअवअस्स ते खण्णुआ जाआ	Remember those vañjula trees on the riverbank Whose blossom was bowed by clusters of bees? Time, dear friend, has turned them to stumps.
खणभंगुरेण पेम्मेण माउआ दूमिअ म्हि एत्ताहे,सिविणअणिहिलंभेण व दिट्ठपणट्ठेण लोअम्मि	Aunt, It pains me now to realize How fragile a thing love is, Like treasure beheld in a dream That vanishes in the light of day
चाओ सहावसरलं विच्छुहइ सरं गुणम्मि णिवडंतं,वंकस्स उज्जुअस्स अ संवंधो किं चिरं होइ	The bow shoots the arrow The moment it touches the string. How long can straight and crooked stay together?
मालइकुसुमाइ कुलुंचिऊण मा जाण णिव्वुओ सिसिरो,काअव्वा अज्ज वि णिग्गुणाण कुंदाण सामिद्धी	Don't think winter is content Merely to wither the summer jasmine. It also has to produce a mass Of worthless winter jasmine.
परिमलणसुहा गरुआ अलद्धविवरा सलक्खणाहरणा,थणआ कव्वालाअ व्व कस्स हिअए ण लग्गंति	Who is not captivated by a woman's breasts, That, like a good poem, Are a pleasure to grasp, Are weighty, compact, and nicely ornamented?
खिप्पइ हारो थणमंडलाहि तरुणीहि रमणपरिरंभे,अच्चिअगुणा वि गुणिणो लहंति लहुअत्तणं काले	In the act of embracing their lovers Young ladies toss the pearl necklaces From their round breasts. Even the praiseworthy Sometimes get treated with disrespect.
अण्णो को वि सहावो वम्महसिहिणो हला हआसस्स,विज्झाइ णीरसाणं हिअए सरसाण पज्जलइ	Friend, The wretched fire of love Is an odd sort of fire: In a sapless heart it goes out, In a sappy one it instantly flares up
तह तस्स माणपरिवड्ढिअस्स चिरपणअवद्धमूलस्स,मामि पडंतस्स सुओ सद्दो वि ण पेम्मरुक्खस्स	Aunt, When the tree of love, Rooted in long affection, Is struck by the axe of pride It falls without a sound.
पाअपडिओ ण गणिओ पिअं भणंतो वि अप्पिअं भणिओ,वच्चंतो वि ण रुद्धो भण कस्स कए कओ माणो	When he spoke affectionately You answered curtly, When he went away You did not try to stop him. Tell me, What exactly do you hope to gain By your pride?
पुसइ खणं धुअइ खणं पप्फोडइ तक्खणं अआणंती,मुद्धवहू थणवट्टे दिण्णं दइएण णक्खवअं	One moment she tried wiping, The next scrubbing, And after that rubbing. The young wife was completely at a loss What to do with the nail mark Her husband had left on her breast
वासारत्ते उण्णअपओहरे जोव्वणे व्व वोलीणे,पढमेक्ककासकुसुमं दीसइ पलिअं व धरणीए	After the rainy season With towering clouds, Like youth with plump breasts, Has spent itself, Plumes of kasa grass, Like the first strands of gray hair, Appear on Mother Earth.
अविरलपडंतणवजलधारारज्जुघडिअं पअत्तेण,अपहुत्तो उक्खिविउं रसइ व मेहो महिं उअह	Hear how that cloud groans with the effort, Yet is unable to lift the earth With ropes of raindrops That fall in unbroken streams
ओ हिअअ ओहिदिअहं तइआ पडिवज्जिऊण दइअस्स,अत्थक्काउल वीसंभघाइ किं तइ समाढत्तं	Heart, At the time When my lover mentioned the date of his return You did not object. So what are you doing now Destroying our belief in his early arrival?
जो वि ण आणइ तस्स वि कहेइ भग्गाइ तेण वलआइं,अइउज्जुआ वराई अहव पिओ से हआसाए	Even to someone who knows nothing about it She tells who it is who has broken her bracelets. Either the poor girl is naïve Or she really loves the man who has made her so unhappy.
सेउल्लिअसव्वंगी गोत्तग्गहणेण तस्स सुहअस्स,दूइं अप्पाहेंती तस्सेअ घरंगणं पत्ता	Sweating all over From just mentioning her lover's name, She was so busy instructing the messenger That she did not notice They had arrived in front of his house.
जम्मंतरे वि चलणे जीएणं मअण तुज्झ अच्चिस्सं,जइ तं पि तेण वाणेण विज्झसे जेण हं विद्धा	Even in my next existence, O God of Love, I will dedicate my life In worship at your feet, If you promise to pierce him With the same arrow As you pierced me with
जाव ण कोसविआसं पावइ ईसीसि मालईकलिआ,मअरंदपाणलोहिल्ल भमर ताव च्चिअ मलेसि	O bee, To get at the jasmine's nectar You have to knead and squeeze long and hard. It does not open by itself.
अकअण्णुअ तुज्झ कए पाउसराईसु जं मए खुण्णं,उप्पेक्खामि अलज्जिर अज्ज वि तं गामचिक्खिल्लं	Even now I can see The mud in that wretched village, Which I squelched through on those dark nights In the rainy season Just to please you. And what did I get out of it, You shameless man?
रेहइ गलंतकेसक्खलंतकुंडलललंतहारलआ,अद्धुप्पइआ विज्जाहरि व्व पुरिसाइरी वाला	The girl on top of her lover, Her hair hanging loose, Her earrings swinging And her pearl necklace hovering, Looks just like a vidyadhare Who is about to fly away
गामणिणो सव्वासु वि पिआसु अणुमरणगहिअवेसासु,मम्मच्छेएसु वि वल्लहाइ उवरिं वलइ दिट्ठी	All the village headman's wives Are dressed in readiness to follow him on the pyre, Yet even at this heartrending moment His eyes fall upon his favorite.
मामि सरिसक्खराण वि अत्थि विसेसो पअंपिअव्वाणं,णेहमइआणम् अण्णो अण्णो उवरोहमइआणं	Aunt, The words may be the same But they sound quite different Depending on whether they are said with affection Or with reserve
हिअआहिंतो पसरंति जाइ अण्णाइ ताइ वअणाइ,ओसरसु किं इमेहिं अहरंतरमेत्तभणिएहिं	Words which come from the heart Sound different. Get away with you! I've no time for words That pay mere lip service.
कह सा सोहग्गगुणं मए समं वहइ णिग्घिण तुमम्मि,जीअ हरिज्जइ णामं हरिऊण अ दिज्जए मज्झ	Have you no feelings? How can she enjoy your favor At the same time as me When you rob her of her name And give it to me?
सहि साहसु सब्भावेण पुच्छिमो किं असेसमहिलाणं,वड्ढंति करत्थ च्चिअ वलआ दइए पउत्थम्मि	Friend, tell me honestly, I beg of you, Is it the case with all women That the bracelets grow larger on their wrists When their husband is away
भमइ परिदो विसूरइ उक्खिविउं से करं पसारेइ,करिणो पंकक्खुत्तस्स णेहणिअलाविआ करिणी	Fettered by affection The she-elephant circles around in distress And stretches out her trunk to rescue Her husband who is stuck in the mud.
रइकेलिहिअणिअंसणकरकिसलअरुद्धणअणजुअलस्स,रुद्दस्स तइअणअणं पव्वइपरिउंविअं जअइ	Long live Siva's third eye : Which Paravati covered with kisses While covering his other two eyes with her hands When her skirt slipped off in the heat of love play
धावइ पुरओ पासेसु भमइ दिट्ठीपहम्मि संठाइ,णवलइकरस्स तुह हलिअउत्त दे पहरसु वराइं	As soon as you have a supple twig in your hand She runs across your path, Hovers on either side of you, And happens to be Wherever you are looking. You blockhead, Can't you see the poor girl Desperately wants a good thrashing?
कारिमम् आणंदवडं भामिज्जंतं वहूअ सहिआहिं,पेच्छइ कुमारिजारो हासुम्मीसेहि अच्छीहिं	When her relatives whirled around the sheet Said to be stained with the young bride's blood The virgin's lover looked on with a glint in his eye.
सणिअं सणिअं ललिअंगुलीअ मअणवडलाअणणिहेण,वंधइ धवलव्वणवट्टअं व वणिआहरे तरुणी	Pretending to smear on a salve, The young girl with delicate fingers Applies a white bandage to her wounded lip
उअ संभमविक्खित्तं रमिअव्वअलंपडाइ असईए,णवरंगअं कुडंगे धअं व दिण्णं अविणअस्स	Look! The freshly dyed skirt That the woman hurriedly kicked off In her desire to make love Hangs over the bower Like a banner proclaiming her immodesty
हत्थप्फंसेण जरग्गवी वि पण्हअइ दोहअगुणेण,अवलोइअपण्हुइरिं पुत्तअ पुण्णेहि पाविहिसि	Even an old cow gives milk At the touch of an expert milker. My son, You'll have a hard time finding one That gives milk Merely at a glance.
मसिणं चंकम्मंती पए पए कुणइ कीस मुहभंगं,णूणं से मेहलिआ जहणगअं छिवइ णहवंतिं	She walks about quite smoothly So why pull a face at every step? It must be her girdle Chafing against the nail marks on her hip.
पाअपडणाण मुद्धे रहसवलामोडिचुंविअव्वाणं,दंसणमेत्तपसण्णे चुक्का सि सुहाण वहुआणं	Stupid woman, Because you stopped being angry The moment he stood before you You missed a lot of fun: He would have had to fall at your feet And cover you with hot, impetuous kisses.
णिक्खंधदुरारोहं पुत्तअ मा पाडलिं समारुहसु,आरूढणिवडिआ के इमीअ ण कआ हआसाए	My son, Don't try to climb this trumpetflower tree: It has no branches to hold on to. Name me a man who did not fall When trying to climb this wretched tree.
गामणिघरम्मि अत्ता एक्क च्चिअ पाडला इहग्गामे,वहुपाडलं च सीसं दिअरस्स ण सुंदरं एअं	Mother-in-law, The only trumpetflower tree in the village Is at the headman's house, Yet my brother-in-law's head Is covered with trumpetflowers. How strange
अण्णाण वि होंति मुहे पम्हलधवलाइ दीहकसणाइ,णअणाइ सुंदरीणं तह वि हु दट्ठुं ण आणंति	Long-lashed, dazzling white, black and slanting —There are plenty of other women with eyes like that But that does not mean they know how to look.
दुग्गअघरम्मि घरिणी रक्खंती आउलत्तणं पइणो,पुच्छिअदोहलसद्धा पुणो वि उअअं चिअ कहेइ	"Every time her poor in-laws ask her What she would most like to eat, The pregnant wife, Anxious not to cause embarrassment to her husband, Simply says: ""Water."""
आअंवलोअणाणं ओल्लंसुअपाअडोरुजहणाणं,अवरण्हमज्जिरीणं कएण कामो वहइ चावं	Returning from the late afternoon bath, Their eyes red And their buttocks visible through wet skirts —Love need not carry a bow On behalf of these women
विरहेण मंदरेण व हिअअं दुद्धोअहिं व महिऊण,उम्मूलिआइ अव्वो अम्हं रअणाइ व सुहाइं	Stirring the Ocean of Milk, which is my heart, With the churning stick of separation You have rooted out the pearls of my joys.
उज्जुअरए ण तूसइ वंकम्मि वि आअमं विअप्पेइ,एत्थ अहव्वाइ मए पिए पिअं कह णु काअव्वं	Straightforward pleasure doesn't satisfy him, he says, And if I spice it up, He wonders who taught me that. As I always get it wrong How will I ever make him happy?
वहुविहविलासरसिए सुरए महिलाण को उवज्झाओ,सिक्खइ असिक्खिआइ वि सव्वो णेहाणुवंधेण	In lovemaking, with its manifold and intricate delights, Who is there to instruct women? One can learn anything Simply by being shown some affection.
वण्णवसिए विअत्थसि सच्चं चिअ सो तुए ण संभविओ,ण हु होंति तम्मि दिट्ठे सुत्थावत्थाइ अंगाइं	You look just as you did yesterday, So you must be bragging. In fact you did not see him, For if you had, You would no longer look so well.
आसण्णविवाहदिणे अहिणववहुसंगमुस्सुअमणस्स,पढमघरिणीअ सुरअं वरस्स हिअए ण संठाइ	As the wedding day draws near He can think only of making love With his new bride. The pleasures once shared With his first wife No longer find a place in his heart
जइ लोअणिंदिअं जइ अमंगलं जइ वि मुक्कमज्जाअं,पुप्फवइदंसणं तह वि देइ हिअअस्स णिव्वाणं	Though people condemn it, Though it is highly inauspicious And considered most improper, The sight of a woman during her period Fills the heart with heavenly bliss.
जइ ण छिवसि पुप्फवइं पुरओ ता कीस वारिओ ठासि,छित्तो सि चुलचुलंतेहि धाविऊण ăम्ह हत्थेहि	If you do not want to touch a woman during her period, Why get in my way when you shouldn't? I will touch you with my itchy hands As I push past you.
ण वि तह अइगरुएण वि तम्मइ हिअए भरेण गब्भस्स,जह विवरीअणिहुअणं पिअम्मि सोण्हा अपावंती	Our daughter-in-law is not so much distressed By the very heavy weight in her womb As by the fact that due to it She can no longer make love On top of her husband.
अगणिअजणाववाअं अवहत्थिअगुरुअणं वराईए,तुह गलिअदंसणासाइ तीअ वलिउं चिरं रुण्णं	Not caring what people might say And pushing her parents aside, The poor girl With no hope of ever seeing you again, Lay rolling on the ground crying her heart out.
हिअअं हिअए णिहिअं चित्तालिहिअ व्व तुह मुहे दिट्ठी,आलिंगणरहिआइं णवरं झिज्जंति अंगाइं	My heart is lodged in your heart, My eyes, like eyes in a painting, Are immovably fixed on your face, It is only my body That is wasting away For lack of your embrace
अहअं विओअतणुई दुसहो विरहाणलो चलं जीअं,अप्पाहिज्जउ किं सहि जाणसि तं चेअ जं जुत्तं	"""I have grown thin in your absence."" ""The fire of separation is hard to bear."" ""My life hangs in the balance."" Why am I telling you this, my friend? You know yourself the sort of thing that needs saying."
तुह विरहुज्जागरओ सिविणे वि ण देइ दंसणसुहाइ,वाहेण पहालोअणविणोअणं से हअं तं पि	As she can't sleep when you are away She is deprived of the pleasure of seeing you in her dreams, And her tears spoil the pastime of looking out for you
अण्णावराहकुविओ जह तह कालेण गच्छइ पसाअं,वेसत्तणावराहे कुविअं कह तं पसाएमि	A man who is angry at one's being bossy Can be won round in due course, But someone who is angry at one's being servile How can I appease him?
दीससि पिआइ जंपसि सब्भावो सुहअ एत्तिओ च्चेअ,फालेइऊण हिअअं साहसु को दावए कस्स	You allow me to see you And still speak kindly. But, my dear, is this The way to behave? For who would break a heart And having broken it Still show his face?
उअअं लहिउं उत्ताणिआणणा होंति के वि सविसेसं,रित्ता णमंति सुइरं रहट्टघडिअ व्व कापुरिसा	When full of water, they swing high. When empty, they lie low for a while. —The buckets on a water wheel Behave just like nasty people.
भग्गपिअसंगमं केत्तिअं व जोण्हाजलं णहसरम्मि,चंदअरपणालणिझरणिवहपडंतं ण णिट्ठाइ	How easy it is for the moon To spoil my nightly assignations! For there is no end to the cascade of moonbeams With which it empties itself into the lake of the sky
अइकोवणा वि सासू रुआविआ गअवईअ सोण्हाए,पाअपडनोणआए दोसु वि गलिएसु वलएसु	Even her harsh mother-in-law Was moved to tears when both the girl's bracelets Slipped off as she fell at her feet, So long had her husband been abroad.
रोवंति व्व अरण्णे दूसहरइकिरिणफंससंतत्ता,अइतारझिल्लिविरुएहि पाअवा गिम्हमज्झण्हे	At noon in summer The trees in the deserted forest, Scorched by the unbearable rays of the sun, Seem to cry out with the shrill creak Of crickets
पढमणिलीणमहुरमहुलोहिल्लालिउलवद्धझंकारं,अहिमअरकिरणणिउरुंवचुंविअं दलइ कमलवणं	Bees settle on it, Buzzing wildly, Lusting for its sweet nectar But the lotus opens Only after being kissed by the sun
गोत्तक्खलणं सोऊण पिअअमे अज्ज तीअ छणदिअहे,वज्झमहिसस्स माल व्व मंडणं उअह पडिहाइ	Just look! After her husband had addressed her with his mistress's name The ornaments she had put on for the fair Suddenly appeared like a garland on the head of a buffalo Being led to sacrifice.
महमहइ मलअवाओ अत्ता वारेइ मं घरा णिंतिं,अंकोल्लपरिमलेण वि जो क्खु मुओ सो मुओ च्चेअ	The south wind blows strong, Mother-in-law keeps me locked up indoors, But someone who dies sniffing the scent of aṃkolla Dies all the same.
मुहपेच्छओ पई से सा वि हु सविसेसदंसणुम्मइआ,दो वि कअत्था पुहइं अमहिलपुरिसं व मण्णंति	His eyes are glued to her face, And she is intoxicated at the sight of him. So utterly content are these two, There might not be another man or woman on earth.
खेमं कत्तो खेमं जो सो खुज्जंवओ घरद्दारे,तस्स किर मत्थआओ को वि अणत्थो समुप्पण्णो	"Well? What do you mean, ""Are you well?"" That stunted mango by the front door— They tell me something nasty is coming out of its top."
आउच्छणविच्छाअं जाआइ मुहं णिअच्छमाणेण,पहिएण सोअणिअलाविएण गंतुं चिअ ण इट्ठं	Seeing his wife's face grow pale As he bade her farewell The husband could not bring himself to leave, His feet fettered by affection.
सूईवेहे मुसलं विच्छुहमाणेण डड्ढलोएण,एक्कग्गामे वि पिओ समेहि अच्छीहि वि ण दिट्ठो	Due to these cursed villagers Who brandish a cudgel at a mere pinprick I dare not set eyes on my lover Though we live in the same village.
अज्जं पि दाव एक्कं मा मं वारेहि पिअसहि रुअंतिं,कल्लिं उण तम्मि गए जइ ण मुआ ता ण रोइस्सं	Dear friend, Allow me this one day of crying. Tomorrow, I promise, When he has left And if I'm still alive, I will cry no more.
तुह दंसणे सअण्हा सद्दं सोऊण णिग्गआ जाइं,तइ वोलीणे ताइं पआइ वोढव्वआ जाआ	At the sound of your voice She rushed out of the house In her desire to see you. Once you had passed She had to be carried back again.
ईसामच्छररहिए हि णिव्विआरेहि मामि अच्छीहिं,एण्हिं जणो जणम् मिव णिअच्छए कुह ण झिज्जामो	Without a trace of jealousy or anger, As if I were just anybody. So how can I help growing thin?
वाउद्धअसिचअविहाविओरुदिट्ठेण दंतमग्गेण,वहुमाआ तोसिज्जइ णिहाणकलसस्स व मुहेण	When the wind tossed up the wife's skirt, Exposing the tooth marks on her thighs, Her mother was thrilled, As if she had hit upon the lid of a pot of gold.
हिअअम्मि वससि ण करेसि मण्णुअं तह वि णेहभरिएहिं,संकिज्जसि जुअइसहावगलिअधीरेहि अम्हेहिं	You abide in my heart And never trouble it. Yet, for all my affection, I lose faith, as girls do, And grow suspicious.
अण्णं पि किं पि पाविहिसि मूढ मा तम्म दुक्खमेत्तेण,हिअअ पराहीणजणं महंत तुह केत्तिअं एअं	Foolish heart, Why so distressed? Worse will befall you, Running after a man In thrall to another.
वेसो सि जीअ पंसुल अहिअअरं सा हु वल्लहा तुज्झ,इअ जाणिऊण वि मए ण ईसिअं डड्ढपेम्मस्स	How wayward of you: The more a woman detests you The more you like her. Though I know this all too well There is nothing I can do About this cursed love of mine.
सा आम सुहअ गुणरूअसोहिरी आम णिग्गुणा अहअं,भण तीअ जो ण सरिसो किं सो सव्वो जणो मरउ	I agree, my dear, She is a model of virtue and beauty, And, yes, I am quite worthless. But, tell me, Must everyone not up to her standard Be condemned to death?
संतम् असंतं दुक्खम् सुहं च जाओ घरस्स जाणंति,ता पुत्तअ महिलाओ सेसाउ जरा मणुस्साणं	Those who know what is good for the household And what isn't, Know what it can put up with And what it can't —Those are proper wives. The rest are a drain on men.
उल्लावो मा दिज्जउ लोअविरुद्धं ति णाम काऊण,समुहावडिए को उण वेसे दिट्ठिं ण पाडेइ	We should not be seen talking Because people disapprove. But how can one help setting eyes Even on a person one detests If he happens to cross one's path?
किं रुअसि किं व सोअसि किं कुप्पसि सुअणु एक्कमेक्कस्स,पेम्मं विसं व विसमं साहसु को रुंभिउं तरइ	Why cry, why lament, Why, slender girl, Get angry with each and every one? Love is a lethal poison. And, tell me, Can anyone withstand it?
ते अ जुआणा ता गामसंपआ तं च अम्ह तारुण्णं,अक्खाणअं व लोओ कहेइ अम्हे वि तं सुणिमो	There were the young men, The blessings of village life, And the days of our youth. Now people make a story of it, And we listen.
वाहोहभरिअगंडाहराइ भणिअं विलक्खहसिरीए,अज्ज वि किं रूसिज्जइ सवहावत्थं गअं पेम्मं	"Tears were still running down her cheeks and lips When, with a shy laugh, she said: ""But why am I still angry When our love has reached the stage of swearing fidelity?"""
वण्णग्घअतुप्पमुहिं जो मं अइआअरेण चुंवंतो,एण्हिं सो भूसणभूसिअं पि अलसाअइ छिवंतो	The man who kissed me with such extraordinary care When my face was smeared with red ghee Now hardly cares even to touch me Despite my wearing this lovely jewelry.
सच्चं कलहे कलहे सुरआरंभा पुणो णवा होंति,माणो उण माणंसिणि गरुओ पेम्मं विणासेइ	After every quarrel, it's true, The pleasures of love taste new. But, proud woman, Too much of this pride And his love will be destroyed.
लज्जा चत्ता सीलं च खंडिअं अजसघोसणा दिण्णा,जस्स कएणं पिअसहि सो च्चेअ जणो जणो जाओ	Dear friend, The man for whom I abandoned modesty, Destroyed my character And lost my good name Now treats me just like anyone else.
हसिअं अइट्ठदंतं भमिअम् अणिक्कंतदेहलीदेसं,दिट्टम् अणुक्खित्तमुहं एसो मग्गो कुलवहूणं	Laughing without showing her teeth, Moving around without crossing the threshold, Looking without raising her face: Such is the way of a virtuous wife.
धूलिमइलो वि पंकंकिओ वि तणरइअदेहभरणो वि,तह वि गइंदो गरुअत्तणेण ढक्कं समुव्वहइ	Soiled with dust, Spattered with mud And nourished with grass, Yet, on account of his size, It is the elephant who carries the big drum.
करमरि कीस ण गम्मइ को गव्वो जेण मसिणगमणा सि,अदिट्ठदंतं हसिरीअ जंपिअं चोर जाणिहिसि	"Why aren't you trying to escape? What makes you so confident, That you remain calm? With a smile the bowman's wife replies: ""You will soon find out, kidnapper!"""
थोरंसुएहि रुण्णं सवत्तिवग्गेण पुप्फवइआए,भुअसिहरं पइणो पेच्छिऊण सिरलग्गतुप्पलिअं	His other wives shed large tears As they see smears of red grease From the youngest wife's face On the husband's shoulder.
लोओ जूरइ जूरउ वअणिज्जं होइ होउ तं णाम,एहि णिमज्जसु पासे पुप्फवइ ण एइ मे णिद्दा	"""People will be angry."" Let them be. ""They will disapprove."" Who cares? Come, forget about your period And snuggle down beside me, For I can get no sleep."
जं जं पुलएमि दिसं पुरओ लिहिओ व्व ईससे तत्थ,तुह पडिमापरिवाडिं वहइ व सअलं दिसाचक्कं	In whatever direction I gaze I see your image before me. The whole horizon is like a panorama with paintings of you alone.
ओसरइ धुणइ साहं खोक्खामुहलो पुणो समुल्लिहइ,जंवूफलं ण गेण्हइ भमरो त्ति कई पढमडक्को	The monkey scratches the rose apple with its finger, Jumps away, shakes the branch, screeching loudly, But does not dare to pluck it As it looks like the bee That once stung him.
उप्पहपहाविअजणो पविअंभिअकलअलो पहअतूरो,अव्वो सो च्चेअ छणो तेण विणा गामडाहो व्व	Loud beating of drums: The normal bustle of a festival But oh! without him More like a village fire.
असमत्तगरुअकज्जे एण्हिं पहिए घरं णिअत्तंते,णवपाउसो पिउच्छा हसइ व कुडअट्टहासेहिं	Aunt, As the traveler hastens homewards, His business unfinished, The start of the rainy season, With its white kuṭaja flowers, Seems to mock him with loud laughter.
दट्ठूण उण्णमंते मेहे आमुक्कजीविआसाए,पहिअघरिणीअ डिंभो ओरुण्णमुहीअ सच्चविओ	Seeing clouds piling up in the west The traveler's wife, Who had despaired of her life, Began to decorate her body While tears streamed down her face.
अविहवलक्खणवलअं ठाणं णेंतो पुणो पुणो गलिअं,सहिसत्थो च्चिअ माणंसिणीअ वलआरओ जाओ	To make sure she didn't look like a widow Her friends constantly hitched up The sulking girl's fallen bangle As though they were bangle sellers.
पहिअवहू विवरंतरगलिअजलोल्ले घरे अणोल्लं पि,उद्देसं अविरअवाहसलिलणिवहेण ओल्लेइ	While rain trickled down Through gaps in the thatch The traveler's wife wept And with her ceaseless flow of tears Soaked the last dry spot in the house.
दीसइ ण चूअमउलं अत्ता ण अ वाइ मलअगंधवहो,पत्तं वसंतमासं साहइ उक्कंठिअं चेअ	Mother-in-law! There are no buds on the mango And the south wind does not blow, Yet the yearning in my heart Tells me that spring is on its way.
दइअकरग्गहलुलिओ धम्मिल्लो सीहुगंधिअं वअणं,मअणम्मि एत्तिअं चिअ पसाहणं हरइ तरुणीणं	Loose-hanging hair To take in one's hands And a mouth smelling of wine: That's all young women need To bring with them As allurement in love.
गामतरुणीउ हिअअं हरंति छेआण थणहरिल्लीओ,मअणे कुसुंभराइल्लकंचुआभरणमेत्ताओ	Village girls with swelling bosoms Need only simple saffron yellow blouses To attract the most sophisticated of lovers.
आलोअंत दिसाओ ससंत जंभंत गंत रोअंत,मुच्छंत पडंत खलंत पहिअ किं ते पउत्थेण	Traveler, Why did you ever leave home If all you do is scan the horizon, Sigh, yawn, moan, groan, Faint, trip and stumble?
दट्ठूण तरुणसुरअं विविहविलासेहि करणसोहिल्लं,दीवो वि तग्गअमणो गअं पि तेल्लं ण लक्खेइ	The lamp was so absorbed In looking at the young couple Playfully making love In all sorts of different positions That it did not notice that the oil had run out.
वोडसुणओ विवण्णो अत्ता मत्ता पई वि अण्णत्थो,फडही वि मोडिआ महिसएण को कस्स साहेउ	The nasty dog is dead, Mother-in-law is drunk, My husband is out, And the buffalo has broken the bolt. Who is going to tell on us?
गिरिसोत्तो त्ति भुअंगं महिसो जीहाइ लिहइ संतत्तो,महिसस्स कण्हपत्थरझरो त्ति सप्पो पिअइ लालं	Parched by the heat, the buffalo licks a snake, Taking it for a mountain rivulet, And the snake sips the buffalo's spittle, Taking it for water falling from black rock.
पत्तणिअंवप्फंसा ण्हाणुत्तिण्णाइ सामलंगीए,जलविंदुएहि चिहुरा रुअंति वंधस्स व भएण	Though he had no more work in the fields, The farmer would not go home, To spare himself the pain Of finding it empty Now that his wife was dead
सुप्पं डड्ढं चणआ ण भज्जिआ सो जुआ अइक्कंतो,अत्ता वि घरे कुविआ भूआण व वाइओ वंसो	The soup is burnt, The chickpeas aren't roasted, The young man has gone past, And I am stuck in this house With an angry mother-in-law. It's like playing the flute to phantoms.
पिसुणेंति कामिणीणं जललुक्कपिआवऊहणसुहेल्लिं,कंडइअकवोलुप्फुल्लणिच्चलच्छीइ वअणाइ	By their wide and staring eyes And the gooseflesh on their cheeks These women betray their lovers Who, hidden underwater, Have put their arms around them.
महिसक्खंधविलग्गं घोलइ सिंगाहअं सिमिसिमंतं,आहअवीणाझंकारसद्दमुहलं मसअवुंदं	A swarm of gnats hovers over the buffalo's shoulders. When he hits them with his horn They hum like the plucked strings of a lute.
उअह तरुकोडराओ णिक्कंतं पूसुआण रिंछोलिं,सरए जरिओ व्व दुमो पित्तं व सलोहिअं वमइ	Look at the flock of parrots Flying out of the hole in that tree As though it had an autumn fever And were spitting blood and bile.
ण वि तह अनालवंती हिअअं दूमेइ माणिणी अहिअं,जह दूरविअंभिअगरुअरोसमज्झत्थभणिएहिं	A sulking woman Does not hurt so much by silence As by small talk After overwhelming anger.
गंधं अग्घाअंतअ पिक्ककलंवाण वाहभरिअच्छ,आससु पहिअजुआणअ घरिणिमुहं मा ण पेच्छिहिसि	Sniffing the wayside kadamba blossom, Your eyes full of tears, Take heart, young traveler! You are sure to see the face of your wife again.
गज्ज महं चिअ उवरिं सव्वत्थामेण लोहहिअअस्स,जलहर लंवालइअं मा रे मारेहिसि वराइं	Cloud, Thunder with all your might above me, For I have a heart of iron. But spare my poor girl at home, Who has already loosened her hair, As it would be death to her.
संझाराओत्थइओ दीसइ गअणम्मि पडिवआचंदो,रत्तदुऊलंतरिओ थणणहलेहो व्व णववहूए	The waning moon veiled by the red sky at dawn Looks like the nail mark on the young bride's bosom Showing through her crimson gauze.
अइ दिअर किं ण पेच्छसि आआसं किं मुहा पलोएसि,जाआइ वाहुमूलम्मि अद्धअंदाण परिवाडिं	My dear man, Why scan the sky If it's crescent moons you're after? Try looking at your sister-in-law's shoulder: You'll find a whole row of them there.
वाआइ किं भणिज्जउ केत्तिअमेत्तं व लिक्खए लेहे,तुह विरहे जं दुक्खं तस्स तुमं चेअ गहिअत्थो	How can I put it in words? One can say so little in a letter. But the ache I feel in your absence Is something you know of yourself.
मअणग्गिणो व्व धूमं मोहणपिच्छिं व लोअदिट्ठीए,जोव्वणधअं व मुद्धा वहइ सुअंधं चिउरभारं	The girl's thick, fragrant hair Is like a column of smoke rising from the fire of love, Like a bunch of peacock's tail feathers Waved by the conjuror to distract his audience, Like the victory banner of youth.
रुंदारविंदमंदिरमअरंदाणंदिआलिरिंछोली,झणझणइ कसणमणिमेहल व्व महुमासलच्छीए	The line of bees around the large lotus flower,Feasting loudly on its nectar,Looks like the jingling girdle of sapphires Around the waist of the nymph of spring.
चोरा सभअसतण्हं पुणो पुणो पेसअंति दिट्ठीओ,अहिरक्खिअणिहिकलसे व्व पोढवइआथनुच्छंगे	With fear and with longing The kidnappers repeatedly steal glances At the round breasts of the warrior's wife As if they were pots of gold Guarded by snakes.
केत्तिअमेत्तं होहिइ सोहग्गं पिअअमस्स भमिरस्स,महिलामअणछुहाउलकडक्खविक्खेवघेप्पंतं	How much happiness Can my errant husband get From the sidelong glances Cast by women starved of love?
णिअधणिअं उवऊहसु कुक्कुडसद्देण झत्ति पडिवुद्धो,परवसहिवाससंकिर णिअए वि घरम्मि मा भासु	It's your own wife: You can embrace her. Suddenly awoken by cockcrow, You look around distraught As if you'd spent the night In another man's house, But don't be alarmed: It's your own.
णवपल्लवं विसण्णा पहिआ पेच्छंति चूअरुक्खस्स,कामस्स लोहिउप्पंगराइअं हत्थभल्लं व	In despair The travelers stare at the new shoot on the mango tree, As though it were one of Love's arrows Crimson with a clot of blood.
महिलाणं चिअ दोसो जेण पवासम्मि गव्विआ पुरिसा,दो तिण्णि जाव ण मरंति ता ण विरहा समप्पंति	That their husbands blithely go abroad Is the fault of their wives. The moment one or two of them die There will be no more talk of separation.
वालअ दे वच्च लहुं मरइ वराई अलं विलंवेण,सा तुज्झ दंसणेण वि जीवेज्ज ण एत्थ संदेहो	Hey, you fool, Can't you walk a little faster? The poor girl is dying. Stop dragging your feet. The mere sight of you will revive her. No doubt of it.
तंमिरपसरिअहुअवहजालोलिपलीविए वणाभोए,किंसुअवणं ति कलिऊण मुद्धहरिणो ण णिक्कमइ	While all around the forest is burning, Lines of red flame steadily advancing, The foolish doe does not flee, Imagining herself in a forest of flame trees.
णिहुअणसिप्पं तह सारिआइ उल्लाविअं म्ह गुरुपुरओ,जह तं वेलं माए ण आणिमो कत्थ वच्चामो	The mynah bird has prattled In front of the elders About what we get up to in bed So that, for the moment, I don't know which way to turn.
पच्चग्गुप्फुल्लदलुल्लसंतमअरंदपाणलेहलओ,तं ण त्थि कुंदकलिआइ जं ण भमरो महइ काउं	Eager to taste the fresh nectar That seeps from between the petals At the moment they unfold, There is nothing the bee will not do To the jasmine's closed bud.
सो को वि गुणाइसओ ण आणिमो मामि कुंदलइआए,अच्छीहिं चिअ पाउं अहिलस्सइ जेण भमरेहिं	Aunt, There must be something very special about the early jasmine That we don't know about, Such that all the bees converge on its tiny flowers.
एक्क च्चिअ रूअगुणं गामणिधूआ समुव्वहइ,अणिमिसणअणो सअलो जीए देवीकओ गामो	The village headman's daughter is such a beauty That she has on her own turned all the men of the village into gods By making them unable to blink.
मण्णे आसाओ च्चिअ ण पाविओ पिअअमाहररसस्स,तिअसेहि जेण रअणाअराहि अमअं समुद्धरिअं	That they are churning the ocean To retrieve the nectar of immortality Only shows that the gods have not yet tasted your lips.
आअण्णाअड्ढिअणिसिअभल्लमम्माहआइ हरिणीए,अद्दंसणो पिओ होहिइ त्ति वलिउं चिरं दित्थो	Mortally wounded by a sharp arrow Shot from behind the hunter's ear, The doe, knowing she would not see her mate again, Rolled over and fixed him with a lingering gaze.
मालारी ललिउल्लुलिअवाहुमूलेहि तरुणहिअआइं,उल्लूरइ सज्जुल्लूरिआइ कुसुमाइ दावेंती	Lifting up her lovely arms To display the freshly plucked flowers, The garland seller plucks at The hearts of young men.
मज्झो पिओ कुअंडो पल्लिजुआणा सवत्तीओ,जह जह वड्ढंति थणा तह तह झिज्जंति पंच वाहीए	The fuller the breasts of the hunter's wife The thinner her waist, The thinner her loving husband and his bow, The thinner the youths in her village, And the thinner her husband's other wives.
मालारीए वेल्लहलवाहुमूलावलोअणसअण्हो,अलिअं पि भमइ कुसुमग्घपुच्छिरो पंसुलजुआणो	Eager to feast his eyes On the flower seller's Gorgeous shoulders, The young rake finds an excuse For hanging around By cross-questioning her About her prices.
मंदं पि ण आणइ हलिअणंदणो इह हि डड्ढगामम्मि,गहवइसुआ विवज्जइ अवेज्जए कस्स साहामो	The plowman's son in this damned village Hasn't a clue. The landowner's daughter is dying But with no doctor at hand Whom to tell?
एक्कक्कमपरिरक्खणपहारसमुहे कुरंगमिहुणम्मि,वाहेण मण्णुविअलंतवाहधोअं धणुं मुक्कं	As the stag steps in front of the doe To face the arrow And then the doe steps in front of the stag, The hunter throws away his bow Drenched with tears of distress.
ता सुहअ विलंव खणं भणामि कीअ वि कएण अलम् अहवा,अविआरिअकज्जारंभआरिणी मरउ ण भणिस्सं	Wait a moment, my handsome friend, I've a message from someone. Or perhaps I haven't. She always acts so rashly, She'd be better off dead. No, I've nothing to tell you.
भोइणिदिण्णपहेणअचक्खिअदुस्सिक्खिओ हलिअउत्तो,एत्ताहे अण्णपहेणआण छीवोल्लअं देइ	The plowman is so spoilt by the sweets The tax gatherer's wife has given him to eat That he now turns up his nose at all other sweets.
वाउव्वेल्लिअसाहुलि थएसु फुडदंतमंडलं जहणं,चडुआरअं पइं मा हु पुत्ति जणहासिअं कुणसु	You stupid girl, Don't make a laughingstock Of your doting husband.
गम्मिहिसि तस्स पासं सुंदरि मा तुअर वड्ढउ मिअंको,दुद्धे दुद्धं मिव चंदिआइ को पेच्छइ मुहं दे	You will meet him, No need to hurry, Wait till the moon is full. For no one will tell your face Apart from moonlight Any more than milk from milk.
जइ जूरइ जूरउ णाम मामि परलोअवसणिओ लोओ,तह वि वला गामणिणंदणस्स वअणे वलइ दिट्ठी	Aunt, If these sanctimonious people object, Let them. One can't help it if one's eyes stray Toward the headman's son.
गेहं व वित्तरहिअं णिज्झरकुहरं व सलिलसुण्णइअं,गोहणरहिअं गोट्ठं व तीअ वअणं तुह विओए	Like a house without furnishings, Like the basin of a waterfall without water, Like a cowshed without cattle —Her face without you.
तुह दंसणेण जणिओ इमीअ लज्जाउलाइ अणुराओ,दुग्गअमणोरहो विअ हिअअ च्चिअ जाइ परिणामं	This girl is so shy That the feelings aroused in her By the sight of you, Like a poor man's dreams, find Fulfillment only in the mind.
जं तणुआअइ सा तुह कएण किं जेण पुच्छसि हसंतो,अह गिम्हे मह पअई एव्वं भणिऊण ओरुण्णा	"Since it is due to you That she has grown thin How could you jokingly ask her why? ""I usually do in summer"" was her reply Before she broke down."
अविहत्तसंधिवंधं पढमरसुब्भेअपाणलोहिल्लो,उव्वेल्लिउं ण आणइ खंडइ कलिआमुहं भमरो	The bee is so eager to taste the fresh nectar, He cannot stop to unfold the tight-knit petals But simply pierces the tip of the bud.
दरवेविरोरुजुअलासु मउलिअच्छीसु लुलिअचिहुरासु,पुरिसाइरीसु कामो पिआसु सज्जाउहो होइ	The God of Love strings his bow When women sit astride their husbands, Thighs twitching, Eyes closing And hair tossing around.
जं जं ते ण सुहाअइ तं तं ण करेमि जं मम्ऽ आअत्तं,अहअं चिअ जं ण सुहामि सुहअ तं किं मम्ऽ आअत्तं	I will do my best to avoid Doing the things you don't like, But, my dear, What can I do about the things I don't like?
वावारविसंवाअं सअलावअवाण कुणइ हअलज्जा,सवणाण उणो गुरुसंणिहे वि ण णिरुंझइ णिओअं	Wretched shyness stops her every limb From acting naturally, But even with her parents standing by It cannot force her not to use her ears.
एक्कल्लमओ दिट्ठीअ मइअ तह पुलइओ सअण्हाए,पिअजाअस्स जह धणुं पडिअं वाहस्स हत्थाओ	The doe looked at the solitary stag With such longing That the bow dropped from the hand Of the hunter Whose wife was dear to him.
दोअंगुलअकवालअपिणद्धसविसेसणीलकंचुइआ,दावेइ थणत्थलवण्णिअं व तरुणी जुअजणाणं	The girl has left open her dark blue bodice, Like a door two inches ajar, To show the young men A sample of her breasts.
रक्खेइ पुत्तअं मत्थएण ओच्छोअअं पडिच्छंती,अंसूहि पहिअघरिणी ओल्लिज्जंतं ण लक्खेइ	With her head catching the water That drips from the eaves She protects her little son, But does not notice that he is wet With the tears she sheds For her absent husband.
अब्भंतरसरसाओ उवरिं पव्वाअवद्धपंकाओ,चंकम्मंतम्मि जणे समूससंति व्व रच्छाओ	With a dry crust of mud on the surface But still wet below The village streets seem to sigh heavily As people go to and fro.
तह तेण वि सा दिट्ठा तीअ वि तह तस्स पेसिआ दिट्ठी,जह दोण्ह वि समअं चिअ णिव्वुत्तरआइ जाआइ	He looked at her In such a way, And she at him, That, at the same moment, They both consummated their love.
दुस्सिक्खिअरअणपसिक्खएहि घिट्ठो सि पत्थरे ताव,जा तिलमेत्तं वट्टसि मरगअ का तुज्झ मुल्लकहा	O emerald, A succession of incompetent jewelers Has ground you so long on the stone That you are no bigger than a sesame seed. So what's this talk about being valuable?
जह चिंतेइ परिअणो आसंकइ जह अ तस्स पडिवक्खो,वालेण वि गामणिणंदणेण तह रक्खिआ पल्ली	As his relatives suspected And his enemies feared, The headman's son, Though still very young, Has proved excellent At protecting the village.
गअवहुवेहव्वअरो पुत्तो मे एक्ककंडविणिवाई,तह सोण्हाइ पुलइओ जह कंडवरंडअं वहइ	That daughter-in-law has turned our son Into a trembling wreck: Once he needed just one arrow To make an elephant cow a widow, Now he carries a quiverful.
अप्पाहेइ मरंतो पुत्तं पल्लीवई पअत्तेण,मह णामेण जह तुमं ण लज्जसे तह करेज्जासु	"On his deathbed The headman of the hamlet Earnestly instructs his son: ""Act in such a way As not to be ashamed of my name."""
अणुमरणपत्थिआए पच्चागअजीविए पिअअमम्मि,वेहव्वमंडणं कुलवहूअ सोहग्गअं जाअं	As the good wife prepared To join her beloved on the pyre He came back to life, And her widow's finery Turned to that of married bliss.
महुमच्छिआइ दट्ठं दट्ठूण मुहं पिअस्स सूणोट्ठं,ईसालुई पुलिंदी रुक्खच्छाअं गआ अण्णं	When the Pulinda hunter's wife Saw her husband's lip Swollen by a bee sting, She was stung herself By jealousy And fled To stand in the shade of another tree.
धण्णा वसंति णीसंकमोहणे वहलपत्तलवइम्मि,वाअंदोलणओणविअवेणुगहणे गिरिग्गामे	Lucky are they who live In a mountain village Where one can make love Undisturbed Beneath a leafy hedge Or in deep thickets of reeds That bend and sway in the wind.
तह परिमलिआ गोवेण तेण हत्थं पि जा ण ओल्लेइ,स च्चिअ खडणा एण्हिं पेच्छह कुडदोहिणी जाआ	That froward cow, Which did not even wet the cowherd's hand However much he squeezed her teats— Look how she's now yielding milk By the pail.
धवलो जिअइ तुह कए धवलस्स कए जिअंति गिट्ठीओ,जिअ तंवे अम्ह वि जीविएण गोट्ठं तुमाअत्तं	The bull lives only for you And the heifers only for the bull, So please, dear cow, stay alive For the life of our herd Depends on your life.
अग्घाइ छिवइ चुंवइ ठवेइ हिअअम्मि जणिअरोमंचो,जाआकवोलसरिसं पेच्छह पहिओ महुअपुप्फं	Look how the traveler thrills As he sniffs at the sweetwood flower, Caresses it, kisses it, And presses it against his heart As if it were his wife's pale cheek.
उअ ओल्लिज्जइ मोहं भुअंगकित्तीअ कडअलग्गाइ,ओज्झरधारासद्धालुएण सीसं वणगएण	See how the elephant tries in vain To wet its head beneath a snake's sloughed skin That hangs down from a rocky sill, Mistaking it for a waterfall.
कमलं मुअंत महुअर पिक्ककइत्थाण गंधलोहेण,आलेक्खलड्डुअं पामरो व्व छिविऊण जाणिहिसि	To desert the lotus For the scent of ripe wood-apple— As soon as you touch it, silly bee, You'll find out your mistake, Like the yokel Who reached for a sweetmeat in a painting.
गिज्जंते मंगलगाइआहि वरगोत्तदिण्णअण्णाए,सोउं व णिग्गओ उअह होंतवहुआइ रोमंचो	Look, When the women start singing the wedding songs Goose pimples break out on the bride-to-be As if they too want to hear The bridegroom's name.
मण्णे आअण्णंता आसण्णविवाहमंगलुग्गीअं,तेहि जुआणेहि समं हसंति मं वेअसकुडुंगा	I suspect the reed beds by the river As well as the young men Had a good laugh when they heard The solemn song of blessing On the eve of my wedding.
ण अ दिट्ठिं णेइ मुहं ण अ छिविउं देइ णा लवइ किं पि,तह वि हु किं पि रहस्सं णववहुसंगो पिओ होइ	She does not look at you, Does not allow you to touch her face, Says nothing. Yet, In some mysterious way, Being with a young bride is pure joy.
पुच्छिज्जंती ण भणइ गहिआ पप्फुरइ चुंविआ रुअइ,तुण्हिक्का णववहुआ कआवराहेण उवऊढा	When he asks her a question She does not reply, When he touches her She recoils, When he kisses her She starts to cry, And when he attempts an embrace His young wife's silence Makes him feel like a criminal.
तत्तो च्चिअ होंति कहा विअसंति तहिं तहिं समप्पंति,किं मण्णे माउच्छा एक्कजुआणो इमो गामो	The girl's thick, fragrant hair Is like a column of smoke rising from the fire of love, Like a bunch of peacock's tail-feathers Waved by the conjuror to distract his audience, Like the victory banner of youth.
जाइ वअणाइ अम्हे वि जंपिमो ताइ जंपइ जणो वि,ताइं चिअ तेण पजंपिआइ हिअअं सुहावेंति	Who is not captivated by a woman's breasts, That, like a good poem, Are a pleasure to grasp, Are weighty, compressed, and nicely ornamented?
सव्वाअरेण मग्गह पिअं जणं जइ सुहेण वो कज्जं,जं जस्स हिअअदइअं तं ण सुहं जं तहिं ण त्थि	If you want to be happy Take care in choosing a lover, For what is dear to you Does not bring happiness Unless you are dear to it.
दीसंतो दिट्ठिसुहो चिंतिज्जंत मणवल्लहो अत्ता,उल्लावंत सुइसुहो पिओ जणो णिच्च रमणिज्जो	When one sees him He gives satisfaction to the eyes, When one thinks of him He gives satisfaction to the mind, When he speaks He gives satisfaction to the ears: Dear mother-in-law, My husband is always delightful.
ठाणब्भट्ठा परिगलिअपीणआ उण्णईअ परिचत्ता,अम्हे उण ठेरिपओहर व्व उअरे च्चिअ णिसन्णा	Fallen from our former position, Our abundance wasted away, No longer prominent, We stare at our navels Like an old woman's breasts.
पच्चूसागअ रंजिअदेह पिआलोअ लोअणाणंद,अण्णत्तखविअसव्वरि णहभूसण दिणवइ णमो दे	What a feast for the eyes, When you return at dawn Red all over Having spent the night elsewhere. Ornament of the sky, Lord of the day, We bow before you humbly.
विवरीअसुरअलेहड पुच्छसि मह कीस गब्भसंभूइं,ओअत्ते कुंभमुहे जललवकणिआ वि किं ठाइ	You who like to make love upside down, How can you ask if I am pregnant? Is there a single drop of water left In a jug turned upside down?
अच्चासण्णविवाहे समं जसोआइ तरुणगोवीहिं,वड्ढंते महुमहणे संवंधा णिण्हुविज्जंति	When Kṛṣṇa came of age And the time of his marriage drew near The young cowgirls tried to conceal their family ties With his mother Yaśodā.
दूरंतरिए वि पिए कह वि णिअत्ताइ मज्झ णअणाइ,हिअअं उण तेण समं अज्ज वि अणिवारिअं भमइ	When my lover left for distant lands My eyes found their way back home, But my heart is still beside him Going wherever he goes.
तस्स कहाकंतइए सद्दाअण्णणसमोसरिअकोवे,समुहालोअणकंपिरि उवऊढा किं पवज्जिहिसि	At the mention of his name you bristle; At the sound of his voice your anger melts; Seeing him face to face, you tremble. What will you do when you embrace?
भरणमिअणीलसाहग्गखलिअचलणद्धविहुअवक्खउडा,तरुसिहरेसु विहंगा कह कह वि लहंति संठाणं	With great difficulty Birds find a place to rest In the treetops, Fluttering their wings And shifting their feet At the tips of the dark branches That bend beneath their weight.
कंडंतेण अकंडं पल्लीमज्झम्मि विअडकोअंदं,पइमरणाहि वि अहिअं वाहेण रुआविआ अत्ता	When our hunter In the middle of the village, for everybody to see, Started to cut sections into his gruesome bow Mother-in-law began to cry Louder even than on the day her husband died.
अम्हे उज्जुअसीला पिओ वि पिअसहि विआरपरिओसो,ण हु अण्णा का वि गई वाहोहा कह पुसिज्जंतु	My dear, I am a simple person, While my lover only likes fancy tricks. Tell me, is there some other way of wiping my eyes?
चंचुपुडाहअविअलिअसहआररसेण सित्तदेहस्स,कीरस्स मग्गलग्गं गंधंधं भमइ भमरउलं	A swarm of bees blindly pursues the parrot Whose feathers are spattered with the juice Dripping from the mango it has pecked with its beak.
एत्थ णिमज्जइ एत्ता एत्थ अहं एत्थ परिअणो सअलो,पंथिअ रत्तीअंधअ मा मह सअणे णिमज्जिहिसि	Here's my mother-in-law's bed, Here is mine, And there those of the servants. Traveler, you won't see in the dark, So do be careful not to fall into mine.
परिओससुंदराइं सुरएसु लहंति जाइ सोक्खाइ,ताइं चिअ उण विरहे खाउग्गिण्णाइ कीरंति	The pleasures of love, Which gave the women such complete delight, Are chewed over and endlessly regurgitated Once their husbands have gone abroad.
मग्गं चिअ अलहंतो हारो पीणुण्णआण थणआण,उव्विग्गो भमइ उरे जमुणाणइफेणपुंजो व्व	Finding no way between her full, upcurving breasts, Her necklace of pearls dances upon her chest Like the bubbles of foam on the Yamunā.
जे जे गुणिणो जे जे अ चाइणो जे विअड्ढविण्णाणा,दारिद्द रे विअक्खण ताण तुमं साणुराओ सि	All the worthy people I meet, All the generous and discerning ones Already receive your favors, You clever devil, Poverty.
जइ कोत्तिओ सि सुंदर सअलतिहीचंददंसणसुहाणं,ता मसिणं मोइज्जंतकंचुअं पेक्खसु मुहं से	Handsome man, If you want to enjoy the sight Of every phase of the moon Look at her gentle face As she slowly lifts her bodice Over her head.
समविसमणिव्विसेसा समंतओ मंदमंदसंचारा,अइरा होहिंति पहा मणोरहाणं पि दुल्लंघा	The lie of the land is blurred And everywhere progress gets slower: Soon the roads will be impassable Even for the wheels of his fancy.
अइदीहराइ वहुए सीसे दीसंति वंसवत्ताइ,भणिए भणामि अत्ता तुम्हाण वि पंडरा पुट्ठी	"When she said: ""Daughter-in-law, There are long bamboo leaves in your hair."" I said: ""Mother-in-law, Your back is all white."""
अत्थक्करूसणं खणपसिज्जणं अलिअवअणणिव्वंधो,उम्मच्छरसंतावो पुत्तअ पअवी सिणेहस्स	Sudden outbursts of anger and the next moment calm, Constant pretence as well as agonies of jealousy, Such, my son, is the nature of love.
अइ उज्जुए ण लज्जसि पुच्छिज्जंती पिअस्स चरिआइं,सव्वंगसुरहिणो मरुवअस्स किं कुसुमरिद्धीहि	You simpleton, Shouldn't you be a little more discreet When people ask how your lover behaves? With all its leaves so fragrant, What need has the marjoram for a mass of blooms?
मुद्धे अपत्तिअंती पवालअंकुरअणिद्धलोहिअए,णिद्धोअधाउराए कीस सहत्थे पुणो धुअसि	Foolish girl, Why are you still washing The red powder from your soft palms That are by nature pink As a spray of coral?
पुससु मुहं ता पुत्तिअ वाहोअरणं विसेसरमणिज्जं,मा एअं चिअ मुहमंडणं ति सो काहिइ पुणो वि	Young girl, Wipe away these tears Which make your face look even more attractive, For he might do it again, Thinking how well they suit you.
अवरण्हागअजामाउअस्स विउणेइ मोहणुक्कंठं,वहुआइ घरपलोहरमज्जणपिसुणो वलअसद्दो	The tinkle of bracelets As she took a bath in the backyard of her parents' house Redoubled the passion of her husband Who had arrived in the late afternoon.
जुज्झचवेडामोडिअजज्जरकण्णस्स जुण्णमल्लस्स,कच्छावंधो च्चिअ भीरुमल्लहिअअं समुक्खणइ	The old wrestler With ears mangled by many a fight Has only to gird up his loins For his fearful opponent to lose heart.
आणंदंतेन तुमं पइणो पहएण पडहसद्देण,मल्लि ण लज्जसि णच्चसि दोहग्गे पाअडिज्जंते	Instead of dancing for joy Should you not feel shame? The drum that celebrates your husband's victory In the wrestling match Makes your unhappy marriage Known to all the world.
मा वच्चह वीसंभं इमाण वहुचाडुअम्मणिउणाणं,णिव्वत्तिअकज्जपरम्मुहाण सुणआण व खलाणं	Don't trust those bastards! They're just like dogs: First they fawn But once they've had their way They turn their backs on you.
सच्चं साहसु देअर तह तह चडुआरएण सुणएण,णिव्वत्तिअकज्जपरम्मुहत्तणं सिक्खिअं कत्तो	Tell me, brother-in-law, That dog who fawned on the bitch So persistently, Where did he learn to turn his back on her The moment he'd had his way?
णिप्पण्णसस्सरिद्धी सच्छंदं गाइ पामरो सरए,दलिअणवसालितंडुलधवलमिअंकासु राईसु	In autumn, when the corn is ripe, The farmer would do as he likes If only the moonlit nights weren't bright As the fresh grains of husked rice.
अलिहिज्जइ पंकअले हलालिचलणेण कलमगोवीए,केआरसोअरुंभणतंसट्ठिअकोमलो चलणो	Bees circle round the rice girl's pink foot Placed across the sluice To stop the water flowing Into the paddy field.
दिअहे दिअहे सूसइ संकेअअभंगवड्ढिआसंका,आवंडुरोणअमुही कलमेण समं कलमगोवी	Just like the rice, Each day her head bends lower And her face grows paler —The girl who guards the paddy, As she grows more fearful of the day When her occupation will cease.
दट्ठूण हरिअदीहं गोसे संढाण जूरए हलिओ,असईरहस्समग्गं तुसारधवले तिलच्छेत्ते	When at dawn he sees a long swathe of green Through the frost-white field of sesame —His faithless wife's clandestine trail— The farmer blames himself for letting loose the bulls.
संकेल्लिओ व्व णिज्जइ खंडं खंडं कओ व्व पीओ व्व,वासागमम्मि मग्गो घरहुत्तमुहेण पहिएण	At the approach of the rains The traveler is so intent on getting home That he bundles up the road and takes it with him, That he cuts it into manageable pieces, That he swallows it down in one gulp.
एण्हिं वारेइ जणो तइआ मूइल्लओ कहिं व गओ,जाहे विसं व जाअं सव्वंगपहोलिरं पेम्मं	Nowadays people restrain me But when this love, Which like a poison courses through all my limbs, First began They were mute.
अण्णोण्णकलक्खंतरपेसिअमेलीणदिट्ठिपसराइं,दो च्चिअ मण्णे कअभंडणाइ समअं पहसिआइं	When their surreptitious glances met The couple whom I thought were sulking Both burst out laughing.
धण्णा वहिरंधरआ ते च्चिअ जीअंति माणुसे लोए,ण सुणंति पिसुणवअणं खलाण अद्धिं ण पेक्खंति	Happy are the deaf and the blind! Though they live among humankind They hear not a single word of slander Nor see how the wicked prosper.
गामारुह म्हि गामे वसामि णअरट्ठिइं ण आणामि,णाअरिआणं पइणो हरेमि जा होमि सा होमि	I was born and raised in a village, I live in a village, And with the ways of the town I am not familiar. Still, I attract the husbands of the women in town. I am what I am.
ओसर रोत्तुं चिअ णिम्मिआइ मा पुससु मे हअच्छीइं,दंसणमेत्तुम्मइएहि जेहि सीलं तुह ण णाअं	Be off! Stop wiping away my tears! Crying is what my stupid eyes were made for. For when they tried looking they got distracted And failed to see your true nature.
रणरणअसुण्णहिअओ चिंतंतो विरहदुव्वलं जाअं,अमुणिअणिअवसही सो वोलीणो गाममज्झेण	He was so distracted with worry About his wife not surviving the long separation That, reaching his house, He walked on.
सुअणो णि दीसइ च्चिअ खलबहुल डड्ढजीअलोअम्मि,जह काअसंकुला तह ण हंसपरिवारिआ पुहवी	In this damned world of ours, so full of crooks, A decent man is rarely seen. The earth teems with crows But geese are few and far between.
जं मुच्छिआइ ण सुओ कलंवगंधेण तं गुण पडिअं,इअरा गज्जिअसद्दो जीएण विणा ण वोलंतो	That she did not hear the thunder Because she was swooning from the scent Of the kadamba flower Saved her life. Otherwise the thunder would not have passed by Without taking it.
जं असरणो व्व डड्ढो गामो साहीणवहुजुआणो वि,संभमविसंठुलाणं तं दुच्चरिअं तुह थणाणं	That our village burnt down As though there were no help for it, Despite the number of young men at hand, Is the doing of your wicked breasts Which in the confusion Were swaying about.
अह सुअइ दिण्णपडिवक्खवेअणा पसिढिलेहि अंगेहिं,णिव्वत्तिअसुरअरसाणुवंधसुहणिब्भरं वहुआ	After tasting to the full the pleasures of love The young wife slept soundly, Unaware how her weary limbs Were a torture to her rivals.
जइ तेण तुज्झ वअणं ण कअं मह कारणेण अ हआसे,सा कीस खंडिअतडं णिआहरं दूइ दुम्मेसि	If he does not do what you ask him On my behalf, you useless messenger, Why not give your lips a rest? They are already bruised.
दिट्ठाइ जं ण दिट्ठो सरलसहावाइ जं च णा ऽलविओ,उवआरो जं ण कओ तं चिअ कलिअं छइल्लेहिं	That you did not look at him When he looked at you, That you did not speak to him While you are usually so forthright, That you did not want to show him kindness —Our clever friends have noted it all.
अविरलणिग्गअपुलओ पअडिअकंपो पमुक्कसिक्कारो,हेमंते पहिअजणो सुरआसत्तो व्व पडिहाइ	Covered all over with gooseflesh, Visibly shivering, Sucking in his breath between clenched teeth: The winter wayfarer Looks like a man making love.
सेउल्लणिअंवालग्गसण्हसिचअस्स मग्गम् अलहंतो,सहि मोहघोलिरो अज्ज तस्स हसिओ मए हत्थो	Friend, I had to laugh When his hand fumbled at my thin skirt, Which stuck tight to my sweating thighs.
अमिअमअं चिअ हिअअं हत्था तण्हाहरा सअण्हाणं,चंदमुहि कत्थ णिवसइ अमित्तदहणो तुह पआवो	Your heart is made of nectar, Your hands allay the yearning of those who yearn, Where, O moon-faced girl, Do you produce the heat With which you burn your enemies?
दिट्ठीअ जाव पसरो ताव तुमं सुहअ णिव्वुइं कुणसि,वोलीणदंसणो तह तवेसि जह होउदिट्ठेण	As long as you are within sight My beautiful man, you give pleasure. But as soon as you are out of sight You cause such grief That I never want to see you again.
उण्हो त्ति समत्थिज्जइ डाहेण सरोरुहाण हेमंतो,चरिएहि णज्जइ जणो संगोवंतो वि अप्पाणं	Foolish girl! The clouds thunder, The paths are grass-grown, The rivers are swollen, And still you look down the road For your husband.
उवहारिआइ समअं पिंडारे उअ कहं कुणंतम्मि,णववहुआइ सरोसं सव्व च्चिअ वछआ मुक्का	Lotuses know that winter is hot Because it makes them wilt. However much they try to hide their true nature, People are betrayed by their acts.
पज्जालिऊण अग्गिं मुहेण पुत्तिअ किणो समोसरसि,थणअलसपडिअपडिमा फुरंति ण छिवंति ते जाला	Look! While the cowherd is chatting up the maid His young wife angrily sets all the calves free.
अग्गिं अब्भुत्तंतीअ पुत्ति पडिमागआ कवोलम्मि,कण्णालंविअपल्लवलच्छिं संधेइ ते जाला	You silly girl, Why do you shrink away each time you blow into the fire? These flames reflected on your round breasts Flicker but will not touch you.
कह दे धूमंधारे अब्भुत्तणं अग्गिणो समप्पिहइ,मुहकमलचुंवणालेहडम्मि पासट्ठिए दिअरे	Dear girl, The flames reflected on your cheeks When you kindle the kitchen fire Resemble blossoming twigs Hanging down from your ears.
आअंवच्छं पअलंतवाहम् आवद्धथणहरुक्कंपं,असमत्तं चिअ चिट्ठउ सिहिणो अब्भुत्तणम् इणं ते	How will you ever manage to kindle the fire In the kitchen dark with smoke With your young brother-in-law at your side Trying to kiss the lotus of your mouth?
छणपाहुणिए ऽत्ति किणो अज्ज वि णं भणह अंगसंतावं,जाआ अम्ह घरिल्लअगुणेण घरसामिणि च्चेअ	Look at you: Your eyes are red, Tears flow down your cheeks, And your heavy breasts are shaking. You'd better stop Trying to kindle the kitchen fire.
भिउडीअ पुलोइस्सं णिब्भच्छिस्सं परंमुही होस्सं,जं भणह तं करिस्सं सहीउ जइ तं ण पेच्छिस्सं	The breasts of the huntsman's wife riseAs if to tell the elephant, rhinoceros and ox, The deer, buffalo, tiger and bear That from her husband They have nothing to fear.
जं केअवेण पेम्मं जं च वला जं च अत्थलोहेण,जं उवरोहणिमित्तं णमोणमो तस्स पेम्मस्स	I'll frown at him, I'll abuse him, And I'll turn my back on him. I'll do whatever you say, friends, As long as I don't have to look at him.
कस्स ण सद्धा गरुअत्तणम्मि पइणो पसाअमाणस्स,जइ माणभंजणीओ ण होंति हेमंतराईओ	Love based on pretence, Love based on force, Love based on greed, Love based on compliance —Honor to them all!
अव्वो तहिंतहिं चिअ गअणे भमिऊण वीसमंतेण,वोहित्तवाअसेण व्व हासिआ डड्ढपेम्मेण	Who would not love to be tough on a cringing husband But for the long winter nights That erode one's pride?
दे आ दुमसु तुमं चिय मा परिहर पुत्ति पढमदुमियं ति,किं कुड्डं णिअमुहअंदकंतिदुमिअं ण लक्खेसि	O! What a fool Love has made of me, As when the ship's crow Circles the whole heaven Only to settle on the ship again.
विज्जंति तणुं उवणेंति वेअणं णेयताण खयमग्गे,अब्बो अइट्ठपुव्वो अणंगबाणाण माहप्पो	Hey there, daughter— Keep on whitewashing that wall. Don't stop because you think the job's already done. Can't you see? It's the moonlight of your face That makes it look so white.
आमोडऊण बलाउ हत्थं मज्झं गओ सि भो पहिअ,हिअआउ जइ अ णीहसि सामत्थं तुज्झ जाणिस्सं	They pierce one's body, Cause pain But without making wounds. Ah! Love's arrows are unique.
सद्धा मे तुज्झ पियत्तणस्स अहयं तु तं ण याणामि,दे पसिय तुमं चिय सिक्खवेसु जह ते पिया होमि	Having wrenched yourself from my grip You left for the road, But only when you manage to escape from my heart as well Will I acknowledge your power.
पेम्मुम्मइयाइ मए उवऊढो हलियउत्तबुद्धीए,फंसेमि जाव फरुसो तणपुरिसो गामसीमाए	Blind with love I threw my arms around him, Taking him for a farmer's boy. But when I touched him He was just a spiky scarecrow At the village boundary.
बे मग्गा धरणियले माणिणि माणोण्णयाण पुरिसाण,अहवा पावंति सिरिं अहव भमंता समप्पंति	Proud woman, Here on earth two ways are open To people who are proud and haughty: Either they find a treasure Or they are pilgrims of love For the rest of their lives.
कत्तो कमलाण रई कत्तो कुमुयाण सीअलो चंदो,तह सज्जणाण णेहो ण चलइ दूरट्ठिआणं पि	What has the hot sun, Which makes the lotuses unfold, In common with the cool moon Which makes the water lilies unfold? It's as with a good man's affection, Which does not alter However far away he may be.
ढंखरसेसो वि हु महुअरेण मुक्को ण मालईविडवो,दरवियसियकलियामोयबहलिमं संभरंतेण	Though the twigs were completely bare, The bees clung to the jasmine, Savoring the memory of the scent Which burst from the buds that had been there.
डहिऊण सयलरण्णं अग्गी समविसमलंघणुव्वायो,तडलंबंततणेहिं तिसिय व्व णइं समोसरइ	After burning the entire forest The fire was worn out With crossing hill and plain. So, holding on to the grass that grew on the steep bank, It went down to the river for a drink.
रअणायरस्स साहेमि णम्मए अज्ज मुक्कदक्खिण्णा,वेडिसलयाहरंतेण मिलिया जं सि पूरेण	River-nymph Narmadā, Today I will put discretion aside And tell your husband, the sea, How you had a rendezvous with the stream In a bower of reeds.
तिसिया पियउ त्ति मओ मओ वि तिसिओ मई करेऊण,इय मयमिहुणं तिसियं पियइ ण सलिलं सिणेहेण	The stag thought that she was more thirsty than he And the doe thought that he was more thirsty than she. In this way the thirsty couple Out of consideration for each other Did not drink at all!
णिवडिहिसि सुण्णहियए जलहरजलपंकिलम्मि मग्गम्मि,उप्पेक्खागयपिययमहत्थे हत्थं पसारेंती	Watch out! The path is slippery after today's shower. If you grope for the hand of your lover Whom you imagine is standing beside you, You are bound to fall over.
उच्छंगियाऎ पइणा अहिसारणपंकमलिणपेरंते,आसण्णपरियणो विअ सेअ च्चिय धुवइ से पाए	As soon as her husband took her on his lap Sweat poured from her Like an attentive servant, Washing the mud of last night's assignation From her feet.
अणुसोयइ हलियबहू रइकिरणोलुग्गपंडुरच्छायं,रण्णुंदुरदंतुक्खुत्तविसमवलियं तिलच्छेत्तं	The plowman's wife bemoans the sesame field, Bleached by the rays of the sun And pockmarked by the burrowing of field mice.
कमलायराण उण्हो हेमंतो सीअलो जणवयस्स,को किर भिण्णसहावं जाणइ परमत्थयं लोए	Who needs a blanket, Who needs a fire, And who needs a bedchamber, If he has a wife with warm breasts Lying snug against his chest?
पढमं चिय माहवपट्टयं व घेत्तूण डाहिणो वाओ,अंकोल्लपढमवत्तं पहिंडिओ गामरच्छासु	As though seizing the first sign of spring, The south wind whirls the first aṃkolla leaf Through the village streets.
सो माणो पियमुहअंददंसणे कह थिरो धरिज्जिहइ,अंकोल्लकोरआण वि जो फुट्टमुहाण बीहेइ	How is this pride going to stand its ground At the sight of the beloved's face If it is already alarmed By the burgeoning buds of the aṃkolla?
कारणगहिओ वि मए माणो एमेअ जं समोसरियो,अत्थक्कफुल्ल अंकोल्ल तुज्झ तं मत्थए पडउ	That my sulking mood, Which was completely justified, Disappeared just like that, Is entirely your doing, Aṃkolla plant, As you unexpectedly started to blossom
दूरपइण्णपरिमलं सपल्लवं मुद्धपुप्फपंगुरणं,अंगच्छित्तं पिव वम्महेण दिण्णं महुसिरीए	Spring offers her body With its drifting fragrance, Leafspray fingers, And cloak of tender flowers As a playground To the God of Love.
कारणगहिअं पि इमा माणं मोएइ माणिणिअणस्स,सहयारमंजरी पियसहि व्व कण्णे समल्लीणा	This mango bud Hanging from her ear, Like a dear friend whispering good advice, Succeeds in banishing sulkiness, However justified it may be.
अज्जं चिय छणदिअहो मा पुत्ति रुएहि एहइ पिओ त्ति,सुण्हं आसासंती पडियत्तमुही रुवइ सासू	"""My daughter, stop crying. He will come. For he has never before missed today's fair."" With these empty words She reassured her son's wife, Turning her face away To hide her tears."
गुणसालिणो वि करिणो होहइ जूहाहिवत्तणं कत्तो,णवसालिकवललोहिल्लिआऎ विंझं मुअंतस्स	How can an elephant Ever become leader of the herd If he leaves the Vindhya With its wild rice For the sake of a mouthful of rice From a paddy field?
णक्खमऊहेसु खणं कुसुमेसु खणं खणं किसलएसु,हत्थेसु खणं कुसुमोच्चियाइ लोडाविया भसला	One moment the bees are hovering Over the bright fingernails Of the girl picking flowers, The next over the flowers, The next over the shoots, And the next over the girl's hands.
जीहाइ परं लिब्भइ दंतोट्ठेणं ण तीरए गहिउं,अहरो व्व सव्वणो गोहणेण पढमो तणुच्छेओ	Unable to grip the new blade of grass With its teeth or lips, The cow merely licks it with its tongue As one does a bruised lip.
विलासणिगुरुणिअंवो तीरउ चलणेहि दोहि उव्वहिउं,एआई उण मज्झो थणभारं कइ णु उव्वहि	It takes two feet to support the woman's broad hips. So how can her waist on its own Support her heavy breasts?
वारिज्जंती णवकोमुइ त्ति मा पुत्ति अंगणे सुवसु,मा ते अंवुपिसाओ चंदो त्ति मुहं गसिज्जिहिइ	Daughter, be warned: It's a new moon. So do not sleep in the courtyard tonight Lest the moon-eating demon swallow your face by mistake.
सुव्वंतो आसि परंपराइ कहकह वि दिट्ठिमिलिओ ऽसि,दे सुहअ किं पि जंपसु पिअंतु कण्णाइ मे अमिअं	I have heard so much about you from others And now at last I see you with my own eyes. Please, my dear, say something So that my ears, too, may drink nectar.
रोआविअ म्ह माए अंगणपहिएण दरपसुत्तेण,परिवत्तसु माणिणि माणिणि त्ति सिविणे भणंतेण	"Mother, if you ask me what made me cry, It's that traveler dozing in our courtyard Who in his dream pleaded: ""Stop being angry, Please stop being angry and turn over."""
सरहसविणिग्गआइ वि इच्छाइ तुमं ण तीअ सच्चविओ,सीसाहअवलिअभुअंगवंकरच्छे हअग्गामे	Though she ran out quickly She failed to spot you. In this damned village the street twists Like a snake hit on the head.
सा तुह विरहे णिक्किव संधारिज्जइ सहीहि णिउणाहि,चंडालहत्थगअसउणिअ व्व जीए णिरालंवा	In your absence, cruel man, She is as helpless as a bird in the hands of a fowler And is only kept alive by her understanding friends.
अणुराअरअणभरिअं कंचणकलस व्व तरुणिथणवट्टं,तस्स चिअ मुहम्मि किआ मसिमुद्दा मअणराएण	The girl's breasts Are like golden pots filled with the jewels of affection. In the middle of each King Love has set his dark seal.
गाहाण अ गेआण अ तन्तीसद्दाण पोढमहिलाण,ताणं सो च्चिअ दण्डो जे ताण रसं ण आणंति	Poems, songs, the sound of the lute, And impudent women, To men who have no taste for such things They are a punishment.
लडहविलआण लोअणकडक्खविक्खेवजणिअसंदावा,झिज्जंति महासत्ता चित्तुव्वेअणसहा होंति	The pain inflicted by the sidelong glances Of seductive women —Saints suffer it too But they master their emotions.
अव्वो ण आमि छेत्तं खज्जउ साली वि कीरणिवहेहिं,जाणंता अवि पहिआ पुच्छंति पुणोपुणो मग्गं	I won't go to the field. What do I care if the parrots eat all the paddy. Whenever I'm there Travelers keep asking me the way Which they know perfectly well.
अत्थक्कागअदिट्ठे वहुआ जामादुअम्मि गुरुपुरओ,जूरइ णिवडंताणं हरिसविफंदंतवलआणं	Surprised by her husband's arrival At her parents' house, The girl was annoyed with her bracelets For dancing up and down her arms And threatening to slip off.
एह इमीअ णिअच्छह विम्हिअहिअआ सही पुलोएइ,अद्दाअम्मि कवोलं कवोलपट्टम्मि अद्दाअं	How surprised the girl is To see her friend's cheek in the mirror And the mirror in her cheek.
कइआ जाआ कइआ णु सिक्खिआ माइआ हअकुमारी,तंतं जाणइ सव्वं जंजं महिलाऒ जाणंति	How old is she, This damned girl? And when did she learn it all? She already knows everything That a mature woman knows.
खणपिट्ठधूसरत्थणि महुमअतंबच्छि कुवलआभरणे,कण्णगअचूअमंजरि पुत्ति तुए मंडिओ गामो	Young girl, On this day of Holê —Your breasts dusted with flour, Your eyes red from too much liquor, A lotus stuck in your hair And mango shoots behind your ears— You are a credit to our village.
मग्गिअलद्धे बलमोडिचुंबिए अप्पणेण उवणीदे,एक्कम्मि पिआअहरे अण्णण्णा होंति रसहेआ	One time you get them only after a long search, At another you kiss them after a struggle, At yet another they are freely offered —One pair of lover's lips Is an inexhaustible source of delights.
उप्फुल्ललोअणेणं कवोलबोसट्टमाणसेएणं,अहणंतेण वि भणिआ मुहेण से कज्जणिव्वुत्ती	By her wide open eyes, By the sweat streaming down her cheeks, The woman said without saying a word That her part of the business was fulfilled.
जत्थ ण उज्जागरओ जत्थ ण ईसा विसूरणं माणो,सब्भावचाडुअं जत्थ ण त्थि णेहो तहिं ण त्थि	Where there is no wakefulness, Jealousy, strife, sulking, And good old flattery, There no love is either.
मह पइणा थणजुअले पत्तं लिहिअं ति गव्विआ कीस,आलिहइ महं पि पिओ जइ से कंपो च्चिअ ण होइ	Why so proud About your husband having painted a pattern On your breasts? My husband would have done the same If his hand had not trembled so much.
कण्णे पडिअं हिअए पडिअं चिअ ओ मए अभव्वाए,जामि त्ति तुज्झ वअणं किं व ण सहिअं पवासस्स	"They fell on my ear And struck at my heart —Oh what more can I suffer?— Your parting words: ""I'm off."""
समपंथपत्थिअस्स वि पहिअस्स खलंति पुढमदिअहम्मि,हिअअट्ठिअजाआगुरुणिअंवहारेण व पआइ	On the very first day of his journey The traveler stumbled, Though the path was smooth, As if hampered by the heavy buttocks Of the wife he already missed.
संदेसो वि ण लिहिओ लेहे पहिएण कत्थ घरतत्ती,अणवरअलिहिअगेहिणिगोत्तक्खरपूरिए पत्ते	The traveler had written nothing about himself Nor asked how things were at home. The palm leaf was covered all over with the syllables of his wife's name Endlessly repeated.
जह दिअहविरामो णवसिरीसगंधुद्धुराणिलग्घविओ,पहिअघरिणीअ ण तहा तवेइ तिव्वो वि मज्झण्हो	While her husband was abroad The fierce midday sun Did not torment the lonely wife So much as the evening breeze Wafting the scent of fresh acacia blooms.
चिरपवसिअदइअकहा णिउणाहि सहीहि विरहसहणत्थं,अलिआ अवि अवराहा वहूऎ कमसो कहिज्जंति	To help the young wife bear being parted Her ingenious friends tell her tales Of lovers' long absences, Listing the various ways they cause hurt, Some quite imaginary.
जंजं पउत्थपइआ पिअअमणामक्खरं लिहइ लेहे,तंतं तल्लेहणिआणुसारगलिओ पुसइ सेओ	Each time she tries to write a letter To her husband on his travels The drops of sweat running down her pen Blot out the syllables of his dear name.
अच्छउ णिमीलिअच्छी मा मा वारेह पिअअमासाए,तेण विणा किं पेच्छउ उम्मिल्लेहिं वि अच्छीहिं	Let her sit with eyes closed, Dreaming of her husband. For until he returns What is there for her to look at With her eyes open?
जइ देव्व तुं पसण्णो मा करिहिसि मज्झ माणुसं जम्मं,जइ जम्मं मा पेम्मं जइ पेम्मं मा जणे दुलहे	Fate, Please, don't let me be born as a human again. But if it must be, Then don't let me fall in love. But if it must be, Then don't let me fall in love With a man who is so hard to get.
एक्के अअणे दिअहा वीए रअणीऒ होंति दीहाओ,विरहाअणो अपुव्वो एत्थ दुवे च्चेअ वड्ढंति	For half the year the nights are long, For the other half the days. Separation confuses everything As both its days and nights are long.
चिरजीवित्तणकंखिरि मा तम्म रसाअणेहि अथिरेहि,विरहं पवज्ज जाअंति जेण जुअदीहरा दिअहा	If you want to live long Do not trouble about dubious elixirs. Just arrange for your lover to go away, Then the days grow long as eons.
रुअइ रुअंतीऎ मए ओहिदिणे गणइ झिज्जइ अहं व,पिअविरहे मामि सअज्झिआऎ णेहो च्चिअ अपुव्वो	She shares my tears, Counts off each day, And grows as thin as I do While my husband is away. Aunt, the concern my neighbor shows Is quite extraordinary.
कंठग्गहणेण सअज्झिआऎ अब्भागओवआरेण,वहुआऎ पइम्मि वि आगअम्मि सामं मुहं जाअं	As the woman from next door Threw her arms around him To welcome him home, The wife's face grew dark Despite her husband's return.
दूई ण एइ चंदो वि उग्गओ जामिणी वि बोलेइ,सव्वं सव्वत्थो च्चिअ विसंठुलं कस्स किं भणिमो	The messenger is late, The moon is high, And the night is passing. Everything's awry But to whom can I complain?
सो णा ऽगओ त्ति पेच्छह परिहासुल्लाविरीऎ दूईए,णूमंतीअ पहरिसो ओसट्टइ गंडपासेसु	"""He's not coming,"" Teased the go-between. But look: Despite her feigning, A thrill of excitement Steals over her face."
साहेंती सहि सुहअं खणेखणे दूमिआ सि मज्झ कए,सब्भावणेहकरणिज्जसरिसअं दाव विरइअं तुमए	Addressing my lover again and again. Dear friend, all this trouble for my sake. What you do You seem to do out of true love.
जं तुह कज्जं तं चिअ कज्जं मज्झ त्ति जं सआ भणसि,ओ दूइ सच्चवअणे अज्ज सि पारं गआ तस्स	"You always say: ""Your business is my business,"" But today, dear go-between, You've taken it all too literally And gone too far."
णवलअपहरुत्तत्थाऎ तं कअं हलिअवहुआए,जं अज्ज वि जुवइजणो घरेघरे सिक्खिउं महइ	What the young farmer's wife only does After being threatened with a twig Every young maiden In every household Would love to be taught.
पइपुरओ च्चिअ रभसेण चुंबिओ देवरो अडअणाए,मह वअणं मइरागंधिअं ति हाआ तुहं भणइ	Before her husband's eyes The brazen woman passionately kissed his brother's mouth. She said she did so because he'd said That her mouth smelt of drink.
तह अडअणाऎ रुण्णं पइमरणे बाहरुद्धकंठीए,अणुमरणसंकिणो जह जारस्स वि संकिअं हिअअं	The false woman bewailed her dead husband With such choking sobs That even her lover was afraid She might join him on the pyre.
महुएहि किं व वालअ हरसि णिअंबाहि जइ वि मे सिअअं,साहामि कस्स रण्णे दूरे गामो अहं एक्का	Why waste your time with sweetwood flowers, You silly? Just pull the skirt from my hips. Whom can I call to in this wood? The village is a long way off And I am all by myself.
अव्वो कालस्स गई सो वि जुआ सरसकव्वदुल्ललिओ,पढइ परासरसद्दं अम्हे वि णिअं पइं गमिमो	Oh! the passage of time: This young man, Weary of passionate poems, Now studies law While we. . . We stick to our husbands.
भणभण जंजं पडिहाइ तुज्झ तंतं सहामिमो अम्हे,असहत्तणं च जीअं च वल्लभे दोइ ण घडंति	Say what you like: I can take it. For being touchy And living with the man one loves Are two things that don't go together.
एअं चिअ मह णामं भणभण दे सुहअ किं विलक्खो सि,पडिहाइ जं ण तुज्झ वि ममं पि किं देण णामेण	Is that to be my name? Use it, darling, use it: Don't be embarrassed. If my name doesn't appeal to you What use is it to me?
मा वेलवेसु बहुअं पुत्तअ अलिएहि गोत्तेहिं,एसा वि जाणइ च्चिअ परिहासुम्मिस्सभणिआइं	My son, don't overdo That joke of calling her by another woman's name. Your wife also knows how to be funny.
अइ चंडि किं ण पेच्छसि जइ सो वाहरइ अण्णगोत्तेण,अह दे इच्छइ मच्छरपणच्चिअच्छं मुहं दट्ठुं	Hey! you angry girl, Don't you see That when he calls you by the wrong name It's only because he wants to see your eyes Rolling with jealousy?
वेआरिज्जसि मुद्धे गोत्तक्खलिएहि मा खु तुं रुवसु,किं व ण पेच्छइ अण्णह एद्दहमेत्तेहि अच्छीहिं	Foolish girl, you're in a muddle. His getting your name wrong Is nothing to cry about. What do you think? With those big eyes He could never have made such a mistake.
एक्कसअणम्मि सुमुही विमुही गरुएण माणबंधेण,सिविणकलहम्मि होंती परम्मुही सम्मुही जाआ	Wrapped in her feelings of resentment She turned her lovely face away And fell fast asleep on our bed. But continuing the tiff in dream She turned away again And so came face to face with me.
ण वि तह तक्खणसुअमण्णुदुक्खविअणाऒ वि रुवंति,जह दिट्ठम्मि पिअअमे अणुणिज्जंतीऒ तरुणीऒ	The grief and anger they suffer At the moment they hear about their husbands' lapses Do not make young women cry so loud As when the husbands appear in person And ask to be forgiven.
हिअए रोसुक्खित्तं पाअपहारं सिरेण पत्थंतो,ण हओ दइओ माणंसिणीऎ थोरंसुअं रुण्णं	As her lover begs To be kicked on the head, The angry woman Stops her foot in midair And sheds big tears.
दावंतेण तुह मुहं भुमआभंगम्मि होंतणवसोहं,अकएण उवकअं अज्ज मण्णुणा मज्झ पसिअच्छि	Long-eyed girl, The effect of your anger Was completely annulled By the unusual beauty of your face As you frowned.
अइ पीणत्थणउत्थंभिआणणे सुअणु सुणसु मह वअणं,अथिरम्मि जुज्जइ ण जोव्वणम्मि माणो पिए कादुं	You there, with the big breasts Propping your face up, Pay attention to what I say: Youth does not last forever. So don't look down your nose At your lover.
पडिवक्खस्स वि पुरओ समुहं भणिआ सि तेण पसिअ त्ति,अवलंबिअस्स माणिणि माणस्स अ किं फलं अण्णं	"Face to face and right in front of your rival He begged you: ""Be nice to me again."" What more do you expect From persisting in your anger?"
कज्जं विणा वि कअमाणडंबरा पुलअभिण्णसव्वंगी,उज्जल्लालिंगणसोक्खलालसा पुत्ति मुणिआ सि	This is just a show of anger: There is no cause for it at all. Besides, you're covered with gooseflesh. Anyone can see, silly girl, That what you want is the pleasure Of a passionate embrace.
हंहो किं व ण दिट्ठं हला मए जीविअं धरंतीए,सो मं अणुणेइ पिओ अहं पि अणुणिज्जिमि हआसा	Ah, the horrors I have to witness By staying alive: Him groveling in front of me And my wretched self giving in to it.
ता सोक्खं ताव रई ता रणरणअस्स ण त्थि ओआसो,जा दुक्खेक्कणिहाणे ण होइ बहुवल्लहे पेम्मं	There is pleasure, There is delight, And there is no cause for regret As long as one does not fall in love With a man popular with women. For such a man is one big storehouse of trouble.
माणहरिएहि गंतुं ण तीरए सो णएइ अवराही,को वि अपत्थिअमुणिओ णेज्जं मंतं व आणेज्ज	Those weighed down by the burden of sulking Cannot move And obviously he feels too guilty to come. So I am waiting for someone Who, unasked and of his own accord, Will bring him to me or me to him.
उव्वहइ दइअगहिआ हरोट्ठझिज्जंतकोवगअराअं,पाणोसरंतमइरं व फलिहचसअं मुहं बाला	When he kisses her passionately on the mouth The red flush of anger disappears from her face Like wine draining from a crystal goblet.
तइआ मह गंडत्थलणिमिअं दिट्ठिं ण णेसि अण्णत्तो,एण्हिं स च्चेअ अहं ते अ कवोला ण सा दिट्ठी	Not so long ago your eyes were glued to my cheeks, They could not look away. I am still the same as then, So are the cheeks, Not so your eyes.
अलिअकुविअं पि कअमंतुअं व मं जेसु सुहअ अणुणेंतो,ताण दिअहाण हरणे रुआमि ण उणो अहं कुविआ	If I think again of those days When I acted as though I were hurt And you tried to pacify me As if I were really angry, I have to cry And am unable to become angry.
आम तुह णा ऽवराहो पिअअम मे लोअणाण इह दोसो,माणासहम्मि चडुलेहि वासिओ जेहि हिअअम्मि	No, you are not to blame, my dear, It's the fault of my own fond eyes That let you into my heart, And of my heart That does not know how to sulk.
को सुहअ तुज्झ दोसो हअहिअअं णिट्ठुरं मज्झ,पेच्छसि अणिमिसणअणो जंपसि विणअं ण जंपसे पिट्ठं	How are you to blame? It is my wretched heart that is hard. You always look me straight in the eye, Always speak gently, And never turn your back on me.
वच्च मह च्चिअ एक्काऎ होंतु णीसासरोइअव्वाइ,मा तुज्झ वि तीऎ विणा दक्खिण्णहअस्स जाणीअंतु	Go and leave me To my tears and sighs, Lest you suffer the same as I When she leaves you On account of your showing me Such consideration.
अणुवत्तंतो अम्हारिसं जणं आहिजाईए,चिंतेसि उणो हिअए अणाहिजाई सुहं जअइ	"Doing your best out of politeness To be nice to the likes of us, In your heart you must be thinking ""To hell with politeness."""
हुं णिल्लज्ज समोसर तं चिअ अणुणेसु जीऎ दे एअं,पाअंग्ụट्ठालत्तअरसेण तिलअं विणिम्मविअं	Have you no shame? Get away, go and fawn on the woman Who, with the lac on her toenail, Put this red dot On your forehead.
सा वसइ तुज्झ हिअए स च्चिअ अच्छीसु सा अ सिविणेसु,अम्हारिसाण सुंदर ओआसो कत्थ पावाण	She dwells in your heart, In your eyes and in your dreams, Where then, Mr Handsome, Is there room for a poor wretch like me?
तण्हा मे तुज्झ पिअत्तणस्स कह तं ति णो हि जाणामो,दे सुहअ तुमं चिअ सिक्खवेसु जह दे पिआ होमि	I long to be dear to you But do not know how. Teach me yourself How to be loved.
मलिणवसणाण किअवणिआणं आपंडुगंडपालीणं,पुप्फवइआण कामो अंगेसु कआउहो वसइ	Once in a month The God of Love, fully armed, Resides in women whose clothes are stained, Whose hair is tied in ugly braids, And whose cheeks are pallid.
पुप्फवइअ म्हि बालअ मा चिवसु अदीहराउसो होसि,अज्जं चेअ मरिज्जउ मअच्छि किं कालहरणेण	"""Fool, don't you see I'm having my period. Don't touch me If you value your life."" I am ready to die right away, Deer-eyed woman, So why waste time?"
वाणिअअ हत्थिदंता कत्तो अम्हाण वग्घकत्तीओ,जाव लुलिआलअमुही घरम्मि परिसक्कए सोण्हा	Merchant, How are we to supply elephant tusks And tiger skins While my daughter-in-law walks about the house Waggling her bottom And with her hair hanging loose around her face?
णिअदइअदंसणूसुअ पंथिअ अण्णेण वच्चसु पहेण,घरवइधूआ दुल्लं घवाउरा ठाइ हअगामे	Traveler, If you ever want to see your wife again, You'd better take another road. For here in this wretched village The landowner's daughter In her desperation, Is fishing with a very wide net.
उच्चिणसु पडिअकुसुमं मा धुण सेहालिअं हलिअसुण्हे,एस अवसाणविरसो ससुरेण सुओ वलअसद्दो	Just gather the fallen flowers, (aloud) But do not shake the jasmine bush. Your father-in-law can hear (whispered) The monotonous jingle of your bracelets.
सव्वे जीवा एक्का भावं।	All living beings have the same nature.
अहिंसा परमो धम्मो।	Non-violence is the supreme religion.
सच्चं मेवा।	Truth alone triumphs.
धम्मं सरणं पवज्जामि।	I take refuge in the Dharma.
सव्वं दु:खं।	Everything is suffering.
पाणे भयं न अणुच्छावइ।	Do not inflict fear on living beings.
लोए कज्जं करोइ।	One must perform duties in the world.
तवो सुज्झे, ज्ञाणं पवज्जे।	Through penance, one purifies, and through knowledge, one renounces.
सव्वे खत्ता सुखाय।	All seek happiness.
जिण्णं जीवं।	Life is impermanent.
नत्थि सच्चं परं।	There is no truth beyond truth.
बुद्धं सरणं पवज्जामि।	I take refuge in the enlightened one.
सव्वे संसारं भवति।	All are bound by the cycle of birth.
अण्णं मिच्छामि दुःखं।	I seek forgiveness for my faults.
लोका सव्वेणं इच्छंति।	Everyone desires happiness.
सुहं मणुस्सत्थं।	Blessed is the human birth.
पंचमहाव्रता संकिला।	The five great vows are pure.
सव्वं जिणं सस्स।	Everything is conquerable through detachment.
पराणे न हिंसाय।	Do not harm any living being.
लोए अहिंसा कयालिय।	Non-violence is the foundation of the world.
विज्जा सव्वं दुःखं।	Knowledge is the remover of all suffering.
समणं सव्वं जण्णं।	Renunciation leads to wisdom.
जीवं पिआयं।	Life is dear to all.
सम्मं पंचकारेणं।	Perform all actions with right intention.
वज्जं सव्वेसु खत्तेहि।	The wise avoid all faults.
अण्णं विणा सव्वं दुक्खं।	Without wisdom, all is suffering.
सच्चं जाणइ धम्मेणं।	Truth is realized through Dharma.
लोयत्तं सव्वेणं हवे।	Detachment is the essence of all.
जो मिच्छत्तं जाणइ सो णरो सुद्धो।	He who understands wrong views becomes pure.
पुणो सव्वं अहं जाणेमि।	I will know everything again.
इयं लोए उवसंतो।	Calmness prevails in this world.
मरणं सोहिणी।	Death is the ultimate truth.
पंचव्रती सव्वं जिणं।	He who follows the five vows conquers all.
तवो सुगमं।	Penance is the right path.
जं जाणइ सो सव्वं जाणइ।	What one knows, one knows all.
परमं सच्चं अहिंसा।	The supreme truth is non-violence.
खत्ता जीवा परं भावं।	Beings attain the supreme state.
पाणे जीवं सव्वं जाणइ।	The soul knows all life.
पुणो सव्वं सच्चं जाणेमि।	I will know all truth again.
धम्मेणं पवज्जति सव्वं दुक्खं।	Through Dharma, all suffering is renounced.
सो जाणइ अहिंसा महत्तं।	He understands the greatness of non-violence.
णं दुक्खं परमं जाणेमि।	I know that suffering is ultimate.
सव्वं जीवं मणुस्सत्तं।	All beings desire human life.
वज्जं सव्वं सव्वेसु जाणेमि।	I know the faults in all.
मिच्छत्तं न जाणइ सव्वं।	The wrong views are not to be followed.
अण्णं पवित्तं जाणेमि।	I know purity alone.
अहिंसा सव्वं सुदं।	Non-violence is pure.
सो जाणइ समणं।	He knows renunciation.
लोए सव्वं हवे।	Everything is bound to the world.
सव्वे जाणइ अहिंसा।	Everyone knows non-violence.
धम्मं पवित्तं जाणेमि।	I know the purity of Dharma.
मरणं जाणइ सोहिणी।	He knows that death is ultimate.
सव्वं दुक्खं मिच्छत्तं।	All suffering arises from wrong views.
सव्वं लोए हवे।	Everything is bound to the world.
पवित्तं जाणइ सव्वं।	He knows purity in all.
पंचव्रती सव्वं जाणइ।	The follower of five vows knows all.
मिच्छत्तं सव्वं जाणइ।	He knows all wrong views.
सव्वं जीवं जाणइ।	He knows all life.
लोए जाणइ धम्मं।	The world knows Dharma.
पंचमहाव्रती जाणइ सव्वं।	The one who observes the five great vows knows all.
सव्वं हवे दुक्खं।	All is suffering.
अण्णं धम्मं जाणेमि।	I know the true Dharma.
लोए जाणइ अहिंसा।	The world knows non-violence.
अहिंसा सव्वं हवे।	Non-violence is everything.
पवित्तं सव्वं जाणइ।	He knows all that is pure.
पंचमहाव्रतं सव्वं जाणइ।	The follower of the five great vows knows everything.
धम्मेणं सव्वं जाणइ।	He knows everything through Dharma.
लोए सव्वं हवे।	Everything is bound to the world.
पवित्तं सव्वं हवे।	All is purity.
अहिंसा हवे सव्वं।	Non-violence is everything.
पंचव्रतं जाणइ सव्वं।	The follower of the five vows knows everything.
मिच्छत्तं हवे सव्वं।	Wrong views dominate everything.
पंचव्रतं हवे सव्वं।	The five vows encompass everything.
धम्मं हवे सव्वं।	Dharma is everything.
सव्वं मिच्छत्तं हवे।	All is dominated by wrong views.
पवित्तं हवे सव्वं।	Purity is everything.
पंचमहाव्रतं हवे सव्वं।	The five great vows are everything.
लोए सव्वं जाणइ।	He knows everything in the world.
मिच्छत्तं सव्वं जाणइ।	He knows all wrong views.
सव्वं लोए हवे।	Everything is bound to the world.
मरणं जाणइ सव्वं।	He knows all death.
लोए पंचव्रतं हवे।	In the world, the five vows are everything.,
मरणं जाणइ सव्वं।	He knows all death.,
जीवणं अहिंसा।	Non-violence is the way of life.,
सव्वं जाणइ लोए।	He knows everything in the world.,
लोए सव्वं जाणइ मिच्छत्तं।	In the world, everything is dominated by wrong views.
मिच्छत्तं जाणइ सव्वं।	He knows all wrong views.,
सव्वं हवे पंचव्रतं।	The five vows encompass everything.,
धम्मे सव्वं जाणइ।	Through Dharma, he knows everything.,
जीवं जाणइ सव्वं।	He knows all life.,
पंचव्रतं हवे धम्मं।	The five vows are bound to Dharma.,
धम्मे पंचव्रती जाणइ।	In Dharma, the follower of the five vows knows everything.,
लोए अहिंसा मणुस्सत्तं।	In the world, non-violence is the greatest.,
सव्वं लोके मिच्छत्तं।	In the world, everything is wrong views.,
अण्णं मिच्छत्तं जाणइ।	He knows delusion alone.,
सव्वं पवित्तं जाणइ लोके।	He knows all purity in the world.,
धम्मं पंचव्रती हवे।	Dharma is where the follower of five vows resides.,
जीवं जाणइ अहिंसा।	He knows all life through non-violence.,
अहिंसा सव्वं मणुस्सत्तं।	Non-violence is the greatest human virtue.,
सव्वं जाणइ पंचव्रती।	The follower of five vows knows everything.,
अहिंसा धम्मे जाणइ।	Non-violence is known through Dharma.,
धम्मं मिच्छत्तं जाणइ।	He knows Dharma and wrong views.,
लोके पंचव्रती सव्वं जाणइ।	In the world, the follower of five vows knows everything.,
सव्वं हवे पंचव्रतं अहिंसा।	Non-violence is everything, through the five vows.,
अण्णं जाणइ सव्वं लोके।	He knows everything, alone in the world.,
सव्वं जाणइ मणुस्सत्तं।	He knows everything about the human state.,
धम्मे पंचमहाव्रती हवे।	In Dharma, the observer of the five great vows is present.,
जीवं मणुस्सत्तं जाणइ।	He knows the value of human life.,
लोए सव्वं जाणइ अहिंसा।	In the world, he knows all through non-violence.,
मणुस्सत्तं हवे सव्वं।	Human life is everything.,
सव्वं पंचव्रती हवे।	The follower of five vows knows everything.,
मिच्छत्तं लोके हवे सव्वं।	In the world, wrong views dominate everything.,
सव्वं हवे लोके पंचव्रतं।	In the world, the five vows encompass everything.,
अहिंसा जाणइ सव्वं पंचव्रतं।	He knows non-violence through the five vows.,
लोके सव्वं अहिंसा हवे।	In the world, non-violence is everything.,
धम्मेणं पंचव्रती जाणइ।	Through Dharma, the follower of five vows knows everything.,
सव्वं पंचमहाव्रती जाणइ।	The observer of the five great vows knows everything.,
लोए सव्वं हवे मणुस्सत्तं।	In the world, human life is everything.,
सव्वं लोके मिच्छत्तं जाणइ।	In the world, everything is dominated by wrong views.,
अण्णं सव्वं मणुस्सत्तं।	He knows everything in the human realm.,
लोए सव्वं अहिंसा जाणइ।	In the world, he knows everything through non-violence.,
धम्मं हवे सव्वं मिच्छत्तं।	Dharma is everything, and wrong views exist.,
सव्वं पंचमहाव्रती जाणइ लोके।	In the world, the observer of the five great vows knows everything.,
लोके अहिंसा हवे सव्वं।	In the world, non-violence is everything.,
अण्णं पंचव्रतं हवे सव्वं।	The five vows are everything in the world.,
लोके अहिंसा हवे पंचव्रतं।	In the world, non-violence and the five vows are everything.,
लोके पंचव्रतं जाणइ सव्वं।	He knows everything about the five vows in the world.,
सव्वं पंचमहाव्रती जाणइ धम्मेणं।	The observer of the five great vows knows everything through Dharma.,
सव्वं लोके पंचव्रतं।	The five vows encompass everything in the world.,
अहिंसा जाणइ सव्वं पंचव्रतं।	He knows non-violence and the five vows.,
धम्मं पंचमहाव्रती जाणइ लोके।	The observer of the five great vows knows everything through Dharma.,
लोके सव्वं अहिंसा पंचव्रतं।	In the world, non-violence and the five vows are everything.,
लोके सव्वं जाणइ पंचमहाव्रतं।	In the world, he knows everything through the five great vows.,
लोके अहिंसा सव्वं जाणइ।	In the world, non-violence encompasses everything.,
अण्णं पंचव्रतं सव्वं जाणइ।	He knows everything through the five vows.,
लोके पंचमहाव्रतं जाणइ सव्वं।	He knows everything about the five great vows in the world.,
सव्वं पंचव्रतं धम्मे जाणइ।	"The five vows are known through Dharma."""
अण्णं लोके पंचव्रतं जाणइ।	"In the world, he knows everything through the five vows."""
लोके पंचमहाव्रतं सव्वं जाणइ।	"He knows everything about the five great vows in the world."""
अण्णं पंचव्रतं धम्मे जाणइ।	He knows everything about the five vows
मिच्छत्तं सव्वं जाणइ।	He knows all wrong views.,
अहिंसा धम्मे जाणइ।	Non-violence is known through Dharma.,
जीवं जाणइ पंचव्रतं।	He knows life through the five vows.,
लोए अहिंसा सव्वं जाणइ।	In the world, non-violence is everything.,
सव्वं पंचव्रती जाणइ।	The follower of five vows knows everything.,
धम्मे पंचमहाव्रती हवे।	In Dharma, the observer of the five great vows resides.,
लोए पंचमहाव्रती जाणइ सव्वं।	In the world, the follower of five great vows knows everything.,
अण्णं पंचव्रतं जाणइ।	He knows everything through the five vows.,
लोके पंचव्रतं सव्वं जाणइ।	In the world, he knows everything about the five vows.,
जीवं पंचव्रतं जाणइ लोके।	He knows life and the five vows in the world.,
धम्मे पंचमहाव्रती जाणइ लोके।	The observer of five great vows knows everything in the world.,
सव्वं पंचमहाव्रती हवे धम्मे।	The observer of five great vows resides in Dharma.,
लोके पंचमहाव्रती जाणइ अहिंसा।	In the world, the observer of five great vows knows non-violence.,
लोए सव्वं जाणइ पंचव्रती।	In the world, the follower of five vows knows everything.,
अहिंसा सव्वं जाणइ पंचव्रतं।	Non-violence is everything through the five vows.,
लोके पंचमहाव्रती अहिंसा जाणइ।	In the world, the observer of five great vows knows non-violence.,
जीवं पंचव्रती जाणइ।	The follower of five vows knows life.,
धम्मे पंचमहाव्रती हवे सव्वं।	The observer of five great vows resides in all of Dharma.,
लोके सव्वं पंचमहाव्रती जाणइ।	In the world, the observer of five great vows knows everything.,
लोके अहिंसा पंचव्रतं जाणइ।	In the world, non-violence and the five vows are known.,
धम्मे पंचमहाव्रतं जाणइ सव्वं।	Through Dharma, everything about the five great vows is known.,
लोए सव्वं पंचव्रती जाणइ।	In the world, the follower of five vows knows everything.,
जीवं पंचव्रती सव्वं जाणइ।	The follower of five vows knows all life.,
लोके पंचमहाव्रती अहिंसा जाणइ।	In the world, the observer of five great vows knows non-violence.,
अहिंसा पंचव्रती सव्वं जाणइ।	The follower of five vows knows all non-violence.,
कम्मं पुण्णं जाणइ।	He knows good karma.,
असणं भवित्तं जाणइ।	He knows what is to be eaten.,
विज्जा सब्बं जाणइ।	He knows all knowledge.,
धम्मे सव्वं मेत्तं जाणइ।	He knows all loving-kindness in Dharma.,
जीवं पवत्तं जाणइ।	He knows the flow of life.,
सत्थं अविरुद्धं जाणइ।	He knows the unopposed weapon.,
सव्वं लोके परं जाणइ।	He knows the other in all worlds.,
जीवं मुणी जाणइ।	The sage knows life.,
विसेसं अणु जाणइ।	He knows the subtlety of difference.,
वाग्दंडं सव्वं जाणइ।	He knows all restraint in speech.,
महत्तं पज्जस्स जाणइ।	He knows the greatness of glory.,
असव्वं अपवत्तं जाणइ।	He knows non-existence and non-activity.,
धम्मे अप्पणं जाणइ।	He knows the soul in Dharma.,
लोए अविरुद्धं जाणइ।	He knows the non-opposed in the world.,
कप्पं संखणं जाणइ।	He knows the eon and its count.,
माणवं सव्वं जाणइ।	He knows all human beings.,
विज्जा परं जाणइ।	He knows the highest knowledge.,
महत्तं सव्वं जाणइ।	He knows all greatness.,
सत्थं अहिंसा जाणइ।	He knows the weapon of non-violence.,
धम्मे परमं जाणइ।	He knows the supreme in Dharma.,
लोए अविरुद्धं धम्मं जाणइ।	He knows the non-opposed Dharma in the world.,
सव्वं अहिंसा जाणइ।	He knows all non-violence.,
जीवं महत्तं जाणइ।	He knows the greatness of life.,
सव्वं विज्जा जाणइ।	He knows all knowledge.,
विज्जा परमं जाणइ।	He knows the highest knowledge.,
धम्मे सव्वं लोके जाणइ।	He knows all Dharma in the world.,
सव्वं कम्मं जाणइ।	He knows all karma.,
विज्जा परमं परं जाणइ।	He knows the ultimate supreme knowledge.,
लोए सव्वं विज्जा जाणइ।	He knows all knowledge in the world.,
धम्मे अविरुद्धं जाणइ।	He knows the non-opposed in Dharma.,
सव्वं परमं लोके जाणइ।	He knows the ultimate in the world.,
जीवं सव्वं धम्मे जाणइ।	He knows all life in Dharma.,
सव्वं अहिंसा धम्मं जाणइ।	He knows all non-violence in Dharma.,
लोके विज्जा सव्वं जाणइ।	He knows all knowledge in the world.,
सव्वं कम्मं परं जाणइ।	He knows the ultimate karma.,
धम्मे अहिंसा विज्जा जाणइ।	He knows non-violence and knowledge in Dharma.,
सव्वं विज्जा धम्मं जाणइ।	He knows all knowledge in Dharma.,
अविरुद्धं विज्जा जाणइ।	He knows the unopposed knowledge.,
जीवं सव्वं अहिंसा जाणइ।	He knows all life through non-violence.,
सव्वं विज्जा धम्मे जाणइ।	He knows all knowledge in Dharma.,
लोए महत्तं विज्जा जाणइ।	He knows the greatness of knowledge in the world.,
विज्जा सव्वं महत्तं जाणइ।	He knows all greatness of knowledge.,
धम्मे सव्वं माणवं जाणइ।	He knows all humanity in Dharma.,
सव्वं विज्जा परं जाणइ।	He knows the supreme in all knowledge.,
लोए विज्जा अहिंसा जाणइ।	He knows non-violence in all knowledge in the world.
कम्मं पुण्णं जाणइ।	He knows good karma.,
असणं भवित्तं जाणइ।	He knows what is to be eaten.,
विज्जा सब्बं जाणइ।	He knows all knowledge.,
धम्मे सव्वं मेत्तं जाणइ।	He knows all loving-kindness in Dharma.,
जीवं पवत्तं जाणइ।	He knows the flow of life.,
सत्थं अविरुद्धं जाणइ।	He knows the unopposed weapon.,
लोए पंचव्रतं सव्वं जाणइ।	In the world, he knows everything about the five vows.,
जीवं पंचव्रतं जाणइ लोके।	He knows life and the five vows in the world.,
धम्मे पंचमहाव्रती जाणइ लोके।	The observer of five great vows knows everything in the world.,
सव्वं पंचमहाव्रती हवे धम्मे।	The observer of five great vows resides in Dharma.,
लोके पंचमहाव्रती जाणइ अहिंसा।	In the world, the observer of five great vows knows non-violence.,
लोए सव्वं जाणइ पंचव्रती।	In the world, the follower of five vows knows everything.,
अहिंसा सव्वं जाणइ पंचव्रतं।	Non-violence is everything through the five vows.,
लोके पंचमहाव्रती अहिंसा जाणइ।	In the world, the observer of five great vows knows non-violence.,
जीवं पंचव्रती जाणइ।	The follower of five vows knows life.,
धम्मे पंचमहाव्रती हवे सव्वं।	The observer of five great vows resides in all of Dharma.,
लोके सव्वं पंचमहाव्रती जाणइ।	In the world, the observer of five great vows knows everything.,
लोके अहिंसा पंचव्रतं जाणइ।	In the world, non-violence and the five vows are known.,
धम्मे पंचमहाव्रतं जाणइ सव्वं।	Through Dharma, everything about the five great vows is known.,
लोए सव्वं पंचव्रती जाणइ।	In the world, the follower of five vows knows everything.,
जीवं पंचव्रती सव्वं जाणइ।	The follower of five vows knows all life.,
लोके पंचमहाव्रती अहिंसा जाणइ।	In the world, the observer of five great vows knows non-violence.,
अहिंसा पंचव्रती सव्वं जाणइ।	The follower of five vows knows all non-violence.,
लोए पंचमहाव्रती धम्मं जाणइ।	In the world, the observer of five great vows knows Dharma.,
सव्वं पंचव्रतं हवे लोके।	The five vows are everything in the world.,
जीवं अहिंसा पंचव्रतं जाणइ।	He knows life, non-violence, and the five vows.,
लोके पंचमहाव्रतं धम्मं जाणइ।	In the world, the observer of five great vows knows Dharma.,
धम्मे पंचव्रती सव्वं जाणइ।	The follower of five vows knows everything through Dharma.,
कम्मं पुण्णं जाणइ।	He knows good karma.,
असणं भवित्तं जाणइ।	He knows what is to be eaten.,
विज्जा सब्बं जाणइ।	He knows all knowledge.,
धम्मे सव्वं मेत्तं जाणइ।	He knows all loving-kindness in Dharma.,
जीवं पवत्तं जाणइ।	He knows the flow of life.,
सत्थं अविरुद्धं जाणइ।	He knows the unopposed weapon.,
लोए पंचव्रतं सव्वं जाणइ।	In the world, he knows everything about the five vows.,
जीवं पंचव्रतं जाणइ लोके।	He knows life and the five vows in the world.,
धम्मे पंचमहाव्रती जाणइ लोके।	The observer of five great vows knows everything in the world.,
सव्वं पंचमहाव्रती हवे धम्मे।	The observer of five great vows resides in Dharma.,
लोके पंचमहाव्रती जाणइ अहिंसा।	In the world, the observer of five great vows knows non-violence.,
लोए सव्वं जाणइ पंचव्रती।	In the world, the follower of five vows knows everything.,
अहिंसा सव्वं जाणइ पंचव्रतं।	Non-violence is everything through the five vows.,
लोके पंचमहाव्रती अहिंसा जाणइ।	In the world, the observer of five great vows knows non-violence.,
जीवं पंचव्रती जाणइ।	The follower of five vows knows life.,
धम्मे पंचमहाव्रती हवे सव्वं।	The observer of five great vows resides in all of Dharma.,
लोके सव्वं पंचमहाव्रती जाणइ।	In the world, the observer of five great vows knows everything.,
लोके अहिंसा पंचव्रतं जाणइ।	In the world, non-violence and the five vows are known.,
धम्मे पंचमहाव्रतं जाणइ सव्वं।	Through Dharma, everything about the five great vows is known.,
लोए सव्वं पंचव्रती जाणइ।	In the world, the follower of five vows knows everything.,
जीवं पंचव्रती सव्वं जाणइ।	The follower of five vows knows all life.,
लोके पंचमहाव्रती अहिंसा जाणइ।	In the world, the observer of five great vows knows non-violence.,
अहिंसा पंचव्रती सव्वं जाणइ।	The follower of five vows knows all non-violence.,
लोए पंचमहाव्रती धम्मं जाणइ।	In the world, the observer of five great vows knows Dharma.,
सव्वं पंचव्रतं हवे लोके।	The five vows are everything in the world.,
जीवं अहिंसा पंचव्रतं जाणइ।	He knows life, non-violence, and the five vows.,
लोके पंचमहाव्रतं धम्मं जाणइ।	In the world, the observer of five great vows knows Dharma.,
धम्मे पंचव्रती सव्वं जाणइ।	The follower of five vows knows everything through Dharma.,
लोके पंचमहाव्रती जाणइ धम्मं।	In the world, the observer of five great vows knows Dharma.,
अहिंसा पंचव्रती जाणइ धम्मं।	The follower of five vows knows non-violence through Dharma.,
जीवं अहिंसा जाणइ पंचमहाव्रतं।	He knows life and non-violence through the five great vows.,
लोके पंचमहाव्रती जाणइ सव्वं।	In the world, the observer of five great vows knows everything.,
सव्वं धम्मे पंचमहाव्रतं जाणइ।	Everything is known in Dharma through the five great vows.,
लोए पंचमहाव्रती धम्मं जाणइ।	In the world, the observer of five great vows knows Dharma.,
जीवं सव्वं जाणइ पंचव्रतं।	He knows all life through the five vows.,
धम्मे पंचमहाव्रती जाणइ सव्वं।	The observer of five great vows knows everything through Dharma.,
लोए सव्वं जाणइ पंचव्रतं।	In the world, everything is known through the five vows.,
अहिंसा पंचव्रती जाणइ धम्मं।	The follower of five vows knows non-violence in Dharma.,
धम्मे पंचमहाव्रतं जाणइ सव्वं।	Everything is known through the five great vows in Dharma.,
लोए पंचव्रती धम्मं जाणइ।	In the world, the follower of five vows knows Dharma.,
जीवं अहिंसा पंचमहाव्रतं जाणइ।	He knows life and non-violence through the five great vows.,
धम्मे पंचमहाव्रती जाणइ सव्वं।	The observer of five great vows knows everything in Dharma.,
अम्हे सव्वे मणुस्सा समाणा, किं तु अम्हाणं कम्माइं विविहाइं।	We are all equal as human beings, but our actions are diverse.,
जीवणे बहुइं दुक्खाइं होंति, परं सुक्खस्स अणुहवो वि होइ।	Life has many sorrows, but there are also experiences of happiness.,
पयडी अम्हाणं माया, तीए रक्खणं कायव्वं सदा।	Nature is our mother, and we must always protect her.,
विज्जा धणं सव्वुत्तमं, जं कयावि ण णस्सइ।	Knowledge is the supreme wealth that can never be lost.,
जेण जेण संजोएण जं जं कम्मं समारद्धं, तं तं पावेइ णियमा।	Whatever action is begun with whatever intention, it surely bears that fruit.,
अहिंसा परमो धम्मो, तस्स पालणं कायव्वं सव्वेहिं।	Non-violence is the supreme dharma, it should be practiced by all.,
सव्वेसिं जीवाणं रक्खणं कायव्वं, ण केवलं मणुस्साणं।	Protection should be given to all living beings, not just humans.,
णाणं च कम्मं च दोण्णि वि महत्तराइं, एएहिं विणा जीवणं णिरत्थयं।	Both knowledge and action are important, life is meaningless without them.,
सव्वे जणा सुहिणो होंतु, सव्वे संतु णिरामया।	May all people be happy, may all be free from illness.,
जहा बीयं तहा फलं, जहा कम्मं तहा फलं।	As the seed, so the fruit; as the action, so the result.,
दाणं देंतो वि लहेइ, परोवयारो परमं सुहं।	One who gives also receives, helping others is the highest happiness.,
सव्वं अणिच्चं, परं णाणं णिच्चं।	Everything is impermanent, but knowledge is eternal.,
जीवणस्स सारो मित्तया, धणेण विणा वि जीविदुं सक्कं।	Friendship is the essence of life, one can live without wealth.,
कोहो दुक्खस्स मूलं, खमा सुहस्स कारणं।	Anger is the root of sorrow, forgiveness is the cause of happiness.,
सव्वं लोयं वसुहा कुडुंबयं, परस्परं रक्खणं कायव्वं।	The whole world is one family, we should protect each other.,
जं किंचि करेमो, तं सव्वं पयडीए अणुकूलं होउ।	Whatever we do, may it all be in harmony with nature.,
सव्वेसिं सुहं इच्छामो, तेण अम्हे वि सुहिणो होमो।	We wish happiness for all, thus we too become happy.,
जीवणं अच्चंतं चंचलं, तेण सदा सच्चं आयरियव्वं।	Life is extremely uncertain, therefore always practice truth.,
जहिं सच्चं तहिं धम्मो, जहिं धम्मो तहिं जओ।	Where there is truth, there is dharma; where there is dharma, there is victory.,
जं किंचि दिस्सइ तं णस्सइ, जं ण दिस्सइ तं सस्सयं।	Whatever is seen perishes, what is unseen is eternal.,
सव्वं दुक्खं सहियव्वं, सव्वं सुक्खं पत्थियव्वं।	All sorrow should be endured, all happiness should be wished for.,
जो सयं पडइ सो सयं उट्ठेइ, परस्स सहाओ ण अपेक्खियव्वो।	One who falls by oneself gets up by oneself, one shouldn't expect help from others.,
जहा चित्तं तहा वाया, जहा वाया तहा किया।	As the mind, so the speech; as the speech, so the action.,
सव्वेसु भूएसु दया कायव्वा, एसो धम्मो सणंतणो।	Compassion should be shown to all beings, this is the eternal dharma.,
जं मणे तं वाए, जं वाए तं कम्मे।	What's in the mind should be in speech, what's in speech should be in action.,
सव्वे जणा सुहिणो होंतु, सव्वे संतु णिरामया।	May all people be happy, may all be free from illness.,
जेण जेण विहीणा तं तं इच्छंति मणुया।	Whatever people lack, that they desire.,
अप्पाणं णिंदसु मा परं, एसो मग्गो विसुद्धीए।	Criticize yourself, not others; this is the path to purity.,
जो धम्मं रक्खइ सो धम्मेण रक्खिज्जइ।	One who protects dharma is protected by dharma.,
सव्वं परवसं दुक्खं, सव्वं अत्तवसं सुहं।	Everything dependent on others is sorrow, everything under one's control is happiness.,
जहा बीयं वुत्तं तहा फलं लब्भइ।	As the seed is sown, so is the fruit obtained.,
सच्चं अमया वाणी, अलियं विसमया वाणी।	Truth is nectar-like speech, falsehood is poison-like speech.,
सव्वेसिं मित्ताइं होंतु, वेराइं केणइ ण होंतु।	May all have friends, may no one have enemies.,
सव्वे जणा सुहिणो होंतु, दुक्खिणो मा होंतु केइ।	May all people be happy, may no one be sorrowful.,
सव्वेसिं कल्लाणं भवतु, सव्वेसिं स्वस्ति भवतु।	May there be well-being for all, may there be prosperity for all.,
जो धम्मं पालेइ सो रक्खिज्जइ।	One who observes dharma is protected.,
जं किंचि करेसि तं सव्वं पेम्मेण कुणसु, एसो जीवणस्स सारो।	Whatever you do, do it all with love; this is the essence of life.,
सव्वेसिं जीवाणं रक्खणं कायव्वं, एसो परमो धम्मो।	Protection of all living beings should be done; this is the highest dharma.,
अप्पसुएण बहुं जाणइ, बहुसुएण अप्पं जाणइ।	With little learning one knows much, with much learning one knows little.,
जो अप्पाणं जिणइ सो सव्वं जिणइ, एसो परमो विजओ।	One who conquers oneself conquers all; this is the supreme victory.,
सव्वं दुक्खं सहियव्वं, सव्वं सुक्खं वंदियव्वं।	All sorrow should be endured, all happiness should be welcomed.,
जहिं सच्चं तहिं धम्मो, जहिं धम्मो तहिं सच्चं।	Where there is truth, there is dharma; where there is dharma, there is truth.,
सव्वेसिं मित्तत्तं इच्छामो, केणइ सह वेरं ण कुणमो।	We desire friendship with all, we make enmity with none.,
जं मणे तं वाए, जं वाए तं कम्मे, एसो सुजणाणं गुणो।	What's in mind should be in speech, what's in speech should be in action; this is the virtue of good people.,
सव्वं लोयं वसुहा कुडुंबयं, परस्परं पेम्मं कायव्वं।	The whole world is one family, mutual love should be practiced.,
जो पयडीए मित्तं सो मणुस्साणं मित्तं, एसो सच्चो पयडीवाओ।	One who is a friend of nature is a friend of humans; this is true environmentalism.,
सव्वेसिं सुहं इच्छंतो सयं सुहं लहइ, एसो कम्मस्स णियमो।	One who wishes happiness for all attains happiness oneself; this is the law of karma.,
जं किंचि दिस्सइ तं णस्सइ, जं ण दिस्सइ तं सस्सयं।	Whatever is seen perishes, what is unseen is eternal.,
सव्वेसु भूएसु दया कायव्वा, एसो धम्मो सणंतणो।	Compassion should be shown to all beings; this is the eternal dharma.,
जहा बीयं तहा रुक्खो, जहा रुक्खो तहा फलं।	As the seed, so the tree; as the tree, so the fruit.,
सव्वं अणिच्चं, परं णाणं णिच्चं, एसो परमो सिद्धंतो।	Everything is impermanent, but knowledge is eternal; this is the supreme principle.,
जो सयं पडइ सो सयं उट्ठेइ, परोवयारं मा अपेक्खसु।	One who falls by oneself rises by oneself; don't expect help from others.,
जेण जेण संजोएण जं जं कम्मं समारद्धं, तं तं पावेइ णियमा।	Whatever action is begun with whatever intention, it surely bears that fruit.,
सव्वं परवसं दुक्खं, सव्वं अत्तवसं सुहं, एसो जीवणस्स सारो।	Everything dependent on others is sorrow, everything under one's control is happiness; this is the essence of life.,
जो धम्मं रक्खइ सो धम्मेण रक्खिज्जइ, एसो धम्मस्स महिमा।	One who protects dharma is protected by dharma; this is the glory of dharma.,
सच्चं अमया वाणी, अलियं विसमया वाणी, सच्चमेव जयइ।	Truth is nectar-like speech, falsehood is poison-like speech; truth alone triumphs.,
जं मणे तं वाए, जं वाए तं कम्मे, एसो उत्तमो आयारो।	What's in mind should be in speech, what's in speech should be in action; this is the best conduct.,
सव्वेसिं मित्ताइं होंतु, वेराइं केणइ ण होंतु, एसो मंगलवाओ।	May all have friends, may no one have enemies; this is an auspicious saying.,
सव्वे जणा सुहिणो होंतु, दुक्खिणो मा होंतु केइ, एसो करुणाभावो।	May all people be happy, may no one be sorrowful; this is the feeling of compassion.,
सव्वेसिं कल्लाणं भवतु, सव्वेसिं स्वस्ति भवतु, एसो सव्वहियत्थो।	May there be well-being for all, may there be prosperity for all; this is for the benefit of all.,
जो धम्मं पालेइ सो रक्खिज्जइ, एसो धम्मस्स फलं।	One who observes dharma is protected; this is the fruit of dharma.,
जो अप्पाणं विणेइ सो लोयं विणेइ, एसो णाणस्स सारो।	One who disciplines oneself disciplines the world; this is the essence of wisdom.,
सव्वं जगं मित्तं मे, ण कोइ सत्तू मे अत्थि।	The whole world is my friend, I have no enemies.,
जहा कम्मं तहा फलं, एसो कम्मस्स सिद्धंतो।	As the action, so the result; this is the principle of karma.,
सव्वेसिं जीवाणं रक्खणं कायव्वं, एसो परमो धम्मो।	Protection of all living beings should be done; this is the highest dharma.,
जं किंचि करेमो, तं सव्वं पयडीए अणुकूलं होउ।	Whatever we do, may it all be in harmony with nature.,
सव्वेसिं सुहं इच्छामो, तेण अम्हे वि सुहिणो होमो।	We wish happiness for all, thus we too become happy.,
जीवणं अच्चंतं चंचलं, तेण सदा सच्चं आयरियव्वं।	Life is extremely uncertain, therefore always practice truth.,
जहिं सच्चं तहिं धम्मो, जहिं धम्मो तहिं जओ।	Where there is truth, there is dharma; where there is dharma, there is victory.,
जं किंचि दिस्सइ तं णस्सइ, जं ण दिस्सइ तं सस्सयं।	Whatever is seen perishes, what is unseen is eternal.,
सव्वं दुक्खं सहियव्वं, सव्वं सुक्खं पत्थियव्वं।	All sorrow should be endured, all happiness should be wished for.,
जो सयं पडइ सो सयं उट्ठेइ, परस्स सहाओ ण अपेक्खियव्वो।	One who falls by oneself gets up by oneself, one shouldn't expect help from others.,
जहा चित्तं तहा वाया, जहा वाया तहा किया।	As the mind, so the speech; as the speech, so the action.
सच्चं बोल्लह, मा अलियं वयह।	Speak the truth, do not lie.,
जहा बीयं तहा फलं।	As the seed, so the fruit.,
सव्वेसिं मित्तो होहि, केणावि सह वेरं मा कुणसु।	Be a friend to all, make enemy of none.,
अप्पाणं जाणह, लोयं जाणह।	Know thyself, know the world.,
खमा वीरस्स भूसणं।	Forgiveness is the ornament of the brave.,
पयडीए रक्खणं कुणह।	Protect nature.,
अहिंसा परमो धम्मो।	Non-violence is the supreme dharma.,
अप्पं भणाहि, बहुं सुणाहि।	Speak little, listen much.,
जहा चिंता तहा वाया।	As the thought, so the speech.,
सव्वं दुक्खं सहियव्वं।	All sorrow should be endured.,
णाणं परमं बलं।	Knowledge is supreme strength.,
कम्मं चेव कारणं।	Action alone is the cause.,
सव्वे जणा सुहिणो होंतु।	May all people be happy.,
सच्चमेव जयइ।	Truth alone triumphs.,
अप्पाणं णिंदसु मा परं।	Criticize yourself, not others.,
सव्वं अणिच्चं, णाणं णिच्चं।	Everything is impermanent, knowledge is permanent.,
जहा मणो तहा वाणी।	As the mind, so the speech.,
सव्वेसिं मित्ताइं होंतु।	May all have friends.,
पेम्मेण सव्वं जयइ।	Love conquers all.,
अप्पसंतोसो महादोसो।	Discontent is a great fault.,
सव्वं परवसं दुक्खं।	All dependence is sorrow.,
जो धम्मं रक्खइ सो रक्खिज्जइ।	One who protects dharma is protected.,
सुहस्स मूलं संतोसो।	Contentment is the root of happiness.,
जहा रूवं तहा गुणो।	As the form, so the quality.,
अप्पाणं जिणह।	Conquer yourself.,
पयडी अम्हाणं माया।	Nature is our mother.,
विज्जा धणं सव्वुत्तमं।	Knowledge is the supreme wealth.,
जेण संतोसो तेण धणं।	One who is content is wealthy.,
सव्वेसु भूएसु दया कायव्वा।	Compassion should be shown to all beings.,
जहा कम्मं तहा फलं।	As the action, so the result.,
जो अप्पाणं जिणइ सो सव्वं जिणइ।	One who conquers oneself conquers all.,
सव्वं लोयं वसुहा कुडुंबयं।	The whole world is one family.,
जं मणे तं वाए।	What's in mind should be in speech.,
सव्वेसिं सुहं इच्छामो।	We wish happiness for all.,
जो पयडीए मित्तं सो मणुस्साणं मित्तं।	Friend of nature is friend of humans.,
सव्वं अणिच्चं, परं णाणं णिच्चं।	Everything is impermanent, but knowledge is eternal.,
जीवणं अच्चंतं चंचलं।	Life is extremely uncertain.,
सव्वेसिं जीवाणं रक्खणं कायव्वं।	Protection of all living beings should be done.,
जहा बीयं वुत्तं तहा फलं लब्भइ।	As the seed is sown, so is the fruit obtained.,
सच्चं अमया वाणी।	Truth is nectar-like speech.,
सव्वेसिं मित्ताइं होंतु, वेराइं केणइ ण होंतु।	May all have friends, may no one have enemies.,
सच्चं बोल्लह, मा अलियं वयह।	Speak the truth, do not lie.,
जहा बीयं तहा फलं।	As the seed, so the fruit.,
सव्वेसिं मित्तो होहि, केणावि सह वेरं मा कुणसु।	Be a friend to all, make enemy of none.,
अप्पाणं जाणह, लोयं जाणह।	Know thyself, know the world.,
खमा वीरस्स भूसणं।	Forgiveness is the ornament of the brave.,
पयडीए रक्खणं कुणह।	Protect nature.,
अहिंसा परमो धम्मो।	Non-violence is the supreme dharma.,
अप्पं भणाहि, बहुं सुणाहि।	Speak little, listen much.,
जहा चिंता तहा वाया।	As the thought, so the speech.,
सव्वं दुक्खं सहियव्वं।	All sorrow should be endured.,
णाणं परमं बलं।	Knowledge is supreme strength.,
कम्मं चेव कारणं।	Action alone is the cause.,
सव्वे जणा सुहिणो होंतु।	May all people be happy.,
सच्चमेव जयइ।	Truth alone triumphs.,
अप्पाणं णिंदसु मा परं।	Criticize yourself, not others.,
सव्वं अणिच्चं, णाणं णिच्चं।	Everything is impermanent, knowledge is permanent.,
जहा मणो तहा वाणी।	As the mind, so the speech.,
सव्वेसिं मित्ताइं होंतु।	May all have friends.,
पेम्मेण सव्वं जयइ।	Love conquers all.,
अप्पसंतोसो महादोसो।	Discontent is a great fault.,
सव्वं परवसं दुक्खं।	All dependence is sorrow.,
जो धम्मं रक्खइ सो रक्खिज्जइ।	One who protects dharma is protected.,
सुहस्स मूलं संतोसो।	Contentment is the root of happiness.,
जहा रूवं तहा गुणो।	As the form, so the quality.,
अप्पाणं जिणह।	Conquer yourself.,
पयडी अम्हाणं माया।	Nature is our mother.,
विज्जा धणं सव्वुत्तमं।	Knowledge is the supreme wealth.,
जेण संतोसो तेण धणं।	One who is content is wealthy.,
सव्वेसु भूएसु दया कायव्वा।	Compassion should be shown to all beings.,
जहा कम्मं तहा फलं।	As the action, so the result.,
जो अप्पाणं जिणइ सो सव्वं जिणइ।	One who conquers oneself conquers all.,
सव्वं लोयं वसुहा कुडुंबयं।	The whole world is one family.,
जं मणे तं वाए।	What's in mind should be in speech.,
सव्वेसिं सुहं इच्छामो।	We wish happiness for all.,
जो पयडीए मित्तं सो मणुस्साणं मित्तं।	Friend of nature is friend of humans.,
सव्वं अणिच्चं, परं णाणं णिच्चं।	Everything is impermanent, but knowledge is eternal.,
जीवणं अच्चंतं चंचलं।	Life is extremely uncertain.,
सव्वेसिं जीवाणं रक्खणं कायव्वं।	Protection of all living beings should be done.,
जहा बीयं वुत्तं तहा फलं लब्भइ।	As the seed is sown, so is the fruit obtained.,
सच्चं अमया वाणी।	Truth is nectar-like speech.,
सव्वेसिं मित्ताइं होंतु, वेराइं केणइ ण होंतु।	May all have friends, may no one have enemies.,
अप्पसुएण बहुं जाणइ।	With little learning, one knows much.,
जो सयं पडइ सो सयं उट्ठेइ।	One who falls by oneself rises by oneself.,
जहा चित्तं तहा वाया।	As the mind, so the speech.,
जेण जेण विहीणा तं तं इच्छंति।	Whatever people lack, that they desire.,
जो धम्मं पालेइ सो रक्खिज्जइ।	One who observes dharma is protected.,
जो अप्पाणं विणेइ सो लोयं विणेइ।	One who disciplines oneself disciplines the world.,
सव्वं जगं मित्तं मे।	The whole world is my friend.,
जहिं सच्चं तहिं धम्मो।	Where there is truth, there is dharma.,
जं किंचि दिस्सइ तं णस्सइ।	Whatever is seen perishes.,
जो सच्चं रक्खइ तं सच्चं रक्खइ।	One who protects truth is protected by truth.,
सव्वेसिं दुक्खाणं खया होंतु।	May all sorrows be destroyed.,
जहिं पेम्मं तहिं धम्मो।	Where there is love, there is dharma.,
अप्पाणं उज्जोएहि।	Illuminate yourself.,
जेण संतुट्ठो तेण धणवंतो।	One who is satisfied is wealthy.,
सव्वेसिं सुहाइं वड्ढंतु।	May the happiness of all increase.,
जो मित्तं रक्खइ सो अप्पाणं रक्खइ।	One who protects a friend protects oneself.,
पयडीए सेवा मणुस्सस्स सेवा।	Service to nature is service to humanity.,
जहिं दया तहिं धम्मो।	Where there is compassion, there is dharma.,
अप्पाणं सोहेहि।	Purify yourself.,
जो विज्जं रक्खइ सो धम्मं रक्खइ।	One who protects knowledge protects dharma.,
सव्वेसिं सुक्खाइं वड्ढंतु।	May the joys of all increase.,
जहिं सच्चं तहिं जओ।	Where there is truth, there is victory.,
अप्पाणं परिच्चयह।	Sacrifice yourself.,
जो सेवइ सो सेविज्जइ।	One who serves is served.,
सव्वेसिं मंगलं होउ।	May there be auspiciousness for all.,
जहिं णाणं तहिं मोक्खो।	Where there is knowledge, there is liberation.,
अप्पाणं समाहिं कुणह।	Meditate on yourself.,
जो दयं करेइ सो दयं लहेइ।	One who shows mercy receives mercy.,
सव्वेसिं विज्जा वड्ढउ।	May the knowledge of all increase.,
जहिं धम्मो तहिं सुक्खं।	Where there is dharma, there is happiness.,
अप्पाणं णिग्गहं कुणह।	Control yourself.,
जो सच्चं वयइ सो सच्चं लहेइ।	One who speaks truth finds truth.,
सव्वेसिं बुद्धी वड्ढउ।	May the wisdom of all increase.,
अप्पाणं उद्धरह।	Uplift yourself.,
जो सेवइ सो सुहं लहेइ।	One who serves attains happiness.,
सव्वेसिं सद्धा वड्ढउ।	May the faith of all increase.,
जहिं सच्चं तहिं सुक्खं।	Where there is truth, there is happiness.,
अप्पाणं जागरह।	Awaken yourself.,
सव्वेसिं वीरिया वड्ढउ।	May the energy of all increase.,
जहिं धम्मो तहिं जओ।	Where there is dharma, there is victory.,
अप्पाणं समं कुणह।	Equalize yourself.,
जो खमइ सो जयइ।	One who forgives wins.,
सव्वेसिं सती वड्ढउ।	May the mindfulness of all increase.,
अप्पाणं मुंचह।	Free yourself.,
जो सिक्खइ सो जाणइ।	One who learns knows.,
सव्वेसिं समाही वड्ढउ।	May the concentration of all increase.,
जहिं करुणा तहिं धम्मो।	Where there is compassion, there is dharma.,
अप्पाणं बोहेहि।	Enlighten yourself.,
जो सेवइ सो सेविज्जइ।	One who serves is served.,
सव्वेसिं पञ्ञा वड्ढउ।	May the wisdom of all increase.,
जहिं सच्चं तहिं बलं।	Where there is truth, there is strength.,
अप्पाणं णिब्बुयं कुणह।	Make yourself peaceful.,
जो मित्तं लहेइ सो धणं लहेइ।	One who finds a friend finds wealth.,
सव्वेसिं खंती वड्ढउ।	May the patience of all increase.,
जहिं धम्मो तहिं सच्चं।	Where there is dharma, there is truth.,
अप्पाणं सुद्धं कुणह।	Purify yourself.,
जो सेवइ सो सिक्खइ।	One who serves learns.,
सव्वेसिं मेत्ती वड्ढउ।	May the friendliness of all increase.,
जहिं पेम्मं तहिं सच्चं।	Where there is love, there is truth.,
जो दयं करेइ सो सुहं लहेइ।	One who shows compassion attains happiness.,
सव्वेसिं करुणा वड्ढउ।	May the compassion of all increase.,
सच्चं बोल्लह, मा अलियं वयह।	Speak the truth, do not lie.,
जहा बीयं तहा फलं।	As the seed, so the fruit.,
सव्वेसिं मित्तो होहि, केणावि सह वेरं मा कुणसु।	Be a friend to all, make enemy of none.,
अप्पाणं जाणह, लोयं जाणह।	Know thyself, know the world.,
खमा वीरस्स भूसणं।	Forgiveness is the ornament of the brave.,
पयडीए रक्खणं कुणह।	Protect nature.,
अहिंसा परमो धम्मो।	Non-violence is the supreme dharma.,
अप्पं भणाहि, बहुं सुणाहि।	Speak little, listen much.,
जहा चिंता तहा वाया, जहा वाया तहा किरिया।	As the thought, so the speech; as the speech, so the action.,
सव्वं दुक्खं सहियव्वं, सव्वं सुक्खं पत्थियव्वं।	All sorrow should be endured, all happiness should be wished for.,
णाणं परमं बलं, अण्णाणं परमं दुब्बलत्तं।	Knowledge is supreme strength, ignorance is supreme weakness.,
कम्मं चेव कारणं, फलं तस्स अणुरूवं।	Action alone is the cause, the fruit is according to it.,
सव्वे जणा सुहिणो होंतु, दुक्खिणो मा होंतु केइ।	May all people be happy, may no one be sorrowful.,
सच्चमेव जयइ णाणृतं, सच्चेण पंथो विततो देवयाणः।	Truth alone triumphs, not falsehood; by truth the divine path is spread.,
अप्पाणं णिंदसु मा परं, एसो मग्गो विसुद्धीए।	Criticize yourself, not others; this is the path to purity.,
सव्वं अणिच्चं, णाणं णिच्चं, एसो परमो सिद्धंतो।	Everything is impermanent, knowledge is permanent; this is the supreme principle.,
जहा मणो तहा वाणी, जहा वाणी तहा करणं।	As the mind, so the speech; as the speech, so the action.,
सव्वेसिं मित्ताइं होंतु, वेराइं केणइ ण होंतु।	May all have friends, may no one have enemies.,
पेम्मेण सव्वं जयइ, दोसेण सव्वं णस्सइ।	Love conquers all, hatred destroys all.,
अप्पसंतोसो महादोसो, संतोसो परमं सुहं।	Discontent is a great fault, contentment is the highest happiness.,
सव्वं परवसं दुक्खं, सव्वं अत्तवसं सुहं।	All dependence is sorrow, all self-control is happiness.,
जो धम्मं रक्खइ सो रक्खिज्जइ, एसो धम्मस्स महिमा।	One who protects dharma is protected; this is the glory of dharma.,
सुहस्स मूलं संतोसो, दुक्खस्स मूलं लोभो।	Contentment is the root of happiness, greed is the root of sorrow.,
जहा रूवं तहा गुणो, जहा गुणो तहा फलं।	As the form, so the quality; as the quality, so the fruit.,
सव्वेसिं संति होउ, सव्वेसिं सुहं होउ।	May there be peace for all, may there be happiness for all.,
अप्पाणं जिणह, तेण सव्वं जिणिस्ससि।	Conquer yourself, by that you will conquer all.,
पयडी अम्हाणं माया, तीए रक्खणं कायव्वं सदा।	Nature is our mother, we must always protect her.,
विज्जा धणं सव्वुत्तमं, जं कयावि ण णस्सइ।	Knowledge is the supreme wealth that can never be lost.,
जेण संतोसो तेण धणं, असंतुट्ठो सया दलिद्दो।	One who is content is wealthy, the discontented is always poor.,
सव्वेसु भूएसु दया कायव्वा, एसो धम्मो सणंतणो।	Compassion should be shown to all beings; this is the eternal dharma.,
जहा कम्मं तहा फलं, एसो कम्मस्स सिद्धंतो।	As the action, so the result; this is the principle of karma.,
जो अप्पाणं जिणइ सो सव्वं जिणइ, एसो परमो विजओ।	One who conquers oneself conquers all; this is the supreme victory.,
सव्वं लोयं वसुहा कुडुंबयं, परस्परं रक्खणं कायव्वं।	The whole world is one family; we should protect each other.,
जं मणे तं वाए, जं वाए तं कम्मे।	What's in mind should be in speech, what's in speech should be in action.,
सव्वेसिं सुहं इच्छामो, तेण अम्हे वि सुहिणो होमो।	We wish happiness for all, thus we too become happy.,
जो पयडीए मित्तं सो मणुस्साणं मित्तं, एसो सच्चो पयडीवाओ।	Friend of nature is friend of humans; this is true environmentalism.,
सव्वं अणिच्चं, परं णाणं णिच्चं, एसो परमो सिद्धंतो।	Everything is impermanent, but knowledge is eternal; this is the supreme principle.,
जीवणं अच्चंतं चंचलं, तेण सदा सच्चं आयरियव्वं।	Life is extremely uncertain, therefore always practice truth.,
सव्वेसिं जीवाणं रक्खणं कायव्वं, एसो परमो धम्मो।	Protection of all living beings should be done; this is the highest dharma.,
जहा बीयं वुत्तं तहा फलं लब्भइ, एसो पयडीए णियमो।	As the seed is sown, so is the fruit obtained; this is nature's law.,
सच्चं अमया वाणी, अलियं विसमया वाणी।	Truth is nectar-like speech, falsehood is poison-like speech.,
सव्वेसिं मित्ताइं होंतु, वेराइं केणइ ण होंतु, एसो मंगलवाओ।	May all have friends, may no one have enemies; this is an auspicious saying.,
अप्पसुएण बहुं जाणइ, बहुसुएण अप्पं जाणइ।	With little learning one knows much, with much learning one knows little.,
जो सयं पडइ सो सयं उट्ठेइ, परस्स सहाओ ण अपेक्खियव्वो।	One who falls by oneself rises by oneself; one shouldn't expect help from others.,
जहा चित्तं तहा वाया, जहा वाया तहा किया।	As the mind, so the speech; as the speech, so the action.,
जेण जेण विहीणा तं तं इच्छंति मणुया।	Whatever people lack, that they desire.,
जो धम्मं पालेइ सो रक्खिज्जइ, एसो धम्मस्स फलं।	One who observes dharma is protected; this is the fruit of dharma.,
जो अप्पाणं विणेइ सो लोयं विणेइ, एसो णाणस्स सारो।	One who disciplines oneself disciplines the world; this is the essence of wisdom.,
सव्वं जगं मित्तं मे, ण कोइ सत्तू मे अत्थि।	The whole world is my friend, I have no enemies.,
जहिं सच्चं तहिं धम्मो, जहिं धम्मो तहिं जओ।	Where there is truth, there is dharma; where there is dharma, there is victory.,
जं किंचि दिस्सइ तं णस्सइ, जं ण दिस्सइ तं सस्सयं।	Whatever is seen perishes, what is unseen is eternal.,
जो सच्चं रक्खइ तं सच्चं रक्खइ, एसो सच्चस्स महिमा।	One who protects truth is protected by truth; this is the glory of truth.,
सव्वेसिं दुक्खाणं खया होंतु, सव्वेसिं सुहाणं वुड्ढी होउ।	May all sorrows be destroyed, may all happiness increase.,
जहिं पेम्मं तहिं धम्मो, जहिं धम्मो तहिं पेम्मं।	Where there is love, there is dharma; where there is dharma, there is love.,
अप्पाणं उज्जोएहि, तेण लोओ उज्जोइज्जिस्सइ।	Illuminate yourself, by that the world will be illuminated.,
जेण संतुट्ठो तेण धणवंतो, असंतुट्ठो णिच्चं दरिद्दो।	One who is satisfied is wealthy, the unsatisfied is always poor.,
सव्वेसिं सुहाइं वड्ढंतु, दुक्खाइं विणस्संतु।	May the happiness of all increase, may sorrows be destroyed.,
जो मित्तं रक्खइ सो अप्पाणं रक्खइ, मित्तं परमं रक्खणं।	One who protects a friend protects oneself; a friend is the supreme protection.,
पयडीए सेवा मणुस्सस्स सेवा, पयडी अम्हाणं जणणी।	Service to nature is service to humanity; nature is our mother.,
जहिं दया तहिं धम्मो, जहिं धम्मो तहिं मोक्खो।	Where there is compassion, there is dharma; where there is dharma, there is liberation.,
सव्वे जीवा कम्म-बद्धा।	All souls are bound by karma.,
अहिंसा परमो धम्मो।	Non-violence is the highest dharma.,
सच्चं भणे, मिच्छं ण भणे।	Speak the truth, do not speak falsehood.,
अप्पाणं पि पियं मण्णे।	Consider oneself as dear.,
सव्वेसिं भूयाणं दया कायव्वा।	Compassion should be shown to all beings.,
णाणेण सव्वं पयासइ।	Everything is illuminated by knowledge.,
कम्मं खवेइ सुद्धप्पा।	The pure soul destroys karma.,
संसारो दुक्खमूलो।	The cycle of rebirth is the root of suffering.,
मोक्खो परमं सुक्खं।	Liberation is the highest happiness.
सव्वे जीवा कम्म-बद्धा।	All souls are bound by karma.,
अहिंसा परमो धम्मो।	Non-violence is the highest dharma.,
सच्चं भणे, मिच्छं ण भणे।	Speak the truth, do not speak falsehood.,
अप्पाणं पि पियं मण्णे।	Consider oneself as dear.,
सव्वेसिं भूयाणं दया कायव्वा।	Compassion should be shown to all beings.,
णाणेण सव्वं पयासइ।	Everything is illuminated by knowledge.,
कम्मं खवेइ सुद्धप्पा।	The pure soul destroys karma.,
संसारो दुक्खमूलो।	The cycle of rebirth is the root of suffering.,
मोक्खो परमं सुक्खं।	Liberation is the highest happiness.,
जीवो अणंतणाणी।	The soul has infinite knowledge.,
कम्मं जीवस्स वेरी।	Karma is the enemy of the soul.,
सम्मत्तं मोक्खमग्गो।	Right belief is the path to liberation.,
अप्पा सो परमप्पा।	The self is the supreme self.,
सव्वे जीवा समाणा।	All souls are equal.,
णाणं परमं बलं।	Knowledge is the supreme power.,
अहिंसा सव्वधम्माणं मूलं।	Non-violence is the root of all dharmas.,
लोभो पावस्स कारणं।	Greed is the cause of sin.,
तवसा किलिस्सइ अप्पा।	The soul is purified through penance.,
सम्मदंसण-णाण-चरित्ताणि मोक्खमग्गो।	Right vision, knowledge, and conduct are the path to liberation.,
इंदियाणि जेइ जो, सो जिणो।	One who conquers the senses is a conqueror.,
जीवो अमरो।	The soul is immortal.,
कोहो महा-विसं।	Anger is a great poison.,
माणो दुक्खस्स मूलं।	Pride is the root of suffering.,
माया पावस्स जणणी।	Deceit is the mother of sin.,
खमा वीरस्स भूसणं।	Forgiveness is the ornament of the brave.,
दाणं परमं बलं।	Charity is the supreme strength.,
सव्वे जीवा कम्म-बद्धा।	All souls are bound by karma.,
अहिंसा परमो धम्मो।	Non-violence is the highest dharma.,
सच्चं भणे, मिच्छं ण भणे।	Speak the truth, do not speak falsehood.,
अप्पाणं पि पियं मण्णे।	Consider oneself as dear.,
सव्वेसिं भूयाणं दया कायव्वा।	Compassion should be shown to all beings.,
णाणेण सव्वं पयासइ।	Everything is illuminated by knowledge.,
कम्मं खवेइ सुद्धप्पा।	The pure soul destroys karma.,
संसारो दुक्खमूलो।	The cycle of rebirth is the root of suffering.,
मोक्खो परमं सुक्खं।	Liberation is the highest happiness.
सव्वे जीवा कम्म-बद्धा।	All souls are bound by karma.,
अहिंसा परमो धम्मो।	Non-violence is the highest dharma.,
सच्चं भणे, मिच्छं ण भणे।	Speak the truth, do not speak falsehood.,
अप्पाणं पि पियं मण्णे।	Consider oneself as dear.,
सव्वेसिं भूयाणं दया कायव्वा।	Compassion should be shown to all beings.,
णाणेण सव्वं पयासइ।	Everything is illuminated by knowledge.,
कम्मं खवेइ सुद्धप्पा।	The pure soul destroys karma.,
संसारो दुक्खमूलो।	The cycle of rebirth is the root of suffering.,
मोक्खो परमं सुक्खं।	Liberation is the highest happiness.,
जीवो अणंतणाणी।	The soul has infinite knowledge.,
कम्मं जीवस्स वेरी।	Karma is the enemy of the soul.,
सम्मत्तं मोक्खमग्गो।	Right belief is the path to liberation.,
अप्पा सो परमप्पा।	The self is the supreme self.,
सव्वे जीवा समाणा।	All souls are equal.,
णाणं परमं बलं।	Knowledge is the supreme power.,
अहिंसा सव्वधम्माणं मूलं।	Non-violence is the root of all dharmas.,
लोभो पावस्स कारणं।	Greed is the cause of sin.,
तवसा किलिस्सइ अप्पा।	The soul is purified through penance.,
सम्मदंसण-णाण-चरित्ताणि मोक्खमग्गो।	Right vision, knowledge, and conduct are the path to liberation.,
इंदियाणि जेइ जो, सो जिणो।	One who conquers the senses is a conqueror.,
जीवो अमरो।	The soul is immortal.,
कोहो महा-विसं।	Anger is a great poison.,
माणो दुक्खस्स मूलं।	Pride is the root of suffering.,
माया पावस्स जणणी।	Deceit is the mother of sin.,
खमा वीरस्स भूसणं।	Forgiveness is the ornament of the brave.,
दाणं परमं बलं।	Charity is the supreme strength.,
लोए पंचव्रतं हवे।	In the world, the five vows are everything.,
मरणं जाणइ सव्वं।	He knows all death.,
सव्वं अहिंसा जाणइ।	Non-violence is everything.,
धम्मे सव्वं जाणइ।	In Dharma, all is known.,
जीवं पवत्तं जाणइ।	He knows the flow of life.,
सव्वं जीवं जाणइ।	He knows all living beings.,
मग्गं सव्वं जाणइ।	He knows the path to everything.,
अहिंसा लोए जाणइ।	Non-violence is known in the world.,
धम्मे लोए पंचव्रतं जाणइ।	He knows the five vows of Dharma in the world.,
जीवं पंचव्रतं जाणइ।	He knows life through the five vows.,
अहिंसा पंचव्रतं जाणइ।	Non-violence is known through the five vows.,
लोके पंचमहाव्रतं जाणइ।	He knows the five great vows in the world.,
सव्वं पंचमहाव्रती जाणइ।	The observer of the five great vows knows everything.,
लोए पंचमहाव्रती जाणइ।	He knows everything in the world through the five great vows.,
लोए सव्वं जाणइ पंचव्रतं।	In the world, he knows everything through the five vows.,
जीवं पंचमहाव्रती जाणइ।	He knows life through the five great vows.,
धम्मे पंचव्रतं जाणइ।	He knows everything through Dharma's five vows.,
जीवं अहिंसा जाणइ पंचव्रतं।	Life and non-violence are known through the five vows.,
धम्मे अहिंसा पंचमहाव्रतं जाणइ।	Non-violence is known in Dharma through the five great vows.,
लोके पंचमहाव्रतं जाणइ अहिंसा।	In the world, non-violence is known through the five great vows.,
धम्मे पंचमहाव्रती जाणइ लोए।	The observer of the five great vows knows everything in Dharma.,
जीवं पंचमहाव्रतं जाणइ सव्वं।	He knows life and everything through the five great vows.,
लोए पंचमहाव्रतं जाणइ धम्मं।	In the world, the five great vows and Dharma are known.,
धम्मे पंचव्रतं जाणइ सव्वं।	Everything is known through the five vows in Dharma.,
लोके पंचमहाव्रती जाणइ धम्मं।	The observer of the five great vows knows Dharma in the world.,
धम्मे सव्वं जाणइ पंचमहाव्रतं।	Everything is known in Dharma through the five great vows.,
अज्जए विय ममस्सं सुहस्स संपत्तिओ	Today my heart overflows with joy.
