prakrit	english
पसुवइणो रोसारुणपडिमासंकंतगोरिमुहअंदम्,गहिअग्घपंकअं मिअ संझासलिलंजलिं णमह	Bow before Siva's offering to Twilight, The water held in his cupped hand. Reflecting Gauris moonlike face, Now flushed with jealous anger, It looks more like a crimson lotus
अमिअं पाउअकव्वं पढिउं सोउं च जे ण आणंति,कामस्स तत्ततत्तिं कुणंति ते कह ण लज्जंति	Shame on those who cannot appreciate This ambrosial Prakrit poetry But pore instead Over treatises on love
सत्त सआइं कइवच्छलेण कोडीअ मज्झआरम्मि,हालेण विरइआइं सालंकाराण गाहाणं	Among countless elegant poems, King Hala, patron of poets, Has selected seven hundred.
उअ णिच्चलणिप्पंदा भिसिणीवत्तम्मि रेहइ वलाआ,निम्मलमरगअभाअणपरिट्ठिआ संखसुत्ति व्व	Look at that heron Standing absolutely motionless On the lotus leaf. It is just like mother of pearl In a setting of spotless emerald.
ताव च्चिअ रइसमए महिलाणं विब्भमा विराअंति,जाव ण कुवलअदलसच्छहाइ मउलंति णअणाइं	While making love, women go on enticing men Up to the very end When their eyes, Long and oval like the petals of the waterlily, Close
अत्ता तह रमणिज्जं अंहं गामस्स मंडणीहूअं,लुअतिलवाडिसरिच्छं सिसिरेणकअं भिसिणिसंडं	Look, mother-in-law! That lovely mass of lotuses Used to be the most beautiful thing in our village, But now winter has made them look Like a sesame field just after harvest
किं रुअसि ओणअमुही धवलाअंतेसु सालिछेत्तेसु,हरिआलमंडिअमुही णडि व्व सणवाडिआ जाआ	Cheer up! Don't cry for the paddy turning white. There's the field of hemp in bloom Like a dancer with her face painted yellow!
सहि एरिसि च्चिअ गई मा रुव्वसु तंसवलिअमुहअंदं,एआण वालवालुंकितंतुकुडिलाण पेम्माणं	Friend, this is just the way things happen— Stop your tears, don't turn your face away— Like the tendrils of a young cucumber, One's affections twine around an object That does not stay.
पाअपडिअस्स पइणो पुट्ठिं पुत्ते समारुहंतम्मि,दढमण्णुदूमिआइ विहासो घरिणीअ णिक्कंतो	When their little son Climbed on her husband's back As he knelt at her feet, She could not help laughing Despite her fierce anger.
रंधणकम्मणिउणिए मा जूरसु रत्तपाडलसुअंधं,मुहमारुअं पिअंतो धूमाइ सिही ण पज्जलइ	Don't get annoyed: There's nothing wrong with your cooking. That the fire won't burn but only smokes Is because it wants to inhale your breath That has the fragrance of red trumpetflowers.
घरिणीअ महाणसकम्मलग्गमसिमइलिएण हत्थेण,छित्तं मुहं हसिज्जइ चंदावत्थं गअं पइणा	The husband laughed at his wife's face Which, smudged with soot That stuck to her hand from kitchen work, Looked more than ever like the moon.
किं किं दे पडिहासइ सहीहि इअ पुच्छिआइ मुद्धाए,पढमुग्गअदोहलिणीअ णवर दइअं गआ दिट्ठी	When her friends asked the young wife Who was pregnant for the first time What she craved most She simply looked at her husband
अमअमअ गअणसेहर रअणीमुखतिलअ चंद दे छिवसु,छित्तो जेहि जिअअमो ममं पि तेहिं चिअ करेहिं	Sweet moon, Crest jewel of the sky, Beauty spot on the face of night, Touch me with the very same rays With which you've touched my most dearly beloved.
एहिज्ज सो पउत्थो अहअं कुप्पेज्ज सो वि अणुणेज्ज,इअ कस्स वि फलइ मणोरमाण माला पिअअमम्मि	First let my dear husband come home, Then let me give him a scolding, And then let him do his best to bring me round. There must be someone who can get all three wishes.
कोसंवकिसलवण्णअ तण्णअ उण्णामिएहि कण्णेहिं,हिअअट्ठिअं घरं वच्चमाण धवलत्तणं पाव	Young calf, Blushing red as a tender mango shoot, Running with ears pricked Towards the house of your desire, Assume the cool whiteness of a bull!
अलिअपसुत्तअ विणिमीलिअच्छ दे सुहअ मज्झ ओआसं,गंडपरिउं वणापुलइअंग ण पुणो चिराइस्सं	Dearest, I know you are not really asleep, Just keeping your eyes closed. I can see goose pimples rising as I kiss your cheek. I won't be late again.
असमत्त मंडण च्चिअ वच्च घरं से सकोउहल्लस्स,वोलाविअहलहलअस्स पुत्ति चित्ते ण लग्गिहिसि	Don't bother about your makeup, girl, Just go to him quickly, while he wants you. Once his longing is over He won't give you a thought.
आअरपणामिओट्टं अघडिअणासं असंहअणिडालं,वण्णघिअलित्तमुहिए तीए परिउंवणं भरिमो	I will never forget how, When her face was smeared with red ghee, We kissed, Carefully pouting our lips So that our noses and foreheads Wouldn't meet.
आणासआइ देंती तह सुरए हरिसविअसिअकवोला,गोसे वि ओणअमुही अह से त्ति पिअं ण सद्धहिमो	I refuse to believe that she who, Cheeks flushed with excitement, Is so demanding while making love Can really suit him, However meek she may be next mornin
पिअविरहो अप्पिअदंसणं च गरुआइ दो वि दुक्खाइ,जीअ तुमं कारिज्जसि तीअ णमो आहिजाईए	Being separated from what is dear And being forced to look at what isn't Are two causes of grief. I bow to your good breeding Which demands that you act as you do.
ण कुणंतो च्चिअ माणं णिसासु सुहसुत्तदरविवुद्धानं,सुण्णइअपासपरिमुसणवेअणं जइ सि जानंतो	You would not be so touchy If you knew the pain of falling asleep beside one's lover And waking up in the middle of the night To discover that the bed is empty.
णवलइपहरं अंगे जहिं जहिं महइ देअरो दाउं,रोमंच दंदराई तहिं तहिं दीसइ वहूए	At whichever part of her body Her husband's younger brother Aims the tender twig Gooseflesh raises a palisade of sticks.
अज्ज मए तेण विणा अणुहूअसुहाइ संभरंतीए,अहिणवमेहाण रवो णिसामिओ वज्झपडतो व्व	Today, As I think of the pleasures I've had Without him, The thunder of the first rain clouds Sounds like the executioner's drum.
णिक्किव जाआभीरुअ दुद्दंसण णिंवकीडसारिच्छ,गामो गामणिणंदण तुज्झ कए तह वितणुआइ	Headman's son, How heartless you are! Shying away from your wife You rarely show yourself, Like a worm in a neem berry. Yet because of you The whole village is pining away.
पहरवणमग्गविसमे जाआ किच्छेण लहइ से णिद्दं,गामणिउत्तस्स उरे पल्ली उण से सुहं सुअइ	Lying on his breast, Rough with the scars of many a wound, The headman's wife finds it difficult to rest, But his village sleeps sound.
अह संभाविअमग्गो सुहअ तुए च्चेअ णवर णिव्वूढो,एण्हिं हिअए अण्णं अण्णं वाआइ लोअस्स	What good old-fashioned honesty! But really, my dear, You're the only one who goes in for it. Nowadays people think one thing and say another.
उण्हाइ णीससंतो कीस मह परंमुहीअ सअणद्धे,हिअअं पलीविउं अणुसएण पुट्ठिं पलीवेसि	What do you think you are doing, Embracing me from behind? First you set fire to my heart And then you start burning my back With these hot sighs of remorse.
दिअरस्स असुद्धमणस्स कुलवहूणिअअकुड्डलिहिआइ,दिअहं कहेइ रामाणुलग्गसोमित्तिचरिआइं	The good wife takes all day To explain to her importunate young brother-in-law The paintings on the walls of their house That depict the adventures of LaksmanRamas devoted younger brother.
चत्तरघरिणी पिअदंसणा अ तरुणी पउत्थवइआअ,असई सअज्जिआदुग्गआ अ णह खंडिअं सीलं	Young and attractive and her husband abroad, Living in poverty at a busy crossroad, With loose women in the neighborhood, —You're not telling me she's still chaste?
अहिआइमाणिणो दुग्गअस्स छाइं पइस्स रक्खंही,णिअवंधवाण जूरइ घरिणी विहवेण एंताणं	Protecting the self-image of her husband, Who is poor but proud of his breeding, The wife scorns her own relatives As they arrive with rich presents.
साहीणे वि पिअअमे पत्ते वि छणे ण मंडिओ अप्पा,दुग्गअपउत्थवइअं सअज्जिअं संठवंतीए	Her husband is at hand And the festival in full swing. Yet she delays putting on her jewels To hearten the woman next door Who is poor And whose husband has still not returned.
सब्भावणे हभरिए रत्ते रज्जिज्जइ त्ति जुत्तम् इणं,अणहिअए उण हिअअं जं दिज्जइ तं जणो हसइ	To fall in love with a man who returns your love, One who is full of kindness and affection, Makes sense. But to give one's heart to a man who is utterly heartless Is laughable.
आरंभंतस्स धुअं लच्छी मरणं व होइ पुरिसस्स,तं मरणम् अणारंभे वि होइ लच्छी उण ण होइ	If a man shows initiative There is the prospect of either wealth or death. Even if he lacks initiative, death is certain, Wealth is not.
अक्खडइ पिआ हिअए अण्णं महिलाअणं रमंतस्स,दिट्ठे सरिसम्मि गुणे सरिसम्मि गुणे अईसंते	While making love to another woman His beloved will come to mind Both when he sees and doesn't see A familiar trait.
णइपूरसच्छहे जोव्वणम्मि अइपवसिएसुदिअहेसु,अणिअत्तासु अ राईसु पुत्ति किं दड्ढमाणेण	Silly girl, Youth races past Like a river in spate, The days are fleeting And the nights unreturning. So why this stubborn sulkiness?
कल्लं किर खरतिअओ पवसिहइ पिओ त्ति सुव्वइ जणम्मि,तह वड्ढ भअवइ णिसे जह से कल्लं चिअ ण होइ	Every one knows the hardhearted lover Leaves at dawn. Venerable Night, stretch on So that morning will not come.
होंतपहिअस्स जाआ आउच्छणजीअधारणरहस्सं,पुच्छंती भमइ घरं घरेण पिअविरहसहिरीओ	As her husband is about to depart She goes from door to door Asking all the women who suffer from absent husbands For the secret of surviving the farewell.
अण्णमहिलापसंगं दे देव्व करेसु अम्ह दइअस्स,पुरिसा एक्कंतरसा ण हु दोसगुणे विआणंति	O god, please Let my husband form other attachments, For men who have experience of one person only No longer appreciate what's good and what's bad.
थोअं पि ण णीइ इमा मज्झण्हे उअ सरीरतललुक्का,आअवभएण छाही वि ता पहिअ किं ण वीसमसी	Wayfarer, Your shadow is hiding beneath your body, Not showing one bit of itself for fear of the midday sun, So why don't you too take a rest?
सुहउच्छअं जणं दुल्लहं पि दूराहि अम्ह आणेंत,उअआरअ जर जीअं पि णेंत ण कआवराहोसि	By bringing that man Who keeps his distance To ask me how I'm feeling, You have proved a blessing. Now, fever, if you take my life, I will not complain.
आम जरो मे मंदो अहव ण मंदो जणस्स का तत्ती,सुहउच्छअ सुहअ सुअंधगंध मा गंधिरिं छिवसु	Why should anyone care Whether my fever has abated or not? You, my dear, asking how I am And smelling so fragrant, Do not touch me who stink of fever.
सिहिपिच्छलुलिअकेसे वेवंतोरु विणिमीलिअद्धच्छी,दरपुरिसाइनि विसमिरि जाणसु पुरिसाण जं दुक्खं	Your long hair sways like a peacock's fan, Your thighs quiver, your eyes half close, With long pauses you sort of play the man. Now do you see what hard work it is For a man?
पेम्मस्स विरोहिअसंधिअस्स पच्चक्खदिट्ठविलिअस्स,उअअस्स व ताविअसीअलस्स विरसो रसो होइ	Love Estranged and patched up again, Once its dissolution is plain to see, Will never taste right again Like water that has boiled then cooled
वज्जवडनाइरिक्कं पइणो सोऊण सिंजिणीघोसं,पुसिआइ करिमरीए सरिवंदीणं पि अच्छीइं	Thinking she hears the twang of her husband's bow Above the crashing thunder, The captive wife tells the royal hostages To wipe away their tears.
करिमरि अआलगज्जिरजलआसणिवडणपडिरवो एसो,पइणो धणुरव कंखिरि रोमंचं किं मुहा वहसि	It is only the echo of a thunderclap From an early rain cloud. I suppose you were hoping it might be the twang Of your husband's bow, For why else is the hair on your body bristling?
सहइ सहइ त्ति तेण तहा रमिआ सुरअदुव्विअड्डेण,पव्वाअसिरीसाइ व जह से जाआइ अंगाइं	Because she put up with it all The clumsy youth went on making love to her So that her limbs now look like wilting acacia flowers.
असरिसचित्ते दिअरे सुद्धमणा पिअअमे विसमसीले,ण कहइ कुडुंवविहडणभएण तणुआअए सोण्हा	She does not complain to her husband About his brother's advances Not because she herself has impure thoughts But because he is so touchy And she is afraid of causing a split in the family. Instead she pines away.
चिंताणिअदइअसमागमम्मि कअमण्णुआइ भरिऊण,सुण्णं कलहा अंती सहीहि रुण्णा ण ओहसिआ	Imagining how it was when her lover was with her, The woman suddenly remembered how angry she had been And raged against thin air. Far from laughing, her friends wept for her.
हिअअण्णुएहि समअं असमत्ताइं पि जह सुहावेंति,कज्जाइ मणे ण तहा इअरेहि समाणिआइं पि	Dealings with sympathetic people, Even if inconclusive, Are, I think, more pleasant Than dealings concluded With their opposite.
दरफुडिअसिप्पिसंपुडणिलुक्कहालाहलग्गछेप्पणिहं,पिक्कंवट्ठिविणिग्गअकोमलम् अंवंकुरं उअह	Look! A tender shoot has sprouted from the stone of a ripe mango. It looks like an eel hiding in a half-opened oyster shell.
उअह पडलंतरोइण्णणिअअतंतुद्धपाअपडिलग्गं,दुल्लक्खसुत्तगुत्थेक्कवउलकुसुमं व मक्कडअं	Look at that spider climbing down from the rafters Along a thread spun from between its feet: It looks like a mimosa flower strung on an invisible string.
जइ होसि ण तस्स पिआ अणुदिअहं णीसहेहि अंगेहिं,णवसूअपीअपेओसमत्तपाडि व्व किं सुअसि	If you are not his lover, How come you sleep every day, Your limbs as weak As those of a newborn buffalo calf, Drunk on its mother's milk?
हेमंतिआसु अइदीहरासु राईसु तं सि अविणिद्दा,चिरअरपउत्थवइए ण सुंदरं जं दिआ सुअसि	The winter nights are long, For months your husband's been away, So you must be sleeping well. How odd that you should fall asleep by day.
जइ चिक्खिल्लभउप्पुअपअम् इणम् अलसाइ तुह पए दिण्णं,ता सुहअ कंडइज्जंतम् अंगम् एण्हिं किणो वहसि	If that woman, who stepped on your foot As she leapt away from the mud, Were so indifferent, Why, my dear, is your body now covered With gooseflesh?
पत्तो छणो ण सोहइ अइप्पहाए व्व पुण्णिमाअंदो,अंतविरसो व्व कामो असंपआणो अ परिओसो	Once the festival starts its glamor is over, Like the full moon in broad daylight, Like sex which in the end loses its savor, Or like gratitude without a steady stream of gifts.
पाणिग्गहणे च्चिअ पव्वईअ णाअं सहीहि सोहग्गं,पसुवइणा वासुइकंकणम्मि ओसारिए दूरं	Already at her wedding Paravati's friends knew she would be happy When Siva tossed aside The snake bracelet that frightened her.
गिंहे दवग्गिमसिमइलिआइ दीसंति विंझसिहराइं,आससु पउत्थवइए ण होंति णवपाउसब्भाइं	What you see are the heights of the Vindhya Painted black by the forest fires of summer, Not fresh rain clouds. So do not worry about your husband's return.
जेत्तिअमेत्तं तीरइ णिव्वोढुं देसु तेत्तिअं पणअं,ण जणो विणिअत्तपसाअदुक्खसहणक्खमो सव्वो	Give as much affection As you can muster. For not everyone can bear to suffer The withdrawal of kindness.
वहुवल्लहस्स जा होइ वल्लहा कह वि पंच दिअहाइं,सा किं छट्ठं मग्गइ कत्तो मिट्ठं च वहुअं च	How can a woman Who for five whole days Has been the lover of such an attractive man Ask for one day more? One cannot feast on dainties.
जं जं सो णिज्झाअइ अंगोआसं महं अणिमिसच्छो,पच्छाएमि अ तं तं इच्छामि अ तेण दीसंतं	Whatever part of my body he stares at I cover. At the same time I want him to see it.
दढमण्णुदूमिआइ वि गहिओ दइअम्मि पेछह इमीए,ओसरइ वालुआमुट्ठिओ व्व माणो सुरसुरंतो	See how the woman's indignation at her husband Escapes with a soft sigh Like sand from a clenched fist.
ण वि तह विएसवासो दोग्गच्चं मह जणेइ संतावं,आसंसिअत्थविमुहो जह पणइअणो णिअत्तंतो	More than his absence abroad Or my wretchedness here at home What pains me is my husband returning Without quite reaching his goal.
भरिमो से गहिआहरधुअसीसपहोलिरालआउलिअं,वअणं परिमलतरलिअभमरालिपइण्णकमलं व	I will never forget how she shook her head When I tried to kiss her lips And her tresses flew in all directions. Her face looked like a lotus Surrounded by a swarm of bees Excited by its fragrance.
हल्लफलण्हाणपसाहिआण छणवासरे सवत्तीण,अज्जाइ मज्जणाणाअरेण कहिअं व सोहग्गं	When her rivals take a freezing cold bath Before dressing for the festival, The youngest wife shows her privileged position By not bothering.
ण्हाणहलिद्दाभरिअंतराइ जालाइ जालवलअस्स,सोहंति किलिंचिअकंटएण कं काहिसि कअत्थं	You won't make anyone happy By sitting here Removing with a bamboo needle The traces of turmeric soap From the meshes of your filigree bracelet.
अद्दंसणेण पेम्मं अवेइ अइदंसणेण वि अवेइ,पिसुणजणकंपिएण वि अवेइ एमेअ वि अवेइ	Love vanishes Through not seeing enough of one another, Through seeing too much of one another, Through spiteful gossip, And sometimes just like that.
पोट्टपडिएहि दुक्खं अच्छिज्जइ उण्णएहि होऊण,इअ चिंतंताण मणे थणाण कसणं मुहं जाअं	Thinking how wretched it is To be sagging over her stomach After having once been prominent —That's how her breasts must have got dark nipples.
सो तुज्झ कए सुंदरि तह झीणो सुमहिलो हलिअउत्तो,जह से मच्छरिणीअ वि दोच्चं जाआइ पडिवण्णं	Lovely woman, The farmer has become so thin On your account That his good wife, though jealous, Now acts as go-between.
दक्खिण्णेण वि एंतो सुहअ सुहावेसि अंह हिअआइं,णिक्कइअवेण जाणं गओ सि का णिव्वुई ताणं	Though you visit us only out of courtesy, You rejoice our heart. What delight you must give to those Whom you visit with genuine fondness.
एक्कं पहरुग्घाअं हत्थं मुहमारुएण वीअंतो,सो वि हसंतीअ मए गहिओ वीएण कंठम्मि	While he was blowing on the hand That still stung from the slap I gave him, I could not help laughing And put my other hand around his neck.
अवलंविअमाणपरंमुहीअ एंतस्स माणिनि पिअस्स,पुट्ठिपुलउग्गमो तुह कहेइ समुहट्ठिअं हिअअं	Proud lady, When he approached you You relentlessly turned away, But the gooseflesh on your back Shows that in your heart You are prepared to face him again.
जानइ जाणावेउं अणुणअविद्दविअमाणपरिसेसं,पइरिक्कम्मि वि विणआवलंवणं स च्चिअ कुणंती	She knows how to give expression To what remains of the anger he tried to conciliate By acting with reserve Even when they are alone together.
किं दाव कआ अहवा करेसि काहिसि अ सुहअ एत्ताहे,अवराहाण अलज्जिर साहसु कअरा खमिज्जंति	How dare you! And which offenses am I supposed to forgive, My darling: Those you have committed, Those you are committing, Or those you are about to commit?
णूमंति जे पहुत्तं कुविअं दास व्व जे पसाअंति,ते च्चिअ महिलाण पिआ सेसा सामि च्चिअ वराआ	Women only like men Who mask their authority And grovel like slaves At their angry lovers' feet. All the rest make pitiful husbands.
तइआ कअग्घ महुअर ण रमसि अण्णासु पुप्फजाईसु,वद्धफलभारगरुइं मालइम् एण्हिं परिच्चअसि	Ungrateful bee, Once you would not think Of enjoying yourself with other flowers But now that the jasmine is heavy with fruit You forsake her.
अविअण्हपेच्छणिज्जेण तक्खणं मामि तेण दिट्ठेण,सिविणअपीएण व पाणिएण तण्ह च्चिअ ण फिट्टा	Aunt, A glimpse of that man, Whom one could never tire of staring at, Is like drinking water in a dream: It has not quenched my thirst.
सो णाम संभरिज्जइ पब्भसिओ जो खणं पि हिअआहि,संभरिअव्वं च कअं गअं च पेम्मं णिरालंवं	Though he may for a moment Slip one's mind One still remembers a person. But love, Once it is but a memory, Vanishes For it is something immaterial.
णासं व सा कवोलेअज्ज वितुह दंतमंडलं वाला,उब्भिण्णपुलअवइवेढपरिगअं रक्खइ वराई	The poor girl cherishes the teeth marks You have just left on her cheeks Like a pledge, Protecting them with a fence of gooseflesh.
दिट्ठा चूआ अग्घाइआ सुरा दक्खिणाणिलो सहिओ,कज्जाइं चिअ गरुआइ मामि को वल्लहो कस्स	The mango puts out new shoots, The fragrance of liquor fills the air, An agreeable breeze is blowing from the south, But business must mean more to him And clearly he loves me no longer.
रमिऊण पअं पि गओ जाहे उवऊहिउं पडिणिउत्तो,अहअं पउत्थवइअ व्व तक्खणं सो पवासि व्व	After making love, He took a step, then turned And took me in his arms again. That moment I felt what it was to be a wife whose husband is abroad And he what it was to be that woman's husband.
अविअण्हपेच्छणिज्जं समसुहदुक्खं विइण्णसब्भावं,अण्णोण्णहिअअलग्गं पुण्णेहि जणो जणं लहइ	A man so handsome One cannot tire of looking at him, Who shares one's troubles as well as one's joys, Proves faithful and returns one's love —Such a man is only to be got through merit Accumulated over many lives.
दुक्खं देंतो वि सुहं जणेइ जो जस्स वल्लहो होइ,दइअणहदूमिआण वि वड्ढइ थणआण रोमंचो	If one loves a man He gives pleasure even while causing pain. Though wounded by a lover's nails Breasts thrill with gooseflesh.
धरिओ धरिओ विअलइ उवएसो पिअसहीहि दिज्जंतो,मअरद्धअवाणपहारजज्जरे तीअ हिअअम्मि	Try though she would to keep it, The advice given by her friends Escaped from her heart That was shattered by the arrow of the God of Love.
वहुपुप्फभरोणामिअभूमीगअसाह सुणसु विण्णत्तिं,गोलाअडविअडकुडंग महुअ सणिअं गलिज्जासु	O sweetwood tree, Whose branches, bowed by the weight of blossom, Reach to the ground In the broad thickets on the bank of the Goda, Do me a favor And shed your leaves slowly.
णिप्पच्छिमाइ असई दुक्खालोआइ महुअपुप्फाइं,चीए वंधुस्स व अट्ठिआइ रुअरी समुच्चिणइ	Weeping, The woman gathers the very last sweetwood flowers Now painful to behold, Like the bones of a relative On the funeral pyre.
ओ हिअअ मडहसरिआजलरअहीरंतदीहदारु व्व,ठाणे ठाणे च्चिअ लग्गमाण केणा ऽवि डज्झिहिसि	Heart, After getting stuck here and there, Like a log Borne along by the current of a shallow stream, One day you will be fuel for someone.
जो तीअ अहरराओ रत्तिं उव्वासिओ पिअअमेण,सो च्चिअ दीसइ गोसे सवत्तिणअणेसु संकंतो	The red That during the night her husband Removed from her lips Appears the next morning In her co-wives' sleepless eyes.
गोलाअडट्ठिअं पेच्छिऊण गहवइसुअं हलिअसोण्हा,आढत्ता उत्तरिउं दुक्खुत्ताराइ पअवीए	When the poor plowman's daughter Saw her courteous husband standing on the river bank She clambered up By the most difficult route.
चलणोआसणिसण्णस्स तस्स भरिमो अणालवंतस्स,पाअंगुट्ठावेढिअकेसदढाअड्ढणसुहेल्लिं	I will never forget, Once when he lay in silence at my feet, What pleasure I got from twisting his hair round my toe And pulling hard.
फालेइ अच्छभल्लं व उअह कुग्गामदेउलद्दारे,हेमंतआलपहिओ विज्झाअंतं पलालग्गिं	See how the winter traveler At the gate of the village temple Jabs at the smoldering heap of husks As if it were a bear.
कमलाअरा ण मलिआ हंसा उड्डाविआ ण अ पिउच्छा,केण वि गामतडाए अब्भं उत्ताणिअं छूढं	Aunt, Not a lotus is damaged, Not a goose has been scared away, But someone has pushed a cloud on its back In the village pond.
केण मणे भग्गमणोरहेण संलाविअं पवासो त्ति,सविसाइ व अलसाअंति जेण वहुआइ अंगाइं	How frustrated he must feel To threaten to leave again. It makes his young wife languish As though she'd been given a drug.
अज्ज वि वालो दामोअरो त्ति इअ जंपिए जसोआए,कण्हमुहपेसिअच्छं णिहुअं हसिअं वअवहूहिं	"As his mother Yasoda says: ""Krsna a is still a child,"" The women of Vraja smile to themselves, Their eyes fixed on his face."
णच्चणसलाहणणिहेण पासपरिसंठिआ णिउणगोवी,सरिगोविआण चुंवइ कवोलपडिमागअं कण्हं	Placing herself next to Rasha On the pretext of praising the way she dances, The cunning cowgirl manages to kiss Krsna, Who is reflected in his favorite's cheek.
आलोअंति पुलिंदा पव्वअसिहरट्ठिआ धणुणिसण्णा,हत्थिउलेहि व विंझं पूरिज्जंतं णवब्भेहिं	On the heights of the Vindhya The Pulindas kneel behind their bows The moment they see the valleys below Filling with rain clouds As if with a herd of elephants.
वणदवमसिमइलंगो रेहइ विंझो घणेहि धवलेहिं,खीरोअमंथणुच्छलिअदुद्धसित्तो व्व महुमहणो	The Vindhya Range with white clouds Clinging to its body blackened by forest fires Looks like Visnu splashed While churning the Ocean of Milk.
वंदीअ णिहअवंधवविमणाइ वि पक्कलो त्ति चोरजुवा,अणुराएण पुलइओ गुणेसु को मच्छरं वहइ	Though distressed by the death of her relatives The hostage made eyes at her kidnapper Who was a handsome youth. For who begrudges anyone His good points?
अज्ज कइमो वि दिअहो वाहवहू रूवजोव्वणुम्मत्ता,सोहग्गं धणुरुंपच्छलेण रच्छासु विक्किरइ	For how many days Has the hunter's young and beautiful wife Proudly scattered her happiness all over the streets In the guise of shavings from her husband's bow?
उक्खिप्पइ मंडलिमारुएण गेहंगणाहि वाहीए,सोहग्गधअवडाअ व्व उवह धणुरुंपरिंछोली	See how the wood shavings Swirl above the hunter's homestead, Like a banner Announcing the joys of marriage.
णववहुपेम्मतनुइओ पणअं पढमघरिणीअ रक्खंतो,अलिहिअदुप्परिअल्लं पि णेइ रण्णं धणुं वाहो	Though completely exhausted by making love to his young wife, He did not wish to hurt the feelings of his elder wife. So the hunter took his bow with him into the forest Even though he could not bend it Without first shaving it thinner.
कइअवरहिअं पेम्मं ण त्थि च्चिअ मामि माणुसे लोए,अह होइ कस्स विरहो विरहे होंतम्मि को जिअइ	In this world, Mother, Love without deceit does not exist, For who would separate Or who, being separated, Would survive?
अच्छेरं व णिहिं मिव सग्गे रज्जं व अमअपाणं व,आसि म्ह तं मुहुत्तं विणिअंसणदंसणं तिस्सा	It was like a miracle, Like finding treasure, Like being king in heaven, Like a draught of nectar, That one moment When I saw her undressed.
सा तुज्झ वल्लहा तं सि मज्झ वेसो सि तीअ तुज्झ अहं,वालअ फुडं भणामो पेम्मं किर वहुविआरं ति	You love her, I love you, She hates you, And you hate me. I speak plainly Since love is full of complications.
अहअं लज्जालुइणी तस्स अ उम्मच्छराइ पेम्माइं,सहिआअणो वि णिउणो अलाहि किं पाअराएण	I am shy And he is ready for anything, But my friends will help me out, So why should I paint my feet?
महुमासमारुआहअमहुअरझंकारणिब्भरे रण्णे,गाइ विरहख्हरावद्धपहिअमणमोहणं गोवी	The spring wind stirs the forest, Loud with the drone of bees, And the cowgirl's song About parted lovers Troubles the lonely traveler.
सालोअ च्चिअ सूरे घरिणी घरसामिअस्स घेत्तूण,णेच्छंतस्स वि पाए धुअइ हसंती हसंतस्स	The sun is already shining When the good wife Takes hold of her husband's feet And gives them a shake. Since she is smiling A smile appears on his grumpy face.
रूअं अच्छीसु ठिअं फरिसो अंगेसु जंपिअं कण्णे,हिअअं हिअए णिहिअं विओइअं किं थ देव्वेण	His image is in my eyes, His touch on my limbs, His words in my ear And his heart in my heart. To separate us needs more than just fate.
सअणे चिंतामइअं काऊण पिअं णिमीलिअच्छीए,अप्पाणो उवऊढो पसिढिलवलआहि वाहाहिं	Eyes shut, She imagines her husband on the bed And embraces herself While the bracelets fall loose Upon her thin arms.
परिभूएण वि दिअहं घरघरभमिरेण अण्णकज्जम्मि,चिरजीविएण इमिणा खविअ म्हो डड्ढकाएण	This wretched body is the ruin of me: In daily humiliation It totters from door to door On other people's business Yet refuses to die.
होंती वि णिप्फल च्चिअ धणरिद्धी होइ किविणपुरिसस्स,गिम्हाअवसंतत्तस्स णिअअछाहि व्व पहिअस्स	However abundant, A miser's wealth is useless, Like the traveler's shadow When he is scorched by the summer heat.
फुरिए वामच्छि तए जइ एहिइ सो पिओ ज्ज ता सुइरं,सम्मीलिअ दाहिणअं तुइ अविअण्हं पुलोइस्सं	O my left eye, If my husband comes home today Thanks to your quivering, I will reward you with a good long look at him While keeping my right eye tightly shut.
अण्णण्णं कुसुमरसं जं किर सो महइ महुअरो पाउं,तं णीरसाण दोसो कुसुमाणं णेअ भमरस्स	That the bee wants to drink the nectar Of one flower after another Is the fault of the flowers running out of nectar, Not the bee's.
रच्छापइण्णणअणुप्पला तुमं सा पडिच्छए एंतं,दारणिहिएहि दोहि वि मंगलकलसेहि व थणेहिं	Leaning on the door Looking out for you She decorates the house for your return: Her breasts two vases of plenty And her eyes lotus petals strewn on the street.
ता रुण्णं जा रुव्वइ ता झीणं जाव झिज्जए अंगं,ता णीससिअ वराईअ जाव सासा पहुप्पंति	She wept as long as she had tears to weep, She grew as thin as her body would allow, And, poor thing, Sighed as long as she had breath to sigh.
समसोक्खदुक्खपरिवड्ढिआण कालेण रूढपेम्माण,मिहुणाण मरइ जं तं खु जिअइ इअरं मुअं होइ	Of a couple, Who after a long life of shared joys and sorrows Have learned the meaning of love, The one who dies survives, The other is as good as dead.
हरिहिइ पिअस्स णवचूअपल्लवो पढममंजरिसणाहो,मा रुअसु पुत्ति पत्थाणकलसमुहसंठिओ गमणं	Foolish girl, do not cry. A fresh mango shoot with its new blossom Placed on the mouth of the farewell bowl Will surely stop your lover departing.
जो कह वि मह सहीहिं छिद्दं लहिऊण पेसिओ हिअए,सो माणो चोरिअकामुओ व्व दिट्ठे पिए णट्ठो	That jealous anger which my friends, Having found a slit, Managed to lodge in my heart, Sneaked away like a lover At the sight of my husband.
सहिआहि भण्णमाणा थणए लग्गं कुसुंभउप्फं ति,मुद्धवहुआ हसिज्जइ पप्फोडंती णहवआइं	Her friends told the young wife That a safflower was clinging to her breast, And burst into laughter When she tried to brush off the nail marks.
उम्मूलेंति व हिअअं इमाइ रे तुह विरज्जमाणस्स,अवहीरणवसविस्ãठुलवलंतणअणद्धदिट्ठाइं	These indifferent side glances of yours, Which turn this way and that But take no notice of me, Cut me to the quick.
णिद्दालसपरिघुम्मिरतंसवलंतद्धतारआलोआ,कामस्स वि दुव्विसहा दिट्ठिणिवाआ ससिमुहीए	The drowsy glances of a moon-faced woman, Her half-veiled pupils darting to and fro, Are irresistible Even to the God of Love.
अज्जाइ णवणहक्खअणिरिक्खणे गरुअजोव्वणुत्तुंगं,पडिमागअणिअणअणुप्पलच्चिअं होइ थणवट्ठं	The young wife inspecting her heavy and prominent breasts For fresh nail marks Adorned them with the lotuses of her eyes Which were mirrored in their smooth expanse.
मा कुण पडिवक्खसुहं अणुणेसु पिअं पसाअलोहिल्लं,अइगहिअगरुअमाणेण पुत्ति रासि व्व झिज्जिहिसि	Don't make your rivals happy: When your lover is eager to please you, Humor him, For, dear girl, By doling out oversize portions of disdain You will dwindle to nothing.
विरहकरवत्तदूसह फालिज्जंतम्मि तीअ हिअअम्मि,अंसू कज्जलमइलं पमाणसुत्तं व पडिहाइ	The tear mixed with eye-black Looks like a line drawn around her heart To guide the saw of separation In its agonizing surgery
दुण्णिक्खेवअम् एअं पुत्तअ मा साहसं करिज्जासु,एत्थ णिहित्ताइ मणे हिअआइ पुणो ण लब्भंति	My boy, Don't be so hasty. This isn't the place To leave things for safekeeping. As far as I know, Hearts deposited here Are not returned.
णिव्वुत्तरआ वि वहू सुरअविरामट्ठिइं अआणंती,अविरअहिअआ अण्णं पि किं पि अत्थि त्ति चिंतेइ	The wife who had already reached her climax But did not realize that that was the end of that Remained in a state of excitement Expecting something more.
णंदंतु सुरअसुहरसतण्हावहराइ सअललोअस्स,वहुकइअवमग्गविणिम्मिआइ वेसाण पेम्माइं	Praise be to the fond attentions of prostitutes Who minister to everyone's need for the pleasures of love With a whole armory of wiles.
अप्पत्तमण्णुदुक्खो किं मं किसिअ त्ति पुच्छसि हसंतो,पावसि जा चलचित्तं पिअं जणं ता तुह कहिस्सं	I suppose you have never felt The pain of grief, That you ask me, laughingly, Why I am so thin. When you have found a fickle lover yourself, I will explain.
अवहत्थिऊण सहिजंपिआइ जाणं कएण रमिओ सि,एआइ ताइ सोक्खाइ संसओ जेहि जीअस्स	Are these the pleasures For which I threw myself upon you, Brushing aside the warnings of my friends, And for lack of which my life Now hangs in the balance?
ईसालुओ पई से रत्तिं महुअं ण देइ उच्चेउं,उच्चेइ अप्पण च्चिअ माए अइउज्जुअसहाओ	He is so jealous That he does not want his wife To gather sweetwood flowers at night. Instead, the honest soul Goes and gathers them himself.
अच्छोडिअवत्थद्धंतपत्थिए मंथरं तुमं वच्च,चिंतेसि थणहराआसिअस्स मज्झस्स वि ण भंगं	Why storm off Trailing your skirt behind you? Slow down! Aren't you afraid your waist might break Under the weight of your breasts?
उद्धच्छो पिअइ जलं जह जह विरलंगुली चिरं पहिओ,पावालिआ वि तह तह धारं तणुअं पि तणुएइ	For some time the traveler has been sipping water From his cupped hand, Keeping his fingers wide apart, All the while looking up towards the woman at the well, Who in turn has reduced the already thin stream To a mere trickle.
भिच्छअरो पेच्छइ णाहिमंडलं सा वि तस्स मुहअंदं,तं चट्टुअं करंकं दोण्ह वि काआ विलुंपंति	While the begging monk looks down at her navel, And the housewife looks at the moon of his face, The crows plunder the dish in her hands And the begging bowl in his.
जेण विणा ण जिविज्जइ अणुणिज्जइ सो कआवराहो वि,पत्ते वि णअरडाहे भण कस्स ण वल्लहो अग्गी	If you cannot live without the man, You'd better stay on good terms with him Whatever wrong he may have done. Even after the town has gone up in flames One cannot do without fire.
वंकं को पुलइज्जउ कस्स कहिज्जउ सुहं व दुक्खं व,केण समं व हसिज्जउ पामरपउरे हअग्गामे	To whom can I give a sly glance, With whom can I share my joys and sorrows, With whom can I joke, In this dump of a village Full of yokels?
फलहीवाहणपुण्णाहमंगलं लंगले कुणंतीए,असईअ मणोरहगब्भिणीअ हत्था थरहरंति	As the faithless wife puts the auspicious mark on the plowshare On the first day of plowing the cotton field She is already so full of desire that her hands tremble
पहिउल्लूरणसंकाउलाहि असईहि वहलतिमिरस्स,आइप्पणेण णिहुअं वडस्स सित्ताइ पत्ताइं	Afraid that travelers Might cut the hanging roots of the shady banyan To let light in, The faithless women stealthily spattered the leaves With white.
अच्छउ दाव मणहरं पिआइ मुहदंसणं अइमहग्घं,तग्गामछेत्तसीमा वि झत्ति दिट्ठा सुहावेइ	Of course the sight of her precious face Is enough to rob any man of his senses. But to glimpse the outskirts of her village Is a joy in itself.
णिक्कम्माहि वि छेत्ताहि पामरो णेअ वच्चए वसहिं,मुअपिअजाआसुण्णइअगेहदुक्खं परिहरंतो	Though he had no more work in the fields, The farmer would not go home, To spare himself the pain Of finding it empty Now his wife was dead.
झंझावाउत्तिणघरविवरपलोट्टंतसलिलधाराहिं,कुड्डलिहिओहिदिअहं रक्खइ अज्जा करअलेहिं	After the storm had ripped the straw from the roof And rainwater streamed through the rafters, The good lady tried to cover the wall with her hands To protect the tally she'd made of her husband's absence.
सिहिपेहुणावअंसा वहुआ वाहस्स गव्विरी भमइ,गअमोत्तिअरइअपसाहणाण मज्झे सवत्तीण	With a tame peacock's tail feather behind her ear The hunter's young wife saunters among his elder wives Who are themselves decked out with pearls Which their husband once cut loose From the temples of fierce elephants.
वंकच्छिपेच्छिरीणं वंकुल्लविरीण वंकभमिरीणं,वंकहसिरीण पुत्तअ पुण्णेहि जणो पिओ होइ	My son, Only someone who has acquired merit In past lives Can win the love Of women With their sly look, sly talk, Sly smile and sly walk.
भम धम्मिअ वीसद्धो सो सुणहो अज्ज मारिओ तेण,गोलाअडविअडकुडुंगवासिणा दरिअसीहेण	Your holiness, It's safe for you to walk in the village now. The dog that bothered you Has been killed by a fierce lion Who lives in the thickets of the Goda.
वाएरिएण भरिअं अच्छिं कण्णरइउप्पलरएण,फुक्कंतो अविअण्हं चुंवंतो को सि देव्वाणं	When the wind has blown pollen From the lotus on my ear Into my eye Only a god can steal a kiss While blowing it out.
सहि दुम्मेंति कलंवाइं जह मं तह ण सेसकुसुमाइं,णूणं इमेसु दिअहेसु वहइ गुलिआधणुं कामो	Friend, The orange kadamba flowers give me more pain Than all other flowers put together. It's as if these days The God of Love has a bow that shoots sweets
णा ऽहं दूई ण तुमं पिओ त्ति को अम्ह एत्थ वावारो,सा मरइ तुज्झ अअसो एअं धम्मक्खरं भणिमो	I am not her go-between, You are not her lover, So what have we to do with each other? But let me tell you the truth: She is dying, And the disgrace is yours.
तीअ मुहाहि तुह मुहं तुज्झ मुहाओ अ मज्झ चलणम्मि,हत्थाहत्थीअ गओ अइदुक्करकारओ तिलओ	From her face to your face And from your face to my feet, Going from one to the other, The dot painted on her forehead Has performed a real miracle.
सामाइ सामलिज्जइ अद्धच्छिपलोइरीअ मुहसोहा,जंवूदलकअकण्णावअंसभमिरे हलिअउत्ते	How the young beauty's face grows dark When, with a furtive glance, she sees The plowman flaunting an ear ornament Of rose-apple leaves.
दूइ तुमं चिअ कुसला कक्खडमउआइ जाणसे वोत्तुं,कंडूइपंडरं जह ण होइ तह तं करेज्जासु	Go-between! You're brilliant —The way you know how to mix rough with smooth. Please, do it in such a way That he itches all over Without having a rash.
महिलासहस्सभरिए तुह हिअए सुहअ सा अमाअंती,दिअहं अणण्णकम्मा अंगं तणुअं पि तणुएइ	Finding no room Among the thousands of women That crowd your heart, She does nothing else each day But make her thin body even thinner.
खणमेत्तं पि ण फिट्टइ अणुदिअह विइण्णगरुअसंतावा,पच्छण्णपावसंक व्व सामली मज्झ हिअआओ	Impossible, even for a moment, To banish her dark presence from my heart. Every day the same pain, undiminished, Like being haunted by a secret sin.
अण्णुअ णा ऽहं कुविआ उवऊहसु किं मुहा पसाएसि,तुह मण्णुसमुप्पाएण मज्झ माणेण वि ण कज्जं	You fool, What makes you think I'm angry? Stop your needless groveling And take me in your arms. What's the point in my sulking? It only makes you angry.
दीहुण्हपउरणीसासपअविओ वाहसलिलपरिसित्तो,साहेइ सामसवलं व तीअ अहरो तुह विओए	Drenched by tears, Scorched by long, hot sighs, Her lips in your absence Perform the penance of fire and water.
सरए महद्दहाणं अंतोसिसिराइ वाहिरुण्हाइं,जाआइ कुविअसज्जणहिअअसरिच्छाइ सलिलाइं	A lake in autumn Is warm only on the surface. Below it stays cool, Like a good man when displeased.
आअस्स किं णु काहं किं वोच्छं कह णु होहिइ इमं ति,पढमुग्गअसाहसआरिआइ हिअअं थरहरेइ	When he comes what shall I do? What shall I say? And how will it be? The girl's heart trembles At her first chance to be reckless.
णेउरकोडिविलग्गं चिउरं दइअस्स पाअपडिअस्स,हिअअं पउत्थमाणं उम्मोअंति च्चिअ कहेइ	By disentangling her husband's hair From the clasp of her anklet As he lies at her feet, She tells him That pride has left her heart.
तुज्झ ऽंगराअसेसेण सामली तह खरेण सोमारा,सा किर गोलातूहे ण्हाआ जंवूकसाएण	Haven't you heard how that lovely girl ruined her soft skin By bathing in the Goda Just where you had smeared yourself With stinging rose-apple lotion?
अज्जं चेअ पउत्थो अज्जं चिअ सुण्णआइ जाआइं,रच्छामुहदेउलचच्चराइ अम्हं च हिअआइं	Today he is gone, Today the alleys are empty, The temples are empty, The crossroads are empty, And so is my heart.
आअंवंतकवोलं खलिअक्खरजंपिरिं फुरंतोट्ठिं,मा छिवसु त्ति सरोसं समोसरंतिं पिअं भरिमो	I will never forget how my beloved ran off In anger, With red cheeks, Stammering with trembling lips That I should leave her alone.
गोलाविसमोआरच्छलेण अप्पा उरम्मि से मुक्को,अणुअंपाणिद्दोसं तेण वि सा गाढम् उवऊःआ	On the pretext that the steps Down to the Godawere uneven, She clung to his breast While he, purely out of concern, Held her in a tight embrace.
सा तइ सहत्थदिण्णं अज्ज वि रे सुहअ गंधरहिअं पि,उव्वसिअणअरघरदेवअ व्व ओमालिअं वहइ	Though its fragrance is gone, She is still wearing the garland of jasmine you gave her, Like a household god In a deserted town.
केलीअ वि रूसेउं ण तीरए तम्मि चुक्कविणअम्मि,जाइअएहि वि माए इमेहि अवसेहि अंगेहिं	When he misbehaves I cannot get angry with him, Not even in jest, Not with this body That seems to be on loan And not mine to command.
उप्फुल्लिआइ खेलउ मा णं वारेहि होउ परिखामा,मा जहणभारगरुई पुरिसाअंती किलिम्मिहइ	Let her play bunny hops. Don't stop her. She needs the training So that later When she sits on top of her husband She does not collapse Under the weight of her own thighs.
पउरजुआणो गामो महुमासो जोव्वणं पई ठेरो,जुण्णसुरा साहीणा असई मा होउ किं मरउ	A village full of young men, Spring, youth, an aged husband, Strong wine, nobody to tell you what to do: The only way to avoid going astray Is to die.
वहुसो वि कहिज्जंतं तुह वअणं मज्झ हत्थसंदिट्ठं,ण सुअं ति जंपमाणा पुणरुत्तसअं कुणइ अज्जा	Over and over again I told her the words you confided to me, But claiming she hadn't quite caught them She made me repeat the message a hundred times.
पाअडिअणेहसब्भावणिब्भरं तीअ जह तुमं दिट्ठो,संवरणवावडाए अण्णो वि जणो तह च्चेअ	The way she looks at you, With love and affection written all over her face, She looks at everyone else as well, To conceal her feelings.
गेण्हह पुलोअह इमं पहसिअवअणा पइस्स अप्पेइ,जाआ सुअपढमुब्भिण्णदंतजुअलंकिअं वोरं	"""Take it and have a look!"" With a broad smile on her face She hands her husband the jujube fruit With the marks on it Of their son's first pair of teeth."
अच्छउ ता जणवाओ हिअअं चिअ अत्तणो तुह पमाणं,तह तं सि मंदणेहो जह ण उवालंभजोग्गो सि	Never mind the gossip: Judge by your own feelings. Anyway, You have grown so cool That you are beyond reproach.
अप्पच्छंदपहाविर दुल्लहलंभं जणं विमग्गंत,आआसवहेहि भमंत हिअअ कइआ वि भज्जिहिसि	You rush ahead, following your own fancy, Always in quest of the unattainable man. One day, heart, as you roam the skies, You'll crash.
अहव गुण च्चिअ लहुआ अहवा गुणअण्णुओ ण सो लोओ,अहव म्हि णिग्गुणा वा वहुगुणवंतो जणो तस्स	Maybe my talents are slight, Maybe for him talents mean nothing, Maybe I have no talents And he knows someone who has.
पासासंकी काओ णे ऽच्छइ दिण्णं पि पहिअघरिणीए,ओणत्तकरअलोअलिअवलअमज्झट्ठिअं पिंडं	The crow refuses the rice ball offered by the woman Whose husband is abroad. Seeing it stuck between the bracelet, Which has slipped from her arm, And the downturned palm of her hand, The bird is wary of a trap.
ओहिदिअहागमासंकिरीहि सहिआहि कुड्डलिहिआओ,दो तिण्णि तहिं मिअ चोरिआइ रेहा पुसिज्जंति	Her friends, Unsure when the final day would come, Stealthily wiped out one or two strokes Of her tally.
अज्जं गओ त्ति अज्जं गओ त्ति अज्जं गओ त्ति गणिरीए,पढम च्चिअ दिअहद्धे कुड्डो रेहाहि चित्तलिओ	"""Today he has left."" ""Today he has left."" ""Today he has left."" Already on the very first morning She covered the whole wall with lines."
ण वि तह पढमसमागमसुरअसुहे पाविए वि परिओसो,जह वीअदिअहसविलक्खलक्खिए वअणकमलम्मि	The satisfaction of that first night Was nothing compared to seeing the embarrassment Next day On the lotus of her face.
जे समुहागअवोलंतवलिअपिअपेसिअच्छिविच्छोहा,अह मण्णे मअणसरा जणस्स जे होंति ते होंतु	As he walks towards me, passes, And then looks back, My lover's tremulous glances Are to me like Love's arrows Whatever they may be to others.
इअरो जणो ण पावइ तुह जहणारुहणसंगमसुहेल्लिं,अणुहवइ कणअदोरो हुअवहवरुणाण माहप्पं	The pleasure of riding your thighs Is for special people only. Take the golden girdle: It had to go through the ordeal of fire and water first.
जो जस्स विहवसारो तं सो देइ त्ति किं थ अच्छेरं,अणहोंतं पि हु दिण्णं दोहग्गं तइ सवत्तीणं	Normally one gives away things Of which one has a surplus. But to your husband's other wives you give Something that is not yours to give: Unhappiness.
चंदसरिसं मुहं से सरसो अमअस्स मुहरसो तिस्सा,सकअग्गहरहसुज्जलचुंवणअं कस्स सरिसं से	Her face is round like the moon, Her lips taste like nectar, Grabbing her by the hair And giving her a passionate kiss, What is that like?
उप्पण्णत्थे कज्जे अइचिंतंतो गुणागुणे तम्मि,चिरआलमंदपेच्छित्तणेण पुरिसो हणइ कज्जं	When an opportunity finally offers itself, Endlessly weighing the pros and cons And considering the matter carefully, As if one had all the time in the world, Are sure ways to bungle one's chances.
पत्तिअ ण पत्तिअंती जइ तुज्झ इमे ण मज्झ रुइरीए,पुट्ठीअ वाहविंदू पुलउब्भेए ण भिज्जंता	Believe me, I would not believe you If these tears that I weep Were not pierced by the gooseflesh Rising on your back As you kneel before me.
तं मित्तं काअव्वं जं किर वसणम्मि देसआलम्मि,आलिहिअभित्तिवाउल्लअ व्व ण परंमुहं ठाइ	Make a friend of the man Who, wherever or whenever it may be, Stands by you in adversity Steady as an image in a wall painting.
वहुआइ णइणिउंजे पढमुग्गअसीलखंडणविलक्खं,उड्डेइ विहंगउलं हाहा पक्खेहि व भणंतं	"Embarrassed By the girl losing her virginity, A flock of birds Flies up from the bushes by the river, Seeming to say ""Ah! Ah!"" with their wings."
सच्चं भणामि वालअ ण त्थि असक्कं वसंतमासस्स,गंधेण कुरुवआणं मणं पि असइत्तनं ण गआ	What makes you think I'm lying, you fool? I know spring can do anything, But the fragrant flowers of the amaranth Have not made me in the least unfaithful.
ता किं करेउ जइ तं सि तीअ वइवेढपेल्लिअथणीए,पाअंगुट्ठग्गुक्खित्तणीसहंगीअ वि ण दिट्ठो	What is she to do If, wobbling on tiptoe And squeezing her breasts against the fence, She still can't see you?
पिअसंभरणपलोट्टंतवाहधाराणिवाअभीआए,दिज्जइ वंकग्गीवाइ दीवओ पहिअजाआए	Anxious about the stream of tears Rolling down her face At the thought of her absent husband, She turns her head aside As she puts down the lamp.
ता मज्झिमो च्चिअ वरं दुज्जणसुअणेहि दोहि वि ण कज्जं,जह दिट्ठो तवइ खलो तहेअ सुअणो अईसंतो	I'd rather have something in between. For what use is a bad man Or, for that matter, a good one? A bad man causes pain by his presence, A good man by his absence.
अद्धच्छिपेच्छिअं मा करेहि साहाविअं पलोएहि,सो वि सुदिट्ठो होहिइ तुमं पि मुद्धा कलिज्झिहिसि	Don't peep at him on the sly. Look him straight in the eye. That way you'll get a good look at him And people will take you for an innocent.
दिअहं खुडुक्किआए तीए काऊण गेहवावारं,गरुए वि मण्णुदुक्खे भरिमो पाअंतसुत्तस्स	I will never forget How, for all her resentment, She dropped off to sleep At my feet, After a day of household chores Performed in angry silence.
पाणउडीअ वि जलिऊण हुअवहो जलइ जण्णवाडम्मि,ण हु ते परिहरिअव्वा विसमदसासंठिआ पुरिसा	The fire that burns in the outcast's hut Then burns on the sacrificial altar. Never shun a person However wretched his circumstances.
जं तुज्झ सई जाआ असईओ सुहअ जं च अम्हे वि,ता किं फुट्टउ वीअं तुज्झ समाणो जुआ ण त्थि	The reason why your wife is faithful And we are unfaithful to our husbands, Is obvious, my dear: There isn't another young man like you.
सव्वस्सम्मि वि डड्ढे तह वि हु हिअअस्स णिव्वुइ च्चेअ,जं तेन गामडाहे हत्थाहत्थिं कुडो गहिओ	Even though everything I had went up in flames I am overjoyed, For during the fire It was he who took the bucket of water From my hand into his.
तस्स अ सोहग्गगुणं अमहिलसरिसं च साहसं मज्झ,जाणइ गोलाऊरो वासारत्तद्धरत्तो अ	His unmanly bliss And my unwomanly boldness Are known only to the swollen waters of the Goda And the midnights of the rainy season.
ते वोलिआ वअस्सा ताण कुडुंगाण खण्णुआ सेसा,अम्हे वि गअवआओ मूलुच्छेअं गअं पेम्मं	The friends of our youth have passed away, Of those bowers nothing remains but stumps, Gone is the vigor of former days, And love has been cut to the roots.
जस्स जहिं चिअ पढमं तिस्सा अंगम्मि णिवडिआ दिट्ठी,तस्स तहिं चेअ ठिआ सव्वंगं केण वि ण दिट्ठं	On whichever part of her body One's eye falls first There it stays. No one has ever seen the whole of her body.
विरहे विसं व विसमा अमअमआ होइ संगमे अहिअं,किं विहिणा समअं चिअ दोहिं पि पिआ विणिम्मविआ	Away from me She is like deadly poison, Together again She is sweeter than nectar. How did the Creator manage To combine these two potions In my darling?
अद्दंसणेण पुत्तअ सुट्ठु वि णेहाणुवंधघडिआइं,हत्थउडपाणिआइ व कालेण गलंति पेम्माइं	Silly boy, However close the ties of affection, If people don't see one another, Love gradually seeps away Just like water between one's cupped hands.
पइपुरओ च्चिअ णिज्जइ विंछुअडट्ठे ऽति जारवेज्जघरं,णिउणसहीकरधरिआ भुअजुअलंदोलिरी वाला	"Before her husband's very eyes Her sharp friends pick up the young wife And carry her, arms adangle, To her healer-lover's house, Saying: ""She's been bitten by a scorpion."""
विक्किणइ माहमासंमि पामरो पारिडिं वइल्लेण,णिद्धूममुम्मुरे सामलीअ थणए णिअच्छंतो	Seeing his wife's dark breasts Which, but for the absence of smoke, Resemble black heaps of burning chaff, The farmer barters his cloak for a buffalo In the cold month of Magha.
सच्चं भणामि मरणे ठिअ म्हि पुण्णे तडम्मि तावीए,अज्ज वि तत्थ कुडुंगे णिवडइ दिट्ठी तह च्चेअ	Though I am nearing death, I swear that, even now, My gaze falls, as ever, On the thicket that grows By the banks of the holy Taptê.
अंधअरवोरपत्थिं व माउआ मह पइं विलुंपंति,ईसाअंति मह च्चिअ छेप्पाहिंतो फणो जाओ	Mother, They snatch my husband from me As if he were a dish of plums in a blind man's hands. At the same time they are jealous of me: A hood is growing out of the snake's tail!
वेविरसिण्णकरंगुलिपरिग्गहक्खलिअलेगणीमग्गे,सोत्थि च्चिअ ण समप्पइ पिअसहि लेहम्मि किं लिहिमो	"Because my pen keeps slipping In my clammy fingers I can't even finish the word ""Dear."" Friend, tell me, How can I write the rest of my letter?"
मामि हिअअं व पीअं तेण जुआणेण मज्जमाणाए,ण्हाणहलिद्दाकडुअं अणुसोत्त जलं पिअंतेण	Mother, That young man Who downriver drank the water That was bitter with my turmeric soap, Has as good as drunk my heart.
जिविअं असासअं चिअ ण णिअत्तइ जोव्वणं अइक्कंतं,दिअहा दिअहेहि समा ण होंति किं णिट्ठुरो लोओ	Life is transient, Youth passes never to return, Tomorrow is not the same as today. So why are people so stubborn?
अज्ज मए गंतव्वं घणंधआरे वि तस्स सुहअस्स,अज्जा णिमीलिअच्छी पअपरिवाडिं घरे कुणइ	Because even on this dark night she intends to meet her lover, The girl paces up and down indoors With her eyes tightly shut.
सुअणो ण कुप्पइ च्चिअ अह कुप्पइ विप्पिअं ण चिंतेइ,अह चिंतेइ ण जंपइ अह जंपइ लज्जिओ होइ	A gentleman never gets angry. When he gets angry He never has nasty thoughts. When he has nasty thoughts He never expresses them. When he expresses them He is ashamed of himself.
चंदमुहि चंदधवला दीहा दीहच्छि तुह विओअम्मि,चउजामा सअजाम व्व जामिणी कह वि वोलीणा	he moon was bright, My moon-faced beauty, And the night was long, My long-eyed girl. The four watches passed. Though, with you away, They seemed to last A hundred
तह सोण्हाइ पुलइओ दरवलिआवंगतारअं पहिओ,जह वारिओ वि घरसामिएण आलिंदए वसिओ	After the flicker of a side glance From the daughter-in-law The traveler, refused entry By the master of the house, Spent the night on the veranda.
कं तुंगथणुक्खित्तेण पुत्ति दारट्ठिआ पलोएसि,उण्णामिअकलसणिवेसिअग्घकमलेण व मुहेण	Whom are you looking out for, Standing at the door? Your face above your prominent breasts Looks like a lotus Placed on top of the two water pots Standing ready to welcome a guest
वइविवरणिग्गअदलो एरंडो साहइ व्व तरुणाणं,एत्थ घरे हलिअवहू एद्दहमेत्तत्थणी वसइ	"With its leaves pushing through The gaps in the fence The castor oil plant seems to be telling The youths of the village ""Here lives a farmer's wife With breasts this big."""
पडिवक्खमण्णुपुंजे लावण्णउडे अणंगगअकुंभे,पुरिससअहिअअधरिए कीस थणंती थणे वहसि	Why do you groan as you carry them —Two heaps piled with your rivals' jealousy, Two vessels brimful of beauty, Two elephant lobes stuffed with love? In their hearts men by the hundred Are sharing the burden Of your breasts
घरिणीघणथणपेल्लणसुहेल्लिपडिअस्स होंतपहिअस्स,अवसउणंगारअवारविट्ठिदिअहा सुहावेंति	The would-be traveler has become so addicted to the pleasant pastime Of fondling his wife's firm breasts That he welcomes any bad omen —Wishes it were Tuesday or a day of rain
सा तुज्झ कए वालअ अणिसं घरदारतोरणणिसण्णा,ओसूसइ वंदणमालिअ व्व दिअहं चिअ वराई	You fool, It is on your account That the poor girl sits patiently Beneath the doorway And, like the garland of welcome Festooning it, wilts every day
हसिअं सहत्थतालं सुक्खवडं उवगएहि पहिएहिं,पत्तअफलाण सरिसे उड्डीणे पूसविंदम्मि	Laughing and clapping, The travelers run towards the shady banyan Loaded with juicy fruit When a flock of parrots flies up To reveal a bare, shrivelled tree
कह णाम तीअ तह सो सहावगरुओ वि थणहरो पडिओ,अहवा महिलाण चिरं को वि ण हिअअम्मि संठाइ	How come that her breasts, Once so firm, Now sag like this? On the other hand, Who abides forever in a woman's heart?
सुअनु वअणं छिवंतं सूरं मा साउलीअ वारेहि,एअस्स पंकअस्स अ जाणउ कअरं सुहप्फंसं	Lovely woman, Don't cover your face with your shawl. Let the sun find out which is more pleasant to touch, Your face Or the lotus.
माणोसहं व पिज्जइ पिआइ माणंसिणीअ दइअस्स,करसंपुडवलिउद्धाणणाइ मइराइ गंडूसो	Turning her face upwards With his cupped hands, Her husband offers her wine —One mouthful to drink As a medicine For sulkiness.
कह सा णिव्वण्णिज्जउ जीअ जहालोइअम्मि अंगम्मि,दिट्ठी दुव्वलगाइ व्व पंकपडिआ ण उत्तरइ	How can I describe her? Once you see her body You cannot take your eyes off it: They are like a helpless cow Stuck in the mud
कीरंति च्चिअ णासइ उअए रेह व्व खलअणे मेत्ती,सा उण सुअणम्मि कआ अणहा पाहाणरेह व्व	Like writing on water Friendship with a bad man Fades as soon as it's begun. With a good man it is immutable Like an inscription in stone
अव्वो उक्करआरअ पुणो वि तत्तिं करेसि गमणस्स,अज्ज वि ण होंति सरला वेणीअ तरंगिणो चिहुरा	Ah, what a cruel man you are, Thinking of leaving again While the hair of my braid has not yet had time To uncurl.
ण वि तह छेअरआइ वि हरंति पुणरुत्तराअरसिआइं,जह जत्थ व तत्थ व जह व तह व सब्भावणेहरमिआइं	Making love With great sophistication, For all the pleasure Of constantly renewed passion, Is not as rapturous As making love Wherever and however With true affection.
उज्झसि पिआइ समअं तह वि हु रे भणसु कीस किसिअ त्ति,उअरिभरेण अआणुअ मुअइ वइल्लो वि अंगाइं	I have both you And your new love To bear in my heart. How dare you ask, you fool, Why I am wasting away? Even an ox collapses when overloaded.
दढमूलवद्धगंठि व्व मोइआ कह वि तेण मे वाहू,अम्हेहि वि तस्स उरे खुत्त व्व समुक्खआ थणआ	With great difficulty He released himself from my arms As if untangling a tight knot And I extracted my breasts Deeply buried in his chest.
अणुणअपसाइआए तुज्झ ऽवराहे चिरं गणंतीए,अपहुत्तोहअहत्थंगुरीअ रुण्णं वराईए	Only after you had won her round Did she start to make a count of your offenses. When the fingers of both hands proved not enough The poor thing finally burst into tears.
धुअइ व्व मअकलंकं कवोलपडिअस्स माणिणी उअह,अणवरअवाहजलभरिअणअणकलसेहि चंदस्स	See how the affronted wife Is washing away the dark patches of the moon Reflected on her cheek With an endless stream of water From the jars of her eyes.
गंधेण अप्पणो मालिआण णोमालिआ ण फुट्टिहइ,अण्णो को वि हआसाइ मंसलो परिमलुग्गारो	Among the other flowers in a garland The scent of the young jasmine will never get lost: There is something unusually powerful About the damned thing
फलसंपत्तीअ समोणआइ तुंगाइ फलविपत्तीए,हिअआइ सुपुरिसाणं महातरूणं व सिहराइं	The hearts of good men are like the tops of tall trees: When laden with fruit They are bent on sharing And when bare they are uplifted.
आसासेइ परिअणं परिवत्तंतीअ पहिअजाआए,णित्थामुव्वत्तणवलिअहत्थमुहलो वलअसद्दो	The sound of her bracelets, As the traveler's wife turns on her side And weakly moves her hands, Is enough to reassure her friends
ण विणा सब्भावेणं घेप्पइ परमत्थजाणुओ लोओ,को जुण्णमंजरं कंजिएण वेआरिउं तरइ	A man who knows the ultimate truth Is only won over by true goodness, For who can trick an old cat with rice gruel?
रण्णाउ तणं रण्णाउ पाणिअं सव्वदो सअंगाहं,तह वि मआण मईण अ आमरणंताइ पेम्माइं	In the jungle grass and water Are everywhere free for the asking, And still the love between a doe and a stag Lasts until death.
तुप्पाणणा किणो अच्छसि त्ति परिपुच्छिआइ वहुआइ,विउणावेढिअजहणत्थलाइ लज्जोणअं हसिअं	When he asked his young wife Why her face was still smeared with ghee, She looked away in embarrassment But smiled, Her skirt wrapped twice around her thighs.
हिअअ च्चेअ विलीणो ण साहिओ जाणिऊण घरसारं,वंधवदुव्वअणं मिव दोहलओ दुग्गअवहूए	Conscious of the family's situation, The pregnant wife does not mention what she craves for But keeps it to herself, Like an indecent proposal made by one of her husband's brothers.
धावइ विअलिअधम्मिल्लसिचअसंजमणवावडकरग्गा,चंडिलभअविवलाअंतडिंभपरिमग्गिणी घरिणी	With one hand clutching at her skirt, Which is slipping down, And with the other her hair, Which has come loose, The housewife chases after her little son, Who is running away, scared of the barber
जह जह उव्वहइ वहू णवजोव्वणमणहराइ अंगाइ,तह तह से तणुआअइ मज्झो दइओ अ पडिवक्खो	The more the wife flaunts her delicious, young body The thinner become her waist, her husband, And her rivals
जह जह जरापरिणओ होइ पई दुग्गओ विरूओ वि,कुलवालिआण तह तह अहिअअरं वल्लहो होइ	The poorer, the uglier, the more decrepit Her husband becomes The more a true woman loves him.
एसो मामि जुआणो वारं वारेण जं अडअणाओ,गिम्हे गामेक्कवडोदअं व किच्छेण पावंति	Aunt! There goes the young man Whom all the hussies in turn Try to grab hold of, Just like the water in the only well in the village On a hot summer's day
गामवडस्स पिउच्छा आवंडुमुहाण पंडुरच्छाहं,हिअएण समं असईण पडइ वाआहअं पत्तं	Aunt, A yellow leaf, battered by the wind, Falls from the village banyan And with it the pale faces Of the false women.
पेच्छइ अलद्धलक्खं दीहं णीससइ सुण्णअं हसइ,जह जंपइ अफुडत्थं तह से हिअअट्ठिअं किं पि	She stares into thin air, Heaves long sighs, Smiles vacantly And mutters nonsense: There must be something on her mind.
गहवइ गओ म्ह सरणं रक्खसु एअं ति अडअणा भणिउं,सहसागअस्स तुरिअं पइणो च्चिअ जारम् अप्पेइ	"""My lord, This man seeks shelter with us. Do look after him."" With these words the wife hastily introduced her lover To her husband Who had returned home unexpectedly"
हिअएछिअस्स दिज्जउ तणुआअंतिं ण पेच्छह पिउच्छा,हिअएछिओ म्ह कत्तो भणिउं मोहं गआ कुअरी	"Aunt, Marry the girl to the person she fancies. Can't you see she is pining away? ""'Person I fancy'? What do you mean?"" So saying the girl fell in a faint."
खिण्णस्स उरे पइणो ठवेइ गिम्हावरण्हरमिअस्स,ओल्लं गलंतकुसुमं ण्हाणसुअंधं चिहुरभारं	Wet and fragrant after her bath And with flowers falling from it, She lays her long, thick hair On her exhausted husband's chest After a summer afternoon Of making love
अह सरसदंतमंडलकवोलपडिमागओ मअच्छीए,अंतोसिंदूरिअसंखवत्तकरणिं वहइ चंदो	Reflected in the deer-eyed woman's cheek Covered with fresh tooth marks, The moon looks like a white conch shell Red on the inside.
पुसिआ कण्णाहरणेंदणीलकिरणाहआ ससिमऊहा,माणिणिवअणम्मि सकज्जलंसुसंकाइ दइएण	The lover wipes away the silver moonbeams Blending with the blue gleams of her sapphire earrings From the face of his offended mistress, Mistaking them for tears mixed with eye-black.
एद्दहमेत्तम्मि जए सुंदरमहिलासहस्सभरिए वि,अणुहरइ णवर तिस्सा वामद्धं दाहिणद्धस्स	In the whole wide world Teeming with thousands of beautiful women The only thing that matches this woman's right side . . . Is her left side.
जह जह वाएइ पिओ तह तह णच्चामि चंचले पेम्मे,वल्ली वलेइ अंगं सहावथद्धे वि रुक्खम्मि	Since love is fickle I dance to my lover's tune. A creeper twines itself Around the unbending tree
दुक्खेहि लब्भइ पिओ लद्धो दुक्खेहि होइ साहीणो,लद्धो वि अलद्धो च्चिअ जइ जह हिअअं तह ण होइ	He can be captured only with the greatest difficulty And once captured he is difficult to keep, And even if captured, He is not captured Unless his heart is captured as well
अव्वो अणुणअसुहकंखिरीअ अकअं कअं कुणंतीए,सरलसहावो वि पिओ अविणअमग्गं वला णीओ	How stupid! She was so anxious to taste the pleasure of being groveled to That she made out that he had done something When he hadn't, And led her innocent lover into devious ways.
हत्थेसु अ पाएसु अ अंगुलिगणणाइ अइगआ दिअहा,एण्हिं उण केण गणिज्जउ त्ति भणिउं रुअइ मुद्धा	Having passed the time By counting the days First on her fingers, then on her toes, The young girl burst into tears, Not knowing what to count with next
कीरमुहसच्छहेहिं रेहइ वसुहा पलासकुसुमेहिं,वुद्धस्स चलणवंदणपडिएहि व भिक्खुसंघेहिं	The flowers of the flame trees, Which resemble parrots' beaks, Make the ground resplendent, Like a congregation of monks Prostrate in worship at the feet Of the Buddha
ण गुणेण हीरइ जणो हीरइ जो जेण भाविओ तेण,मोत्तूण पुलिंदा मोत्तिआइ गुंजाउ गेण्हंति	People are not captivated by true qualities But by what takes their fancy. The Pulindas brush pearls aside But seize upon the guñja seeds The jeweler uses as weights.
पुट्ठिं पुससु किसोअरि पलोहरंकोल्लपत्तचित्तलिअं,छेआहि दिअरजाआहि उज्जुए मा कलिज्जिहिसि	Slender girl, Don't be so naïve: Brush off your back All trace of the leaves From the aṃkolla in the yard, Otherwise your clever sisters-in-law will start thinking.
अच्छीइ ता थइस्सं दोहि वि हत्थेहि तम्मि दिट्ठम्मि,अंगं कलंवकुसुमं व पुलइअं कह णु ढक्किस्सं	The moment I see him I will cover my eyes with both hands, But how am I going to hide my body Which is bristling like a spiky kadamba blossom?
झंझावाउत्तिणिए घरम्मि रोऊण णीसहणिसण्णं,दावेइ व गअवइअं विज्जुज्जोओ जलहराणं	The storm snatched the thatch from the roof And the lightning flashed through the rafters As if to show the clouds the helpless wife, Sitting in tears Alone without her husband.
सुहपुच्छिआइ हलिओ मुहपंकअसुरहिपवणणिव्वविअं,तह पिअइ पअइकडुअं पि ओसहं जह ण णिट्ठाइ	After she who peeped in to ask how he was Had with her fragrant breath Cooled the bitter medicine, The plowman drained it to the very last drop
अह सा तहिं तहिं व्विअ वाणीरवणम्मि चुवकसंकेआ,तुह दंसणं विमग्गइ पब्भट्टणिहाणठाणं च	Having missed the assignation In all those reed beds, She looks for you everywhere As though in search of lost treasure
लुम्बीओ अंगणमाहवीण दारग्गलाउ जाआउ,आसासो पंथपलोअणे वि पिट्ठो गअवईणं	In spring The clusters of jasmine Bar the gate of the courtyard. Even the comfort of looking down the road Is denied to the grass widows.
पिअदंसणसुहरसमउलिआइ जइ से ण होंति णअणाइं,ता केण कण्णरइअं लक्खिज्जइ कुवलअं तिस्सा	If her eyes were not closed In ecstasy At seeing her lover, Who would notice the blue lily Behind her ear?
चिक्खिल्लखुत्तहलमुहकड्ढणसिढिले पइम्मि पासुत्ते,अप्पत्तमोहणसुहा घणसमअं पामरी सवइ	When he fell asleep, Exhausted after a day of dragging the plow through thick mud, His wife, Angry at missing the pleasures of love, Cursed the rainy season.
दुम्मेंति देंति सोक्खं कुणंति अणुराअअं रमावेंति,अरइरइवंधवाणं णमो णमो मअणवाणाणं	They cause grief, Give pleasure, Create a longing And allay it: Praised be the arrows of the God of Love, Kindred of pleasure and pain.
कुसुममआ वि अइखरा अलद्धफंसा वि दूसहपआवा,भिंदंता वि रइअरा कामस्स सरा वहुविअप्पा	How very puzzling! Though made of flowers They are extremely sharp. Though they make no contact They are irresistibly powerful. Though they cut through the flesh They cause delight —The arrows of the God of Love
ईसं जणेंति दावेंति मम्महं विप्पिअं सहावेंति,विरहे ण देंति मरिउं अहो गुणा तस्स वहुमग्गा	They cause jealousy, Kindle love, Make grief bearable And prevent separation from being fatal: Love's arrows have so many different effects.
णीआइ अज्ज णिक्किव पिणद्धणवरंगआइ वरईए,घरपरिवाडीअ पहेणआइ तुह दंसणासाए	Have a care— The poor girl, wearing a freshly dyed dress, Is distributing festival cakes from door to door In the hope of catching a glimpse of you.
णक्खुक्खुडिअं सहआरमंजरिं पामरस्स सीसम्मि,वंदिं मिव हीरंतिं भमरजुआणा अणुसरंति	Bees pursue the mango blossom That the scruffy farmhand has torn off with his nails And placed on his head, Like young men thronging around a woman Taken hostage
मुहविज्झविअपईवं णिरुद्धसासं ससंकिउल्लावं,सवहसअरक्खिओट्ठं चोरिअरमिअं सुहावेइ	The lamp blown out, Stifled sighs, Fearful whispers, Lips sealed by hundreds of vows: Oh! the joys of stolen love.
वहलतमाहअराई अज्ज पउत्थो पई घरं सुण्णं,तह जग्गेसु सअज्जिअ ण जहा अम्हे मुसिज्जामो	It is pitch-dark outside, My husband left today, And the house is deserted. Please, neighbor, do keep watch: I don't want to be burgled.
संजीवणोसहं मिव सुअस्स रक्खइ अणण्णवावारा,सासू णवब्भदंसणकंठागअजीविअं सोण्हं	Without leaving her bedside for a moment The mother nurses her daughter-in-law Who has almost expired at the sight of the first rain clouds, As if she were a medicine which could restore The life of her son
णूणं हिअअणिहित्ताइ वससि जाआइ अम्ह हिअअम्मि,अण्णह मणोरहा मे साहसु कह तीअ विण्णाआ	You live in my heart With your wife locked in your own For tell me how else could she know exactly what I want?
तइ सुहअ अईसंते तिस्सा अच्छीहि कण्णलग्गेहिं,दिण्णं घोलिरवाहेहि पाणिअं दंसणसुहाणं	When she could no longer follow you With her eyes stretching almost to her ears She poured a libation with rolling tears To the past pleasure of seeing you
उप्पेक्खागअ तुह मुहदंसणपडिरुद्धजीविआसाइ,दुहिआइ मए कालो केत्तिअमेत्तो व्व णेअव्वो	How much longer can I go on In this misery, My will to live dependent On visualizing your face In my imagination?
वोलीणालक्खिअरूअजोव्वणा पुत्ति कं ण दूमेसि,दिट्ठा पणट्ठपोराणजणवआ जम्मभूमि व्व	Don't worry, dear girl, When youth and beauty are all but gone You can still cause pain, Like the sight of one's birthplace From which the familiar faces Have vanished
परिओसविअसिएहिं भणिअं अच्छीहि तेण जणमज्झे,पडिवण्णं तीअ वि उव्वमंतसेएहि अंगेहिं	In the midst of the crowd A boy speaks through his eyes Shining with delight, And a girl replies As her limbs break out in a sweat
जइ सो ण वल्लहो च्चिअ गोत्तग्गहणेण तस्स सहि कीस,होइ मुहं ते रविअरफंसविसट्टं व तामरसं	If he is not dear to you How comes it, my friend, That at the mere mention of his name Your face opens like a lotus Touched by the rays of the sun?
माणदुमपरुसपवणस्स मामि सव्वंगणिव्वुइअरस्स,अवऊहणस्स भद्दं रइणाडअपुव्वरंगस्स	O auntie! Hurrah for the embrace That, like a violent wind, bends the tree of pride, Gives pleasure to the whole body, And is the prologue to the play of love
णिअआणुमाणणीसंक हिअअ दे पसिअ विरम एत्ताहे,अमुणिअपरमत्थजणाणुलग्ग कीस म्ह लहुएसि	Heart, Please, enough of this! How can you slight us and attach yourself To someone whose real worth is unknown, Judging merely by your own feelings?
अंगाणं तणुआरअ सिक्खावअ दीहरोइअव्वाणं,विणआइक्कमआरअ मा मा णं पम्हसिज्जासु	First you made her waste away, Then taught her how to weep and wail, Then made her flout all decency. So, please, do not neglect her now
अण्णह ण तीरइ च्चिअ परिवड्ढंतगरुअं पिअअमस्स,मरणविणोएण विणा विरमावेउं विरहदुक्खं	She knew no way To stop the insistent, ever-increasing Pain of being parted from her lover Except by diverting herself With death
वण्णंतीहि तुह गुणे वहुसो अम्हेहि छिंछईपुरओ,वालअ सअम् एअ कओ सि दुल्लहो कस्स कुप्पामो	My boy, I've so often described how nice you are To those sly hussies That it's my fault you're now beyond my reach. Whom else can I blame?
जाओ सो वि विलक्खो मए वि हसिऊण गाढम् उवऊढो,पढमोसरिअस्स णिअंसणस्स गंठिं विमग्गंतो	He was embarrassed But I laughed and gave him a hug When he groped for the knot Of my skirt and found it Already undone.
अवराहेहि वि ण तहा पत्तिअ जह मं इमेहि दुम्मेसि,अवहत्थिअसब्भावेहि सुहअ दक्खिण्णभणिएहिं	Believe me, my dear, The wrongs you have done me Are nothing like as hurtful As these polite words devoid of true feeling
मा जूर पिआलिंगणसरहसभमिरीण वाहुलइआणं,तुण्हिक्क परुण्णेनं इमिणा माणंसिणि मुहेणं	Proud lady, silently weeping, Do not scold your arms For straying into the empty hollow That was your lover's embrace.
मा वच्च पुप्फलाविर देवा उअअंजलीहि तूसंति,गोलाणईअ पुत्तअ सीलुम्मूलाइ कूलाइं	My boy, Why go picking flowers? The gods are perfectly happy with offerings of water And the banks of the Godavarê Are the ruin of many a young man.
एत्थ मए रमिअव्वं तीअ समं चिंतिऊण हिअएण,पामरकरसेउल्ला णिवडइ तुवरी वविज्जंती	As he sows, The seeds stick to the farmer's hands Which grow moist When he thinks that soon he might be making love With his girl in this very field.
गहवइसुओच्चिएसु वि फलहीवेंटेसु उअह वहुआइ,मोहं भमइ पुलइओ विलग्गसेअंगुली हत्थो	Look! The landowner's son has already plucked the cotton But his simple wife lingers, vainly stroking the empty pods With a trembling and sweaty hand
अज्जं मोहणसुहिअं मुअ त्ति मोत्तुं पलाइए हलिए,दरफुडिअवेंटभारोणआइ हसिअं व फलहीए	When the plowman took to flight, Fearing the good lady was dead When she had only swooned in love's ecstasy, The cotton plant, bowed under its white, half-opened pods, Seemed to smile.
णीसासुक्कंपिअपुलइएहि जाणंति णच्चिउं धण्णा,अम्हारिसीहि दिट्ठे पिअम्मि अप्पा वि वीसरिओ	Some lucky women are able to prance around With sighs and shivers and raptures. But when women like us see their husbands They completely forget themselves.
वाहि व्व वेज्जरहिओ धणरहिओ सअणमज्झवासो व्व,रिउरिद्धिदंसणं मिव दूसहणीओ तुह विओओ	Like being ill without a doctor, Like being poor amongst one's relatives, Like seeing one's enemy prosper, This separation from you is intolerable.
आअण्णेइ अडअणा कुडुंगहेट्ठम्मि दिण्णसंकेआ,अग्गपअपेल्लिआणं मम्मरअं जुण्णपत्ताणं	Listening for the rustle of dead leaves Stirred by his footfall, The wanton woman awaits her lover in the arbor
अहिलेंति सुरहिणीससिअपरिमलावद्धमंडलं भमरा,अमुणिअचंदपरिहवं अपुव्वकमलं मुहं तिस्सा	Attracted by her fragrant breath, Bees cluster round her face That is like no other lotus Since the moon cannot outshine it
धीरावलंविरीअ वि गुरुअणपुरओ तुमम्मि वोलीणे,पडिओ से अच्छिणिमीलणेण पम्हट्ठिओ वाहो	In front of her parents She showed no emotion When you passed by, But a tear that clung to her lashes Fell when she closed her eyes.
भरिमो से सअणपरंमुहीअ विअलंतमाणपसराइ,कइअवसुत्तुव्वत्तणथणअलसप्पेल्लणसुहेल्लिं	I will never forget How at first she turned her back on me, Then, as her sulkiness faded, Heaved up her round breasts, While feigning sleep —What pleasure it was to fondle them.
फग्गुच्छवणिद्दोसं केण वि कद्दमपसाहणं दिण्णं,थणअलसमुहपलोट्टंतसेअधोअं किणो धुअसि	Why are you trying to wash away that powder Which someone innocently threw at you On the Holê festival? It has already been washed away by the sweat Streaming off the nipples of your round breasts.
किं ण भणिओ सि वालअ गामणिधूआइ गुरुअणसमक्खं,अणिमिसम् ईसीसि वलंतवअणणअणद्धतिट्ठेहिं	You dimwit, What do you mean she didn't say anything to you? This village headman's daughter, Who in front of her elders looked at you With half-closed eyes and face slightly averted, Without blinking once.
णअणब्भंतरघोलंतवाहभरमंथराइ दिट्ठीए,पुणरुत्तपेच्छरीए वालअ किं जं ण भणिओ सि	You fool, How can you say she didn't say a word? She looked at you all the time But her sight was blurred By the tears welling up in her eyes
अंतोहुत्तं डज्झइ जाआसुण्णे घरे हलिअउत्तो,उक्खाअणिहाणाइ व रमिअट्ठाणाइ पेच्छंतो	In the house left empty by his wife's death The plowman is consumed by grief, Staring at where they used to make love As though at hiding places robbed of their treasure
णिद्दाभंगो आवंडुरत्तणं दीहरा अ णीसासा,जाअंति जस्स विरहे तेण समं कीरिसो माणो	If when he's away One lies awake, Grows pale, And sighs deeply, What is the point of being angry When he's back again?
तेण ण मरामि मण्णूहि पूरिआ अज्ज जेण रे सुहअ,तग्गअमणा मरंती मा तुज्झ पुणो वि लग्गिस्सं	The only reason I do not die of anger This very moment, my dear, Is that in my next life I do not wish to be dependent on you again Because I died thinking of you.
अवरज्झसु वीसद्धं सव्वं ते सुहअ विसहिमो अम्हे,गुणणिब्भरम्मि हिअए पत्तिअ दोसा ण माअंति	Do your worst, have no fear: I can take anything from you, my dear. In my heart, so brimful of your virtues, There is no room for any faults.
भरिउच्चरंतपसरिअपिअसंभरणपिसुणो वराईए,परिवाहो विअ दुक्खस्स वहइ णअणट्ठिओ वाहो	The tear in the eye of the wretched girl, Betraying thoughts of her beloved, Wells up, brims over and flows out Like a flood of grief.
जं जं करेसि जं जं जंपसि जह जह तुमं णिअच्छेसि,तं तम् अणुसिक्खिरीए दीहो दिअहो ण संपडइ	Going over everything you do, Everything you say, Every trick of your eyes —One day is too short
भंडंतीअ तणाइं सोत्तुं दिण्णाइ जाइ पहिअस्स,ताइ च्चेअ पहाए अज्जा आअड्ढइ रुअंती	The straw she had grudgingly given the traveler To sleep on, That same straw she was sweeping up next morning In tears.
अज्ज सहि केण गोसे कं पि मणे वल्लहं भरंतेण,अम्हं मअणसराहअहिअअवणप्फोडणं गीअं	Friend, Whoever it was who sang this song So early in the morning, He must have been thinking of some lover, For he reopened the wounds That the God of Love had made in my heart With his sharp arrows
उट्ठंतमहारंभे थणए दट्ठूण मुद्धवहुआए,ओसण्णकवोलाए णीससिअं पढमघरिणीए	When she saw the high breasts Of her husband's new wife The first wife sighed And her face fell.
गरुअछुहाउलिअस्स वि वल्लहकरिणीमुहं भरंतस्स,सरसो मुणालकवलो गअस्स हत्थे च्चिअ मिलाणो	Though tormented with hunger The elephant allows the tasty mouthful of lotus roots In his trunk To dry up and wither As he stands thinking of the face of his favorite wife
पसिअ पिए का कुविआ सुअणु तुमं परअणम्मि को कोवो,को हु परो णाह तुमं कीस अउण्णाण मे सत्ती	Calm down. Who's the angry one? You, my slim beauty. How can one be angry with a stranger? Who's the stranger? You, my lord. How come? I must have done something wrong in a past life.
एहिसि तुमं ति णिमिसं व जग्गिअं जामिणीअ पढमद्धं,सेसं संतावपरव्वसाइ वरिसं व वोलीणं	Thinking that you would come, The wakeful first part of the night went by in a minute. The remainder of the night, Filled with disappointment, Seemed to last a year.
अवलंवह मा संकह ण इमा गहलंघिआ परिब्भमइ,अत्थक्कगज्जिउब्भंतहित्थहिअआ पहिअजाआ	Catch her! No need to be afraid of this woman Running around in circles: She is not possessed by a demon, Just a traveler's wife Startled by a sudden thunderclap.
केसररअविच्छड्डे मअरंदो होइ जेत्तिओ कमले,जइ भमर तेत्तिओ अण्णहिं पि ता सोहसि भमंतो	Bee, Only were you to find in another flower As much nectar as you find inside the pollen-filled lotus Would you be right to hover around it.
पेच्छंति अणिमिसच्छा पहिआ हलिअस्स पिट्ठपंडुरिअं,धूअं दुद्धसमुद्दुत्तरंतलच्छिं विअ सअण्हा	Full of desire, the passers-by halt And stare at the plowman's daughter Who is powdered with flour, Without blinking their eyes, As if they were the gods And she the goddess Laksm≥ ê Rising up from the Ocean of Milk.
कस्स भरसि त्ति भणिए को मे अत्थि त्ति जंपमाणीए,उव्विग्गरोइरीए अम्हे वि रुआविआ तीए	"When we asked her whom she was thinking of She replied: ""No one,"" And began to cry so piteously That we cried with her."
पाअपडिअं अहव्वे किं दाणि ण उट्ठवेसि भत्तारं,एअं चिअ अवसाणं दूरं पि गअस्स पेम्मस्स	Be reasonable! Your husband has fallen at your feet. Why not help him up again? However long your love has lasted, This could be the end.
तडविणिहिअग्गहत्था वारितरंगेहि घोलिरणिअंवा,सालूरी पडिविंवे पुरिसाअंति व्व पडिहाइ	With fingertips clutching the river bank, And hips gently moving with the waves, The female frog, Hanging over her mirror image in the water, Looks like a woman making love On top of her husband.
सिक्करिअमणिअमुहवेविआइ धुअहत्थसिंजिअव्वाइ,सिक्खंतु वोडहीओ कुसुंभ तुम्हं पसाएण	Thanks to you, prickly safflower tree, Young girls will learn to suck in their breath, To moan, To twitch, To flutter their hands And make their bracelets rattle.
जेत्तिअमेत्ता रच्छा णिअंव कह तेत्तिओ ण जाओ सि,जेण छिविज्जइ गुरुअणलज्जोसरिओ वि सो सुहओ	Why, my hips, Have you not grown as wide as the street So that I might touch that lovely man As he tries to escape The awkward scene with my parents?
मरगअसूईविद्धं व मोत्तिअं पिअइ आअअग्गीवो,मोरो पाउसआले तणग्गलग्गं उअअविंदुं	In the rainy season The peacock, Stretching its long neck, Pecks at the raindrop That hangs on the tip of a grass blade Like a pearl pierced by an emerald needle
अज्जाइ णीलकंचुअभरिउव्वरिअं विहाइ थणवट्टं,जलभरिअजलहरंतरदरुग्गअं चंदविंवं व	Her round breast Bulging out of a dark blue blouse Looks like the moon Peering from behind a cloud Heavy with rain.
राअविरुद्धं व कहं पहिओ पहिअस्स साहइ ससंकं,जत्तो अम्वाण दलं तत्तो दरणिग्गअं किं पि	"Cautiously, As if it were a matter of high treason, One traveler said to the other: ""There are shoots on the mango trees. So it can't be long now."""
धण्णा ता महिलाओ जा दइअं सिविणए वि पेच्छंति,णिद्द च्चिअ तेण विणा ण एइ का पेच्छए सिविणं	Happy the women Who at least see their lovers in dream. But without him I cannot sleep Let alone dream.
मज्झण्हपत्थिअस्स वि गिम्हे पहिअस्स हरइ संतावं,हिअअट्ठिअजाआमुहमअंकजोण्हाजलप्पवहो	In the midday heat of summer The mere thought of the refreshing stream of cool moonlight From his wife's round face Restores the traveler.
भण को ण रूसइ जणो पत्थिज्जंतो अदेसआलम्मि,रइवावडा रुवंतं पिअं पि पुत्तं सवइ माआ	Tell me, Would you not get angry When bothered at the wrong time and place? What mother does not curse her little son, dear as he is, If he comes crying while she is busy making love?
एएण च्चिअ कंकेल्लि तुज्झ तं ण त्थि जं ण पज्जत्तं,उवमिज्जइ जं तुह पल्लवेण वरकामिणीहत्थो	O, aóoka tree, There is nothing more for you to achieve: Your leaves have been compared to the hand of a lovely woman
विज्झाविज्जइ जलणो गहवइधूआइ वित्थअसिहो वि,अणुमरणघणालिंगणपिअअमसुहसिज्जिरंगीए	Her body Sweating with the pleasure Of tightly embracing her beloved husband, The landowner's daughter Puts out the flames of his pyre
जारमसाणसमुब्भवभूइसुहप्फंससिज्जिरंगीए,ण समप्पइ णवकावालिणीअ उद्धूलणारंभो	The kapalika novice cannot stop daubing her body With ashes that come from her lover's pyre: The pleasure of touching them Brings her out in a sweat.
एक्को पण्हअइ थणो वीओ पुलएइ णहमुहालिहिओ,पुत्तस्स पिअअमस्स अ मज्झणिसण्णाइ घरिणीअ	One breast oozes milk, The other is covered with nail marks and gooseflesh: Behold the housewife sitting between husband and son.
एत्ताइ च्चिअ मोहं जणेइ वालत्तणे वि वट्टंती,गामणिधुआ विसलअ व्व वड्ढिआ काहिइ अणत्थं	Though still a child, The village headman's daughter Already turns everybody's head. Once she is grown up She will cause real harm, Like a poisonous creeper.
सुप्पउ तइओ वि गओ जामो त्ति सहीउ कीस मं भणह,सेहालिआण गंधो ण देइ सोत्तुं सुअह तुम्हे	"""Go to sleep! It's past three o'clock!"" Dear girls, how can you say that to me? The scent of jasmine makes sleep impossible. Try going to sleep yourselves."
कह सो ण संभरिज्जइ जो मे तह संठिआइ अंगाइं,णिव्वत्तिए वि सुरए णिज्झाअइ सुरअरसिओ व्व	How could I not remember that man Who even after it was over Looked at my limp body As if he felt like doing it again?
सुक्खंतवहलकद्दमघम्मविसूरंतकमढपाढीणं,दिट्ठं अइट्ठउव्वं कालेण तलं तडाअस्स	Summer reveals what was never seen before: The bottom of the pond With turtles and minnows Struggling in the thick, dry mud and heat.
वाहित्ता पडिवअणं ण देइ रूसेइ एक्कमेक्कस्स,असई कज्जेण विणा पलिप्पमाणे णईकच्छे	She does not answer when spoken to And is cross with everyone For no other reason Than that the bush on the river bank is burning.
णिद्दं लहंति कहिअं सुणंति खलिअक्खरं ण जंपंति,जाहि ण दिट्ठो सि तुमं ताओ च्चिअ सुहअ सुहिआओ	My dear, Only women who do not see you Stay happy: They sleep properly, Hear what is said to them, And do not muddle their words.
वालअ तुमाइ दिण्णं कण्णे काऊण वोरसंघाडिं,लज्जालुइणी वि वहू घरं गआ गामरच्छाए	Delighted with the modest pair of berries you gave her, Your wife, though usually so shy, has gone home Down the center of the village street, Wearing them behind her ear.
अह सो विलक्खहिअओ मए अहव्वाइ अगहिआणुणओ,परवज्जणच्चिरीहिं तुम्हेहि उवेक्खिओ णिंतो	When he ran out of the house, Dismayed at my rudely rejecting His attempt at reconciliation, You should have stopped him Instead of laughing at someone else's misfortune
जे लीणभमरभरभग्गगोच्छआ आसि णइअडुच्छंगे,कालेण वंजुला पिअवअस्स ते खण्णुआ जाआ	Remember those vañjula trees on the riverbank Whose blossom was bowed by clusters of bees? Time, dear friend, has turned them to stumps.
खणभंगुरेण पेम्मेण माउआ दूमिअ म्हि एत्ताहे,सिविणअणिहिलंभेण व दिट्ठपणट्ठेण लोअम्मि	Aunt, It pains me now to realize How fragile a thing love is, Like treasure beheld in a dream That vanishes in the light of day
चाओ सहावसरलं विच्छुहइ सरं गुणम्मि णिवडंतं,वंकस्स उज्जुअस्स अ संवंधो किं चिरं होइ	The bow shoots the arrow The moment it touches the string. How long can straight and crooked stay together?
मालइकुसुमाइ कुलुंचिऊण मा जाण णिव्वुओ सिसिरो,काअव्वा अज्ज वि णिग्गुणाण कुंदाण सामिद्धी	Don't think winter is content Merely to wither the summer jasmine. It also has to produce a mass Of worthless winter jasmine.
परिमलणसुहा गरुआ अलद्धविवरा सलक्खणाहरणा,थणआ कव्वालाअ व्व कस्स हिअए ण लग्गंति	Who is not captivated by a woman's breasts, That, like a good poem, Are a pleasure to grasp, Are weighty, compact, and nicely ornamented?
खिप्पइ हारो थणमंडलाहि तरुणीहि रमणपरिरंभे,अच्चिअगुणा वि गुणिणो लहंति लहुअत्तणं काले	In the act of embracing their lovers Young ladies toss the pearl necklaces From their round breasts. Even the praiseworthy Sometimes get treated with disrespect.
अण्णो को वि सहावो वम्महसिहिणो हला हआसस्स,विज्झाइ णीरसाणं हिअए सरसाण पज्जलइ	Friend, The wretched fire of love Is an odd sort of fire: In a sapless heart it goes out, In a sappy one it instantly flares up
तह तस्स माणपरिवड्ढिअस्स चिरपणअवद्धमूलस्स,मामि पडंतस्स सुओ सद्दो वि ण पेम्मरुक्खस्स	Aunt, When the tree of love, Rooted in long affection, Is struck by the axe of pride It falls without a sound.
पाअपडिओ ण गणिओ पिअं भणंतो वि अप्पिअं भणिओ,वच्चंतो वि ण रुद्धो भण कस्स कए कओ माणो	When he spoke affectionately You answered curtly, When he went away You did not try to stop him. Tell me, What exactly do you hope to gain By your pride?
पुसइ खणं धुअइ खणं पप्फोडइ तक्खणं अआणंती,मुद्धवहू थणवट्टे दिण्णं दइएण णक्खवअं	One moment she tried wiping, The next scrubbing, And after that rubbing. The young wife was completely at a loss What to do with the nail mark Her husband had left on her breast
वासारत्ते उण्णअपओहरे जोव्वणे व्व वोलीणे,पढमेक्ककासकुसुमं दीसइ पलिअं व धरणीए	After the rainy season With towering clouds, Like youth with plump breasts, Has spent itself, Plumes of kasa grass, Like the first strands of gray hair, Appear on Mother Earth.
अविरलपडंतणवजलधारारज्जुघडिअं पअत्तेण,अपहुत्तो उक्खिविउं रसइ व मेहो महिं उअह	Hear how that cloud groans with the effort, Yet is unable to lift the earth With ropes of raindrops That fall in unbroken streams
ओ हिअअ ओहिदिअहं तइआ पडिवज्जिऊण दइअस्स,अत्थक्काउल वीसंभघाइ किं तइ समाढत्तं	Heart, At the time When my lover mentioned the date of his return You did not object. So what are you doing now Destroying our belief in his early arrival?
जो वि ण आणइ तस्स वि कहेइ भग्गाइ तेण वलआइं,अइउज्जुआ वराई अहव पिओ से हआसाए	Even to someone who knows nothing about it She tells who it is who has broken her bracelets. Either the poor girl is naïve Or she really loves the man who has made her so unhappy.
सेउल्लिअसव्वंगी गोत्तग्गहणेण तस्स सुहअस्स,दूइं अप्पाहेंती तस्सेअ घरंगणं पत्ता	Sweating all over From just mentioning her lover's name, She was so busy instructing the messenger That she did not notice They had arrived in front of his house.
जम्मंतरे वि चलणे जीएणं मअण तुज्झ अच्चिस्सं,जइ तं पि तेण वाणेण विज्झसे जेण हं विद्धा	Even in my next existence, O God of Love, I will dedicate my life In worship at your feet, If you promise to pierce him With the same arrow As you pierced me with
जाव ण कोसविआसं पावइ ईसीसि मालईकलिआ,मअरंदपाणलोहिल्ल भमर ताव च्चिअ मलेसि	O bee, To get at the jasmine's nectar You have to knead and squeeze long and hard. It does not open by itself.
अकअण्णुअ तुज्झ कए पाउसराईसु जं मए खुण्णं,उप्पेक्खामि अलज्जिर अज्ज वि तं गामचिक्खिल्लं	Even now I can see The mud in that wretched village, Which I squelched through on those dark nights In the rainy season Just to please you. And what did I get out of it, You shameless man?
रेहइ गलंतकेसक्खलंतकुंडलललंतहारलआ,अद्धुप्पइआ विज्जाहरि व्व पुरिसाइरी वाला	The girl on top of her lover, Her hair hanging loose, Her earrings swinging And her pearl necklace hovering, Looks just like a vidyadhare Who is about to fly away
गामणिणो सव्वासु वि पिआसु अणुमरणगहिअवेसासु,मम्मच्छेएसु वि वल्लहाइ उवरिं वलइ दिट्ठी	All the village headman's wives Are dressed in readiness to follow him on the pyre, Yet even at this heartrending moment His eyes fall upon his favorite.
मामि सरिसक्खराण वि अत्थि विसेसो पअंपिअव्वाणं,णेहमइआणम् अण्णो अण्णो उवरोहमइआणं	Aunt, The words may be the same But they sound quite different Depending on whether they are said with affection Or with reserve
हिअआहिंतो पसरंति जाइ अण्णाइ ताइ वअणाइ,ओसरसु किं इमेहिं अहरंतरमेत्तभणिएहिं	Words which come from the heart Sound different. Get away with you! I've no time for words That pay mere lip service.
कह सा सोहग्गगुणं मए समं वहइ णिग्घिण तुमम्मि,जीअ हरिज्जइ णामं हरिऊण अ दिज्जए मज्झ	Have you no feelings? How can she enjoy your favor At the same time as me When you rob her of her name And give it to me?
सहि साहसु सब्भावेण पुच्छिमो किं असेसमहिलाणं,वड्ढंति करत्थ च्चिअ वलआ दइए पउत्थम्मि	Friend, tell me honestly, I beg of you, Is it the case with all women That the bracelets grow larger on their wrists When their husband is away
भमइ परिदो विसूरइ उक्खिविउं से करं पसारेइ,करिणो पंकक्खुत्तस्स णेहणिअलाविआ करिणी	Fettered by affection The she-elephant circles around in distress And stretches out her trunk to rescue Her husband who is stuck in the mud.
रइकेलिहिअणिअंसणकरकिसलअरुद्धणअणजुअलस्स,रुद्दस्स तइअणअणं पव्वइपरिउंविअं जअइ	Long live Siva's third eye : Which Paravati covered with kisses While covering his other two eyes with her hands When her skirt slipped off in the heat of love play
धावइ पुरओ पासेसु भमइ दिट्ठीपहम्मि संठाइ,णवलइकरस्स तुह हलिअउत्त दे पहरसु वराइं	As soon as you have a supple twig in your hand She runs across your path, Hovers on either side of you, And happens to be Wherever you are looking. You blockhead, Can't you see the poor girl Desperately wants a good thrashing?
कारिमम् आणंदवडं भामिज्जंतं वहूअ सहिआहिं,पेच्छइ कुमारिजारो हासुम्मीसेहि अच्छीहिं	When her relatives whirled around the sheet Said to be stained with the young bride's blood The virgin's lover looked on with a glint in his eye.
सणिअं सणिअं ललिअंगुलीअ मअणवडलाअणणिहेण,वंधइ धवलव्वणवट्टअं व वणिआहरे तरुणी	Pretending to smear on a salve, The young girl with delicate fingers Applies a white bandage to her wounded lip
उअ संभमविक्खित्तं रमिअव्वअलंपडाइ असईए,णवरंगअं कुडंगे धअं व दिण्णं अविणअस्स	Look! The freshly dyed skirt That the woman hurriedly kicked off In her desire to make love Hangs over the bower Like a banner proclaiming her immodesty
हत्थप्फंसेण जरग्गवी वि पण्हअइ दोहअगुणेण,अवलोइअपण्हुइरिं पुत्तअ पुण्णेहि पाविहिसि	Even an old cow gives milk At the touch of an expert milker. My son, You'll have a hard time finding one That gives milk Merely at a glance.
मसिणं चंकम्मंती पए पए कुणइ कीस मुहभंगं,णूणं से मेहलिआ जहणगअं छिवइ णहवंतिं	She walks about quite smoothly So why pull a face at every step? It must be her girdle Chafing against the nail marks on her hip.
पाअपडणाण मुद्धे रहसवलामोडिचुंविअव्वाणं,दंसणमेत्तपसण्णे चुक्का सि सुहाण वहुआणं	Stupid woman, Because you stopped being angry The moment he stood before you You missed a lot of fun: He would have had to fall at your feet And cover you with hot, impetuous kisses.
णिक्खंधदुरारोहं पुत्तअ मा पाडलिं समारुहसु,आरूढणिवडिआ के इमीअ ण कआ हआसाए	My son, Don't try to climb this trumpetflower tree: It has no branches to hold on to. Name me a man who did not fall When trying to climb this wretched tree.
गामणिघरम्मि अत्ता एक्क च्चिअ पाडला इहग्गामे,वहुपाडलं च सीसं दिअरस्स ण सुंदरं एअं	Mother-in-law, The only trumpetflower tree in the village Is at the headman's house, Yet my brother-in-law's head Is covered with trumpetflowers. How strange
अण्णाण वि होंति मुहे पम्हलधवलाइ दीहकसणाइ,णअणाइ सुंदरीणं तह वि हु दट्ठुं ण आणंति	Long-lashed, dazzling white, black and slanting —There are plenty of other women with eyes like that But that does not mean they know how to look.
दुग्गअघरम्मि घरिणी रक्खंती आउलत्तणं पइणो,पुच्छिअदोहलसद्धा पुणो वि उअअं चिअ कहेइ	"Every time her poor in-laws ask her What she would most like to eat, The pregnant wife, Anxious not to cause embarrassment to her husband, Simply says: ""Water."""
आअंवलोअणाणं ओल्लंसुअपाअडोरुजहणाणं,अवरण्हमज्जिरीणं कएण कामो वहइ चावं	Returning from the late afternoon bath, Their eyes red And their buttocks visible through wet skirts —Love need not carry a bow On behalf of these women
विरहेण मंदरेण व हिअअं दुद्धोअहिं व महिऊण,उम्मूलिआइ अव्वो अम्हं रअणाइ व सुहाइं	Stirring the Ocean of Milk, which is my heart, With the churning stick of separation You have rooted out the pearls of my joys.
उज्जुअरए ण तूसइ वंकम्मि वि आअमं विअप्पेइ,एत्थ अहव्वाइ मए पिए पिअं कह णु काअव्वं	Straightforward pleasure doesn't satisfy him, he says, And if I spice it up, He wonders who taught me that. As I always get it wrong How will I ever make him happy?
वहुविहविलासरसिए सुरए महिलाण को उवज्झाओ,सिक्खइ असिक्खिआइ वि सव्वो णेहाणुवंधेण	In lovemaking, with its manifold and intricate delights, Who is there to instruct women? One can learn anything Simply by being shown some affection.
वण्णवसिए विअत्थसि सच्चं चिअ सो तुए ण संभविओ,ण हु होंति तम्मि दिट्ठे सुत्थावत्थाइ अंगाइं	You look just as you did yesterday, So you must be bragging. In fact you did not see him, For if you had, You would no longer look so well.
आसण्णविवाहदिणे अहिणववहुसंगमुस्सुअमणस्स,पढमघरिणीअ सुरअं वरस्स हिअए ण संठाइ	As the wedding day draws near He can think only of making love With his new bride. The pleasures once shared With his first wife No longer find a place in his heart
जइ लोअणिंदिअं जइ अमंगलं जइ वि मुक्कमज्जाअं,पुप्फवइदंसणं तह वि देइ हिअअस्स णिव्वाणं	Though people condemn it, Though it is highly inauspicious And considered most improper, The sight of a woman during her period Fills the heart with heavenly bliss.
जइ ण छिवसि पुप्फवइं पुरओ ता कीस वारिओ ठासि,छित्तो सि चुलचुलंतेहि धाविऊण ăम्ह हत्थेहि	If you do not want to touch a woman during her period, Why get in my way when you shouldn't? I will touch you with my itchy hands As I push past you.
ण वि तह अइगरुएण वि तम्मइ हिअए भरेण गब्भस्स,जह विवरीअणिहुअणं पिअम्मि सोण्हा अपावंती	Our daughter-in-law is not so much distressed By the very heavy weight in her womb As by the fact that due to it She can no longer make love On top of her husband.
अगणिअजणाववाअं अवहत्थिअगुरुअणं वराईए,तुह गलिअदंसणासाइ तीअ वलिउं चिरं रुण्णं	Not caring what people might say And pushing her parents aside, The poor girl With no hope of ever seeing you again, Lay rolling on the ground crying her heart out.
हिअअं हिअए णिहिअं चित्तालिहिअ व्व तुह मुहे दिट्ठी,आलिंगणरहिआइं णवरं झिज्जंति अंगाइं	My heart is lodged in your heart, My eyes, like eyes in a painting, Are immovably fixed on your face, It is only my body That is wasting away For lack of your embrace
अहअं विओअतणुई दुसहो विरहाणलो चलं जीअं,अप्पाहिज्जउ किं सहि जाणसि तं चेअ जं जुत्तं	"""I have grown thin in your absence."" ""The fire of separation is hard to bear."" ""My life hangs in the balance."" Why am I telling you this, my friend? You know yourself the sort of thing that needs saying."
तुह विरहुज्जागरओ सिविणे वि ण देइ दंसणसुहाइ,वाहेण पहालोअणविणोअणं से हअं तं पि	As she can't sleep when you are away She is deprived of the pleasure of seeing you in her dreams, And her tears spoil the pastime of looking out for you
अण्णावराहकुविओ जह तह कालेण गच्छइ पसाअं,वेसत्तणावराहे कुविअं कह तं पसाएमि	A man who is angry at one's being bossy Can be won round in due course, But someone who is angry at one's being servile How can I appease him?
दीससि पिआइ जंपसि सब्भावो सुहअ एत्तिओ च्चेअ,फालेइऊण हिअअं साहसु को दावए कस्स	You allow me to see you And still speak kindly. But, my dear, is this The way to behave? For who would break a heart And having broken it Still show his face?
उअअं लहिउं उत्ताणिआणणा होंति के वि सविसेसं,रित्ता णमंति सुइरं रहट्टघडिअ व्व कापुरिसा	When full of water, they swing high. When empty, they lie low for a while. —The buckets on a water wheel Behave just like nasty people.
भग्गपिअसंगमं केत्तिअं व जोण्हाजलं णहसरम्मि,चंदअरपणालणिझरणिवहपडंतं ण णिट्ठाइ	How easy it is for the moon To spoil my nightly assignations! For there is no end to the cascade of moonbeams With which it empties itself into the lake of the sky
अइकोवणा वि सासू रुआविआ गअवईअ सोण्हाए,पाअपडनोणआए दोसु वि गलिएसु वलएसु	Even her harsh mother-in-law Was moved to tears when both the girl's bracelets Slipped off as she fell at her feet, So long had her husband been abroad.
रोवंति व्व अरण्णे दूसहरइकिरिणफंससंतत्ता,अइतारझिल्लिविरुएहि पाअवा गिम्हमज्झण्हे	At noon in summer The trees in the deserted forest, Scorched by the unbearable rays of the sun, Seem to cry out with the shrill creak Of crickets
पढमणिलीणमहुरमहुलोहिल्लालिउलवद्धझंकारं,अहिमअरकिरणणिउरुंवचुंविअं दलइ कमलवणं	Bees settle on it, Buzzing wildly, Lusting for its sweet nectar But the lotus opens Only after being kissed by the sun
गोत्तक्खलणं सोऊण पिअअमे अज्ज तीअ छणदिअहे,वज्झमहिसस्स माल व्व मंडणं उअह पडिहाइ	Just look! After her husband had addressed her with his mistress's name The ornaments she had put on for the fair Suddenly appeared like a garland on the head of a buffalo Being led to sacrifice.
महमहइ मलअवाओ अत्ता वारेइ मं घरा णिंतिं,अंकोल्लपरिमलेण वि जो क्खु मुओ सो मुओ च्चेअ	The south wind blows strong, Mother-in-law keeps me locked up indoors, But someone who dies sniffing the scent of aṃkolla Dies all the same.
मुहपेच्छओ पई से सा वि हु सविसेसदंसणुम्मइआ,दो वि कअत्था पुहइं अमहिलपुरिसं व मण्णंति	His eyes are glued to her face, And she is intoxicated at the sight of him. So utterly content are these two, There might not be another man or woman on earth.
खेमं कत्तो खेमं जो सो खुज्जंवओ घरद्दारे,तस्स किर मत्थआओ को वि अणत्थो समुप्पण्णो	"Well? What do you mean, ""Are you well?"" That stunted mango by the front door— They tell me something nasty is coming out of its top."
आउच्छणविच्छाअं जाआइ मुहं णिअच्छमाणेण,पहिएण सोअणिअलाविएण गंतुं चिअ ण इट्ठं	Seeing his wife's face grow pale As he bade her farewell The husband could not bring himself to leave, His feet fettered by affection.
सूईवेहे मुसलं विच्छुहमाणेण डड्ढलोएण,एक्कग्गामे वि पिओ समेहि अच्छीहि वि ण दिट्ठो	Due to these cursed villagers Who brandish a cudgel at a mere pinprick I dare not set eyes on my lover Though we live in the same village.
अज्जं पि दाव एक्कं मा मं वारेहि पिअसहि रुअंतिं,कल्लिं उण तम्मि गए जइ ण मुआ ता ण रोइस्सं	Dear friend, Allow me this one day of crying. Tomorrow, I promise, When he has left And if I'm still alive, I will cry no more.
तुह दंसणे सअण्हा सद्दं सोऊण णिग्गआ जाइं,तइ वोलीणे ताइं पआइ वोढव्वआ जाआ	At the sound of your voice She rushed out of the house In her desire to see you. Once you had passed She had to be carried back again.
ईसामच्छररहिए हि णिव्विआरेहि मामि अच्छीहिं,एण्हिं जणो जणम् मिव णिअच्छए कुह ण झिज्जामो	Without a trace of jealousy or anger, As if I were just anybody. So how can I help growing thin?
वाउद्धअसिचअविहाविओरुदिट्ठेण दंतमग्गेण,वहुमाआ तोसिज्जइ णिहाणकलसस्स व मुहेण	When the wind tossed up the wife's skirt, Exposing the tooth marks on her thighs, Her mother was thrilled, As if she had hit upon the lid of a pot of gold.
हिअअम्मि वससि ण करेसि मण्णुअं तह वि णेहभरिएहिं,संकिज्जसि जुअइसहावगलिअधीरेहि अम्हेहिं	You abide in my heart And never trouble it. Yet, for all my affection, I lose faith, as girls do, And grow suspicious.
अण्णं पि किं पि पाविहिसि मूढ मा तम्म दुक्खमेत्तेण,हिअअ पराहीणजणं महंत तुह केत्तिअं एअं	Foolish heart, Why so distressed? Worse will befall you, Running after a man In thrall to another.
वेसो सि जीअ पंसुल अहिअअरं सा हु वल्लहा तुज्झ,इअ जाणिऊण वि मए ण ईसिअं डड्ढपेम्मस्स	How wayward of you: The more a woman detests you The more you like her. Though I know this all too well There is nothing I can do About this cursed love of mine.
सा आम सुहअ गुणरूअसोहिरी आम णिग्गुणा अहअं,भण तीअ जो ण सरिसो किं सो सव्वो जणो मरउ	I agree, my dear, She is a model of virtue and beauty, And, yes, I am quite worthless. But, tell me, Must everyone not up to her standard Be condemned to death?
संतम् असंतं दुक्खम् सुहं च जाओ घरस्स जाणंति,ता पुत्तअ महिलाओ सेसाउ जरा मणुस्साणं	Those who know what is good for the household And what isn't, Know what it can put up with And what it can't —Those are proper wives. The rest are a drain on men.
उल्लावो मा दिज्जउ लोअविरुद्धं ति णाम काऊण,समुहावडिए को उण वेसे दिट्ठिं ण पाडेइ	We should not be seen talking Because people disapprove. But how can one help setting eyes Even on a person one detests If he happens to cross one's path?
किं रुअसि किं व सोअसि किं कुप्पसि सुअणु एक्कमेक्कस्स,पेम्मं विसं व विसमं साहसु को रुंभिउं तरइ	Why cry, why lament, Why, slender girl, Get angry with each and every one? Love is a lethal poison. And, tell me, Can anyone withstand it?
ते अ जुआणा ता गामसंपआ तं च अम्ह तारुण्णं,अक्खाणअं व लोओ कहेइ अम्हे वि तं सुणिमो	There were the young men, The blessings of village life, And the days of our youth. Now people make a story of it, And we listen.
वाहोहभरिअगंडाहराइ भणिअं विलक्खहसिरीए,अज्ज वि किं रूसिज्जइ सवहावत्थं गअं पेम्मं	"Tears were still running down her cheeks and lips When, with a shy laugh, she said: ""But why am I still angry When our love has reached the stage of swearing fidelity?"""
वण्णग्घअतुप्पमुहिं जो मं अइआअरेण चुंवंतो,एण्हिं सो भूसणभूसिअं पि अलसाअइ छिवंतो	The man who kissed me with such extraordinary care When my face was smeared with red ghee Now hardly cares even to touch me Despite my wearing this lovely jewelry.
सच्चं कलहे कलहे सुरआरंभा पुणो णवा होंति,माणो उण माणंसिणि गरुओ पेम्मं विणासेइ	After every quarrel, it's true, The pleasures of love taste new. But, proud woman, Too much of this pride And his love will be destroyed.
लज्जा चत्ता सीलं च खंडिअं अजसघोसणा दिण्णा,जस्स कएणं पिअसहि सो च्चेअ जणो जणो जाओ	Dear friend, The man for whom I abandoned modesty, Destroyed my character And lost my good name Now treats me just like anyone else.
हसिअं अइट्ठदंतं भमिअम् अणिक्कंतदेहलीदेसं,दिट्टम् अणुक्खित्तमुहं एसो मग्गो कुलवहूणं	Laughing without showing her teeth, Moving around without crossing the threshold, Looking without raising her face: Such is the way of a virtuous wife.
धूलिमइलो वि पंकंकिओ वि तणरइअदेहभरणो वि,तह वि गइंदो गरुअत्तणेण ढक्कं समुव्वहइ	Soiled with dust, Spattered with mud And nourished with grass, Yet, on account of his size, It is the elephant who carries the big drum.
करमरि कीस ण गम्मइ को गव्वो जेण मसिणगमणा सि,अदिट्ठदंतं हसिरीअ जंपिअं चोर जाणिहिसि	"Why aren't you trying to escape? What makes you so confident, That you remain calm? With a smile the bowman's wife replies: ""You will soon find out, kidnapper!"""
थोरंसुएहि रुण्णं सवत्तिवग्गेण पुप्फवइआए,भुअसिहरं पइणो पेच्छिऊण सिरलग्गतुप्पलिअं	His other wives shed large tears As they see smears of red grease From the youngest wife's face On the husband's shoulder.
लोओ जूरइ जूरउ वअणिज्जं होइ होउ तं णाम,एहि णिमज्जसु पासे पुप्फवइ ण एइ मे णिद्दा	"""People will be angry."" Let them be. ""They will disapprove."" Who cares? Come, forget about your period And snuggle down beside me, For I can get no sleep."
जं जं पुलएमि दिसं पुरओ लिहिओ व्व ईससे तत्थ,तुह पडिमापरिवाडिं वहइ व सअलं दिसाचक्कं	In whatever direction I gaze I see your image before me. The whole horizon is like a panorama with paintings of you alone.
ओसरइ धुणइ साहं खोक्खामुहलो पुणो समुल्लिहइ,जंवूफलं ण गेण्हइ भमरो त्ति कई पढमडक्को	The monkey scratches the rose apple with its finger, Jumps away, shakes the branch, screeching loudly, But does not dare to pluck it As it looks like the bee That once stung him.
उप्पहपहाविअजणो पविअंभिअकलअलो पहअतूरो,अव्वो सो च्चेअ छणो तेण विणा गामडाहो व्व	Loud beating of drums: The normal bustle of a festival But oh! without him More like a village fire.
असमत्तगरुअकज्जे एण्हिं पहिए घरं णिअत्तंते,णवपाउसो पिउच्छा हसइ व कुडअट्टहासेहिं	Aunt, As the traveler hastens homewards, His business unfinished, The start of the rainy season, With its white kuṭaja flowers, Seems to mock him with loud laughter.
दट्ठूण उण्णमंते मेहे आमुक्कजीविआसाए,पहिअघरिणीअ डिंभो ओरुण्णमुहीअ सच्चविओ	Seeing clouds piling up in the west The traveler's wife, Who had despaired of her life, Began to decorate her body While tears streamed down her face.
अविहवलक्खणवलअं ठाणं णेंतो पुणो पुणो गलिअं,सहिसत्थो च्चिअ माणंसिणीअ वलआरओ जाओ	To make sure she didn't look like a widow Her friends constantly hitched up The sulking girl's fallen bangle As though they were bangle sellers.
पहिअवहू विवरंतरगलिअजलोल्ले घरे अणोल्लं पि,उद्देसं अविरअवाहसलिलणिवहेण ओल्लेइ	While rain trickled down Through gaps in the thatch The traveler's wife wept And with her ceaseless flow of tears Soaked the last dry spot in the house.
दीसइ ण चूअमउलं अत्ता ण अ वाइ मलअगंधवहो,पत्तं वसंतमासं साहइ उक्कंठिअं चेअ	Mother-in-law! There are no buds on the mango And the south wind does not blow, Yet the yearning in my heart Tells me that spring is on its way.
दइअकरग्गहलुलिओ धम्मिल्लो सीहुगंधिअं वअणं,मअणम्मि एत्तिअं चिअ पसाहणं हरइ तरुणीणं	Loose-hanging hair To take in one's hands And a mouth smelling of wine: That's all young women need To bring with them As allurement in love.
गामतरुणीउ हिअअं हरंति छेआण थणहरिल्लीओ,मअणे कुसुंभराइल्लकंचुआभरणमेत्ताओ	Village girls with swelling bosoms Need only simple saffron yellow blouses To attract the most sophisticated of lovers.
आलोअंत दिसाओ ससंत जंभंत गंत रोअंत,मुच्छंत पडंत खलंत पहिअ किं ते पउत्थेण	Traveler, Why did you ever leave home If all you do is scan the horizon, Sigh, yawn, moan, groan, Faint, trip and stumble?
दट्ठूण तरुणसुरअं विविहविलासेहि करणसोहिल्लं,दीवो वि तग्गअमणो गअं पि तेल्लं ण लक्खेइ	The lamp was so absorbed In looking at the young couple Playfully making love In all sorts of different positions That it did not notice that the oil had run out.
वोडसुणओ विवण्णो अत्ता मत्ता पई वि अण्णत्थो,फडही वि मोडिआ महिसएण को कस्स साहेउ	The nasty dog is dead, Mother-in-law is drunk, My husband is out, And the buffalo has broken the bolt. Who is going to tell on us?
गिरिसोत्तो त्ति भुअंगं महिसो जीहाइ लिहइ संतत्तो,महिसस्स कण्हपत्थरझरो त्ति सप्पो पिअइ लालं	Parched by the heat, the buffalo licks a snake, Taking it for a mountain rivulet, And the snake sips the buffalo's spittle, Taking it for water falling from black rock.
पत्तणिअंवप्फंसा ण्हाणुत्तिण्णाइ सामलंगीए,जलविंदुएहि चिहुरा रुअंति वंधस्स व भएण	Though he had no more work in the fields, The farmer would not go home, To spare himself the pain Of finding it empty Now that his wife was dead
सुप्पं डड्ढं चणआ ण भज्जिआ सो जुआ अइक्कंतो,अत्ता वि घरे कुविआ भूआण व वाइओ वंसो	The soup is burnt, The chickpeas aren't roasted, The young man has gone past, And I am stuck in this house With an angry mother-in-law. It's like playing the flute to phantoms.
पिसुणेंति कामिणीणं जललुक्कपिआवऊहणसुहेल्लिं,कंडइअकवोलुप्फुल्लणिच्चलच्छीइ वअणाइ	By their wide and staring eyes And the gooseflesh on their cheeks These women betray their lovers Who, hidden underwater, Have put their arms around them.
महिसक्खंधविलग्गं घोलइ सिंगाहअं सिमिसिमंतं,आहअवीणाझंकारसद्दमुहलं मसअवुंदं	A swarm of gnats hovers over the buffalo's shoulders. When he hits them with his horn They hum like the plucked strings of a lute.
उअह तरुकोडराओ णिक्कंतं पूसुआण रिंछोलिं,सरए जरिओ व्व दुमो पित्तं व सलोहिअं वमइ	Look at the flock of parrots Flying out of the hole in that tree As though it had an autumn fever And were spitting blood and bile.
ण वि तह अनालवंती हिअअं दूमेइ माणिणी अहिअं,जह दूरविअंभिअगरुअरोसमज्झत्थभणिएहिं	A sulking woman Does not hurt so much by silence As by small talk After overwhelming anger.
गंधं अग्घाअंतअ पिक्ककलंवाण वाहभरिअच्छ,आससु पहिअजुआणअ घरिणिमुहं मा ण पेच्छिहिसि	Sniffing the wayside kadamba blossom, Your eyes full of tears, Take heart, young traveler! You are sure to see the face of your wife again.
गज्ज महं चिअ उवरिं सव्वत्थामेण लोहहिअअस्स,जलहर लंवालइअं मा रे मारेहिसि वराइं	Cloud, Thunder with all your might above me, For I have a heart of iron. But spare my poor girl at home, Who has already loosened her hair, As it would be death to her.
संझाराओत्थइओ दीसइ गअणम्मि पडिवआचंदो,रत्तदुऊलंतरिओ थणणहलेहो व्व णववहूए	The waning moon veiled by the red sky at dawn Looks like the nail mark on the young bride's bosom Showing through her crimson gauze.
अइ दिअर किं ण पेच्छसि आआसं किं मुहा पलोएसि,जाआइ वाहुमूलम्मि अद्धअंदाण परिवाडिं	My dear man, Why scan the sky If it's crescent moons you're after? Try looking at your sister-in-law's shoulder: You'll find a whole row of them there.
वाआइ किं भणिज्जउ केत्तिअमेत्तं व लिक्खए लेहे,तुह विरहे जं दुक्खं तस्स तुमं चेअ गहिअत्थो	How can I put it in words? One can say so little in a letter. But the ache I feel in your absence Is something you know of yourself.
मअणग्गिणो व्व धूमं मोहणपिच्छिं व लोअदिट्ठीए,जोव्वणधअं व मुद्धा वहइ सुअंधं चिउरभारं	The girl's thick, fragrant hair Is like a column of smoke rising from the fire of love, Like a bunch of peacock's tail feathers Waved by the conjuror to distract his audience, Like the victory banner of youth.
रुंदारविंदमंदिरमअरंदाणंदिआलिरिंछोली,झणझणइ कसणमणिमेहल व्व महुमासलच्छीए	The line of bees around the large lotus flower,Feasting loudly on its nectar,Looks like the jingling girdle of sapphires Around the waist of the nymph of spring.
चोरा सभअसतण्हं पुणो पुणो पेसअंति दिट्ठीओ,अहिरक्खिअणिहिकलसे व्व पोढवइआथनुच्छंगे	With fear and with longing The kidnappers repeatedly steal glances At the round breasts of the warrior's wife As if they were pots of gold Guarded by snakes.
केत्तिअमेत्तं होहिइ सोहग्गं पिअअमस्स भमिरस्स,महिलामअणछुहाउलकडक्खविक्खेवघेप्पंतं	How much happiness Can my errant husband get From the sidelong glances Cast by women starved of love?
णिअधणिअं उवऊहसु कुक्कुडसद्देण झत्ति पडिवुद्धो,परवसहिवाससंकिर णिअए वि घरम्मि मा भासु	It's your own wife: You can embrace her. Suddenly awoken by cockcrow, You look around distraught As if you'd spent the night In another man's house, But don't be alarmed: It's your own.
णवपल्लवं विसण्णा पहिआ पेच्छंति चूअरुक्खस्स,कामस्स लोहिउप्पंगराइअं हत्थभल्लं व	In despair The travelers stare at the new shoot on the mango tree, As though it were one of Love's arrows Crimson with a clot of blood.
महिलाणं चिअ दोसो जेण पवासम्मि गव्विआ पुरिसा,दो तिण्णि जाव ण मरंति ता ण विरहा समप्पंति	That their husbands blithely go abroad Is the fault of their wives. The moment one or two of them die There will be no more talk of separation.
वालअ दे वच्च लहुं मरइ वराई अलं विलंवेण,सा तुज्झ दंसणेण वि जीवेज्ज ण एत्थ संदेहो	Hey, you fool, Can't you walk a little faster? The poor girl is dying. Stop dragging your feet. The mere sight of you will revive her. No doubt of it.
तंमिरपसरिअहुअवहजालोलिपलीविए वणाभोए,किंसुअवणं ति कलिऊण मुद्धहरिणो ण णिक्कमइ	While all around the forest is burning, Lines of red flame steadily advancing, The foolish doe does not flee, Imagining herself in a forest of flame trees.
णिहुअणसिप्पं तह सारिआइ उल्लाविअं म्ह गुरुपुरओ,जह तं वेलं माए ण आणिमो कत्थ वच्चामो	The mynah bird has prattled In front of the elders About what we get up to in bed So that, for the moment, I don't know which way to turn.
पच्चग्गुप्फुल्लदलुल्लसंतमअरंदपाणलेहलओ,तं ण त्थि कुंदकलिआइ जं ण भमरो महइ काउं	Eager to taste the fresh nectar That seeps from between the petals At the moment they unfold, There is nothing the bee will not do To the jasmine's closed bud.
सो को वि गुणाइसओ ण आणिमो मामि कुंदलइआए,अच्छीहिं चिअ पाउं अहिलस्सइ जेण भमरेहिं	Aunt, There must be something very special about the early jasmine That we don't know about, Such that all the bees converge on its tiny flowers.
एक्क च्चिअ रूअगुणं गामणिधूआ समुव्वहइ,अणिमिसणअणो सअलो जीए देवीकओ गामो	The village headman's daughter is such a beauty That she has on her own turned all the men of the village into gods By making them unable to blink.
मण्णे आसाओ च्चिअ ण पाविओ पिअअमाहररसस्स,तिअसेहि जेण रअणाअराहि अमअं समुद्धरिअं	That they are churning the ocean To retrieve the nectar of immortality Only shows that the gods have not yet tasted your lips.
आअण्णाअड्ढिअणिसिअभल्लमम्माहआइ हरिणीए,अद्दंसणो पिओ होहिइ त्ति वलिउं चिरं दित्थो	Mortally wounded by a sharp arrow Shot from behind the hunter's ear, The doe, knowing she would not see her mate again, Rolled over and fixed him with a lingering gaze.
मालारी ललिउल्लुलिअवाहुमूलेहि तरुणहिअआइं,उल्लूरइ सज्जुल्लूरिआइ कुसुमाइ दावेंती	Lifting up her lovely arms To display the freshly plucked flowers, The garland seller plucks at The hearts of young men.
मज्झो पिओ कुअंडो पल्लिजुआणा सवत्तीओ,जह जह वड्ढंति थणा तह तह झिज्जंति पंच वाहीए	The fuller the breasts of the hunter's wife The thinner her waist, The thinner her loving husband and his bow, The thinner the youths in her village, And the thinner her husband's other wives.
मालारीए वेल्लहलवाहुमूलावलोअणसअण्हो,अलिअं पि भमइ कुसुमग्घपुच्छिरो पंसुलजुआणो	Eager to feast his eyes On the flower seller's Gorgeous shoulders, The young rake finds an excuse For hanging around By cross-questioning her About her prices.
मंदं पि ण आणइ हलिअणंदणो इह हि डड्ढगामम्मि,गहवइसुआ विवज्जइ अवेज्जए कस्स साहामो	The plowman's son in this damned village Hasn't a clue. The landowner's daughter is dying But with no doctor at hand Whom to tell?
एक्कक्कमपरिरक्खणपहारसमुहे कुरंगमिहुणम्मि,वाहेण मण्णुविअलंतवाहधोअं धणुं मुक्कं	As the stag steps in front of the doe To face the arrow And then the doe steps in front of the stag, The hunter throws away his bow Drenched with tears of distress.
ता सुहअ विलंव खणं भणामि कीअ वि कएण अलम् अहवा,अविआरिअकज्जारंभआरिणी मरउ ण भणिस्सं	Wait a moment, my handsome friend, I've a message from someone. Or perhaps I haven't. She always acts so rashly, She'd be better off dead. No, I've nothing to tell you.
भोइणिदिण्णपहेणअचक्खिअदुस्सिक्खिओ हलिअउत्तो,एत्ताहे अण्णपहेणआण छीवोल्लअं देइ	The plowman is so spoilt by the sweets The tax gatherer's wife has given him to eat That he now turns up his nose at all other sweets.
वाउव्वेल्लिअसाहुलि थएसु फुडदंतमंडलं जहणं,चडुआरअं पइं मा हु पुत्ति जणहासिअं कुणसु	You stupid girl, Don't make a laughingstock Of your doting husband.
गम्मिहिसि तस्स पासं सुंदरि मा तुअर वड्ढउ मिअंको,दुद्धे दुद्धं मिव चंदिआइ को पेच्छइ मुहं दे	You will meet him, No need to hurry, Wait till the moon is full. For no one will tell your face Apart from moonlight Any more than milk from milk.
जइ जूरइ जूरउ णाम मामि परलोअवसणिओ लोओ,तह वि वला गामणिणंदणस्स वअणे वलइ दिट्ठी	Aunt, If these sanctimonious people object, Let them. One can't help it if one's eyes stray Toward the headman's son.
गेहं व वित्तरहिअं णिज्झरकुहरं व सलिलसुण्णइअं,गोहणरहिअं गोट्ठं व तीअ वअणं तुह विओए	Like a house without furnishings, Like the basin of a waterfall without water, Like a cowshed without cattle —Her face without you.
तुह दंसणेण जणिओ इमीअ लज्जाउलाइ अणुराओ,दुग्गअमणोरहो विअ हिअअ च्चिअ जाइ परिणामं	This girl is so shy That the feelings aroused in her By the sight of you, Like a poor man's dreams, find Fulfillment only in the mind.
जं तणुआअइ सा तुह कएण किं जेण पुच्छसि हसंतो,अह गिम्हे मह पअई एव्वं भणिऊण ओरुण्णा	"Since it is due to you That she has grown thin How could you jokingly ask her why? ""I usually do in summer"" was her reply Before she broke down."
अविहत्तसंधिवंधं पढमरसुब्भेअपाणलोहिल्लो,उव्वेल्लिउं ण आणइ खंडइ कलिआमुहं भमरो	The bee is so eager to taste the fresh nectar, He cannot stop to unfold the tight-knit petals But simply pierces the tip of the bud.
दरवेविरोरुजुअलासु मउलिअच्छीसु लुलिअचिहुरासु,पुरिसाइरीसु कामो पिआसु सज्जाउहो होइ	The God of Love strings his bow When women sit astride their husbands, Thighs twitching, Eyes closing And hair tossing around.
जं जं ते ण सुहाअइ तं तं ण करेमि जं मम्ऽ आअत्तं,अहअं चिअ जं ण सुहामि सुहअ तं किं मम्ऽ आअत्तं	I will do my best to avoid Doing the things you don't like, But, my dear, What can I do about the things I don't like?
वावारविसंवाअं सअलावअवाण कुणइ हअलज्जा,सवणाण उणो गुरुसंणिहे वि ण णिरुंझइ णिओअं	Wretched shyness stops her every limb From acting naturally, But even with her parents standing by It cannot force her not to use her ears.
एक्कल्लमओ दिट्ठीअ मइअ तह पुलइओ सअण्हाए,पिअजाअस्स जह धणुं पडिअं वाहस्स हत्थाओ	The doe looked at the solitary stag With such longing That the bow dropped from the hand Of the hunter Whose wife was dear to him.
दोअंगुलअकवालअपिणद्धसविसेसणीलकंचुइआ,दावेइ थणत्थलवण्णिअं व तरुणी जुअजणाणं	The girl has left open her dark blue bodice, Like a door two inches ajar, To show the young men A sample of her breasts.
रक्खेइ पुत्तअं मत्थएण ओच्छोअअं पडिच्छंती,अंसूहि पहिअघरिणी ओल्लिज्जंतं ण लक्खेइ	With her head catching the water That drips from the eaves She protects her little son, But does not notice that he is wet With the tears she sheds For her absent husband.
अब्भंतरसरसाओ उवरिं पव्वाअवद्धपंकाओ,चंकम्मंतम्मि जणे समूससंति व्व रच्छाओ	With a dry crust of mud on the surface But still wet below The village streets seem to sigh heavily As people go to and fro.
तह तेण वि सा दिट्ठा तीअ वि तह तस्स पेसिआ दिट्ठी,जह दोण्ह वि समअं चिअ णिव्वुत्तरआइ जाआइ	He looked at her In such a way, And she at him, That, at the same moment, They both consummated their love.
दुस्सिक्खिअरअणपसिक्खएहि घिट्ठो सि पत्थरे ताव,जा तिलमेत्तं वट्टसि मरगअ का तुज्झ मुल्लकहा	O emerald, A succession of incompetent jewelers Has ground you so long on the stone That you are no bigger than a sesame seed. So what's this talk about being valuable?
जह चिंतेइ परिअणो आसंकइ जह अ तस्स पडिवक्खो,वालेण वि गामणिणंदणेण तह रक्खिआ पल्ली	As his relatives suspected And his enemies feared, The headman's son, Though still very young, Has proved excellent At protecting the village.
गअवहुवेहव्वअरो पुत्तो मे एक्ककंडविणिवाई,तह सोण्हाइ पुलइओ जह कंडवरंडअं वहइ	That daughter-in-law has turned our son Into a trembling wreck: Once he needed just one arrow To make an elephant cow a widow, Now he carries a quiverful.
अप्पाहेइ मरंतो पुत्तं पल्लीवई पअत्तेण,मह णामेण जह तुमं ण लज्जसे तह करेज्जासु	"On his deathbed The headman of the hamlet Earnestly instructs his son: ""Act in such a way As not to be ashamed of my name."""
अणुमरणपत्थिआए पच्चागअजीविए पिअअमम्मि,वेहव्वमंडणं कुलवहूअ सोहग्गअं जाअं	As the good wife prepared To join her beloved on the pyre He came back to life, And her widow's finery Turned to that of married bliss.
महुमच्छिआइ दट्ठं दट्ठूण मुहं पिअस्स सूणोट्ठं,ईसालुई पुलिंदी रुक्खच्छाअं गआ अण्णं	When the Pulinda hunter's wife Saw her husband's lip Swollen by a bee sting, She was stung herself By jealousy And fled To stand in the shade of another tree.
धण्णा वसंति णीसंकमोहणे वहलपत्तलवइम्मि,वाअंदोलणओणविअवेणुगहणे गिरिग्गामे	Lucky are they who live In a mountain village Where one can make love Undisturbed Beneath a leafy hedge Or in deep thickets of reeds That bend and sway in the wind.
तह परिमलिआ गोवेण तेण हत्थं पि जा ण ओल्लेइ,स च्चिअ खडणा एण्हिं पेच्छह कुडदोहिणी जाआ	That froward cow, Which did not even wet the cowherd's hand However much he squeezed her teats— Look how she's now yielding milk By the pail.
धवलो जिअइ तुह कए धवलस्स कए जिअंति गिट्ठीओ,जिअ तंवे अम्ह वि जीविएण गोट्ठं तुमाअत्तं	The bull lives only for you And the heifers only for the bull, So please, dear cow, stay alive For the life of our herd Depends on your life.
अग्घाइ छिवइ चुंवइ ठवेइ हिअअम्मि जणिअरोमंचो,जाआकवोलसरिसं पेच्छह पहिओ महुअपुप्फं	Look how the traveler thrills As he sniffs at the sweetwood flower, Caresses it, kisses it, And presses it against his heart As if it were his wife's pale cheek.
उअ ओल्लिज्जइ मोहं भुअंगकित्तीअ कडअलग्गाइ,ओज्झरधारासद्धालुएण सीसं वणगएण	See how the elephant tries in vain To wet its head beneath a snake's sloughed skin That hangs down from a rocky sill, Mistaking it for a waterfall.
कमलं मुअंत महुअर पिक्ककइत्थाण गंधलोहेण,आलेक्खलड्डुअं पामरो व्व छिविऊण जाणिहिसि	To desert the lotus For the scent of ripe wood-apple— As soon as you touch it, silly bee, You'll find out your mistake, Like the yokel Who reached for a sweetmeat in a painting.
गिज्जंते मंगलगाइआहि वरगोत्तदिण्णअण्णाए,सोउं व णिग्गओ उअह होंतवहुआइ रोमंचो	Look, When the women start singing the wedding songs Goose pimples break out on the bride-to-be As if they too want to hear The bridegroom's name.
मण्णे आअण्णंता आसण्णविवाहमंगलुग्गीअं,तेहि जुआणेहि समं हसंति मं वेअसकुडुंगा	I suspect the reed beds by the river As well as the young men Had a good laugh when they heard The solemn song of blessing On the eve of my wedding.
ण अ दिट्ठिं णेइ मुहं ण अ छिविउं देइ णा लवइ किं पि,तह वि हु किं पि रहस्सं णववहुसंगो पिओ होइ	She does not look at you, Does not allow you to touch her face, Says nothing. Yet, In some mysterious way, Being with a young bride is pure joy.
पुच्छिज्जंती ण भणइ गहिआ पप्फुरइ चुंविआ रुअइ,तुण्हिक्का णववहुआ कआवराहेण उवऊढा	When he asks her a question She does not reply, When he touches her She recoils, When he kisses her She starts to cry, And when he attempts an embrace His young wife's silence Makes him feel like a criminal.
तत्तो च्चिअ होंति कहा विअसंति तहिं तहिं समप्पंति,किं मण्णे माउच्छा एक्कजुआणो इमो गामो	The girl's thick, fragrant hair Is like a column of smoke rising from the fire of love, Like a bunch of peacock's tail-feathers Waved by the conjuror to distract his audience, Like the victory banner of youth.
जाइ वअणाइ अम्हे वि जंपिमो ताइ जंपइ जणो वि,ताइं चिअ तेण पजंपिआइ हिअअं सुहावेंति	Who is not captivated by a woman's breasts, That, like a good poem, Are a pleasure to grasp, Are weighty, compressed, and nicely ornamented?
सव्वाअरेण मग्गह पिअं जणं जइ सुहेण वो कज्जं,जं जस्स हिअअदइअं तं ण सुहं जं तहिं ण त्थि	If you want to be happy Take care in choosing a lover, For what is dear to you Does not bring happiness Unless you are dear to it.
दीसंतो दिट्ठिसुहो चिंतिज्जंत मणवल्लहो अत्ता,उल्लावंत सुइसुहो पिओ जणो णिच्च रमणिज्जो	When one sees him He gives satisfaction to the eyes, When one thinks of him He gives satisfaction to the mind, When he speaks He gives satisfaction to the ears: Dear mother-in-law, My husband is always delightful.
ठाणब्भट्ठा परिगलिअपीणआ उण्णईअ परिचत्ता,अम्हे उण ठेरिपओहर व्व उअरे च्चिअ णिसन्णा	Fallen from our former position, Our abundance wasted away, No longer prominent, We stare at our navels Like an old woman's breasts.
पच्चूसागअ रंजिअदेह पिआलोअ लोअणाणंद,अण्णत्तखविअसव्वरि णहभूसण दिणवइ णमो दे	What a feast for the eyes, When you return at dawn Red all over Having spent the night elsewhere. Ornament of the sky, Lord of the day, We bow before you humbly.
विवरीअसुरअलेहड पुच्छसि मह कीस गब्भसंभूइं,ओअत्ते कुंभमुहे जललवकणिआ वि किं ठाइ	You who like to make love upside down, How can you ask if I am pregnant? Is there a single drop of water left In a jug turned upside down?
अच्चासण्णविवाहे समं जसोआइ तरुणगोवीहिं,वड्ढंते महुमहणे संवंधा णिण्हुविज्जंति	When Kṛṣṇa came of age And the time of his marriage drew near The young cowgirls tried to conceal their family ties With his mother Yaśodā.
दूरंतरिए वि पिए कह वि णिअत्ताइ मज्झ णअणाइ,हिअअं उण तेण समं अज्ज वि अणिवारिअं भमइ	When my lover left for distant lands My eyes found their way back home, But my heart is still beside him Going wherever he goes.
तस्स कहाकंतइए सद्दाअण्णणसमोसरिअकोवे,समुहालोअणकंपिरि उवऊढा किं पवज्जिहिसि	At the mention of his name you bristle; At the sound of his voice your anger melts; Seeing him face to face, you tremble. What will you do when you embrace?
भरणमिअणीलसाहग्गखलिअचलणद्धविहुअवक्खउडा,तरुसिहरेसु विहंगा कह कह वि लहंति संठाणं	With great difficulty Birds find a place to rest In the treetops, Fluttering their wings And shifting their feet At the tips of the dark branches That bend beneath their weight.
कंडंतेण अकंडं पल्लीमज्झम्मि विअडकोअंदं,पइमरणाहि वि अहिअं वाहेण रुआविआ अत्ता	When our hunter In the middle of the village, for everybody to see, Started to cut sections into his gruesome bow Mother-in-law began to cry Louder even than on the day her husband died.
अम्हे उज्जुअसीला पिओ वि पिअसहि विआरपरिओसो,ण हु अण्णा का वि गई वाहोहा कह पुसिज्जंतु	My dear, I am a simple person, While my lover only likes fancy tricks. Tell me, is there some other way of wiping my eyes?
चंचुपुडाहअविअलिअसहआररसेण सित्तदेहस्स,कीरस्स मग्गलग्गं गंधंधं भमइ भमरउलं	A swarm of bees blindly pursues the parrot Whose feathers are spattered with the juice Dripping from the mango it has pecked with its beak.
एत्थ णिमज्जइ एत्ता एत्थ अहं एत्थ परिअणो सअलो,पंथिअ रत्तीअंधअ मा मह सअणे णिमज्जिहिसि	Here's my mother-in-law's bed, Here is mine, And there those of the servants. Traveler, you won't see in the dark, So do be careful not to fall into mine.
परिओससुंदराइं सुरएसु लहंति जाइ सोक्खाइ,ताइं चिअ उण विरहे खाउग्गिण्णाइ कीरंति	The pleasures of love, Which gave the women such complete delight, Are chewed over and endlessly regurgitated Once their husbands have gone abroad.
मग्गं चिअ अलहंतो हारो पीणुण्णआण थणआण,उव्विग्गो भमइ उरे जमुणाणइफेणपुंजो व्व	Finding no way between her full, upcurving breasts, Her necklace of pearls dances upon her chest Like the bubbles of foam on the Yamunā.
जे जे गुणिणो जे जे अ चाइणो जे विअड्ढविण्णाणा,दारिद्द रे विअक्खण ताण तुमं साणुराओ सि	All the worthy people I meet, All the generous and discerning ones Already receive your favors, You clever devil, Poverty.
जइ कोत्तिओ सि सुंदर सअलतिहीचंददंसणसुहाणं,ता मसिणं मोइज्जंतकंचुअं पेक्खसु मुहं से	Handsome man, If you want to enjoy the sight Of every phase of the moon Look at her gentle face As she slowly lifts her bodice Over her head.
समविसमणिव्विसेसा समंतओ मंदमंदसंचारा,अइरा होहिंति पहा मणोरहाणं पि दुल्लंघा	The lie of the land is blurred And everywhere progress gets slower: Soon the roads will be impassable Even for the wheels of his fancy.
अइदीहराइ वहुए सीसे दीसंति वंसवत्ताइ,भणिए भणामि अत्ता तुम्हाण वि पंडरा पुट्ठी	"When she said: ""Daughter-in-law, There are long bamboo leaves in your hair."" I said: ""Mother-in-law, Your back is all white."""
अत्थक्करूसणं खणपसिज्जणं अलिअवअणणिव्वंधो,उम्मच्छरसंतावो पुत्तअ पअवी सिणेहस्स	Sudden outbursts of anger and the next moment calm, Constant pretence as well as agonies of jealousy, Such, my son, is the nature of love.
अइ उज्जुए ण लज्जसि पुच्छिज्जंती पिअस्स चरिआइं,सव्वंगसुरहिणो मरुवअस्स किं कुसुमरिद्धीहि	You simpleton, Shouldn't you be a little more discreet When people ask how your lover behaves? With all its leaves so fragrant, What need has the marjoram for a mass of blooms?
मुद्धे अपत्तिअंती पवालअंकुरअणिद्धलोहिअए,णिद्धोअधाउराए कीस सहत्थे पुणो धुअसि	Foolish girl, Why are you still washing The red powder from your soft palms That are by nature pink As a spray of coral?
पुससु मुहं ता पुत्तिअ वाहोअरणं विसेसरमणिज्जं,मा एअं चिअ मुहमंडणं ति सो काहिइ पुणो वि	Young girl, Wipe away these tears Which make your face look even more attractive, For he might do it again, Thinking how well they suit you.
अवरण्हागअजामाउअस्स विउणेइ मोहणुक्कंठं,वहुआइ घरपलोहरमज्जणपिसुणो वलअसद्दो	The tinkle of bracelets As she took a bath in the backyard of her parents' house Redoubled the passion of her husband Who had arrived in the late afternoon.
जुज्झचवेडामोडिअजज्जरकण्णस्स जुण्णमल्लस्स,कच्छावंधो च्चिअ भीरुमल्लहिअअं समुक्खणइ	The old wrestler With ears mangled by many a fight Has only to gird up his loins For his fearful opponent to lose heart.
आणंदंतेन तुमं पइणो पहएण पडहसद्देण,मल्लि ण लज्जसि णच्चसि दोहग्गे पाअडिज्जंते	Instead of dancing for joy Should you not feel shame? The drum that celebrates your husband's victory In the wrestling match Makes your unhappy marriage Known to all the world.
मा वच्चह वीसंभं इमाण वहुचाडुअम्मणिउणाणं,णिव्वत्तिअकज्जपरम्मुहाण सुणआण व खलाणं	Don't trust those bastards! They're just like dogs: First they fawn But once they've had their way They turn their backs on you.
सच्चं साहसु देअर तह तह चडुआरएण सुणएण,णिव्वत्तिअकज्जपरम्मुहत्तणं सिक्खिअं कत्तो	Tell me, brother-in-law, That dog who fawned on the bitch So persistently, Where did he learn to turn his back on her The moment he'd had his way?
णिप्पण्णसस्सरिद्धी सच्छंदं गाइ पामरो सरए,दलिअणवसालितंडुलधवलमिअंकासु राईसु	In autumn, when the corn is ripe, The farmer would do as he likes If only the moonlit nights weren't bright As the fresh grains of husked rice.
अलिहिज्जइ पंकअले हलालिचलणेण कलमगोवीए,केआरसोअरुंभणतंसट्ठिअकोमलो चलणो	Bees circle round the rice girl's pink foot Placed across the sluice To stop the water flowing Into the paddy field.
दिअहे दिअहे सूसइ संकेअअभंगवड्ढिआसंका,आवंडुरोणअमुही कलमेण समं कलमगोवी	Just like the rice, Each day her head bends lower And her face grows paler —The girl who guards the paddy, As she grows more fearful of the day When her occupation will cease.
दट्ठूण हरिअदीहं गोसे संढाण जूरए हलिओ,असईरहस्समग्गं तुसारधवले तिलच्छेत्ते	When at dawn he sees a long swathe of green Through the frost-white field of sesame —His faithless wife's clandestine trail— The farmer blames himself for letting loose the bulls.
संकेल्लिओ व्व णिज्जइ खंडं खंडं कओ व्व पीओ व्व,वासागमम्मि मग्गो घरहुत्तमुहेण पहिएण	At the approach of the rains The traveler is so intent on getting home That he bundles up the road and takes it with him, That he cuts it into manageable pieces, That he swallows it down in one gulp.
एण्हिं वारेइ जणो तइआ मूइल्लओ कहिं व गओ,जाहे विसं व जाअं सव्वंगपहोलिरं पेम्मं	Nowadays people restrain me But when this love, Which like a poison courses through all my limbs, First began They were mute.
अण्णोण्णकलक्खंतरपेसिअमेलीणदिट्ठिपसराइं,दो च्चिअ मण्णे कअभंडणाइ समअं पहसिआइं	When their surreptitious glances met The couple whom I thought were sulking Both burst out laughing.
धण्णा वहिरंधरआ ते च्चिअ जीअंति माणुसे लोए,ण सुणंति पिसुणवअणं खलाण अद्धिं ण पेक्खंति	Happy are the deaf and the blind! Though they live among humankind They hear not a single word of slander Nor see how the wicked prosper.
गामारुह म्हि गामे वसामि णअरट्ठिइं ण आणामि,णाअरिआणं पइणो हरेमि जा होमि सा होमि	I was born and raised in a village, I live in a village, And with the ways of the town I am not familiar. Still, I attract the husbands of the women in town. I am what I am.
ओसर रोत्तुं चिअ णिम्मिआइ मा पुससु मे हअच्छीइं,दंसणमेत्तुम्मइएहि जेहि सीलं तुह ण णाअं	Be off! Stop wiping away my tears! Crying is what my stupid eyes were made for. For when they tried looking they got distracted And failed to see your true nature.
रणरणअसुण्णहिअओ चिंतंतो विरहदुव्वलं जाअं,अमुणिअणिअवसही सो वोलीणो गाममज्झेण	He was so distracted with worry About his wife not surviving the long separation That, reaching his house, He walked on.
सुअणो णि दीसइ च्चिअ खलबहुल डड्ढजीअलोअम्मि,जह काअसंकुला तह ण हंसपरिवारिआ पुहवी	In this damned world of ours, so full of crooks, A decent man is rarely seen. The earth teems with crows But geese are few and far between.
जं मुच्छिआइ ण सुओ कलंवगंधेण तं गुण पडिअं,इअरा गज्जिअसद्दो जीएण विणा ण वोलंतो	That she did not hear the thunder Because she was swooning from the scent Of the kadamba flower Saved her life. Otherwise the thunder would not have passed by Without taking it.
जं असरणो व्व डड्ढो गामो साहीणवहुजुआणो वि,संभमविसंठुलाणं तं दुच्चरिअं तुह थणाणं	That our village burnt down As though there were no help for it, Despite the number of young men at hand, Is the doing of your wicked breasts Which in the confusion Were swaying about.
अह सुअइ दिण्णपडिवक्खवेअणा पसिढिलेहि अंगेहिं,णिव्वत्तिअसुरअरसाणुवंधसुहणिब्भरं वहुआ	After tasting to the full the pleasures of love The young wife slept soundly, Unaware how her weary limbs Were a torture to her rivals.
जइ तेण तुज्झ वअणं ण कअं मह कारणेण अ हआसे,सा कीस खंडिअतडं णिआहरं दूइ दुम्मेसि	If he does not do what you ask him On my behalf, you useless messenger, Why not give your lips a rest? They are already bruised.
दिट्ठाइ जं ण दिट्ठो सरलसहावाइ जं च णा ऽलविओ,उवआरो जं ण कओ तं चिअ कलिअं छइल्लेहिं	That you did not look at him When he looked at you, That you did not speak to him While you are usually so forthright, That you did not want to show him kindness —Our clever friends have noted it all.
अविरलणिग्गअपुलओ पअडिअकंपो पमुक्कसिक्कारो,हेमंते पहिअजणो सुरआसत्तो व्व पडिहाइ	Covered all over with gooseflesh, Visibly shivering, Sucking in his breath between clenched teeth: The winter wayfarer Looks like a man making love.
सेउल्लणिअंवालग्गसण्हसिचअस्स मग्गम् अलहंतो,सहि मोहघोलिरो अज्ज तस्स हसिओ मए हत्थो	Friend, I had to laugh When his hand fumbled at my thin skirt, Which stuck tight to my sweating thighs.
अमिअमअं चिअ हिअअं हत्था तण्हाहरा सअण्हाणं,चंदमुहि कत्थ णिवसइ अमित्तदहणो तुह पआवो	Your heart is made of nectar, Your hands allay the yearning of those who yearn, Where, O moon-faced girl, Do you produce the heat With which you burn your enemies?
दिट्ठीअ जाव पसरो ताव तुमं सुहअ णिव्वुइं कुणसि,वोलीणदंसणो तह तवेसि जह होउदिट्ठेण	As long as you are within sight My beautiful man, you give pleasure. But as soon as you are out of sight You cause such grief That I never want to see you again.
उण्हो त्ति समत्थिज्जइ डाहेण सरोरुहाण हेमंतो,चरिएहि णज्जइ जणो संगोवंतो वि अप्पाणं	Foolish girl! The clouds thunder, The paths are grass-grown, The rivers are swollen, And still you look down the road For your husband.
उवहारिआइ समअं पिंडारे उअ कहं कुणंतम्मि,णववहुआइ सरोसं सव्व च्चिअ वछआ मुक्का	Lotuses know that winter is hot Because it makes them wilt. However much they try to hide their true nature, People are betrayed by their acts.
पज्जालिऊण अग्गिं मुहेण पुत्तिअ किणो समोसरसि,थणअलसपडिअपडिमा फुरंति ण छिवंति ते जाला	Look! While the cowherd is chatting up the maid His young wife angrily sets all the calves free.
अग्गिं अब्भुत्तंतीअ पुत्ति पडिमागआ कवोलम्मि,कण्णालंविअपल्लवलच्छिं संधेइ ते जाला	You silly girl, Why do you shrink away each time you blow into the fire? These flames reflected on your round breasts Flicker but will not touch you.
कह दे धूमंधारे अब्भुत्तणं अग्गिणो समप्पिहइ,मुहकमलचुंवणालेहडम्मि पासट्ठिए दिअरे	Dear girl, The flames reflected on your cheeks When you kindle the kitchen fire Resemble blossoming twigs Hanging down from your ears.
आअंवच्छं पअलंतवाहम् आवद्धथणहरुक्कंपं,असमत्तं चिअ चिट्ठउ सिहिणो अब्भुत्तणम् इणं ते	How will you ever manage to kindle the fire In the kitchen dark with smoke With your young brother-in-law at your side Trying to kiss the lotus of your mouth?
छणपाहुणिए ऽत्ति किणो अज्ज वि णं भणह अंगसंतावं,जाआ अम्ह घरिल्लअगुणेण घरसामिणि च्चेअ	Look at you: Your eyes are red, Tears flow down your cheeks, And your heavy breasts are shaking. You'd better stop Trying to kindle the kitchen fire.
भिउडीअ पुलोइस्सं णिब्भच्छिस्सं परंमुही होस्सं,जं भणह तं करिस्सं सहीउ जइ तं ण पेच्छिस्सं	The breasts of the huntsman's wife riseAs if to tell the elephant, rhinoceros and ox, The deer, buffalo, tiger and bear That from her husband They have nothing to fear.
जं केअवेण पेम्मं जं च वला जं च अत्थलोहेण,जं उवरोहणिमित्तं णमोणमो तस्स पेम्मस्स	I'll frown at him, I'll abuse him, And I'll turn my back on him. I'll do whatever you say, friends, As long as I don't have to look at him.
कस्स ण सद्धा गरुअत्तणम्मि पइणो पसाअमाणस्स,जइ माणभंजणीओ ण होंति हेमंतराईओ	Love based on pretence, Love based on force, Love based on greed, Love based on compliance —Honor to them all!
अव्वो तहिंतहिं चिअ गअणे भमिऊण वीसमंतेण,वोहित्तवाअसेण व्व हासिआ डड्ढपेम्मेण	Who would not love to be tough on a cringing husband But for the long winter nights That erode one's pride?
दे आ दुमसु तुमं चिय मा परिहर पुत्ति पढमदुमियं ति,किं कुड्डं णिअमुहअंदकंतिदुमिअं ण लक्खेसि	O! What a fool Love has made of me, As when the ship's crow Circles the whole heaven Only to settle on the ship again.
विज्जंति तणुं उवणेंति वेअणं णेयताण खयमग्गे,अब्बो अइट्ठपुव्वो अणंगबाणाण माहप्पो	Hey there, daughter— Keep on whitewashing that wall. Don't stop because you think the job's already done. Can't you see? It's the moonlight of your face That makes it look so white.
आमोडऊण बलाउ हत्थं मज्झं गओ सि भो पहिअ,हिअआउ जइ अ णीहसि सामत्थं तुज्झ जाणिस्सं	They pierce one's body, Cause pain But without making wounds. Ah! Love's arrows are unique.
सद्धा मे तुज्झ पियत्तणस्स अहयं तु तं ण याणामि,दे पसिय तुमं चिय सिक्खवेसु जह ते पिया होमि	Having wrenched yourself from my grip You left for the road, But only when you manage to escape from my heart as well Will I acknowledge your power.
पेम्मुम्मइयाइ मए उवऊढो हलियउत्तबुद्धीए,फंसेमि जाव फरुसो तणपुरिसो गामसीमाए	Blind with love I threw my arms around him, Taking him for a farmer's boy. But when I touched him He was just a spiky scarecrow At the village boundary.
बे मग्गा धरणियले माणिणि माणोण्णयाण पुरिसाण,अहवा पावंति सिरिं अहव भमंता समप्पंति	Proud woman, Here on earth two ways are open To people who are proud and haughty: Either they find a treasure Or they are pilgrims of love For the rest of their lives.
कत्तो कमलाण रई कत्तो कुमुयाण सीअलो चंदो,तह सज्जणाण णेहो ण चलइ दूरट्ठिआणं पि	What has the hot sun, Which makes the lotuses unfold, In common with the cool moon Which makes the water lilies unfold? It's as with a good man's affection, Which does not alter However far away he may be.
ढंखरसेसो वि हु महुअरेण मुक्को ण मालईविडवो,दरवियसियकलियामोयबहलिमं संभरंतेण	Though the twigs were completely bare, The bees clung to the jasmine, Savoring the memory of the scent Which burst from the buds that had been there.
डहिऊण सयलरण्णं अग्गी समविसमलंघणुव्वायो,तडलंबंततणेहिं तिसिय व्व णइं समोसरइ	After burning the entire forest The fire was worn out With crossing hill and plain. So, holding on to the grass that grew on the steep bank, It went down to the river for a drink.
रअणायरस्स साहेमि णम्मए अज्ज मुक्कदक्खिण्णा,वेडिसलयाहरंतेण मिलिया जं सि पूरेण	River-nymph Narmadā, Today I will put discretion aside And tell your husband, the sea, How you had a rendezvous with the stream In a bower of reeds.
तिसिया पियउ त्ति मओ मओ वि तिसिओ मई करेऊण,इय मयमिहुणं तिसियं पियइ ण सलिलं सिणेहेण	The stag thought that she was more thirsty than he And the doe thought that he was more thirsty than she. In this way the thirsty couple Out of consideration for each other Did not drink at all!
णिवडिहिसि सुण्णहियए जलहरजलपंकिलम्मि मग्गम्मि,उप्पेक्खागयपिययमहत्थे हत्थं पसारेंती	Watch out! The path is slippery after today's shower. If you grope for the hand of your lover Whom you imagine is standing beside you, You are bound to fall over.
उच्छंगियाऎ पइणा अहिसारणपंकमलिणपेरंते,आसण्णपरियणो विअ सेअ च्चिय धुवइ से पाए	As soon as her husband took her on his lap Sweat poured from her Like an attentive servant, Washing the mud of last night's assignation From her feet.
अणुसोयइ हलियबहू रइकिरणोलुग्गपंडुरच्छायं,रण्णुंदुरदंतुक्खुत्तविसमवलियं तिलच्छेत्तं	The plowman's wife bemoans the sesame field, Bleached by the rays of the sun And pockmarked by the burrowing of field mice.
कमलायराण उण्हो हेमंतो सीअलो जणवयस्स,को किर भिण्णसहावं जाणइ परमत्थयं लोए	Who needs a blanket, Who needs a fire, And who needs a bedchamber, If he has a wife with warm breasts Lying snug against his chest?
पढमं चिय माहवपट्टयं व घेत्तूण डाहिणो वाओ,अंकोल्लपढमवत्तं पहिंडिओ गामरच्छासु	As though seizing the first sign of spring, The south wind whirls the first aṃkolla leaf Through the village streets.
सो माणो पियमुहअंददंसणे कह थिरो धरिज्जिहइ,अंकोल्लकोरआण वि जो फुट्टमुहाण बीहेइ	How is this pride going to stand its ground At the sight of the beloved's face If it is already alarmed By the burgeoning buds of the aṃkolla?
कारणगहिओ वि मए माणो एमेअ जं समोसरियो,अत्थक्कफुल्ल अंकोल्ल तुज्झ तं मत्थए पडउ	That my sulking mood, Which was completely justified, Disappeared just like that, Is entirely your doing, Aṃkolla plant, As you unexpectedly started to blossom
दूरपइण्णपरिमलं सपल्लवं मुद्धपुप्फपंगुरणं,अंगच्छित्तं पिव वम्महेण दिण्णं महुसिरीए	Spring offers her body With its drifting fragrance, Leafspray fingers, And cloak of tender flowers As a playground To the God of Love.
कारणगहिअं पि इमा माणं मोएइ माणिणिअणस्स,सहयारमंजरी पियसहि व्व कण्णे समल्लीणा	This mango bud Hanging from her ear, Like a dear friend whispering good advice, Succeeds in banishing sulkiness, However justified it may be.
अज्जं चिय छणदिअहो मा पुत्ति रुएहि एहइ पिओ त्ति,सुण्हं आसासंती पडियत्तमुही रुवइ सासू	"""My daughter, stop crying. He will come. For he has never before missed today's fair."" With these empty words She reassured her son's wife, Turning her face away To hide her tears."
गुणसालिणो वि करिणो होहइ जूहाहिवत्तणं कत्तो,णवसालिकवललोहिल्लिआऎ विंझं मुअंतस्स	How can an elephant Ever become leader of the herd If he leaves the Vindhya With its wild rice For the sake of a mouthful of rice From a paddy field?
णक्खमऊहेसु खणं कुसुमेसु खणं खणं किसलएसु,हत्थेसु खणं कुसुमोच्चियाइ लोडाविया भसला	One moment the bees are hovering Over the bright fingernails Of the girl picking flowers, The next over the flowers, The next over the shoots, And the next over the girl's hands.
जीहाइ परं लिब्भइ दंतोट्ठेणं ण तीरए गहिउं,अहरो व्व सव्वणो गोहणेण पढमो तणुच्छेओ	Unable to grip the new blade of grass With its teeth or lips, The cow merely licks it with its tongue As one does a bruised lip.
विलासणिगुरुणिअंवो तीरउ चलणेहि दोहि उव्वहिउं,एआई उण मज्झो थणभारं कइ णु उव्वहि	It takes two feet to support the woman's broad hips. So how can her waist on its own Support her heavy breasts?
वारिज्जंती णवकोमुइ त्ति मा पुत्ति अंगणे सुवसु,मा ते अंवुपिसाओ चंदो त्ति मुहं गसिज्जिहिइ	Daughter, be warned: It's a new moon. So do not sleep in the courtyard tonight Lest the moon-eating demon swallow your face by mistake.
सुव्वंतो आसि परंपराइ कहकह वि दिट्ठिमिलिओ ऽसि,दे सुहअ किं पि जंपसु पिअंतु कण्णाइ मे अमिअं	I have heard so much about you from others And now at last I see you with my own eyes. Please, my dear, say something So that my ears, too, may drink nectar.
रोआविअ म्ह माए अंगणपहिएण दरपसुत्तेण,परिवत्तसु माणिणि माणिणि त्ति सिविणे भणंतेण	"Mother, if you ask me what made me cry, It's that traveler dozing in our courtyard Who in his dream pleaded: ""Stop being angry, Please stop being angry and turn over."""
सरहसविणिग्गआइ वि इच्छाइ तुमं ण तीअ सच्चविओ,सीसाहअवलिअभुअंगवंकरच्छे हअग्गामे	Though she ran out quickly She failed to spot you. In this damned village the street twists Like a snake hit on the head.
सा तुह विरहे णिक्किव संधारिज्जइ सहीहि णिउणाहि,चंडालहत्थगअसउणिअ व्व जीए णिरालंवा	In your absence, cruel man, She is as helpless as a bird in the hands of a fowler And is only kept alive by her understanding friends.
अणुराअरअणभरिअं कंचणकलस व्व तरुणिथणवट्टं,तस्स चिअ मुहम्मि किआ मसिमुद्दा मअणराएण	The girl's breasts Are like golden pots filled with the jewels of affection. In the middle of each King Love has set his dark seal.
गाहाण अ गेआण अ तन्तीसद्दाण पोढमहिलाण,ताणं सो च्चिअ दण्डो जे ताण रसं ण आणंति	Poems, songs, the sound of the lute, And impudent women, To men who have no taste for such things They are a punishment.
लडहविलआण लोअणकडक्खविक्खेवजणिअसंदावा,झिज्जंति महासत्ता चित्तुव्वेअणसहा होंति	The pain inflicted by the sidelong glances Of seductive women —Saints suffer it too But they master their emotions.
अव्वो ण आमि छेत्तं खज्जउ साली वि कीरणिवहेहिं,जाणंता अवि पहिआ पुच्छंति पुणोपुणो मग्गं	I won't go to the field. What do I care if the parrots eat all the paddy. Whenever I'm there Travelers keep asking me the way Which they know perfectly well.
अत्थक्कागअदिट्ठे वहुआ जामादुअम्मि गुरुपुरओ,जूरइ णिवडंताणं हरिसविफंदंतवलआणं	Surprised by her husband's arrival At her parents' house, The girl was annoyed with her bracelets For dancing up and down her arms And threatening to slip off.
एह इमीअ णिअच्छह विम्हिअहिअआ सही पुलोएइ,अद्दाअम्मि कवोलं कवोलपट्टम्मि अद्दाअं	How surprised the girl is To see her friend's cheek in the mirror And the mirror in her cheek.
कइआ जाआ कइआ णु सिक्खिआ माइआ हअकुमारी,तंतं जाणइ सव्वं जंजं महिलाऒ जाणंति	How old is she, This damned girl? And when did she learn it all? She already knows everything That a mature woman knows.
खणपिट्ठधूसरत्थणि महुमअतंबच्छि कुवलआभरणे,कण्णगअचूअमंजरि पुत्ति तुए मंडिओ गामो	Young girl, On this day of Holê —Your breasts dusted with flour, Your eyes red from too much liquor, A lotus stuck in your hair And mango shoots behind your ears— You are a credit to our village.
मग्गिअलद्धे बलमोडिचुंबिए अप्पणेण उवणीदे,एक्कम्मि पिआअहरे अण्णण्णा होंति रसहेआ	One time you get them only after a long search, At another you kiss them after a struggle, At yet another they are freely offered —One pair of lover's lips Is an inexhaustible source of delights.
उप्फुल्ललोअणेणं कवोलबोसट्टमाणसेएणं,अहणंतेण वि भणिआ मुहेण से कज्जणिव्वुत्ती	By her wide open eyes, By the sweat streaming down her cheeks, The woman said without saying a word That her part of the business was fulfilled.
जत्थ ण उज्जागरओ जत्थ ण ईसा विसूरणं माणो,सब्भावचाडुअं जत्थ ण त्थि णेहो तहिं ण त्थि	Where there is no wakefulness, Jealousy, strife, sulking, And good old flattery, There no love is either.
मह पइणा थणजुअले पत्तं लिहिअं ति गव्विआ कीस,आलिहइ महं पि पिओ जइ से कंपो च्चिअ ण होइ	Why so proud About your husband having painted a pattern On your breasts? My husband would have done the same If his hand had not trembled so much.
कण्णे पडिअं हिअए पडिअं चिअ ओ मए अभव्वाए,जामि त्ति तुज्झ वअणं किं व ण सहिअं पवासस्स	"They fell on my ear And struck at my heart —Oh what more can I suffer?— Your parting words: ""I'm off."""
समपंथपत्थिअस्स वि पहिअस्स खलंति पुढमदिअहम्मि,हिअअट्ठिअजाआगुरुणिअंवहारेण व पआइ	On the very first day of his journey The traveler stumbled, Though the path was smooth, As if hampered by the heavy buttocks Of the wife he already missed.
संदेसो वि ण लिहिओ लेहे पहिएण कत्थ घरतत्ती,अणवरअलिहिअगेहिणिगोत्तक्खरपूरिए पत्ते	The traveler had written nothing about himself Nor asked how things were at home. The palm leaf was covered all over with the syllables of his wife's name Endlessly repeated.
जह दिअहविरामो णवसिरीसगंधुद्धुराणिलग्घविओ,पहिअघरिणीअ ण तहा तवेइ तिव्वो वि मज्झण्हो	While her husband was abroad The fierce midday sun Did not torment the lonely wife So much as the evening breeze Wafting the scent of fresh acacia blooms.
चिरपवसिअदइअकहा णिउणाहि सहीहि विरहसहणत्थं,अलिआ अवि अवराहा वहूऎ कमसो कहिज्जंति	To help the young wife bear being parted Her ingenious friends tell her tales Of lovers' long absences, Listing the various ways they cause hurt, Some quite imaginary.
जंजं पउत्थपइआ पिअअमणामक्खरं लिहइ लेहे,तंतं तल्लेहणिआणुसारगलिओ पुसइ सेओ	Each time she tries to write a letter To her husband on his travels The drops of sweat running down her pen Blot out the syllables of his dear name.
अच्छउ णिमीलिअच्छी मा मा वारेह पिअअमासाए,तेण विणा किं पेच्छउ उम्मिल्लेहिं वि अच्छीहिं	Let her sit with eyes closed, Dreaming of her husband. For until he returns What is there for her to look at With her eyes open?
जइ देव्व तुं पसण्णो मा करिहिसि मज्झ माणुसं जम्मं,जइ जम्मं मा पेम्मं जइ पेम्मं मा जणे दुलहे	Fate, Please, don't let me be born as a human again. But if it must be, Then don't let me fall in love. But if it must be, Then don't let me fall in love With a man who is so hard to get.
एक्के अअणे दिअहा वीए रअणीऒ होंति दीहाओ,विरहाअणो अपुव्वो एत्थ दुवे च्चेअ वड्ढंति	For half the year the nights are long, For the other half the days. Separation confuses everything As both its days and nights are long.
चिरजीवित्तणकंखिरि मा तम्म रसाअणेहि अथिरेहि,विरहं पवज्ज जाअंति जेण जुअदीहरा दिअहा	If you want to live long Do not trouble about dubious elixirs. Just arrange for your lover to go away, Then the days grow long as eons.
रुअइ रुअंतीऎ मए ओहिदिणे गणइ झिज्जइ अहं व,पिअविरहे मामि सअज्झिआऎ णेहो च्चिअ अपुव्वो	She shares my tears, Counts off each day, And grows as thin as I do While my husband is away. Aunt, the concern my neighbor shows Is quite extraordinary.
कंठग्गहणेण सअज्झिआऎ अब्भागओवआरेण,वहुआऎ पइम्मि वि आगअम्मि सामं मुहं जाअं	As the woman from next door Threw her arms around him To welcome him home, The wife's face grew dark Despite her husband's return.
दूई ण एइ चंदो वि उग्गओ जामिणी वि बोलेइ,सव्वं सव्वत्थो च्चिअ विसंठुलं कस्स किं भणिमो	The messenger is late, The moon is high, And the night is passing. Everything's awry But to whom can I complain?
सो णा ऽगओ त्ति पेच्छह परिहासुल्लाविरीऎ दूईए,णूमंतीअ पहरिसो ओसट्टइ गंडपासेसु	"""He's not coming,"" Teased the go-between. But look: Despite her feigning, A thrill of excitement Steals over her face."
साहेंती सहि सुहअं खणेखणे दूमिआ सि मज्झ कए,सब्भावणेहकरणिज्जसरिसअं दाव विरइअं तुमए	Addressing my lover again and again. Dear friend, all this trouble for my sake. What you do You seem to do out of true love.
जं तुह कज्जं तं चिअ कज्जं मज्झ त्ति जं सआ भणसि,ओ दूइ सच्चवअणे अज्ज सि पारं गआ तस्स	"You always say: ""Your business is my business,"" But today, dear go-between, You've taken it all too literally And gone too far."
णवलअपहरुत्तत्थाऎ तं कअं हलिअवहुआए,जं अज्ज वि जुवइजणो घरेघरे सिक्खिउं महइ	What the young farmer's wife only does After being threatened with a twig Every young maiden In every household Would love to be taught.
पइपुरओ च्चिअ रभसेण चुंबिओ देवरो अडअणाए,मह वअणं मइरागंधिअं ति हाआ तुहं भणइ	Before her husband's eyes The brazen woman passionately kissed his brother's mouth. She said she did so because he'd said That her mouth smelt of drink.
तह अडअणाऎ रुण्णं पइमरणे बाहरुद्धकंठीए,अणुमरणसंकिणो जह जारस्स वि संकिअं हिअअं	The false woman bewailed her dead husband With such choking sobs That even her lover was afraid She might join him on the pyre.
महुएहि किं व वालअ हरसि णिअंबाहि जइ वि मे सिअअं,साहामि कस्स रण्णे दूरे गामो अहं एक्का	Why waste your time with sweetwood flowers, You silly? Just pull the skirt from my hips. Whom can I call to in this wood? The village is a long way off And I am all by myself.
अव्वो कालस्स गई सो वि जुआ सरसकव्वदुल्ललिओ,पढइ परासरसद्दं अम्हे वि णिअं पइं गमिमो	Oh! the passage of time: This young man, Weary of passionate poems, Now studies law While we. . . We stick to our husbands.
भणभण जंजं पडिहाइ तुज्झ तंतं सहामिमो अम्हे,असहत्तणं च जीअं च वल्लभे दोइ ण घडंति	Say what you like: I can take it. For being touchy And living with the man one loves Are two things that don't go together.
एअं चिअ मह णामं भणभण दे सुहअ किं विलक्खो सि,पडिहाइ जं ण तुज्झ वि ममं पि किं देण णामेण	Is that to be my name? Use it, darling, use it: Don't be embarrassed. If my name doesn't appeal to you What use is it to me?
मा वेलवेसु बहुअं पुत्तअ अलिएहि गोत्तेहिं,एसा वि जाणइ च्चिअ परिहासुम्मिस्सभणिआइं	My son, don't overdo That joke of calling her by another woman's name. Your wife also knows how to be funny.
अइ चंडि किं ण पेच्छसि जइ सो वाहरइ अण्णगोत्तेण,अह दे इच्छइ मच्छरपणच्चिअच्छं मुहं दट्ठुं	Hey! you angry girl, Don't you see That when he calls you by the wrong name It's only because he wants to see your eyes Rolling with jealousy?
वेआरिज्जसि मुद्धे गोत्तक्खलिएहि मा खु तुं रुवसु,किं व ण पेच्छइ अण्णह एद्दहमेत्तेहि अच्छीहिं	Foolish girl, you're in a muddle. His getting your name wrong Is nothing to cry about. What do you think? With those big eyes He could never have made such a mistake.
एक्कसअणम्मि सुमुही विमुही गरुएण माणबंधेण,सिविणकलहम्मि होंती परम्मुही सम्मुही जाआ	Wrapped in her feelings of resentment She turned her lovely face away And fell fast asleep on our bed. But continuing the tiff in dream She turned away again And so came face to face with me.
ण वि तह तक्खणसुअमण्णुदुक्खविअणाऒ वि रुवंति,जह दिट्ठम्मि पिअअमे अणुणिज्जंतीऒ तरुणीऒ	The grief and anger they suffer At the moment they hear about their husbands' lapses Do not make young women cry so loud As when the husbands appear in person And ask to be forgiven.
हिअए रोसुक्खित्तं पाअपहारं सिरेण पत्थंतो,ण हओ दइओ माणंसिणीऎ थोरंसुअं रुण्णं	As her lover begs To be kicked on the head, The angry woman Stops her foot in midair And sheds big tears.
दावंतेण तुह मुहं भुमआभंगम्मि होंतणवसोहं,अकएण उवकअं अज्ज मण्णुणा मज्झ पसिअच्छि	Long-eyed girl, The effect of your anger Was completely annulled By the unusual beauty of your face As you frowned.
अइ पीणत्थणउत्थंभिआणणे सुअणु सुणसु मह वअणं,अथिरम्मि जुज्जइ ण जोव्वणम्मि माणो पिए कादुं	You there, with the big breasts Propping your face up, Pay attention to what I say: Youth does not last forever. So don't look down your nose At your lover.
पडिवक्खस्स वि पुरओ समुहं भणिआ सि तेण पसिअ त्ति,अवलंबिअस्स माणिणि माणस्स अ किं फलं अण्णं	"Face to face and right in front of your rival He begged you: ""Be nice to me again."" What more do you expect From persisting in your anger?"
कज्जं विणा वि कअमाणडंबरा पुलअभिण्णसव्वंगी,उज्जल्लालिंगणसोक्खलालसा पुत्ति मुणिआ सि	This is just a show of anger: There is no cause for it at all. Besides, you're covered with gooseflesh. Anyone can see, silly girl, That what you want is the pleasure Of a passionate embrace.
हंहो किं व ण दिट्ठं हला मए जीविअं धरंतीए,सो मं अणुणेइ पिओ अहं पि अणुणिज्जिमि हआसा	Ah, the horrors I have to witness By staying alive: Him groveling in front of me And my wretched self giving in to it.
ता सोक्खं ताव रई ता रणरणअस्स ण त्थि ओआसो,जा दुक्खेक्कणिहाणे ण होइ बहुवल्लहे पेम्मं	There is pleasure, There is delight, And there is no cause for regret As long as one does not fall in love With a man popular with women. For such a man is one big storehouse of trouble.
माणहरिएहि गंतुं ण तीरए सो णएइ अवराही,को वि अपत्थिअमुणिओ णेज्जं मंतं व आणेज्ज	Those weighed down by the burden of sulking Cannot move And obviously he feels too guilty to come. So I am waiting for someone Who, unasked and of his own accord, Will bring him to me or me to him.
उव्वहइ दइअगहिआ हरोट्ठझिज्जंतकोवगअराअं,पाणोसरंतमइरं व फलिहचसअं मुहं बाला	When he kisses her passionately on the mouth The red flush of anger disappears from her face Like wine draining from a crystal goblet.
तइआ मह गंडत्थलणिमिअं दिट्ठिं ण णेसि अण्णत्तो,एण्हिं स च्चेअ अहं ते अ कवोला ण सा दिट्ठी	Not so long ago your eyes were glued to my cheeks, They could not look away. I am still the same as then, So are the cheeks, Not so your eyes.
अलिअकुविअं पि कअमंतुअं व मं जेसु सुहअ अणुणेंतो,ताण दिअहाण हरणे रुआमि ण उणो अहं कुविआ	If I think again of those days When I acted as though I were hurt And you tried to pacify me As if I were really angry, I have to cry And am unable to become angry.
आम तुह णा ऽवराहो पिअअम मे लोअणाण इह दोसो,माणासहम्मि चडुलेहि वासिओ जेहि हिअअम्मि	No, you are not to blame, my dear, It's the fault of my own fond eyes That let you into my heart, And of my heart That does not know how to sulk.
को सुहअ तुज्झ दोसो हअहिअअं णिट्ठुरं मज्झ,पेच्छसि अणिमिसणअणो जंपसि विणअं ण जंपसे पिट्ठं	How are you to blame? It is my wretched heart that is hard. You always look me straight in the eye, Always speak gently, And never turn your back on me.
वच्च मह च्चिअ एक्काऎ होंतु णीसासरोइअव्वाइ,मा तुज्झ वि तीऎ विणा दक्खिण्णहअस्स जाणीअंतु	Go and leave me To my tears and sighs, Lest you suffer the same as I When she leaves you On account of your showing me Such consideration.
अणुवत्तंतो अम्हारिसं जणं आहिजाईए,चिंतेसि उणो हिअए अणाहिजाई सुहं जअइ	"Doing your best out of politeness To be nice to the likes of us, In your heart you must be thinking ""To hell with politeness."""
हुं णिल्लज्ज समोसर तं चिअ अणुणेसु जीऎ दे एअं,पाअंग्ụट्ठालत्तअरसेण तिलअं विणिम्मविअं	Have you no shame? Get away, go and fawn on the woman Who, with the lac on her toenail, Put this red dot On your forehead.
सा वसइ तुज्झ हिअए स च्चिअ अच्छीसु सा अ सिविणेसु,अम्हारिसाण सुंदर ओआसो कत्थ पावाण	She dwells in your heart, In your eyes and in your dreams, Where then, Mr Handsome, Is there room for a poor wretch like me?
तण्हा मे तुज्झ पिअत्तणस्स कह तं ति णो हि जाणामो,दे सुहअ तुमं चिअ सिक्खवेसु जह दे पिआ होमि	I long to be dear to you But do not know how. Teach me yourself How to be loved.
मलिणवसणाण किअवणिआणं आपंडुगंडपालीणं,पुप्फवइआण कामो अंगेसु कआउहो वसइ	Once in a month The God of Love, fully armed, Resides in women whose clothes are stained, Whose hair is tied in ugly braids, And whose cheeks are pallid.
पुप्फवइअ म्हि बालअ मा चिवसु अदीहराउसो होसि,अज्जं चेअ मरिज्जउ मअच्छि किं कालहरणेण	"""Fool, don't you see I'm having my period. Don't touch me If you value your life."" I am ready to die right away, Deer-eyed woman, So why waste time?"
वाणिअअ हत्थिदंता कत्तो अम्हाण वग्घकत्तीओ,जाव लुलिआलअमुही घरम्मि परिसक्कए सोण्हा	Merchant, How are we to supply elephant tusks And tiger skins While my daughter-in-law walks about the house Waggling her bottom And with her hair hanging loose around her face?
णिअदइअदंसणूसुअ पंथिअ अण्णेण वच्चसु पहेण,घरवइधूआ दुल्लं घवाउरा ठाइ हअगामे	Traveler, If you ever want to see your wife again, You'd better take another road. For here in this wretched village The landowner's daughter In her desperation, Is fishing with a very wide net.
उच्चिणसु पडिअकुसुमं मा धुण सेहालिअं हलिअसुण्हे,एस अवसाणविरसो ससुरेण सुओ वलअसद्दो	Just gather the fallen flowers, (aloud) But do not shake the jasmine bush. Your father-in-law can hear (whispered) The monotonous jingle of your bracelets.
सव्वे जीवा एक्का भावं।	All living beings have the same nature.
अहिंसा परमो धम्मो।	Non-violence is the supreme religion.
सच्चं मेवा।	Truth alone triumphs.
धम्मं सरणं पवज्जामि।	I take refuge in the Dharma.
सव्वं दु:खं।	Everything is suffering.
पाणे भयं न अणुच्छावइ।	Do not inflict fear on living beings.
लोए कज्जं करोइ।	One must perform duties in the world.
तवो सुज्झे, ज्ञाणं पवज्जे।	Through penance, one purifies, and through knowledge, one renounces.
सव्वे खत्ता सुखाय।	All seek happiness.
जिण्णं जीवं।	Life is impermanent.
नत्थि सच्चं परं।	There is no truth beyond truth.
बुद्धं सरणं पवज्जामि।	I take refuge in the enlightened one.
सव्वे संसारं भवति।	All are bound by the cycle of birth.
अण्णं मिच्छामि दुःखं।	I seek forgiveness for my faults.
लोका सव्वेणं इच्छंति।	Everyone desires happiness.
सुहं मणुस्सत्थं।	Blessed is the human birth.
पंचमहाव्रता संकिला।	The five great vows are pure.
सव्वं जिणं सस्स।	Everything is conquerable through detachment.
पराणे न हिंसाय।	Do not harm any living being.
लोए अहिंसा कयालिय।	Non-violence is the foundation of the world.
विज्जा सव्वं दुःखं।	Knowledge is the remover of all suffering.
समणं सव्वं जण्णं।	Renunciation leads to wisdom.
जीवं पिआयं।	Life is dear to all.
सम्मं पंचकारेणं।	Perform all actions with right intention.
वज्जं सव्वेसु खत्तेहि।	The wise avoid all faults.
अण्णं विणा सव्वं दुक्खं।	Without wisdom, all is suffering.
सच्चं जाणइ धम्मेणं।	Truth is realized through Dharma.
लोयत्तं सव्वेणं हवे।	Detachment is the essence of all.
जो मिच्छत्तं जाणइ सो णरो सुद्धो।	He who understands wrong views becomes pure.
पुणो सव्वं अहं जाणेमि।	I will know everything again.
इयं लोए उवसंतो।	Calmness prevails in this world.
मरणं सोहिणी।	Death is the ultimate truth.
पंचव्रती सव्वं जिणं।	He who follows the five vows conquers all.
तवो सुगमं।	Penance is the right path.
जं जाणइ सो सव्वं जाणइ।	What one knows, one knows all.
परमं सच्चं अहिंसा।	The supreme truth is non-violence.
खत्ता जीवा परं भावं।	Beings attain the supreme state.
पाणे जीवं सव्वं जाणइ।	The soul knows all life.
पुणो सव्वं सच्चं जाणेमि।	I will know all truth again.
धम्मेणं पवज्जति सव्वं दुक्खं।	Through Dharma, all suffering is renounced.
सो जाणइ अहिंसा महत्तं।	He understands the greatness of non-violence.
णं दुक्खं परमं जाणेमि।	I know that suffering is ultimate.
सव्वं जीवं मणुस्सत्तं।	All beings desire human life.
वज्जं सव्वं सव्वेसु जाणेमि।	I know the faults in all.
मिच्छत्तं न जाणइ सव्वं।	The wrong views are not to be followed.
अण्णं पवित्तं जाणेमि।	I know purity alone.
अहिंसा सव्वं सुदं।	Non-violence is pure.
सो जाणइ समणं।	He knows renunciation.
लोए सव्वं हवे।	Everything is bound to the world.
सव्वे जाणइ अहिंसा।	Everyone knows non-violence.
धम्मं पवित्तं जाणेमि।	I know the purity of Dharma.
मरणं जाणइ सोहिणी।	He knows that death is ultimate.
सव्वं दुक्खं मिच्छत्तं।	All suffering arises from wrong views.
सव्वं लोए हवे।	Everything is bound to the world.
पवित्तं जाणइ सव्वं।	He knows purity in all.
पंचव्रती सव्वं जाणइ।	The follower of five vows knows all.
मिच्छत्तं सव्वं जाणइ।	He knows all wrong views.
सव्वं जीवं जाणइ।	He knows all life.
लोए जाणइ धम्मं।	The world knows Dharma.
पंचमहाव्रती जाणइ सव्वं।	The one who observes the five great vows knows all.
सव्वं हवे दुक्खं।	All is suffering.
अण्णं धम्मं जाणेमि।	I know the true Dharma.
लोए जाणइ अहिंसा।	The world knows non-violence.
अहिंसा सव्वं हवे।	Non-violence is everything.
पवित्तं सव्वं जाणइ।	He knows all that is pure.
पंचमहाव्रतं सव्वं जाणइ।	The follower of the five great vows knows everything.
धम्मेणं सव्वं जाणइ।	He knows everything through Dharma.
लोए सव्वं हवे।	Everything is bound to the world.
पवित्तं सव्वं हवे।	All is purity.
अहिंसा हवे सव्वं।	Non-violence is everything.
पंचव्रतं जाणइ सव्वं।	The follower of the five vows knows everything.
मिच्छत्तं हवे सव्वं।	Wrong views dominate everything.
पंचव्रतं हवे सव्वं।	The five vows encompass everything.
धम्मं हवे सव्वं।	Dharma is everything.
सव्वं मिच्छत्तं हवे।	All is dominated by wrong views.
पवित्तं हवे सव्वं।	Purity is everything.
पंचमहाव्रतं हवे सव्वं।	The five great vows are everything.
लोए सव्वं जाणइ।	He knows everything in the world.
मिच्छत्तं सव्वं जाणइ।	He knows all wrong views.
सव्वं लोए हवे।	Everything is bound to the world.
मरणं जाणइ सव्वं।	He knows all death.
लोए पंचव्रतं हवे।	In the world, the five vows are everything.,
मरणं जाणइ सव्वं।	He knows all death.,
जीवणं अहिंसा।	Non-violence is the way of life.,
सव्वं जाणइ लोए।	He knows everything in the world.,
लोए सव्वं जाणइ मिच्छत्तं।	In the world, everything is dominated by wrong views.
मिच्छत्तं जाणइ सव्वं।	He knows all wrong views.,
सव्वं हवे पंचव्रतं।	The five vows encompass everything.,
धम्मे सव्वं जाणइ।	Through Dharma, he knows everything.,
जीवं जाणइ सव्वं।	He knows all life.,
पंचव्रतं हवे धम्मं।	The five vows are bound to Dharma.,
धम्मे पंचव्रती जाणइ।	In Dharma, the follower of the five vows knows everything.,
लोए अहिंसा मणुस्सत्तं।	In the world, non-violence is the greatest.,
सव्वं लोके मिच्छत्तं।	In the world, everything is wrong views.,
अण्णं मिच्छत्तं जाणइ।	He knows delusion alone.,
सव्वं पवित्तं जाणइ लोके।	He knows all purity in the world.,
धम्मं पंचव्रती हवे।	Dharma is where the follower of five vows resides.,
जीवं जाणइ अहिंसा।	He knows all life through non-violence.,
अहिंसा सव्वं मणुस्सत्तं।	Non-violence is the greatest human virtue.,
सव्वं जाणइ पंचव्रती।	The follower of five vows knows everything.,
अहिंसा धम्मे जाणइ।	Non-violence is known through Dharma.,
धम्मं मिच्छत्तं जाणइ।	He knows Dharma and wrong views.,
लोके पंचव्रती सव्वं जाणइ।	In the world, the follower of five vows knows everything.,
सव्वं हवे पंचव्रतं अहिंसा।	Non-violence is everything, through the five vows.,
अण्णं जाणइ सव्वं लोके।	He knows everything, alone in the world.,
सव्वं जाणइ मणुस्सत्तं।	He knows everything about the human state.,
धम्मे पंचमहाव्रती हवे।	In Dharma, the observer of the five great vows is present.,
जीवं मणुस्सत्तं जाणइ।	He knows the value of human life.,
लोए सव्वं जाणइ अहिंसा।	In the world, he knows all through non-violence.,
मणुस्सत्तं हवे सव्वं।	Human life is everything.,
सव्वं पंचव्रती हवे।	The follower of five vows knows everything.,
मिच्छत्तं लोके हवे सव्वं।	In the world, wrong views dominate everything.,
सव्वं हवे लोके पंचव्रतं।	In the world, the five vows encompass everything.,
अहिंसा जाणइ सव्वं पंचव्रतं।	He knows non-violence through the five vows.,
लोके सव्वं अहिंसा हवे।	In the world, non-violence is everything.,
धम्मेणं पंचव्रती जाणइ।	Through Dharma, the follower of five vows knows everything.,
सव्वं पंचमहाव्रती जाणइ।	The observer of the five great vows knows everything.,
लोए सव्वं हवे मणुस्सत्तं।	In the world, human life is everything.,
सव्वं लोके मिच्छत्तं जाणइ।	In the world, everything is dominated by wrong views.,
अण्णं सव्वं मणुस्सत्तं।	He knows everything in the human realm.,
लोए सव्वं अहिंसा जाणइ।	In the world, he knows everything through non-violence.,
धम्मं हवे सव्वं मिच्छत्तं।	Dharma is everything, and wrong views exist.,
सव्वं पंचमहाव्रती जाणइ लोके।	In the world, the observer of the five great vows knows everything.,
लोके अहिंसा हवे सव्वं।	In the world, non-violence is everything.,
अण्णं पंचव्रतं हवे सव्वं।	The five vows are everything in the world.,
लोके अहिंसा हवे पंचव्रतं।	In the world, non-violence and the five vows are everything.,
लोके पंचव्रतं जाणइ सव्वं।	He knows everything about the five vows in the world.,
सव्वं पंचमहाव्रती जाणइ धम्मेणं।	The observer of the five great vows knows everything through Dharma.,
सव्वं लोके पंचव्रतं।	The five vows encompass everything in the world.,
अहिंसा जाणइ सव्वं पंचव्रतं।	He knows non-violence and the five vows.,
धम्मं पंचमहाव्रती जाणइ लोके।	The observer of the five great vows knows everything through Dharma.,
लोके सव्वं अहिंसा पंचव्रतं।	In the world, non-violence and the five vows are everything.,
लोके सव्वं जाणइ पंचमहाव्रतं।	In the world, he knows everything through the five great vows.,
लोके अहिंसा सव्वं जाणइ।	In the world, non-violence encompasses everything.,
अण्णं पंचव्रतं सव्वं जाणइ।	He knows everything through the five vows.,
लोके पंचमहाव्रतं जाणइ सव्वं।	He knows everything about the five great vows in the world.,
सव्वं पंचव्रतं धम्मे जाणइ।	"The five vows are known through Dharma."""
अण्णं लोके पंचव्रतं जाणइ।	"In the world, he knows everything through the five vows."""
लोके पंचमहाव्रतं सव्वं जाणइ।	"He knows everything about the five great vows in the world."""
अण्णं पंचव्रतं धम्मे जाणइ।	He knows everything about the five vows
मिच्छत्तं सव्वं जाणइ।	He knows all wrong views.,
अहिंसा धम्मे जाणइ।	Non-violence is known through Dharma.,
जीवं जाणइ पंचव्रतं।	He knows life through the five vows.,
लोए अहिंसा सव्वं जाणइ।	In the world, non-violence is everything.,
सव्वं पंचव्रती जाणइ।	The follower of five vows knows everything.,
धम्मे पंचमहाव्रती हवे।	In Dharma, the observer of the five great vows resides.,
लोए पंचमहाव्रती जाणइ सव्वं।	In the world, the follower of five great vows knows everything.,
अण्णं पंचव्रतं जाणइ।	He knows everything through the five vows.,
लोके पंचव्रतं सव्वं जाणइ।	In the world, he knows everything about the five vows.,
जीवं पंचव्रतं जाणइ लोके।	He knows life and the five vows in the world.,
धम्मे पंचमहाव्रती जाणइ लोके।	The observer of five great vows knows everything in the world.,
सव्वं पंचमहाव्रती हवे धम्मे।	The observer of five great vows resides in Dharma.,
लोके पंचमहाव्रती जाणइ अहिंसा।	In the world, the observer of five great vows knows non-violence.,
लोए सव्वं जाणइ पंचव्रती।	In the world, the follower of five vows knows everything.,
अहिंसा सव्वं जाणइ पंचव्रतं।	Non-violence is everything through the five vows.,
लोके पंचमहाव्रती अहिंसा जाणइ।	In the world, the observer of five great vows knows non-violence.,
जीवं पंचव्रती जाणइ।	The follower of five vows knows life.,
धम्मे पंचमहाव्रती हवे सव्वं।	The observer of five great vows resides in all of Dharma.,
लोके सव्वं पंचमहाव्रती जाणइ।	In the world, the observer of five great vows knows everything.,
लोके अहिंसा पंचव्रतं जाणइ।	In the world, non-violence and the five vows are known.,
धम्मे पंचमहाव्रतं जाणइ सव्वं।	Through Dharma, everything about the five great vows is known.,
लोए सव्वं पंचव्रती जाणइ।	In the world, the follower of five vows knows everything.,
जीवं पंचव्रती सव्वं जाणइ।	The follower of five vows knows all life.,
लोके पंचमहाव्रती अहिंसा जाणइ।	In the world, the observer of five great vows knows non-violence.,
अहिंसा पंचव्रती सव्वं जाणइ।	The follower of five vows knows all non-violence.,
कम्मं पुण्णं जाणइ।	He knows good karma.,
असणं भवित्तं जाणइ।	He knows what is to be eaten.,
विज्जा सब्बं जाणइ।	He knows all knowledge.,
धम्मे सव्वं मेत्तं जाणइ।	He knows all loving-kindness in Dharma.,
जीवं पवत्तं जाणइ।	He knows the flow of life.,
सत्थं अविरुद्धं जाणइ।	He knows the unopposed weapon.,
सव्वं लोके परं जाणइ।	He knows the other in all worlds.,
जीवं मुणी जाणइ।	The sage knows life.,
विसेसं अणु जाणइ।	He knows the subtlety of difference.,
वाग्दंडं सव्वं जाणइ।	He knows all restraint in speech.,
महत्तं पज्जस्स जाणइ।	He knows the greatness of glory.,
असव्वं अपवत्तं जाणइ।	He knows non-existence and non-activity.,
धम्मे अप्पणं जाणइ।	He knows the soul in Dharma.,
लोए अविरुद्धं जाणइ।	He knows the non-opposed in the world.,
कप्पं संखणं जाणइ।	He knows the eon and its count.,
माणवं सव्वं जाणइ।	He knows all human beings.,
विज्जा परं जाणइ।	He knows the highest knowledge.,
महत्तं सव्वं जाणइ।	He knows all greatness.,
सत्थं अहिंसा जाणइ।	He knows the weapon of non-violence.,
धम्मे परमं जाणइ।	He knows the supreme in Dharma.,
लोए अविरुद्धं धम्मं जाणइ।	He knows the non-opposed Dharma in the world.,
सव्वं अहिंसा जाणइ।	He knows all non-violence.,
जीवं महत्तं जाणइ।	He knows the greatness of life.,
सव्वं विज्जा जाणइ।	He knows all knowledge.,
विज्जा परमं जाणइ।	He knows the highest knowledge.,
धम्मे सव्वं लोके जाणइ।	He knows all Dharma in the world.,
सव्वं कम्मं जाणइ।	He knows all karma.,
विज्जा परमं परं जाणइ।	He knows the ultimate supreme knowledge.,
लोए सव्वं विज्जा जाणइ।	He knows all knowledge in the world.,
धम्मे अविरुद्धं जाणइ।	He knows the non-opposed in Dharma.,
सव्वं परमं लोके जाणइ।	He knows the ultimate in the world.,
जीवं सव्वं धम्मे जाणइ।	He knows all life in Dharma.,
सव्वं अहिंसा धम्मं जाणइ।	He knows all non-violence in Dharma.,
लोके विज्जा सव्वं जाणइ।	He knows all knowledge in the world.,
सव्वं कम्मं परं जाणइ।	He knows the ultimate karma.,
धम्मे अहिंसा विज्जा जाणइ।	He knows non-violence and knowledge in Dharma.,
सव्वं विज्जा धम्मं जाणइ।	He knows all knowledge in Dharma.,
अविरुद्धं विज्जा जाणइ।	He knows the unopposed knowledge.,
जीवं सव्वं अहिंसा जाणइ।	He knows all life through non-violence.,
सव्वं विज्जा धम्मे जाणइ।	He knows all knowledge in Dharma.,
लोए महत्तं विज्जा जाणइ।	He knows the greatness of knowledge in the world.,
विज्जा सव्वं महत्तं जाणइ।	He knows all greatness of knowledge.,
धम्मे सव्वं माणवं जाणइ।	He knows all humanity in Dharma.,
सव्वं विज्जा परं जाणइ।	He knows the supreme in all knowledge.,
लोए विज्जा अहिंसा जाणइ।	He knows non-violence in all knowledge in the world.
कम्मं पुण्णं जाणइ।	He knows good karma.,
असणं भवित्तं जाणइ।	He knows what is to be eaten.,
विज्जा सब्बं जाणइ।	He knows all knowledge.,
धम्मे सव्वं मेत्तं जाणइ।	He knows all loving-kindness in Dharma.,
जीवं पवत्तं जाणइ।	He knows the flow of life.,
सत्थं अविरुद्धं जाणइ।	He knows the unopposed weapon.,
लोए पंचव्रतं सव्वं जाणइ।	In the world, he knows everything about the five vows.,
जीवं पंचव्रतं जाणइ लोके।	He knows life and the five vows in the world.,
धम्मे पंचमहाव्रती जाणइ लोके।	The observer of five great vows knows everything in the world.,
सव्वं पंचमहाव्रती हवे धम्मे।	The observer of five great vows resides in Dharma.,
लोके पंचमहाव्रती जाणइ अहिंसा।	In the world, the observer of five great vows knows non-violence.,
लोए सव्वं जाणइ पंचव्रती।	In the world, the follower of five vows knows everything.,
अहिंसा सव्वं जाणइ पंचव्रतं।	Non-violence is everything through the five vows.,
लोके पंचमहाव्रती अहिंसा जाणइ।	In the world, the observer of five great vows knows non-violence.,
जीवं पंचव्रती जाणइ।	The follower of five vows knows life.,
धम्मे पंचमहाव्रती हवे सव्वं।	The observer of five great vows resides in all of Dharma.,
लोके सव्वं पंचमहाव्रती जाणइ।	In the world, the observer of five great vows knows everything.,
लोके अहिंसा पंचव्रतं जाणइ।	In the world, non-violence and the five vows are known.,
धम्मे पंचमहाव्रतं जाणइ सव्वं।	Through Dharma, everything about the five great vows is known.,
लोए सव्वं पंचव्रती जाणइ।	In the world, the follower of five vows knows everything.,
जीवं पंचव्रती सव्वं जाणइ।	The follower of five vows knows all life.,
लोके पंचमहाव्रती अहिंसा जाणइ।	In the world, the observer of five great vows knows non-violence.,
अहिंसा पंचव्रती सव्वं जाणइ।	The follower of five vows knows all non-violence.,
लोए पंचमहाव्रती धम्मं जाणइ।	In the world, the observer of five great vows knows Dharma.,
सव्वं पंचव्रतं हवे लोके।	The five vows are everything in the world.,
जीवं अहिंसा पंचव्रतं जाणइ।	He knows life, non-violence, and the five vows.,
लोके पंचमहाव्रतं धम्मं जाणइ।	In the world, the observer of five great vows knows Dharma.,
धम्मे पंचव्रती सव्वं जाणइ।	The follower of five vows knows everything through Dharma.,
कम्मं पुण्णं जाणइ।	He knows good karma.,
असणं भवित्तं जाणइ।	He knows what is to be eaten.,
विज्जा सब्बं जाणइ।	He knows all knowledge.,
धम्मे सव्वं मेत्तं जाणइ।	He knows all loving-kindness in Dharma.,
जीवं पवत्तं जाणइ।	He knows the flow of life.,
सत्थं अविरुद्धं जाणइ।	He knows the unopposed weapon.,
लोए पंचव्रतं सव्वं जाणइ।	In the world, he knows everything about the five vows.,
जीवं पंचव्रतं जाणइ लोके।	He knows life and the five vows in the world.,
धम्मे पंचमहाव्रती जाणइ लोके।	The observer of five great vows knows everything in the world.,
सव्वं पंचमहाव्रती हवे धम्मे।	The observer of five great vows resides in Dharma.,
लोके पंचमहाव्रती जाणइ अहिंसा।	In the world, the observer of five great vows knows non-violence.,
लोए सव्वं जाणइ पंचव्रती।	In the world, the follower of five vows knows everything.,
अहिंसा सव्वं जाणइ पंचव्रतं।	Non-violence is everything through the five vows.,
लोके पंचमहाव्रती अहिंसा जाणइ।	In the world, the observer of five great vows knows non-violence.,
जीवं पंचव्रती जाणइ।	The follower of five vows knows life.,
धम्मे पंचमहाव्रती हवे सव्वं।	The observer of five great vows resides in all of Dharma.,
लोके सव्वं पंचमहाव्रती जाणइ।	In the world, the observer of five great vows knows everything.,
लोके अहिंसा पंचव्रतं जाणइ।	In the world, non-violence and the five vows are known.,
धम्मे पंचमहाव्रतं जाणइ सव्वं।	Through Dharma, everything about the five great vows is known.,
लोए सव्वं पंचव्रती जाणइ।	In the world, the follower of five vows knows everything.,
जीवं पंचव्रती सव्वं जाणइ।	The follower of five vows knows all life.,
लोके पंचमहाव्रती अहिंसा जाणइ।	In the world, the observer of five great vows knows non-violence.,
अहिंसा पंचव्रती सव्वं जाणइ।	The follower of five vows knows all non-violence.,
लोए पंचमहाव्रती धम्मं जाणइ।	In the world, the observer of five great vows knows Dharma.,
सव्वं पंचव्रतं हवे लोके।	The five vows are everything in the world.,
जीवं अहिंसा पंचव्रतं जाणइ।	He knows life, non-violence, and the five vows.,
लोके पंचमहाव्रतं धम्मं जाणइ।	In the world, the observer of five great vows knows Dharma.,
धम्मे पंचव्रती सव्वं जाणइ।	The follower of five vows knows everything through Dharma.,
लोके पंचमहाव्रती जाणइ धम्मं।	In the world, the observer of five great vows knows Dharma.,
अहिंसा पंचव्रती जाणइ धम्मं।	The follower of five vows knows non-violence through Dharma.,
जीवं अहिंसा जाणइ पंचमहाव्रतं।	He knows life and non-violence through the five great vows.,
लोके पंचमहाव्रती जाणइ सव्वं।	In the world, the observer of five great vows knows everything.,
सव्वं धम्मे पंचमहाव्रतं जाणइ।	Everything is known in Dharma through the five great vows.,
लोए पंचमहाव्रती धम्मं जाणइ।	In the world, the observer of five great vows knows Dharma.,
जीवं सव्वं जाणइ पंचव्रतं।	He knows all life through the five vows.,
धम्मे पंचमहाव्रती जाणइ सव्वं।	The observer of five great vows knows everything through Dharma.,
लोए सव्वं जाणइ पंचव्रतं।	In the world, everything is known through the five vows.,
अहिंसा पंचव्रती जाणइ धम्मं।	The follower of five vows knows non-violence in Dharma.,
धम्मे पंचमहाव्रतं जाणइ सव्वं।	Everything is known through the five great vows in Dharma.,
लोए पंचव्रती धम्मं जाणइ।	In the world, the follower of five vows knows Dharma.,
जीवं अहिंसा पंचमहाव्रतं जाणइ।	He knows life and non-violence through the five great vows.,
धम्मे पंचमहाव्रती जाणइ सव्वं।	The observer of five great vows knows everything in Dharma.,
अम्हे सव्वे मणुस्सा समाणा, किं तु अम्हाणं कम्माइं विविहाइं।	We are all equal as human beings, but our actions are diverse.,
जीवणे बहुइं दुक्खाइं होंति, परं सुक्खस्स अणुहवो वि होइ।	Life has many sorrows, but there are also experiences of happiness.,
पयडी अम्हाणं माया, तीए रक्खणं कायव्वं सदा।	Nature is our mother, and we must always protect her.,
विज्जा धणं सव्वुत्तमं, जं कयावि ण णस्सइ।	Knowledge is the supreme wealth that can never be lost.,
जेण जेण संजोएण जं जं कम्मं समारद्धं, तं तं पावेइ णियमा।	Whatever action is begun with whatever intention, it surely bears that fruit.,
अहिंसा परमो धम्मो, तस्स पालणं कायव्वं सव्वेहिं।	Non-violence is the supreme dharma, it should be practiced by all.,
सव्वेसिं जीवाणं रक्खणं कायव्वं, ण केवलं मणुस्साणं।	Protection should be given to all living beings, not just humans.,
णाणं च कम्मं च दोण्णि वि महत्तराइं, एएहिं विणा जीवणं णिरत्थयं।	Both knowledge and action are important, life is meaningless without them.,
सव्वे जणा सुहिणो होंतु, सव्वे संतु णिरामया।	May all people be happy, may all be free from illness.,
जहा बीयं तहा फलं, जहा कम्मं तहा फलं।	As the seed, so the fruit; as the action, so the result.,
दाणं देंतो वि लहेइ, परोवयारो परमं सुहं।	One who gives also receives, helping others is the highest happiness.,
सव्वं अणिच्चं, परं णाणं णिच्चं।	Everything is impermanent, but knowledge is eternal.,
जीवणस्स सारो मित्तया, धणेण विणा वि जीविदुं सक्कं।	Friendship is the essence of life, one can live without wealth.,
कोहो दुक्खस्स मूलं, खमा सुहस्स कारणं।	Anger is the root of sorrow, forgiveness is the cause of happiness.,
सव्वं लोयं वसुहा कुडुंबयं, परस्परं रक्खणं कायव्वं।	The whole world is one family, we should protect each other.,
जं किंचि करेमो, तं सव्वं पयडीए अणुकूलं होउ।	Whatever we do, may it all be in harmony with nature.,
सव्वेसिं सुहं इच्छामो, तेण अम्हे वि सुहिणो होमो।	We wish happiness for all, thus we too become happy.,
जीवणं अच्चंतं चंचलं, तेण सदा सच्चं आयरियव्वं।	Life is extremely uncertain, therefore always practice truth.,
जहिं सच्चं तहिं धम्मो, जहिं धम्मो तहिं जओ।	Where there is truth, there is dharma; where there is dharma, there is victory.,
जं किंचि दिस्सइ तं णस्सइ, जं ण दिस्सइ तं सस्सयं।	Whatever is seen perishes, what is unseen is eternal.,
सव्वं दुक्खं सहियव्वं, सव्वं सुक्खं पत्थियव्वं।	All sorrow should be endured, all happiness should be wished for.,
जो सयं पडइ सो सयं उट्ठेइ, परस्स सहाओ ण अपेक्खियव्वो।	One who falls by oneself gets up by oneself, one shouldn't expect help from others.,
जहा चित्तं तहा वाया, जहा वाया तहा किया।	As the mind, so the speech; as the speech, so the action.,
सव्वेसु भूएसु दया कायव्वा, एसो धम्मो सणंतणो।	Compassion should be shown to all beings, this is the eternal dharma.,
जं मणे तं वाए, जं वाए तं कम्मे।	What's in the mind should be in speech, what's in speech should be in action.,
सव्वे जणा सुहिणो होंतु, सव्वे संतु णिरामया।	May all people be happy, may all be free from illness.,
जेण जेण विहीणा तं तं इच्छंति मणुया।	Whatever people lack, that they desire.,
अप्पाणं णिंदसु मा परं, एसो मग्गो विसुद्धीए।	Criticize yourself, not others; this is the path to purity.,
जो धम्मं रक्खइ सो धम्मेण रक्खिज्जइ।	One who protects dharma is protected by dharma.,
सव्वं परवसं दुक्खं, सव्वं अत्तवसं सुहं।	Everything dependent on others is sorrow, everything under one's control is happiness.,
जहा बीयं वुत्तं तहा फलं लब्भइ।	As the seed is sown, so is the fruit obtained.,
सच्चं अमया वाणी, अलियं विसमया वाणी।	Truth is nectar-like speech, falsehood is poison-like speech.,
सव्वेसिं मित्ताइं होंतु, वेराइं केणइ ण होंतु।	May all have friends, may no one have enemies.,
सव्वे जणा सुहिणो होंतु, दुक्खिणो मा होंतु केइ।	May all people be happy, may no one be sorrowful.,
सव्वेसिं कल्लाणं भवतु, सव्वेसिं स्वस्ति भवतु।	May there be well-being for all, may there be prosperity for all.,
जो धम्मं पालेइ सो रक्खिज्जइ।	One who observes dharma is protected.,
जं किंचि करेसि तं सव्वं पेम्मेण कुणसु, एसो जीवणस्स सारो।	Whatever you do, do it all with love; this is the essence of life.,
सव्वेसिं जीवाणं रक्खणं कायव्वं, एसो परमो धम्मो।	Protection of all living beings should be done; this is the highest dharma.,
अप्पसुएण बहुं जाणइ, बहुसुएण अप्पं जाणइ।	With little learning one knows much, with much learning one knows little.,
जो अप्पाणं जिणइ सो सव्वं जिणइ, एसो परमो विजओ।	One who conquers oneself conquers all; this is the supreme victory.,
सव्वं दुक्खं सहियव्वं, सव्वं सुक्खं वंदियव्वं।	All sorrow should be endured, all happiness should be welcomed.,
जहिं सच्चं तहिं धम्मो, जहिं धम्मो तहिं सच्चं।	Where there is truth, there is dharma; where there is dharma, there is truth.,
सव्वेसिं मित्तत्तं इच्छामो, केणइ सह वेरं ण कुणमो।	We desire friendship with all, we make enmity with none.,
जं मणे तं वाए, जं वाए तं कम्मे, एसो सुजणाणं गुणो।	What's in mind should be in speech, what's in speech should be in action; this is the virtue of good people.,
सव्वं लोयं वसुहा कुडुंबयं, परस्परं पेम्मं कायव्वं।	The whole world is one family, mutual love should be practiced.,
जो पयडीए मित्तं सो मणुस्साणं मित्तं, एसो सच्चो पयडीवाओ।	One who is a friend of nature is a friend of humans; this is true environmentalism.,
सव्वेसिं सुहं इच्छंतो सयं सुहं लहइ, एसो कम्मस्स णियमो।	One who wishes happiness for all attains happiness oneself; this is the law of karma.,
जं किंचि दिस्सइ तं णस्सइ, जं ण दिस्सइ तं सस्सयं।	Whatever is seen perishes, what is unseen is eternal.,
सव्वेसु भूएसु दया कायव्वा, एसो धम्मो सणंतणो।	Compassion should be shown to all beings; this is the eternal dharma.,
जहा बीयं तहा रुक्खो, जहा रुक्खो तहा फलं।	As the seed, so the tree; as the tree, so the fruit.,
सव्वं अणिच्चं, परं णाणं णिच्चं, एसो परमो सिद्धंतो।	Everything is impermanent, but knowledge is eternal; this is the supreme principle.,
जो सयं पडइ सो सयं उट्ठेइ, परोवयारं मा अपेक्खसु।	One who falls by oneself rises by oneself; don't expect help from others.,
जेण जेण संजोएण जं जं कम्मं समारद्धं, तं तं पावेइ णियमा।	Whatever action is begun with whatever intention, it surely bears that fruit.,
सव्वं परवसं दुक्खं, सव्वं अत्तवसं सुहं, एसो जीवणस्स सारो।	Everything dependent on others is sorrow, everything under one's control is happiness; this is the essence of life.,
जो धम्मं रक्खइ सो धम्मेण रक्खिज्जइ, एसो धम्मस्स महिमा।	One who protects dharma is protected by dharma; this is the glory of dharma.,
सच्चं अमया वाणी, अलियं विसमया वाणी, सच्चमेव जयइ।	Truth is nectar-like speech, falsehood is poison-like speech; truth alone triumphs.,
जं मणे तं वाए, जं वाए तं कम्मे, एसो उत्तमो आयारो।	What's in mind should be in speech, what's in speech should be in action; this is the best conduct.,
सव्वेसिं मित्ताइं होंतु, वेराइं केणइ ण होंतु, एसो मंगलवाओ।	May all have friends, may no one have enemies; this is an auspicious saying.,
सव्वे जणा सुहिणो होंतु, दुक्खिणो मा होंतु केइ, एसो करुणाभावो।	May all people be happy, may no one be sorrowful; this is the feeling of compassion.,
सव्वेसिं कल्लाणं भवतु, सव्वेसिं स्वस्ति भवतु, एसो सव्वहियत्थो।	May there be well-being for all, may there be prosperity for all; this is for the benefit of all.,
जो धम्मं पालेइ सो रक्खिज्जइ, एसो धम्मस्स फलं।	One who observes dharma is protected; this is the fruit of dharma.,
जो अप्पाणं विणेइ सो लोयं विणेइ, एसो णाणस्स सारो।	One who disciplines oneself disciplines the world; this is the essence of wisdom.,
सव्वं जगं मित्तं मे, ण कोइ सत्तू मे अत्थि।	The whole world is my friend, I have no enemies.,
जहा कम्मं तहा फलं, एसो कम्मस्स सिद्धंतो।	As the action, so the result; this is the principle of karma.,
सव्वेसिं जीवाणं रक्खणं कायव्वं, एसो परमो धम्मो।	Protection of all living beings should be done; this is the highest dharma.,
जं किंचि करेमो, तं सव्वं पयडीए अणुकूलं होउ।	Whatever we do, may it all be in harmony with nature.,
सव्वेसिं सुहं इच्छामो, तेण अम्हे वि सुहिणो होमो।	We wish happiness for all, thus we too become happy.,
जीवणं अच्चंतं चंचलं, तेण सदा सच्चं आयरियव्वं।	Life is extremely uncertain, therefore always practice truth.,
जहिं सच्चं तहिं धम्मो, जहिं धम्मो तहिं जओ।	Where there is truth, there is dharma; where there is dharma, there is victory.,
जं किंचि दिस्सइ तं णस्सइ, जं ण दिस्सइ तं सस्सयं।	Whatever is seen perishes, what is unseen is eternal.,
सव्वं दुक्खं सहियव्वं, सव्वं सुक्खं पत्थियव्वं।	All sorrow should be endured, all happiness should be wished for.,
जो सयं पडइ सो सयं उट्ठेइ, परस्स सहाओ ण अपेक्खियव्वो।	One who falls by oneself gets up by oneself, one shouldn't expect help from others.,
जहा चित्तं तहा वाया, जहा वाया तहा किया।	As the mind, so the speech; as the speech, so the action.
सच्चं बोल्लह, मा अलियं वयह।	Speak the truth, do not lie.,
जहा बीयं तहा फलं।	As the seed, so the fruit.,
सव्वेसिं मित्तो होहि, केणावि सह वेरं मा कुणसु।	Be a friend to all, make enemy of none.,
अप्पाणं जाणह, लोयं जाणह।	Know thyself, know the world.,
खमा वीरस्स भूसणं।	Forgiveness is the ornament of the brave.,
पयडीए रक्खणं कुणह।	Protect nature.,
अहिंसा परमो धम्मो।	Non-violence is the supreme dharma.,
अप्पं भणाहि, बहुं सुणाहि।	Speak little, listen much.,
जहा चिंता तहा वाया।	As the thought, so the speech.,
सव्वं दुक्खं सहियव्वं।	All sorrow should be endured.,
णाणं परमं बलं।	Knowledge is supreme strength.,
कम्मं चेव कारणं।	Action alone is the cause.,
सव्वे जणा सुहिणो होंतु।	May all people be happy.,
सच्चमेव जयइ।	Truth alone triumphs.,
अप्पाणं णिंदसु मा परं।	Criticize yourself, not others.,
सव्वं अणिच्चं, णाणं णिच्चं।	Everything is impermanent, knowledge is permanent.,
जहा मणो तहा वाणी।	As the mind, so the speech.,
सव्वेसिं मित्ताइं होंतु।	May all have friends.,
पेम्मेण सव्वं जयइ।	Love conquers all.,
अप्पसंतोसो महादोसो।	Discontent is a great fault.,
सव्वं परवसं दुक्खं।	All dependence is sorrow.,
जो धम्मं रक्खइ सो रक्खिज्जइ।	One who protects dharma is protected.,
सुहस्स मूलं संतोसो।	Contentment is the root of happiness.,
जहा रूवं तहा गुणो।	As the form, so the quality.,
अप्पाणं जिणह।	Conquer yourself.,
पयडी अम्हाणं माया।	Nature is our mother.,
विज्जा धणं सव्वुत्तमं।	Knowledge is the supreme wealth.,
जेण संतोसो तेण धणं।	One who is content is wealthy.,
सव्वेसु भूएसु दया कायव्वा।	Compassion should be shown to all beings.,
जहा कम्मं तहा फलं।	As the action, so the result.,
जो अप्पाणं जिणइ सो सव्वं जिणइ।	One who conquers oneself conquers all.,
सव्वं लोयं वसुहा कुडुंबयं।	The whole world is one family.,
जं मणे तं वाए।	What's in mind should be in speech.,
सव्वेसिं सुहं इच्छामो।	We wish happiness for all.,
जो पयडीए मित्तं सो मणुस्साणं मित्तं।	Friend of nature is friend of humans.,
सव्वं अणिच्चं, परं णाणं णिच्चं।	Everything is impermanent, but knowledge is eternal.,
जीवणं अच्चंतं चंचलं।	Life is extremely uncertain.,
सव्वेसिं जीवाणं रक्खणं कायव्वं।	Protection of all living beings should be done.,
जहा बीयं वुत्तं तहा फलं लब्भइ।	As the seed is sown, so is the fruit obtained.,
सच्चं अमया वाणी।	Truth is nectar-like speech.,
सव्वेसिं मित्ताइं होंतु, वेराइं केणइ ण होंतु।	May all have friends, may no one have enemies.,
सच्चं बोल्लह, मा अलियं वयह।	Speak the truth, do not lie.,
जहा बीयं तहा फलं।	As the seed, so the fruit.,
सव्वेसिं मित्तो होहि, केणावि सह वेरं मा कुणसु।	Be a friend to all, make enemy of none.,
अप्पाणं जाणह, लोयं जाणह।	Know thyself, know the world.,
खमा वीरस्स भूसणं।	Forgiveness is the ornament of the brave.,
पयडीए रक्खणं कुणह।	Protect nature.,
अहिंसा परमो धम्मो।	Non-violence is the supreme dharma.,
अप्पं भणाहि, बहुं सुणाहि।	Speak little, listen much.,
जहा चिंता तहा वाया।	As the thought, so the speech.,
सव्वं दुक्खं सहियव्वं।	All sorrow should be endured.,
णाणं परमं बलं।	Knowledge is supreme strength.,
कम्मं चेव कारणं।	Action alone is the cause.,
सव्वे जणा सुहिणो होंतु।	May all people be happy.,
सच्चमेव जयइ।	Truth alone triumphs.,
अप्पाणं णिंदसु मा परं।	Criticize yourself, not others.,
सव्वं अणिच्चं, णाणं णिच्चं।	Everything is impermanent, knowledge is permanent.,
जहा मणो तहा वाणी।	As the mind, so the speech.,
सव्वेसिं मित्ताइं होंतु।	May all have friends.,
पेम्मेण सव्वं जयइ।	Love conquers all.,
अप्पसंतोसो महादोसो।	Discontent is a great fault.,
सव्वं परवसं दुक्खं।	All dependence is sorrow.,
जो धम्मं रक्खइ सो रक्खिज्जइ।	One who protects dharma is protected.,
सुहस्स मूलं संतोसो।	Contentment is the root of happiness.,
जहा रूवं तहा गुणो।	As the form, so the quality.,
अप्पाणं जिणह।	Conquer yourself.,
पयडी अम्हाणं माया।	Nature is our mother.,
विज्जा धणं सव्वुत्तमं।	Knowledge is the supreme wealth.,
जेण संतोसो तेण धणं।	One who is content is wealthy.,
सव्वेसु भूएसु दया कायव्वा।	Compassion should be shown to all beings.,
जहा कम्मं तहा फलं।	As the action, so the result.,
जो अप्पाणं जिणइ सो सव्वं जिणइ।	One who conquers oneself conquers all.,
सव्वं लोयं वसुहा कुडुंबयं।	The whole world is one family.,
जं मणे तं वाए।	What's in mind should be in speech.,
सव्वेसिं सुहं इच्छामो।	We wish happiness for all.,
जो पयडीए मित्तं सो मणुस्साणं मित्तं।	Friend of nature is friend of humans.,
सव्वं अणिच्चं, परं णाणं णिच्चं।	Everything is impermanent, but knowledge is eternal.,
जीवणं अच्चंतं चंचलं।	Life is extremely uncertain.,
सव्वेसिं जीवाणं रक्खणं कायव्वं।	Protection of all living beings should be done.,
जहा बीयं वुत्तं तहा फलं लब्भइ।	As the seed is sown, so is the fruit obtained.,
सच्चं अमया वाणी।	Truth is nectar-like speech.,
सव्वेसिं मित्ताइं होंतु, वेराइं केणइ ण होंतु।	May all have friends, may no one have enemies.,
अप्पसुएण बहुं जाणइ।	With little learning, one knows much.,
जो सयं पडइ सो सयं उट्ठेइ।	One who falls by oneself rises by oneself.,
जहा चित्तं तहा वाया।	As the mind, so the speech.,
जेण जेण विहीणा तं तं इच्छंति।	Whatever people lack, that they desire.,
जो धम्मं पालेइ सो रक्खिज्जइ।	One who observes dharma is protected.,
जो अप्पाणं विणेइ सो लोयं विणेइ।	One who disciplines oneself disciplines the world.,
सव्वं जगं मित्तं मे।	The whole world is my friend.,
जहिं सच्चं तहिं धम्मो।	Where there is truth, there is dharma.,
जं किंचि दिस्सइ तं णस्सइ।	Whatever is seen perishes.,
जो सच्चं रक्खइ तं सच्चं रक्खइ।	One who protects truth is protected by truth.,
सव्वेसिं दुक्खाणं खया होंतु।	May all sorrows be destroyed.,
जहिं पेम्मं तहिं धम्मो।	Where there is love, there is dharma.,
अप्पाणं उज्जोएहि।	Illuminate yourself.,
जेण संतुट्ठो तेण धणवंतो।	One who is satisfied is wealthy.,
सव्वेसिं सुहाइं वड्ढंतु।	May the happiness of all increase.,
जो मित्तं रक्खइ सो अप्पाणं रक्खइ।	One who protects a friend protects oneself.,
पयडीए सेवा मणुस्सस्स सेवा।	Service to nature is service to humanity.,
जहिं दया तहिं धम्मो।	Where there is compassion, there is dharma.,
अप्पाणं सोहेहि।	Purify yourself.,
जो विज्जं रक्खइ सो धम्मं रक्खइ।	One who protects knowledge protects dharma.,
सव्वेसिं सुक्खाइं वड्ढंतु।	May the joys of all increase.,
जहिं सच्चं तहिं जओ।	Where there is truth, there is victory.,
अप्पाणं परिच्चयह।	Sacrifice yourself.,
जो सेवइ सो सेविज्जइ।	One who serves is served.,
सव्वेसिं मंगलं होउ।	May there be auspiciousness for all.,
जहिं णाणं तहिं मोक्खो।	Where there is knowledge, there is liberation.,
अप्पाणं समाहिं कुणह।	Meditate on yourself.,
जो दयं करेइ सो दयं लहेइ।	One who shows mercy receives mercy.,
सव्वेसिं विज्जा वड्ढउ।	May the knowledge of all increase.,
जहिं धम्मो तहिं सुक्खं।	Where there is dharma, there is happiness.,
अप्पाणं णिग्गहं कुणह।	Control yourself.,
जो सच्चं वयइ सो सच्चं लहेइ।	One who speaks truth finds truth.,
सव्वेसिं बुद्धी वड्ढउ।	May the wisdom of all increase.,
अप्पाणं उद्धरह।	Uplift yourself.,
जो सेवइ सो सुहं लहेइ।	One who serves attains happiness.,
सव्वेसिं सद्धा वड्ढउ।	May the faith of all increase.,
जहिं सच्चं तहिं सुक्खं।	Where there is truth, there is happiness.,
अप्पाणं जागरह।	Awaken yourself.,
सव्वेसिं वीरिया वड्ढउ।	May the energy of all increase.,
जहिं धम्मो तहिं जओ।	Where there is dharma, there is victory.,
अप्पाणं समं कुणह।	Equalize yourself.,
जो खमइ सो जयइ।	One who forgives wins.,
सव्वेसिं सती वड्ढउ।	May the mindfulness of all increase.,
अप्पाणं मुंचह।	Free yourself.,
जो सिक्खइ सो जाणइ।	One who learns knows.,
सव्वेसिं समाही वड्ढउ।	May the concentration of all increase.,
जहिं करुणा तहिं धम्मो।	Where there is compassion, there is dharma.,
अप्पाणं बोहेहि।	Enlighten yourself.,
जो सेवइ सो सेविज्जइ।	One who serves is served.,
सव्वेसिं पञ्ञा वड्ढउ।	May the wisdom of all increase.,
जहिं सच्चं तहिं बलं।	Where there is truth, there is strength.,
अप्पाणं णिब्बुयं कुणह।	Make yourself peaceful.,
जो मित्तं लहेइ सो धणं लहेइ।	One who finds a friend finds wealth.,
सव्वेसिं खंती वड्ढउ।	May the patience of all increase.,
जहिं धम्मो तहिं सच्चं।	Where there is dharma, there is truth.,
अप्पाणं सुद्धं कुणह।	Purify yourself.,
जो सेवइ सो सिक्खइ।	One who serves learns.,
सव्वेसिं मेत्ती वड्ढउ।	May the friendliness of all increase.,
जहिं पेम्मं तहिं सच्चं।	Where there is love, there is truth.,
जो दयं करेइ सो सुहं लहेइ।	One who shows compassion attains happiness.,
सव्वेसिं करुणा वड्ढउ।	May the compassion of all increase.,
सच्चं बोल्लह, मा अलियं वयह।	Speak the truth, do not lie.,
जहा बीयं तहा फलं।	As the seed, so the fruit.,
सव्वेसिं मित्तो होहि, केणावि सह वेरं मा कुणसु।	Be a friend to all, make enemy of none.,
अप्पाणं जाणह, लोयं जाणह।	Know thyself, know the world.,
खमा वीरस्स भूसणं।	Forgiveness is the ornament of the brave.,
पयडीए रक्खणं कुणह।	Protect nature.,
अहिंसा परमो धम्मो।	Non-violence is the supreme dharma.,
अप्पं भणाहि, बहुं सुणाहि।	Speak little, listen much.,
जहा चिंता तहा वाया, जहा वाया तहा किरिया।	As the thought, so the speech; as the speech, so the action.,
सव्वं दुक्खं सहियव्वं, सव्वं सुक्खं पत्थियव्वं।	All sorrow should be endured, all happiness should be wished for.,
णाणं परमं बलं, अण्णाणं परमं दुब्बलत्तं।	Knowledge is supreme strength, ignorance is supreme weakness.,
कम्मं चेव कारणं, फलं तस्स अणुरूवं।	Action alone is the cause, the fruit is according to it.,
सव्वे जणा सुहिणो होंतु, दुक्खिणो मा होंतु केइ।	May all people be happy, may no one be sorrowful.,
सच्चमेव जयइ णाणृतं, सच्चेण पंथो विततो देवयाणः।	Truth alone triumphs, not falsehood; by truth the divine path is spread.,
अप्पाणं णिंदसु मा परं, एसो मग्गो विसुद्धीए।	Criticize yourself, not others; this is the path to purity.,
सव्वं अणिच्चं, णाणं णिच्चं, एसो परमो सिद्धंतो।	Everything is impermanent, knowledge is permanent; this is the supreme principle.,
जहा मणो तहा वाणी, जहा वाणी तहा करणं।	As the mind, so the speech; as the speech, so the action.,
सव्वेसिं मित्ताइं होंतु, वेराइं केणइ ण होंतु।	May all have friends, may no one have enemies.,
पेम्मेण सव्वं जयइ, दोसेण सव्वं णस्सइ।	Love conquers all, hatred destroys all.,
अप्पसंतोसो महादोसो, संतोसो परमं सुहं।	Discontent is a great fault, contentment is the highest happiness.,
सव्वं परवसं दुक्खं, सव्वं अत्तवसं सुहं।	All dependence is sorrow, all self-control is happiness.,
जो धम्मं रक्खइ सो रक्खिज्जइ, एसो धम्मस्स महिमा।	One who protects dharma is protected; this is the glory of dharma.,
सुहस्स मूलं संतोसो, दुक्खस्स मूलं लोभो।	Contentment is the root of happiness, greed is the root of sorrow.,
जहा रूवं तहा गुणो, जहा गुणो तहा फलं।	As the form, so the quality; as the quality, so the fruit.,
सव्वेसिं संति होउ, सव्वेसिं सुहं होउ।	May there be peace for all, may there be happiness for all.,
अप्पाणं जिणह, तेण सव्वं जिणिस्ससि।	Conquer yourself, by that you will conquer all.,
पयडी अम्हाणं माया, तीए रक्खणं कायव्वं सदा।	Nature is our mother, we must always protect her.,
विज्जा धणं सव्वुत्तमं, जं कयावि ण णस्सइ।	Knowledge is the supreme wealth that can never be lost.,
जेण संतोसो तेण धणं, असंतुट्ठो सया दलिद्दो।	One who is content is wealthy, the discontented is always poor.,
सव्वेसु भूएसु दया कायव्वा, एसो धम्मो सणंतणो।	Compassion should be shown to all beings; this is the eternal dharma.,
जहा कम्मं तहा फलं, एसो कम्मस्स सिद्धंतो।	As the action, so the result; this is the principle of karma.,
जो अप्पाणं जिणइ सो सव्वं जिणइ, एसो परमो विजओ।	One who conquers oneself conquers all; this is the supreme victory.,
सव्वं लोयं वसुहा कुडुंबयं, परस्परं रक्खणं कायव्वं।	The whole world is one family; we should protect each other.,
जं मणे तं वाए, जं वाए तं कम्मे।	What's in mind should be in speech, what's in speech should be in action.,
सव्वेसिं सुहं इच्छामो, तेण अम्हे वि सुहिणो होमो।	We wish happiness for all, thus we too become happy.,
जो पयडीए मित्तं सो मणुस्साणं मित्तं, एसो सच्चो पयडीवाओ।	Friend of nature is friend of humans; this is true environmentalism.,
सव्वं अणिच्चं, परं णाणं णिच्चं, एसो परमो सिद्धंतो।	Everything is impermanent, but knowledge is eternal; this is the supreme principle.,
जीवणं अच्चंतं चंचलं, तेण सदा सच्चं आयरियव्वं।	Life is extremely uncertain, therefore always practice truth.,
सव्वेसिं जीवाणं रक्खणं कायव्वं, एसो परमो धम्मो।	Protection of all living beings should be done; this is the highest dharma.,
जहा बीयं वुत्तं तहा फलं लब्भइ, एसो पयडीए णियमो।	As the seed is sown, so is the fruit obtained; this is nature's law.,
सच्चं अमया वाणी, अलियं विसमया वाणी।	Truth is nectar-like speech, falsehood is poison-like speech.,
सव्वेसिं मित्ताइं होंतु, वेराइं केणइ ण होंतु, एसो मंगलवाओ।	May all have friends, may no one have enemies; this is an auspicious saying.,
अप्पसुएण बहुं जाणइ, बहुसुएण अप्पं जाणइ।	With little learning one knows much, with much learning one knows little.,
जो सयं पडइ सो सयं उट्ठेइ, परस्स सहाओ ण अपेक्खियव्वो।	One who falls by oneself rises by oneself; one shouldn't expect help from others.,
जहा चित्तं तहा वाया, जहा वाया तहा किया।	As the mind, so the speech; as the speech, so the action.,
जेण जेण विहीणा तं तं इच्छंति मणुया।	Whatever people lack, that they desire.,
जो धम्मं पालेइ सो रक्खिज्जइ, एसो धम्मस्स फलं।	One who observes dharma is protected; this is the fruit of dharma.,
जो अप्पाणं विणेइ सो लोयं विणेइ, एसो णाणस्स सारो।	One who disciplines oneself disciplines the world; this is the essence of wisdom.,
सव्वं जगं मित्तं मे, ण कोइ सत्तू मे अत्थि।	The whole world is my friend, I have no enemies.,
जहिं सच्चं तहिं धम्मो, जहिं धम्मो तहिं जओ।	Where there is truth, there is dharma; where there is dharma, there is victory.,
जं किंचि दिस्सइ तं णस्सइ, जं ण दिस्सइ तं सस्सयं।	Whatever is seen perishes, what is unseen is eternal.,
जो सच्चं रक्खइ तं सच्चं रक्खइ, एसो सच्चस्स महिमा।	One who protects truth is protected by truth; this is the glory of truth.,
सव्वेसिं दुक्खाणं खया होंतु, सव्वेसिं सुहाणं वुड्ढी होउ।	May all sorrows be destroyed, may all happiness increase.,
जहिं पेम्मं तहिं धम्मो, जहिं धम्मो तहिं पेम्मं।	Where there is love, there is dharma; where there is dharma, there is love.,
अप्पाणं उज्जोएहि, तेण लोओ उज्जोइज्जिस्सइ।	Illuminate yourself, by that the world will be illuminated.,
जेण संतुट्ठो तेण धणवंतो, असंतुट्ठो णिच्चं दरिद्दो।	One who is satisfied is wealthy, the unsatisfied is always poor.,
सव्वेसिं सुहाइं वड्ढंतु, दुक्खाइं विणस्संतु।	May the happiness of all increase, may sorrows be destroyed.,
जो मित्तं रक्खइ सो अप्पाणं रक्खइ, मित्तं परमं रक्खणं।	One who protects a friend protects oneself; a friend is the supreme protection.,
पयडीए सेवा मणुस्सस्स सेवा, पयडी अम्हाणं जणणी।	Service to nature is service to humanity; nature is our mother.,
जहिं दया तहिं धम्मो, जहिं धम्मो तहिं मोक्खो।	Where there is compassion, there is dharma; where there is dharma, there is liberation.,
सव्वे जीवा कम्म-बद्धा।	All souls are bound by karma.,
अहिंसा परमो धम्मो।	Non-violence is the highest dharma.,
सच्चं भणे, मिच्छं ण भणे।	Speak the truth, do not speak falsehood.,
अप्पाणं पि पियं मण्णे।	Consider oneself as dear.,
सव्वेसिं भूयाणं दया कायव्वा।	Compassion should be shown to all beings.,
णाणेण सव्वं पयासइ।	Everything is illuminated by knowledge.,
कम्मं खवेइ सुद्धप्पा।	The pure soul destroys karma.,
संसारो दुक्खमूलो।	The cycle of rebirth is the root of suffering.,
मोक्खो परमं सुक्खं।	Liberation is the highest happiness.
सव्वे जीवा कम्म-बद्धा।	All souls are bound by karma.,
अहिंसा परमो धम्मो।	Non-violence is the highest dharma.,
सच्चं भणे, मिच्छं ण भणे।	Speak the truth, do not speak falsehood.,
अप्पाणं पि पियं मण्णे।	Consider oneself as dear.,
सव्वेसिं भूयाणं दया कायव्वा।	Compassion should be shown to all beings.,
णाणेण सव्वं पयासइ।	Everything is illuminated by knowledge.,
कम्मं खवेइ सुद्धप्पा।	The pure soul destroys karma.,
संसारो दुक्खमूलो।	The cycle of rebirth is the root of suffering.,
मोक्खो परमं सुक्खं।	Liberation is the highest happiness.,
जीवो अणंतणाणी।	The soul has infinite knowledge.,
कम्मं जीवस्स वेरी।	Karma is the enemy of the soul.,
सम्मत्तं मोक्खमग्गो।	Right belief is the path to liberation.,
अप्पा सो परमप्पा।	The self is the supreme self.,
सव्वे जीवा समाणा।	All souls are equal.,
णाणं परमं बलं।	Knowledge is the supreme power.,
अहिंसा सव्वधम्माणं मूलं।	Non-violence is the root of all dharmas.,
लोभो पावस्स कारणं।	Greed is the cause of sin.,
तवसा किलिस्सइ अप्पा।	The soul is purified through penance.,
सम्मदंसण-णाण-चरित्ताणि मोक्खमग्गो।	Right vision, knowledge, and conduct are the path to liberation.,
इंदियाणि जेइ जो, सो जिणो।	One who conquers the senses is a conqueror.,
जीवो अमरो।	The soul is immortal.,
कोहो महा-विसं।	Anger is a great poison.,
माणो दुक्खस्स मूलं।	Pride is the root of suffering.,
माया पावस्स जणणी।	Deceit is the mother of sin.,
खमा वीरस्स भूसणं।	Forgiveness is the ornament of the brave.,
दाणं परमं बलं।	Charity is the supreme strength.,
सव्वे जीवा कम्म-बद्धा।	All souls are bound by karma.,
अहिंसा परमो धम्मो।	Non-violence is the highest dharma.,
सच्चं भणे, मिच्छं ण भणे।	Speak the truth, do not speak falsehood.,
अप्पाणं पि पियं मण्णे।	Consider oneself as dear.,
सव्वेसिं भूयाणं दया कायव्वा।	Compassion should be shown to all beings.,
णाणेण सव्वं पयासइ।	Everything is illuminated by knowledge.,
कम्मं खवेइ सुद्धप्पा।	The pure soul destroys karma.,
संसारो दुक्खमूलो।	The cycle of rebirth is the root of suffering.,
मोक्खो परमं सुक्खं।	Liberation is the highest happiness.
सव्वे जीवा कम्म-बद्धा।	All souls are bound by karma.,
अहिंसा परमो धम्मो।	Non-violence is the highest dharma.,
सच्चं भणे, मिच्छं ण भणे।	Speak the truth, do not speak falsehood.,
अप्पाणं पि पियं मण्णे।	Consider oneself as dear.,
सव्वेसिं भूयाणं दया कायव्वा।	Compassion should be shown to all beings.,
णाणेण सव्वं पयासइ।	Everything is illuminated by knowledge.,
कम्मं खवेइ सुद्धप्पा।	The pure soul destroys karma.,
संसारो दुक्खमूलो।	The cycle of rebirth is the root of suffering.,
मोक्खो परमं सुक्खं।	Liberation is the highest happiness.,
जीवो अणंतणाणी।	The soul has infinite knowledge.,
कम्मं जीवस्स वेरी।	Karma is the enemy of the soul.,
सम्मत्तं मोक्खमग्गो।	Right belief is the path to liberation.,
अप्पा सो परमप्पा।	The self is the supreme self.,
सव्वे जीवा समाणा।	All souls are equal.,
णाणं परमं बलं।	Knowledge is the supreme power.,
अहिंसा सव्वधम्माणं मूलं।	Non-violence is the root of all dharmas.,
लोभो पावस्स कारणं।	Greed is the cause of sin.,
तवसा किलिस्सइ अप्पा।	The soul is purified through penance.,
सम्मदंसण-णाण-चरित्ताणि मोक्खमग्गो।	Right vision, knowledge, and conduct are the path to liberation.,
इंदियाणि जेइ जो, सो जिणो।	One who conquers the senses is a conqueror.,
जीवो अमरो।	The soul is immortal.,
कोहो महा-विसं।	Anger is a great poison.,
माणो दुक्खस्स मूलं।	Pride is the root of suffering.,
माया पावस्स जणणी।	Deceit is the mother of sin.,
खमा वीरस्स भूसणं।	Forgiveness is the ornament of the brave.,
दाणं परमं बलं।	Charity is the supreme strength.,
लोए पंचव्रतं हवे।	In the world, the five vows are everything.,
मरणं जाणइ सव्वं।	He knows all death.,
सव्वं अहिंसा जाणइ।	Non-violence is everything.,
धम्मे सव्वं जाणइ।	In Dharma, all is known.,
जीवं पवत्तं जाणइ।	He knows the flow of life.,
सव्वं जीवं जाणइ।	He knows all living beings.,
मग्गं सव्वं जाणइ।	He knows the path to everything.,
अहिंसा लोए जाणइ।	Non-violence is known in the world.,
धम्मे लोए पंचव्रतं जाणइ।	He knows the five vows of Dharma in the world.,
जीवं पंचव्रतं जाणइ।	He knows life through the five vows.,
अहिंसा पंचव्रतं जाणइ।	Non-violence is known through the five vows.,
लोके पंचमहाव्रतं जाणइ।	He knows the five great vows in the world.,
सव्वं पंचमहाव्रती जाणइ।	The observer of the five great vows knows everything.,
लोए पंचमहाव्रती जाणइ।	He knows everything in the world through the five great vows.,
लोए सव्वं जाणइ पंचव्रतं।	In the world, he knows everything through the five vows.,
जीवं पंचमहाव्रती जाणइ।	He knows life through the five great vows.,
धम्मे पंचव्रतं जाणइ।	He knows everything through Dharma's five vows.,
जीवं अहिंसा जाणइ पंचव्रतं।	Life and non-violence are known through the five vows.,
धम्मे अहिंसा पंचमहाव्रतं जाणइ।	Non-violence is known in Dharma through the five great vows.,
लोके पंचमहाव्रतं जाणइ अहिंसा।	In the world, non-violence is known through the five great vows.,
धम्मे पंचमहाव्रती जाणइ लोए।	The observer of the five great vows knows everything in Dharma.,
जीवं पंचमहाव्रतं जाणइ सव्वं।	He knows life and everything through the five great vows.,
लोए पंचमहाव्रतं जाणइ धम्मं।	In the world, the five great vows and Dharma are known.,
धम्मे पंचव्रतं जाणइ सव्वं।	Everything is known through the five vows in Dharma.,
लोके पंचमहाव्रती जाणइ धम्मं।	The observer of the five great vows knows Dharma in the world.,
धम्मे सव्वं जाणइ पंचमहाव्रतं।	Everything is known in Dharma through the five great vows.,
अज्जए विय ममस्सं सुहस्स संपत्तिओ	Today my heart overflows with joy.
